year,mean,lo,hi,n_movies,category,aspect_ratio
1937.0,0.026160250809477308,0.026160250809477308,0.026160250809477308,1,Medium close-up,1.85:1
1948.0,0.13685270425776755,0.13685270425776755,0.13685270425776755,1,Medium close-up,1.85:1
1953.0,0.033678621623028475,0.033678621623028475,0.033678621623028475,1,Medium close-up,1.85:1
1954.0,0.09089562140027377,0.05211875958613524,0.12632311201661633,7,Medium close-up,1.85:1
1955.0,0.023584878218197596,0.0108684597978794,0.03941269702745379,8,Medium close-up,1.85:1
1956.0,0.05117401349949281,0.02458513892101422,0.08007042170920464,13,Medium close-up,1.85:1
1957.0,0.06970806362342233,0.041333455396567804,0.10274193525099157,15,Medium close-up,1.85:1
1958.0,0.07484405760172201,0.0441101481705385,0.10663070507890218,13,Medium close-up,1.85:1
1959.0,0.08253767707063495,0.04339330857225578,0.12873634281192936,14,Medium close-up,1.85:1
1960.0,0.10148341392191765,0.0594558765055531,0.14983268855170073,8,Medium close-up,1.85:1
1961.0,0.12623862367122374,0.09464334504564167,0.1569696630971451,13,Medium close-up,1.85:1
1962.0,0.1461505395129114,0.10714350808125216,0.18280216988968248,16,Medium close-up,1.85:1
1963.0,0.12423367397149965,0.08901593673307726,0.16714720809535186,14,Medium close-up,1.85:1
1964.0,0.13298598388262423,0.10066314794417218,0.17178689376491824,20,Medium close-up,1.85:1
1965.0,0.19632964569678332,0.1443532766951369,0.26328193251127985,7,Medium close-up,1.85:1
1966.0,0.15280064423436704,0.10355288777005062,0.200488125449222,9,Medium close-up,1.85:1
1967.0,0.15034361060191048,0.1150500620071015,0.18986251878412186,11,Medium close-up,1.85:1
1968.0,0.20920029273729293,0.1656073837494958,0.2562354795032999,13,Medium close-up,1.85:1
1969.0,0.18566116386507062,0.11702633541710175,0.24866515486164253,10,Medium close-up,1.85:1
1970.0,0.20674563126700934,0.1441771497393832,0.27719233158240963,10,Medium close-up,1.85:1
1971.0,0.21235543040717753,0.18274463510855543,0.2394620816698456,14,Medium close-up,1.85:1
1972.0,0.2049311670490372,0.17405182956877752,0.2345615423555555,20,Medium close-up,1.85:1
1973.0,0.19185912368201327,0.14063561373638578,0.24905951260581646,18,Medium close-up,1.85:1
1974.0,0.19017281096301344,0.14968047524261757,0.2375025124170982,22,Medium close-up,1.85:1
1975.0,0.20879067252842512,0.1634401989958154,0.25539353296341044,20,Medium close-up,1.85:1
1976.0,0.20034813233381502,0.16441828938845093,0.23445570205216512,22,Medium close-up,1.85:1
1977.0,0.17755939127139717,0.15288802721237268,0.19979518957179412,25,Medium close-up,1.85:1
1978.0,0.1748153803180946,0.14873016813592296,0.2012196041450977,30,Medium close-up,1.85:1
1979.0,0.19238304679413698,0.15824950025313747,0.22418403482850477,24,Medium close-up,1.85:1
1980.0,0.18210999686860885,0.15851193733539526,0.2049313477805522,40,Medium close-up,1.85:1
1981.0,0.17561850805035215,0.15101415261328255,0.2005512988743014,36,Medium close-up,1.85:1
1982.0,0.19317094759842127,0.1579315126758185,0.23607353232817627,21,Medium close-up,1.85:1
1983.0,0.1750736210543396,0.14442879763091393,0.2055338044159414,32,Medium close-up,1.85:1
1984.0,0.17575370466218762,0.15326808949481566,0.197653088574297,33,Medium close-up,1.85:1
1985.0,0.19929475307395086,0.16716987017824553,0.23032206936408717,33,Medium close-up,1.85:1
1986.0,0.22133923432561967,0.18737388373642674,0.2552888908778099,31,Medium close-up,1.85:1
1987.0,0.22561268850009017,0.20189637116938347,0.24793569842800472,38,Medium close-up,1.85:1
1988.0,0.208331157991264,0.17624910626586016,0.237967855312569,37,Medium close-up,1.85:1
1989.0,0.21900903521305093,0.18959358258561154,0.24752788409690535,33,Medium close-up,1.85:1
1990.0,0.21392818081649986,0.18828981514179594,0.23839738352344853,34,Medium close-up,1.85:1
1991.0,0.2312609923430943,0.2009886255668108,0.26045506476890046,33,Medium close-up,1.85:1
1992.0,0.2215708411999934,0.1975073717455475,0.24401948355369044,31,Medium close-up,1.85:1
1993.0,0.22562063183646663,0.19718662854524058,0.2569262088908057,32,Medium close-up,1.85:1
1994.0,0.24161148235535856,0.21489109989681107,0.2671949229092741,32,Medium close-up,1.85:1
1995.0,0.23001995913566506,0.1986535532154612,0.2629082228262467,34,Medium close-up,1.85:1
1996.0,0.2103250705485644,0.17015844354673193,0.25309551313913414,22,Medium close-up,1.85:1
1997.0,0.24751290883736357,0.21384728107957315,0.2819492071256618,19,Medium close-up,1.85:1
1998.0,0.22299008620706634,0.1727659439744138,0.2696122782487216,20,Medium close-up,1.85:1
1999.0,0.2086786444841393,0.16712960083259307,0.2523798862863509,24,Medium close-up,1.85:1
2000.0,0.23708071601141067,0.21415629878393344,0.25770040795149635,24,Medium close-up,1.85:1
2001.0,0.2043287493396518,0.15856555299112715,0.25131710502667254,17,Medium close-up,1.85:1
2002.0,0.21316132035838795,0.18055939461834566,0.24735860747760802,25,Medium close-up,1.85:1
2003.0,0.20206105165870575,0.15628199563743328,0.2489686698652975,19,Medium close-up,1.85:1
2004.0,0.17459071902903175,0.1385880079565932,0.2159881666660024,24,Medium close-up,1.85:1
2005.0,0.21065083215621203,0.16649361097004423,0.26147998600928235,17,Medium close-up,1.85:1
2006.0,0.16695202500327902,0.13101154130614354,0.20751224164028953,22,Medium close-up,1.85:1
2007.0,0.17512689077871366,0.13811092653081336,0.21434232298633193,21,Medium close-up,1.85:1
2008.0,0.1426553917627355,0.11264621574231654,0.16962024672902537,17,Medium close-up,1.85:1
2009.0,0.15726986374009638,0.12118435964381877,0.19513622218114726,18,Medium close-up,1.85:1
2010.0,0.14784742790218025,0.1035138627663678,0.19701298211406917,13,Medium close-up,1.85:1
2011.0,0.13023710072956826,0.1016646147033967,0.1609358809609019,17,Medium close-up,1.85:1
2012.0,0.18625863501888587,0.14600347160440494,0.23459807166610006,19,Medium close-up,1.85:1
2013.0,0.1211134786338619,0.07106966393652105,0.17779782995979432,10,Medium close-up,1.85:1
2014.0,0.18756240268652832,0.11687451833904242,0.27055661550634436,10,Medium close-up,1.85:1
2015.0,0.1223655276878175,0.08852152290346332,0.1559716621354597,12,Medium close-up,1.85:1
2016.0,0.1708453196748965,0.11174417014187422,0.2393701158935956,14,Medium close-up,1.85:1
2017.0,0.13044385933505104,0.08640414768878021,0.17962746370211574,9,Medium close-up,1.85:1
2018.0,0.1475130904921871,0.11103968458044056,0.18398649640393366,2,Medium close-up,1.85:1
2019.0,0.17123246898286273,0.12745476959534763,0.21690661345258827,15,Medium close-up,1.85:1
2020.0,0.15240605550799144,0.11023379685940665,0.19779608324745754,6,Medium close-up,1.85:1
2021.0,0.15310354320880137,0.10846925727139364,0.20090689437816708,9,Medium close-up,1.85:1
2022.0,0.21886020080991997,0.1372488081078112,0.26737257907692136,4,Medium close-up,1.85:1
2023.0,0.25870929315224234,0.18277663146410572,0.3300503482977598,6,Medium close-up,1.85:1
2024.0,0.13794126904731305,0.10937750183222604,0.1733282898031149,10,Medium close-up,1.85:1
2025.0,0.15236126377328466,0.08488541115445075,0.22127659305949876,7,Medium close-up,1.85:1
1937.0,0.27290949272755305,0.27290949272755305,0.27290949272755305,1,Medium,1.85:1
1948.0,0.3375431530494822,0.3375431530494822,0.3375431530494822,1,Medium,1.85:1
1953.0,0.4853469366508771,0.4853469366508771,0.4853469366508771,1,Medium,1.85:1
1954.0,0.4353885988271335,0.3519451760439525,0.5166886688329021,7,Medium,1.85:1
1955.0,0.4525892581870592,0.3388487198140788,0.5696518368848797,8,Medium,1.85:1
1956.0,0.42353928342865266,0.36592394855398486,0.4811828297352634,13,Medium,1.85:1
1957.0,0.4225638013057508,0.3665024149134442,0.4788824901512575,15,Medium,1.85:1
1958.0,0.502532034078654,0.45388148151997665,0.5531185029713324,13,Medium,1.85:1
1959.0,0.5344346615822627,0.4753371313537091,0.5957028999939152,14,Medium,1.85:1
1960.0,0.4827538160621878,0.4154028270115353,0.5492732116973911,8,Medium,1.85:1
1961.0,0.5345858202220158,0.4946502489092407,0.5744388491866625,13,Medium,1.85:1
1962.0,0.5017084470867215,0.44895968936533,0.5454447281324605,16,Medium,1.85:1
1963.0,0.5222344641855255,0.4785377344592516,0.5632930723815158,14,Medium,1.85:1
1964.0,0.5227549755334453,0.4845352124684002,0.5597882805476869,20,Medium,1.85:1
1965.0,0.49914587902616964,0.4192692365826925,0.5551552836966439,7,Medium,1.85:1
1966.0,0.4656674666546091,0.4171303270648525,0.511331222882253,9,Medium,1.85:1
1967.0,0.4919167416489231,0.44857274693664834,0.5426363077914999,11,Medium,1.85:1
1968.0,0.42602587074794285,0.3940521599952821,0.4558845018119646,13,Medium,1.85:1
1969.0,0.40373353209228097,0.3310541588295739,0.46642887182569076,10,Medium,1.85:1
1970.0,0.4742677575058713,0.43021078499937887,0.5159537435270755,10,Medium,1.85:1
1971.0,0.4404025101517604,0.4000201805635717,0.4813443177565338,14,Medium,1.85:1
1972.0,0.45489014317754883,0.4277349113325564,0.4822687780286587,20,Medium,1.85:1
1973.0,0.43711204862941777,0.3985154543667308,0.47532163631705027,18,Medium,1.85:1
1974.0,0.38741771537200054,0.34497267335842896,0.4288964697356734,22,Medium,1.85:1
1975.0,0.4080819700888346,0.36846440608408493,0.446256340647598,20,Medium,1.85:1
1976.0,0.40935830508761745,0.3746060875140767,0.4395246097572268,22,Medium,1.85:1
1977.0,0.44654412021495155,0.41564686037674736,0.4767635492355528,25,Medium,1.85:1
1978.0,0.4279000675963022,0.3997265619681615,0.4520731765655372,30,Medium,1.85:1
1979.0,0.42575894576242135,0.3913733519798141,0.46073529635065114,24,Medium,1.85:1
1980.0,0.4237215587994639,0.4037443582919434,0.4469316904950144,40,Medium,1.85:1
1981.0,0.44586391279973747,0.4274982731652218,0.4664596255303839,36,Medium,1.85:1
1982.0,0.45168707656213075,0.41456727977209096,0.49037751833715626,21,Medium,1.85:1
1983.0,0.43139907821797907,0.40565620311988615,0.45824944125415135,32,Medium,1.85:1
1984.0,0.43859431270414856,0.41643413964095555,0.4613603521937222,33,Medium,1.85:1
1985.0,0.4226944809215428,0.3986422494917696,0.44519835442518474,33,Medium,1.85:1
1986.0,0.39514661359481207,0.3593102345749514,0.4261320628797527,31,Medium,1.85:1
1987.0,0.4320976602386906,0.40837999185044643,0.4549983672248079,38,Medium,1.85:1
1988.0,0.4200727676613783,0.3893285433904833,0.44836787340659007,37,Medium,1.85:1
1989.0,0.4237515860577784,0.4050037858374231,0.44345257501804597,33,Medium,1.85:1
1990.0,0.4215002256692641,0.3945131558170996,0.4465480949751061,34,Medium,1.85:1
1991.0,0.40510075145575963,0.379267807297554,0.4277561553426814,33,Medium,1.85:1
1992.0,0.42755998298849857,0.40538483003359316,0.45403186378872057,31,Medium,1.85:1
1993.0,0.40034862182369035,0.3795683717928288,0.42304585886036233,32,Medium,1.85:1
1994.0,0.4109009489237966,0.3856435704254536,0.4329163026945446,32,Medium,1.85:1
1995.0,0.38792845533050896,0.3573687904186882,0.4156622672974889,34,Medium,1.85:1
1996.0,0.41787434833601383,0.37972862348905007,0.45839802791770057,22,Medium,1.85:1
1997.0,0.3984239909734917,0.36319474830464665,0.4373276401531962,19,Medium,1.85:1
1998.0,0.3917924779225802,0.3497992008614634,0.429556657068906,20,Medium,1.85:1
1999.0,0.40124703557119834,0.36264220099342714,0.4375627204062229,24,Medium,1.85:1
2000.0,0.4165548682967691,0.3857154169725032,0.4474572829994996,24,Medium,1.85:1
2001.0,0.40298597532822134,0.35988313253924237,0.4433606637750548,17,Medium,1.85:1
2002.0,0.4056798773148359,0.37374838917457387,0.4371785141340089,25,Medium,1.85:1
2003.0,0.41946156623197056,0.3549235276156987,0.4753871852479924,19,Medium,1.85:1
2004.0,0.4123862856421486,0.3698023705954154,0.4522821046325776,24,Medium,1.85:1
2005.0,0.3477413875114525,0.28103689388698794,0.4092849120790153,17,Medium,1.85:1
2006.0,0.41986774854791054,0.3748274693058951,0.4708744310820404,22,Medium,1.85:1
2007.0,0.44076956259155964,0.3980092874261776,0.4786353075920079,21,Medium,1.85:1
2008.0,0.43160069163946835,0.36787887304531874,0.48681741571455234,17,Medium,1.85:1
2009.0,0.4013594888842027,0.335484857504271,0.470900525863563,18,Medium,1.85:1
2010.0,0.4243955894986158,0.3552889239530395,0.4869311040736723,13,Medium,1.85:1
2011.0,0.41698571663525247,0.36167758969111397,0.4781783942135138,17,Medium,1.85:1
2012.0,0.3943286159386082,0.3498956019009358,0.4339089461162496,19,Medium,1.85:1
2013.0,0.3566791064757389,0.2670864297576625,0.4316527035754178,10,Medium,1.85:1
2014.0,0.37805666819304645,0.30032570626588495,0.44840448087797036,10,Medium,1.85:1
2015.0,0.41993138202571667,0.3486673785329352,0.4913512253534467,12,Medium,1.85:1
2016.0,0.33522900864588284,0.2627237591500447,0.4124255333833061,14,Medium,1.85:1
2017.0,0.37060561428592764,0.2890037613701439,0.4491081995894293,9,Medium,1.85:1
2018.0,0.3259046203133581,0.29099168595182995,0.36081755467488624,2,Medium,1.85:1
2019.0,0.38189937351199427,0.3184563657825899,0.42925015290790997,15,Medium,1.85:1
2020.0,0.4646827423145583,0.4134468009321755,0.516690216258346,6,Medium,1.85:1
2021.0,0.3820836975931231,0.32812328274808183,0.4401293846035438,9,Medium,1.85:1
2022.0,0.41437691401433635,0.3389446596084612,0.4898091684202114,4,Medium,1.85:1
2023.0,0.386365355132791,0.3162194567781192,0.45812858946435564,6,Medium,1.85:1
2024.0,0.3722635641767756,0.2908902605751773,0.444628676079447,10,Medium,1.85:1
2025.0,0.3778866660801741,0.31322454767462143,0.4605517679500048,7,Medium,1.85:1
1937.0,0.1105514724777715,0.1105514724777715,0.1105514724777715,1,Medium long,1.85:1
1948.0,0.21798043728423475,0.21798043728423475,0.21798043728423475,1,Medium long,1.85:1
1953.0,0.1524647337462912,0.1524647337462912,0.1524647337462912,1,Medium long,1.85:1
1954.0,0.21912138509148898,0.17043854012740986,0.2733204394967029,7,Medium long,1.85:1
1955.0,0.3003284563216135,0.2217986994747877,0.3797228430437194,8,Medium long,1.85:1
1956.0,0.2614376328054214,0.20748538492214486,0.32696195950012397,13,Medium long,1.85:1
1957.0,0.24598028345341064,0.2072826774925425,0.2834983579553601,15,Medium long,1.85:1
1958.0,0.21352836195657984,0.16768868632652345,0.26013563072578977,13,Medium long,1.85:1
1959.0,0.20260857880452834,0.16835540537769364,0.24033969589559603,14,Medium long,1.85:1
1960.0,0.1971595263308969,0.1296360732464082,0.2768564894771144,8,Medium long,1.85:1
1961.0,0.1884233361892917,0.1441954162459123,0.23776066978223345,13,Medium long,1.85:1
1962.0,0.1538789860398032,0.12200176578116799,0.18946777028480563,16,Medium long,1.85:1
1963.0,0.16558052992773692,0.13048000201149104,0.1983933373913978,14,Medium long,1.85:1
1964.0,0.1638349407187342,0.1361794814370626,0.18985380368974306,20,Medium long,1.85:1
1965.0,0.13446719792952908,0.11164545277903452,0.15934551136750005,7,Medium long,1.85:1
1966.0,0.1630353593037365,0.13551895677327744,0.1960241117387181,9,Medium long,1.85:1
1967.0,0.15351121179719643,0.12220784028083677,0.18703144537438218,11,Medium long,1.85:1
1968.0,0.14934222741475012,0.12269395672186464,0.17707121324582192,13,Medium long,1.85:1
1969.0,0.15290159880567683,0.11660246443714281,0.18505392321383285,10,Medium long,1.85:1
1970.0,0.17517603579437332,0.1337782763203161,0.2148739026695293,10,Medium long,1.85:1
1971.0,0.15355441044245102,0.1300602971678656,0.1816835991367269,14,Medium long,1.85:1
1972.0,0.14680630815451293,0.1248688685378652,0.1705020762039139,20,Medium long,1.85:1
1973.0,0.14657331976437726,0.12407023462371339,0.1685696340638582,18,Medium long,1.85:1
1974.0,0.15524712926246179,0.1369944738994542,0.17374066499452956,22,Medium long,1.85:1
1975.0,0.16288882568740043,0.1394675427542482,0.18696862132213513,20,Medium long,1.85:1
1976.0,0.1480645259522559,0.13331941617919643,0.16359836597036786,22,Medium long,1.85:1
1977.0,0.1625971894349533,0.1442586359248851,0.1820886107165293,25,Medium long,1.85:1
1978.0,0.1791418777346492,0.15465889298036445,0.20767169623452894,30,Medium long,1.85:1
1979.0,0.15187207906607605,0.13882873692737902,0.1653762159333601,24,Medium long,1.85:1
1980.0,0.15858900435522508,0.14385688332430926,0.1733647779855711,40,Medium long,1.85:1
1981.0,0.1528903887945102,0.13832861646136085,0.1678706459801552,36,Medium long,1.85:1
1982.0,0.15068630714174866,0.12901898389454894,0.17345922831702645,21,Medium long,1.85:1
1983.0,0.15242220738923304,0.13408994338196029,0.17123684040933718,32,Medium long,1.85:1
1984.0,0.15271929817854724,0.13689548738832047,0.16929083963960417,33,Medium long,1.85:1
1985.0,0.13940309346372404,0.12507355120415178,0.15361301795325819,33,Medium long,1.85:1
1986.0,0.14002632407629786,0.1209324543028633,0.1589615886845644,31,Medium long,1.85:1
1987.0,0.13149186340830632,0.1185866005977584,0.1447385948808487,38,Medium long,1.85:1
1988.0,0.13295511745251137,0.11711641960839321,0.14916925691637076,37,Medium long,1.85:1
1989.0,0.13135444206773728,0.11719724252483783,0.14570534417027053,33,Medium long,1.85:1
1990.0,0.12586636934220313,0.11405711902390106,0.14083196671365383,34,Medium long,1.85:1
1991.0,0.13247231783094351,0.12079963592274606,0.14598673872536305,33,Medium long,1.85:1
1992.0,0.12783327335183567,0.11503993480347466,0.14107171767586346,31,Medium long,1.85:1
1993.0,0.12930852492103254,0.11406790223620787,0.14423314713533578,32,Medium long,1.85:1
1994.0,0.11459500628594213,0.09937052940883374,0.12957485133937444,32,Medium long,1.85:1
1995.0,0.12014503158181497,0.10602561244997669,0.13491801697939793,34,Medium long,1.85:1
1996.0,0.12620305363969295,0.10805234671598779,0.14608563254619641,22,Medium long,1.85:1
1997.0,0.10887696151113871,0.09069070690057172,0.12764402415950682,19,Medium long,1.85:1
1998.0,0.108131357799539,0.0933538596026107,0.12392689574294369,20,Medium long,1.85:1
1999.0,0.10743104616140346,0.09257669080316419,0.1236852975905514,24,Medium long,1.85:1
2000.0,0.10395492616034185,0.0892773911727546,0.11993670285150418,24,Medium long,1.85:1
2001.0,0.11107700743350031,0.09471181063729646,0.13041833821268775,17,Medium long,1.85:1
2002.0,0.10283202040521087,0.08560263644171523,0.12143888240349561,25,Medium long,1.85:1
2003.0,0.12130294432313711,0.10069449641744581,0.1450285855424535,19,Medium long,1.85:1
2004.0,0.1201144037286581,0.10323452717972462,0.13750614498081148,24,Medium long,1.85:1
2005.0,0.09925057131864756,0.07436410044065422,0.12401185153800416,17,Medium long,1.85:1
2006.0,0.13026804404834225,0.1086514983286476,0.15023354402991798,22,Medium long,1.85:1
2007.0,0.12426614744018559,0.10554390653137494,0.1437114683793605,21,Medium long,1.85:1
2008.0,0.11944367815903922,0.09715882702011293,0.1423086894647742,17,Medium long,1.85:1
2009.0,0.1095316506827637,0.08584850530028554,0.13472022476735507,18,Medium long,1.85:1
2010.0,0.11742492235753432,0.09590462241431469,0.1380089473652278,13,Medium long,1.85:1
2011.0,0.12302922964544258,0.10371297059938998,0.14308933774654764,17,Medium long,1.85:1
2012.0,0.10925402218922906,0.0877820813746692,0.1306776765279796,19,Medium long,1.85:1
2013.0,0.12552127177495084,0.09241587932612859,0.1654479135800922,10,Medium long,1.85:1
2014.0,0.10944105212138996,0.07589976435144843,0.14803195563399263,10,Medium long,1.85:1
2015.0,0.11519531926497582,0.09232072333763924,0.13850644272311916,12,Medium long,1.85:1
2016.0,0.09522316456709205,0.07802513815497143,0.11216316072553674,14,Medium long,1.85:1
2017.0,0.12775237170007173,0.08930570105789234,0.16889485826144973,9,Medium long,1.85:1
2018.0,0.082586260886979,0.07500366945545281,0.09016885231850519,2,Medium long,1.85:1
2019.0,0.10947065830820742,0.08872277494311478,0.13123985473432065,15,Medium long,1.85:1
2020.0,0.12315129489008625,0.0783466639169625,0.17166456410089048,6,Medium long,1.85:1
2021.0,0.07983453777265252,0.06293163602880252,0.09595110452832263,9,Medium long,1.85:1
2022.0,0.08770056535807702,0.05767511165406124,0.1187057326373546,4,Medium long,1.85:1
2023.0,0.07807696850238334,0.05681333503821339,0.09952539836000132,6,Medium long,1.85:1
2024.0,0.10663693524509665,0.0844160929269916,0.12803582546143463,10,Medium long,1.85:1
2025.0,0.0983274369647859,0.08873377741755409,0.10620778263161362,7,Medium long,1.85:1
1937.0,0.5506501516163849,0.5506501516163849,0.5506501516163849,1,Long,1.85:1
1948.0,0.2748561565017261,0.2748561565017261,0.2748561565017261,1,Long,1.85:1
1953.0,0.2668262974337619,0.2668262974337619,0.2668262974337619,1,Long,1.85:1
1954.0,0.19194807060100258,0.11858495476969247,0.2765803341968264,7,Long,1.85:1
1955.0,0.18873198267088181,0.1303596980179488,0.2557341811415678,8,Long,1.85:1
1956.0,0.2330709601329028,0.18195639204151298,0.29025218012263204,13,Long,1.85:1
1957.0,0.22249289584004542,0.16999052768787443,0.2823821286744087,15,Long,1.85:1
1958.0,0.1753383966213942,0.13797828959979863,0.2151785411712245,13,Long,1.85:1
1959.0,0.1573619953131395,0.12452158319738972,0.1951669619171168,14,Long,1.85:1
1960.0,0.19266159487292397,0.14057549082392504,0.24430788694209568,8,Long,1.85:1
1961.0,0.12545825690531967,0.09581331063754318,0.15365667168013505,13,Long,1.85:1
1962.0,0.17203682950629035,0.13032533641018434,0.21911801086034557,16,Long,1.85:1
1963.0,0.16195449204337337,0.14117660566068962,0.18333696994784995,14,Long,1.85:1
1964.0,0.1499224481093595,0.12644805414711938,0.17692319947996477,20,Long,1.85:1
1965.0,0.1490073605138877,0.1219716635339758,0.1787463640721225,7,Long,1.85:1
1966.0,0.18454343531610704,0.13922133253863578,0.22810734564162205,9,Long,1.85:1
1967.0,0.17650568812899564,0.14210870092662894,0.21027599320900997,11,Long,1.85:1
1968.0,0.17843368366020515,0.14805006968797277,0.20832737950433883,13,Long,1.85:1
1969.0,0.2231564610558734,0.1396773608440996,0.3561786959998038,10,Long,1.85:1
1970.0,0.12220119056378605,0.08528724148956215,0.1618656005235443,10,Long,1.85:1
1971.0,0.1649935236913041,0.12265288024817929,0.20752609553040124,14,Long,1.85:1
1972.0,0.16226508102509293,0.14413179338481508,0.1785002157253217,20,Long,1.85:1
1973.0,0.18516559860545168,0.15404703670302353,0.2208049288161956,18,Long,1.85:1
1974.0,0.22677548476519566,0.17815352316363356,0.27896963794800983,22,Long,1.85:1
1975.0,0.18255770880118732,0.15055913001408566,0.21304023915792722,20,Long,1.85:1
1976.0,0.20191837909330942,0.1703206767496531,0.2386997633571995,22,Long,1.85:1
1977.0,0.17757551144370937,0.1516509349659133,0.20785288631148632,25,Long,1.85:1
1978.0,0.18415405746083105,0.15995136081859965,0.21311633820826276,30,Long,1.85:1
1979.0,0.1899860751222797,0.1694777343449669,0.21509907232947623,24,Long,1.85:1
1980.0,0.1956859267946582,0.17436687847723384,0.21764078237147474,40,Long,1.85:1
1981.0,0.18029127040728488,0.16454728226723928,0.19550805906043867,36,Long,1.85:1
1982.0,0.16312666400833029,0.13852690937169537,0.18643827674613686,21,Long,1.85:1
1983.0,0.1929424786048398,0.16666746792402648,0.22312715039959866,32,Long,1.85:1
1984.0,0.18688076004960616,0.16896065132755358,0.20578586355446704,33,Long,1.85:1
1985.0,0.18713840238214682,0.16148773779983452,0.2161259317227556,33,Long,1.85:1
1986.0,0.18760120487926055,0.15110849222663486,0.23906855623104528,31,Long,1.85:1
1987.0,0.15712696955619956,0.14146721965171355,0.17429360947453704,38,Long,1.85:1
1988.0,0.18631164096329764,0.15301962219569307,0.23334853851086457,37,Long,1.85:1
1989.0,0.17389869929168342,0.15270357672047377,0.1975756244178229,33,Long,1.85:1
1990.0,0.16840273813903847,0.14639927653646093,0.19159418677779097,34,Long,1.85:1
1991.0,0.17359814686347505,0.14974899873018824,0.20244120520076417,33,Long,1.85:1
1992.0,0.16460708893529455,0.14059102179081198,0.18977899735987033,31,Long,1.85:1
1993.0,0.18402192959302605,0.15829076224857366,0.21212844005626869,32,Long,1.85:1
1994.0,0.16973261211628438,0.1470200318496072,0.199016531585632,32,Long,1.85:1
1995.0,0.1896720438974238,0.16159127723661665,0.22341974154659677,34,Long,1.85:1
1996.0,0.18269365163176185,0.14277161066702007,0.22663771416962358,22,Long,1.85:1
1997.0,0.1603561660904572,0.13296196634153226,0.18924289917502665,19,Long,1.85:1
1998.0,0.20819206408181765,0.15475277239714588,0.2744220264885547,20,Long,1.85:1
1999.0,0.2042492762101624,0.15737943945926533,0.2613302797144558,24,Long,1.85:1
2000.0,0.16764229897199512,0.13698263663597618,0.20513416594208778,24,Long,1.85:1
2001.0,0.20146407777519953,0.14829211848157273,0.2711711893907291,17,Long,1.85:1
2002.0,0.19801412523089273,0.16028347797079226,0.24097474329275792,25,Long,1.85:1
2003.0,0.18084575640778713,0.13934837988373824,0.24302042112146063,19,Long,1.85:1
2004.0,0.2131150575027756,0.16442702054806987,0.2684043730173088,24,Long,1.85:1
2005.0,0.2514058751919543,0.17991378100570243,0.33135620864719845,17,Long,1.85:1
2006.0,0.21434316651811558,0.1683665537021481,0.26791522683402325,22,Long,1.85:1
2007.0,0.18707122910781424,0.1490800345319067,0.23047168407420435,21,Long,1.85:1
2008.0,0.21460261950269402,0.15864027377321835,0.2792873439966731,17,Long,1.85:1
2009.0,0.2461408991367334,0.1837461626187678,0.3213079511956466,18,Long,1.85:1
2010.0,0.2270868529695125,0.16875426323459253,0.2978122156960965,13,Long,1.85:1
2011.0,0.24997575521242343,0.19178469460531614,0.30838076453514307,17,Long,1.85:1
2012.0,0.20464410276854206,0.16977579184078198,0.24182786774191325,19,Long,1.85:1
2013.0,0.2806294267333239,0.19350732328843684,0.36733693205019324,10,Long,1.85:1
2014.0,0.23103529878796997,0.16275293451605552,0.3067737824574574,10,Long,1.85:1
2015.0,0.2450716259812001,0.16224439698419277,0.3359668251394916,12,Long,1.85:1
2016.0,0.293506636075667,0.21205477157811728,0.3815267727717618,14,Long,1.85:1
2017.0,0.24651026412034951,0.1680786057123187,0.3237251567916275,9,Long,1.85:1
2018.0,0.30182688779188305,0.2839057683839718,0.3197480071997943,2,Long,1.85:1
2019.0,0.24657577482099063,0.1779176415935028,0.33161658177384873,15,Long,1.85:1
2020.0,0.1699457081736062,0.13932262288256778,0.2020591870472489,6,Long,1.85:1
2021.0,0.2691172185302271,0.20532131369846127,0.33626373205382193,9,Long,1.85:1
2022.0,0.18297691462418994,0.10912189143150713,0.30087106658432,4,Long,1.85:1
2023.0,0.18211843921215232,0.1028662976597764,0.2833867157366385,6,Long,1.85:1
2024.0,0.28210526195698393,0.20750164708728205,0.3610340913047254,10,Long,1.85:1
2025.0,0.26186897684765414,0.19492321005013782,0.3364915595054915,7,Long,1.85:1
1955.0,0.04859419969005977,0.04859419969005977,0.04859419969005977,1,Medium close-up,2.39:1
1959.0,0.02167147626322639,0.02167147626322639,0.02167147626322639,1,Medium close-up,2.39:1
1960.0,0.1661007538385974,0.1661007538385974,0.1661007538385974,1,Medium close-up,2.39:1
1961.0,0.06295392126945377,0.06295392126945377,0.06295392126945377,1,Medium close-up,2.39:1
1962.0,0.08655528969757662,0.07916303400174368,0.09394754539340955,2,Medium close-up,2.39:1
1963.0,0.06675207620333326,0.052371319397617445,0.08113283300904907,2,Medium close-up,2.39:1
1964.0,0.17884130982367757,0.17884130982367757,0.17884130982367757,1,Medium close-up,2.39:1
1966.0,0.14214627442301092,0.10310751766099065,0.18118503118503118,2,Medium close-up,2.39:1
1967.0,0.14649139396837996,0.12396600136601654,0.1690167865707434,2,Medium close-up,2.39:1
1968.0,0.06338489029481603,0.03130025840432486,0.09012262652417642,4,Medium close-up,2.39:1
1970.0,0.16500963523393367,0.05401135044498904,0.25805558439760495,3,Medium close-up,2.39:1
1971.0,0.2049696173150897,0.14333587454559535,0.26658201085130656,6,Medium close-up,2.39:1
1972.0,0.17146055203154179,0.14355519955738819,0.20174101588906293,9,Medium close-up,2.39:1
1973.0,0.22852847675841187,0.19678703530922417,0.2572283392012142,11,Medium close-up,2.39:1
1974.0,0.12543210588365863,0.07613976624342396,0.16943381931055027,6,Medium close-up,2.39:1
1975.0,0.16376040049985374,0.11178884517875098,0.22653045765463772,5,Medium close-up,2.39:1
1976.0,0.22313294009676313,0.18612194202079604,0.2618930145132409,6,Medium close-up,2.39:1
1977.0,0.18275728507352573,0.14522426260131588,0.2216214204941049,4,Medium close-up,2.39:1
1978.0,0.14809496160070842,0.11754423941837684,0.1806105546927925,6,Medium close-up,2.39:1
1979.0,0.1939377071046396,0.16029294433226352,0.22678624302532502,11,Medium close-up,2.39:1
1980.0,0.17010323878467706,0.10738113215559907,0.23289984853189896,6,Medium close-up,2.39:1
1981.0,0.16654899998196315,0.13710598236692148,0.19622244065736222,8,Medium close-up,2.39:1
1982.0,0.2028906335095572,0.16184638372148483,0.25852306676063674,11,Medium close-up,2.39:1
1983.0,0.18329509672182576,0.14605673854777776,0.22665274127721347,9,Medium close-up,2.39:1
1984.0,0.25356523593078373,0.19134306395587067,0.3221482461141702,7,Medium close-up,2.39:1
1985.0,0.21110209735566512,0.1640131766084455,0.2647079314878846,12,Medium close-up,2.39:1
1986.0,0.33241919405795217,0.18995230813575625,0.42840846012696737,4,Medium close-up,2.39:1
1987.0,0.26076953826138394,0.1741224163231046,0.3387497014889931,7,Medium close-up,2.39:1
1988.0,0.2849011783260558,0.2411218931845725,0.32759326123329857,4,Medium close-up,2.39:1
1989.0,0.25841514709570373,0.21488045972547498,0.3075611951732702,10,Medium close-up,2.39:1
1990.0,0.3385079456881555,0.26450232176520155,0.40403025379788876,6,Medium close-up,2.39:1
1991.0,0.31574278465328875,0.27141017292819103,0.36983657370288925,8,Medium close-up,2.39:1
1992.0,0.2665766926364539,0.20636327181344544,0.33017739696018694,9,Medium close-up,2.39:1
1993.0,0.26776880800464486,0.22510278793353491,0.3077042056764887,10,Medium close-up,2.39:1
1994.0,0.2734287788639034,0.23761202511487706,0.3092004408773296,12,Medium close-up,2.39:1
1995.0,0.3480037233939367,0.305304691403418,0.38711863206522606,16,Medium close-up,2.39:1
1996.0,0.3174782377437258,0.278760035366457,0.35440202432796014,21,Medium close-up,2.39:1
1997.0,0.3233001049737165,0.28150103869646137,0.3605578105708812,21,Medium close-up,2.39:1
1998.0,0.30626786022755687,0.2635873395664496,0.3480146327567077,24,Medium close-up,2.39:1
1999.0,0.2822847119518575,0.2465659592870769,0.31806251055332235,21,Medium close-up,2.39:1
2000.0,0.32132641471240864,0.2900640641651656,0.3519829608602105,20,Medium close-up,2.39:1
2001.0,0.29587994261289247,0.2551722546818825,0.3335669489620707,22,Medium close-up,2.39:1
2002.0,0.31481581153738475,0.2696507126207862,0.35578728652896485,18,Medium close-up,2.39:1
2003.0,0.30006354333822194,0.25598748749928874,0.3449033593222191,22,Medium close-up,2.39:1
2004.0,0.28989426377591915,0.24216761519588048,0.3355351040124995,22,Medium close-up,2.39:1
2005.0,0.2932926632177458,0.24743625731576055,0.34062117275056686,22,Medium close-up,2.39:1
2006.0,0.25217144783072376,0.18708818149208256,0.3043702295574369,17,Medium close-up,2.39:1
2007.0,0.25383854630867436,0.20629687398017,0.29899898273395586,19,Medium close-up,2.39:1
2008.0,0.25170775766026615,0.20895984276527252,0.2955434899996777,24,Medium close-up,2.39:1
2009.0,0.2537715847771738,0.20824980673388635,0.29723656374229934,20,Medium close-up,2.39:1
2010.0,0.2850175145728415,0.2436479488513667,0.32703970868323506,26,Medium close-up,2.39:1
2011.0,0.2320862706565009,0.20014453347280492,0.26534727133070796,21,Medium close-up,2.39:1
2012.0,0.28851524188680977,0.24201826991559902,0.33292847893839,21,Medium close-up,2.39:1
2013.0,0.26297451253229237,0.22552754483014453,0.30320044516165207,29,Medium close-up,2.39:1
2014.0,0.23253713541774065,0.1969336421804735,0.2675663430770856,28,Medium close-up,2.39:1
2015.0,0.24616867695464353,0.21539795640620255,0.27658980791298143,21,Medium close-up,2.39:1
2016.0,0.24396369687685268,0.20896443676363807,0.27858963955475874,33,Medium close-up,2.39:1
2017.0,0.22456814125682756,0.19436615311065472,0.2522291320628054,38,Medium close-up,2.39:1
2018.0,0.21752082114370266,0.18674577527932754,0.24690641255006907,41,Medium close-up,2.39:1
2019.0,0.21297638745234815,0.18530967509294588,0.2442199357585973,42,Medium close-up,2.39:1
2020.0,0.2578111088825572,0.2192643663221493,0.29740160779912406,24,Medium close-up,2.39:1
2021.0,0.21875171748052422,0.186337130647705,0.2566433456135155,30,Medium close-up,2.39:1
2022.0,0.224017935698741,0.18648630160808877,0.2628332347297617,35,Medium close-up,2.39:1
2023.0,0.21307869214364308,0.18208968897162645,0.2475695278315369,34,Medium close-up,2.39:1
2024.0,0.21298251636589938,0.18100290865441096,0.24626979857699238,32,Medium close-up,2.39:1
2025.0,0.21824150923146904,0.1819999057281493,0.26063207409203937,20,Medium close-up,2.39:1
1955.0,0.14854992251494353,0.14854992251494353,0.14854992251494353,1,Medium,2.39:1
1959.0,0.20381372715441634,0.20381372715441634,0.20381372715441634,1,Medium,2.39:1
1960.0,0.3306212227988127,0.3306212227988127,0.3306212227988127,1,Medium,2.39:1
1961.0,0.592584681110772,0.592584681110772,0.592584681110772,1,Medium,2.39:1
1962.0,0.4421150787206062,0.23258238063214526,0.6516477768090672,2,Medium,2.39:1
1963.0,0.5302056751970062,0.46579755750355883,0.5946137928904537,2,Medium,2.39:1
1964.0,0.5213671501780596,0.5213671501780596,0.5213671501780596,1,Medium,2.39:1
1966.0,0.49424462415090864,0.4865904365904366,0.5018988117113806,2,Medium,2.39:1
1967.0,0.46861772326086915,0.46129619792061927,0.4759392486011191,2,Medium,2.39:1
1968.0,0.42739895778578374,0.3351393739220803,0.543192804971402,4,Medium,2.39:1
1970.0,0.47622659208466134,0.40744348390762614,0.5773571520701664,3,Medium,2.39:1
1971.0,0.43839894730539225,0.4093626399218866,0.4697179897385997,6,Medium,2.39:1
1972.0,0.44831814265685627,0.39615897833792746,0.5037641570113094,9,Medium,2.39:1
1973.0,0.4438036227085078,0.396758556018039,0.48922112716311256,11,Medium,2.39:1
1974.0,0.4083343388688401,0.36285365317277546,0.45230608422260465,6,Medium,2.39:1
1975.0,0.46853751954977313,0.40166665863131873,0.5457064283959786,5,Medium,2.39:1
1976.0,0.3619080831322667,0.34813972617055416,0.37675114955139,6,Medium,2.39:1
1977.0,0.36371815873698105,0.3429122844710223,0.3925632653681307,4,Medium,2.39:1
1978.0,0.3597404779946751,0.32379259808544164,0.4000083385090099,6,Medium,2.39:1
1979.0,0.4394431624181798,0.38808163883067864,0.5026979630465744,11,Medium,2.39:1
1980.0,0.40386433144874195,0.35645659825110304,0.4532251146576502,6,Medium,2.39:1
1981.0,0.3782258078468076,0.3382645949825689,0.41754829705785623,8,Medium,2.39:1
1982.0,0.36663257893741324,0.3169084725136077,0.41522616552154756,11,Medium,2.39:1
1983.0,0.36600878592157815,0.3280662760171391,0.4004807538913898,9,Medium,2.39:1
1984.0,0.3655790167155745,0.30821868408754927,0.4333768391384759,7,Medium,2.39:1
1985.0,0.3820043277864773,0.3414888207112067,0.424938651992683,12,Medium,2.39:1
1986.0,0.34827621036953327,0.2564981956462975,0.4726921511078479,4,Medium,2.39:1
1987.0,0.3715316431377548,0.3231678138830393,0.4270280381457624,7,Medium,2.39:1
1988.0,0.4078550718103911,0.35958005674384785,0.43724319719456384,4,Medium,2.39:1
1989.0,0.384026590432211,0.3597383207270535,0.40531001851478865,10,Medium,2.39:1
1990.0,0.3317106940982164,0.28385229881092694,0.3803822388480924,6,Medium,2.39:1
1991.0,0.3789321649296855,0.3390492676282846,0.4149824657628926,8,Medium,2.39:1
1992.0,0.4011010268326481,0.35983178983550934,0.44065287070278714,9,Medium,2.39:1
1993.0,0.38242506630441436,0.34799077367346265,0.4149288091292946,10,Medium,2.39:1
1994.0,0.3773538430266779,0.34607802621126355,0.4127138908078382,12,Medium,2.39:1
1995.0,0.37356590004414364,0.3351338174862764,0.41699330715279004,16,Medium,2.39:1
1996.0,0.3518696431599442,0.323626628511217,0.38407343254076287,21,Medium,2.39:1
1997.0,0.3722069790492741,0.3436757295205365,0.4034007442261895,21,Medium,2.39:1
1998.0,0.36952758350794834,0.3297643359750684,0.4078348640406627,24,Medium,2.39:1
1999.0,0.38260741894850725,0.3458683000969508,0.41954370685778514,21,Medium,2.39:1
2000.0,0.3643823531866127,0.33094362893657164,0.4002821863946398,20,Medium,2.39:1
2001.0,0.37304389169191765,0.3372390369396053,0.4182166548730689,22,Medium,2.39:1
2002.0,0.3548587797853735,0.3219397398585338,0.38915052348354207,18,Medium,2.39:1
2003.0,0.35470015789686277,0.3218807460980441,0.3849458510426404,22,Medium,2.39:1
2004.0,0.36379322184434104,0.31906272254773743,0.4038407881324583,22,Medium,2.39:1
2005.0,0.38727608396518587,0.3528303489321073,0.4206606214090497,22,Medium,2.39:1
2006.0,0.35969209857959233,0.2841657099188316,0.42323341295563205,17,Medium,2.39:1
2007.0,0.3731830276047491,0.3445027328856471,0.40242399874314866,19,Medium,2.39:1
2008.0,0.3871043397220773,0.3429796432478137,0.4270777061055914,24,Medium,2.39:1
2009.0,0.373744510325495,0.33047651188099114,0.4206848963323943,20,Medium,2.39:1
2010.0,0.3635950768049312,0.33733288740674017,0.39524012865713565,26,Medium,2.39:1
2011.0,0.3889440007376445,0.3522748479829373,0.43159145486595063,21,Medium,2.39:1
2012.0,0.35536913339924986,0.3177521787623011,0.3901840183559266,21,Medium,2.39:1
2013.0,0.3672893411742482,0.34022361938047985,0.39503748599363653,29,Medium,2.39:1
2014.0,0.3836429843221726,0.3510875794339648,0.41687355354914024,28,Medium,2.39:1
2015.0,0.36528337464735605,0.3376319332065667,0.39359091133447327,21,Medium,2.39:1
2016.0,0.3875395636133952,0.3639730165147242,0.4105016952078094,33,Medium,2.39:1
2017.0,0.3573244560998834,0.32026773812240505,0.39071959273801177,38,Medium,2.39:1
2018.0,0.42209935783609953,0.3971787078512877,0.4491284302674792,41,Medium,2.39:1
2019.0,0.40437835918969905,0.3826291063650582,0.4243242158308444,42,Medium,2.39:1
2020.0,0.42539810368225317,0.390017614219643,0.4640264696777795,24,Medium,2.39:1
2021.0,0.39213421919591546,0.3651620220733409,0.41818046852285706,30,Medium,2.39:1
2022.0,0.3973258231852317,0.3660782969725986,0.4318258780119556,35,Medium,2.39:1
2023.0,0.3786379128216519,0.35246327462147864,0.4040543269598364,34,Medium,2.39:1
2024.0,0.36994342805380465,0.3362316485122276,0.40337952118407455,32,Medium,2.39:1
2025.0,0.3963140303247526,0.35892923304400187,0.4288093248303302,20,Medium,2.39:1
1955.0,0.04051361523134824,0.04051361523134824,0.04051361523134824,1,Medium long,2.39:1
1959.0,0.15537826062355004,0.15537826062355004,0.15537826062355004,1,Medium long,2.39:1
1960.0,0.09846883208405408,0.09846883208405408,0.09846883208405408,1,Medium long,2.39:1
1961.0,0.2085749160817821,0.2085749160817821,0.2085749160817821,1,Medium long,2.39:1
1962.0,0.16722696675459328,0.16024411508282477,0.1742098184263618,2,Medium long,2.39:1
1963.0,0.2056391341837648,0.18141387936625591,0.2298643890012737,2,Medium long,2.39:1
1964.0,0.07925822982715192,0.07925822982715192,0.07925822982715192,1,Medium long,2.39:1
1966.0,0.11544033432126044,0.1043733921352444,0.1265072765072765,2,Medium long,2.39:1
1967.0,0.14292813878213662,0.11248601119104716,0.17337026637322608,2,Medium long,2.39:1
1968.0,0.1926002311591357,0.16647940867254596,0.21872105364572544,4,Medium long,2.39:1
1970.0,0.14721540936557612,0.07562385352853633,0.18328665936117539,3,Medium long,2.39:1
1971.0,0.09886817481864252,0.07476800694094794,0.12425341022062814,6,Medium long,2.39:1
1972.0,0.1447506625737329,0.11568347590251206,0.17415721812199966,9,Medium long,2.39:1
1973.0,0.11221892015657221,0.0890763098371748,0.13431120745157507,11,Medium long,2.39:1
1974.0,0.16259006876807128,0.12610114793022714,0.2033924878975949,6,Medium long,2.39:1
1975.0,0.12945301649748267,0.08825750414517977,0.1740552944783891,5,Medium long,2.39:1
1976.0,0.10061150793650368,0.08296521167090112,0.11936408752310272,6,Medium long,2.39:1
1977.0,0.09815351344415729,0.08373445652861111,0.11257257035970347,4,Medium long,2.39:1
1978.0,0.14126929886313874,0.10250481698033082,0.17820181344073896,6,Medium long,2.39:1
1979.0,0.11204088793952739,0.08999258363061963,0.13429082939738918,11,Medium long,2.39:1
1980.0,0.13218583580368523,0.09849502444310067,0.16618442276011672,6,Medium long,2.39:1
1981.0,0.10894739366160676,0.08123306743692336,0.13965294029606462,8,Medium long,2.39:1
1982.0,0.10287704624556125,0.07148356951992307,0.138642855736228,11,Medium long,2.39:1
1983.0,0.10865062358943184,0.0857006456336728,0.13061964689316555,9,Medium long,2.39:1
1984.0,0.10929118848235495,0.08341152317452968,0.1359736635756137,7,Medium long,2.39:1
1985.0,0.10144129247297089,0.08121213585185595,0.12103266965282392,12,Medium long,2.39:1
1986.0,0.09282172129632946,0.06696872031857357,0.11225547875722215,4,Medium long,2.39:1
1987.0,0.11409994198650376,0.0780703085203474,0.15512112246577303,7,Medium long,2.39:1
1988.0,0.07838853301238229,0.047245498799679916,0.11430092819926738,4,Medium long,2.39:1
1989.0,0.09725504588818543,0.07090319988560499,0.12086839285795421,10,Medium long,2.39:1
1990.0,0.08067030107054544,0.057370551750447724,0.10543285221194536,6,Medium long,2.39:1
1991.0,0.08204507286967218,0.07389439127031262,0.0904862233060078,8,Medium long,2.39:1
1992.0,0.104309364758695,0.07756472602658364,0.12877676399288912,9,Medium long,2.39:1
1993.0,0.09379123756226793,0.07653843107737544,0.10885948414342135,10,Medium long,2.39:1
1994.0,0.10420563058401748,0.08417197882643528,0.12407098305925883,12,Medium long,2.39:1
1995.0,0.07513660250666129,0.059951622172159075,0.09139616570295503,16,Medium long,2.39:1
1996.0,0.07787036954380133,0.06547083016466362,0.09318152424122902,21,Medium long,2.39:1
1997.0,0.06916364729598475,0.0577540579451147,0.08425387464672685,21,Medium long,2.39:1
1998.0,0.06849575314008464,0.05817443124304739,0.07891527741067451,24,Medium long,2.39:1
1999.0,0.08253595409478685,0.07030447124780835,0.09462526275484573,21,Medium long,2.39:1
2000.0,0.08180307450285762,0.06823435407636361,0.09551592642798618,20,Medium long,2.39:1
2001.0,0.07465837166840188,0.06270197469455374,0.08816478800179611,22,Medium long,2.39:1
2002.0,0.07007386721517021,0.05605626316375217,0.08521429476287048,18,Medium long,2.39:1
2003.0,0.07912913683167379,0.0654636147238113,0.09335564089331884,22,Medium long,2.39:1
2004.0,0.0714960642661023,0.06034482305482732,0.08242312755392112,22,Medium long,2.39:1
2005.0,0.07385020343883995,0.061046856875563785,0.08653703415382565,22,Medium long,2.39:1
2006.0,0.06765534369220522,0.05136947425956037,0.08430321887196211,17,Medium long,2.39:1
2007.0,0.07426266544083268,0.06033079519701604,0.08879209611215184,19,Medium long,2.39:1
2008.0,0.07576183640143862,0.06356526059350848,0.08875811729237165,24,Medium long,2.39:1
2009.0,0.06712385703607344,0.05112460552050546,0.08480473905691194,20,Medium long,2.39:1
2010.0,0.05945471572389078,0.05276594783718039,0.06695779634891502,26,Medium long,2.39:1
2011.0,0.06822430057433182,0.0592700173866228,0.07845703801027944,21,Medium long,2.39:1
2012.0,0.0745488394956339,0.05934387769298953,0.09094707297799134,21,Medium long,2.39:1
2013.0,0.06908834461930936,0.05681963033817338,0.08122620536425727,29,Medium long,2.39:1
2014.0,0.07951650545866881,0.06530821377064606,0.09597177604093281,28,Medium long,2.39:1
2015.0,0.06675848653312132,0.05486523852535702,0.08016781587443388,21,Medium long,2.39:1
2016.0,0.0660872421106491,0.05684677400701309,0.07627572844556632,33,Medium long,2.39:1
2017.0,0.07468296645438384,0.06339760086438581,0.08674708343424276,38,Medium long,2.39:1
2018.0,0.07849825563373333,0.0685499994305081,0.08914257733851609,41,Medium long,2.39:1
2019.0,0.08117923823388616,0.07137202304473733,0.09123357140855043,42,Medium long,2.39:1
2020.0,0.06696479936851082,0.05720096664388421,0.07694224744821404,24,Medium long,2.39:1
2021.0,0.06611913016922116,0.056087989039267275,0.0757385813306719,30,Medium long,2.39:1
2022.0,0.07767254256143884,0.06683677931199705,0.08835989511044821,35,Medium long,2.39:1
2023.0,0.07497902889199873,0.06661027150835915,0.08365814950901966,34,Medium long,2.39:1
2024.0,0.07974361772455388,0.06884877342927294,0.09087787534042839,32,Medium long,2.39:1
2025.0,0.07138053594665851,0.05864598045858776,0.0834127027471388,20,Medium long,2.39:1
1955.0,0.7400929820677441,0.7400929820677441,0.7400929820677441,1,Long,2.39:1
1959.0,0.4913144344480281,0.4913144344480281,0.4913144344480281,1,Long,2.39:1
1960.0,0.29937856364917675,0.29937856364917675,0.29937856364917675,1,Long,2.39:1
1961.0,0.13057674702471772,0.13057674702471772,0.13057674702471772,1,Long,2.39:1
1962.0,0.23364158364060744,0.10047079337401918,0.3668123739071957,2,Long,2.39:1
1963.0,0.17707595741882406,0.1228265233639087,0.23132539147373943,2,Long,2.39:1
1964.0,0.19473638495613654,0.19473638495613654,0.19473638495613654,1,Long,2.39:1
1966.0,0.21745755593605648,0.17532917532917533,0.25958593654293766,2,Long,2.39:1
1967.0,0.21011571588141947,0.1987849720223821,0.22144645974045685,2,Long,2.39:1
1968.0,0.2691825599006335,0.13177478283967092,0.3721918194416108,4,Long,2.39:1
1970.0,0.16838092145200567,0.14278343866890236,0.1976135395105321,3,Long,2.39:1
1971.0,0.19158780865786576,0.14728246447565732,0.2359344274558738,6,Long,2.39:1
1972.0,0.19357760335717358,0.15082792073615434,0.23202579811603205,9,Long,2.39:1
1973.0,0.18061928615277126,0.14076713286003498,0.22301893259736802,11,Long,2.39:1
1974.0,0.23936557628756192,0.22529344413805263,0.25396267361157726,6,Long,2.39:1
1975.0,0.19070745921198518,0.11865836545617758,0.26275655296779277,5,Long,2.39:1
1976.0,0.22380536609841825,0.1857843833083178,0.2679333959667951,6,Long,2.39:1
1977.0,0.2433926925102136,0.19170366201319444,0.2880499627891544,4,Long,2.39:1
1978.0,0.27091852728883764,0.24861748037048184,0.30160422905285367,6,Long,2.39:1
1979.0,0.16653100511285596,0.14095609042809745,0.1909042628004635,11,Long,2.39:1
1980.0,0.23816362688319345,0.19145103523859533,0.2787256401689206,6,Long,2.39:1
1981.0,0.269235284950567,0.23776177921886868,0.2970175690252242,8,Long,2.39:1
1982.0,0.23105184079000726,0.1737022920296936,0.29143843422798127,11,Long,2.39:1
1983.0,0.24096356049368614,0.20997140858567576,0.27781955197230024,9,Long,2.39:1
1984.0,0.19386006212785142,0.15603298947529676,0.23689040015590235,7,Long,2.39:1
1985.0,0.24597516356777416,0.18867438042203782,0.3163632558169707,12,Long,2.39:1
1986.0,0.13564299756720744,0.10056101502683072,0.1700621841644239,4,Long,2.39:1
1987.0,0.20001133321230782,0.1609341095076765,0.2416332265561487,7,Long,2.39:1
1988.0,0.16377341931115924,0.1050149750908833,0.24485661922170376,4,Long,2.39:1
1989.0,0.17875756531404036,0.1597179501178745,0.19987002048148056,10,Long,2.39:1
1990.0,0.1761299761201097,0.15715838190841336,0.1963711229296039,6,Long,2.39:1
1991.0,0.15361859883948617,0.1314496377648571,0.1782303018103259,8,Long,2.39:1
1992.0,0.16054720194985947,0.1330277551471258,0.18882608958837144,9,Long,2.39:1
1993.0,0.17458644475516555,0.13899307497001534,0.2157239834852388,10,Long,2.39:1
1994.0,0.15820587210140413,0.13658350263970231,0.18163466521572202,12,Long,2.39:1
1995.0,0.11905927398345775,0.10051339225737636,0.13703408274436094,16,Long,2.39:1
1996.0,0.16233803623174342,0.1380565610365466,0.19017737828571346,21,Long,2.39:1
1997.0,0.13765908990506268,0.12060577367471141,0.15562037214674304,21,Long,2.39:1
1998.0,0.16582645353294098,0.13229022277373076,0.21746591230107215,24,Long,2.39:1
1999.0,0.16260147570771347,0.13353503935601768,0.19565407514277672,21,Long,2.39:1
2000.0,0.13328001049249305,0.1160365032576594,0.15207740852731613,20,Long,2.39:1
2001.0,0.16071356007113904,0.13624775864349709,0.18505010690394702,22,Long,2.39:1
2002.0,0.16357379276256828,0.12844504226829792,0.204557375489941,18,Long,2.39:1
2003.0,0.16051281903632394,0.14048601569601246,0.182945872307701,22,Long,2.39:1
2004.0,0.18084402133287056,0.14445171408823027,0.2323961244216195,22,Long,2.39:1
2005.0,0.15303356697323875,0.12984150522389448,0.18015070853558154,22,Long,2.39:1
2006.0,0.22222488243426625,0.14553505744188894,0.3374365714251156,17,Long,2.39:1
2007.0,0.1875660030736598,0.1587190181344973,0.21990822476402241,19,Long,2.39:1
2008.0,0.17915312508537595,0.14304781930029126,0.22431729320525148,24,Long,2.39:1
2009.0,0.1907155542928064,0.16377018828441314,0.22044478426291383,20,Long,2.39:1
2010.0,0.1781710127584038,0.15261116508760394,0.2048019597502479,26,Long,2.39:1
2011.0,0.19175298807777133,0.14859501310805043,0.23443527869401576,21,Long,2.39:1
2012.0,0.159201386549319,0.13423993346679017,0.18674851380650168,21,Long,2.39:1
2013.0,0.1661917822335205,0.1383800572801613,0.1975274434249303,29,Long,2.39:1
2014.0,0.1832341774484996,0.15608192992518777,0.2163048819506534,28,Long,2.39:1
2015.0,0.19420220996402687,0.15572092804418078,0.23707690708473173,21,Long,2.39:1
2016.0,0.17965930828320226,0.15031969046110197,0.2108397080528119,33,Long,2.39:1
2017.0,0.21869880552116666,0.18074178972589425,0.26488928096876696,38,Long,2.39:1
2018.0,0.16491574073465012,0.1430043464925447,0.1884173309353121,41,Long,2.39:1
2019.0,0.18340330630374674,0.16115911792353227,0.20777170514450197,42,Long,2.39:1
2020.0,0.13944945750306548,0.11423382870750816,0.16753176513271628,24,Long,2.39:1
2021.0,0.1994174321272378,0.17569778895664603,0.22334923229006454,30,Long,2.39:1
2022.0,0.18458703742917246,0.15535252495713392,0.21718532928917494,35,Long,2.39:1
2023.0,0.2068012874968913,0.17830167775341949,0.23604300858719124,34,Long,2.39:1
2024.0,0.20966334435346246,0.1795206793003366,0.24073417747491,32,Long,2.39:1
2025.0,0.18572761517457562,0.16177031966726726,0.2091533793704944,20,Long,2.39:1
1925.0,0.011683738796414853,0.011683738796414853,0.011683738796414853,1,Medium close-up,1.37:1
1928.0,0.06873045127724549,0.016008680071898145,0.13750472911163758,6,Medium close-up,1.37:1
1929.0,0.03187444323313607,0.01869133652775968,0.04791955027999989,11,Medium close-up,1.37:1
1930.0,0.05004523040902956,0.008676484382328112,0.08957267420912302,3,Medium close-up,1.37:1
1931.0,0.05171909934621644,0.03950976299223825,0.06619268806264829,6,Medium close-up,1.37:1
1932.0,0.05119560756983304,0.03781875622492234,0.0646332696416702,29,Medium close-up,1.37:1
1933.0,0.04434302640150934,0.03516017631690298,0.05439362246588924,28,Medium close-up,1.37:1
1934.0,0.07012097822834767,0.056096628659217315,0.08524661104337332,32,Medium close-up,1.37:1
1935.0,0.06241845398762383,0.04864090207916215,0.07771232496705531,32,Medium close-up,1.37:1
1936.0,0.06461131652306017,0.048797726717141034,0.07953795246561735,35,Medium close-up,1.37:1
1937.0,0.06514593698071924,0.05411049490347154,0.07765616075068935,37,Medium close-up,1.37:1
1938.0,0.05781268512803611,0.04666624797727833,0.07011579099447131,33,Medium close-up,1.37:1
1939.0,0.0654424538004866,0.05476128029283502,0.07853480058672997,40,Medium close-up,1.37:1
1940.0,0.06512267813860029,0.05114665741265687,0.08043432879190225,33,Medium close-up,1.37:1
1941.0,0.06275317470145465,0.046546282545450623,0.08466544611605085,35,Medium close-up,1.37:1
1942.0,0.06006554434719609,0.04862892419599199,0.07419312491487048,37,Medium close-up,1.37:1
1943.0,0.06736680381895759,0.0506324803405866,0.08634656383762647,35,Medium close-up,1.37:1
1944.0,0.050847897901078354,0.04092722804950521,0.062491847859762896,33,Medium close-up,1.37:1
1945.0,0.06148785254476343,0.04800399110141015,0.07728776668656084,34,Medium close-up,1.37:1
1946.0,0.05719754116845496,0.042806482626826285,0.0758387111312562,33,Medium close-up,1.37:1
1947.0,0.054455160697517886,0.039043595243298146,0.07250431738276174,30,Medium close-up,1.37:1
1948.0,0.06281024395924598,0.04836675053563473,0.07751699136637957,34,Medium close-up,1.37:1
1949.0,0.049557686788255735,0.037963260275979224,0.062069332114066594,34,Medium close-up,1.37:1
1950.0,0.03558096719035079,0.024177121048308846,0.04975319437465455,31,Medium close-up,1.37:1
1951.0,0.04154631229257722,0.03098563429225685,0.05411868563063628,36,Medium close-up,1.37:1
1952.0,0.04680826195854606,0.03179465489674352,0.06392282983577532,30,Medium close-up,1.37:1
1953.0,0.044961300251565674,0.03251835228722052,0.05810044931019913,28,Medium close-up,1.37:1
1954.0,0.09819147149593574,0.06723727081755942,0.12584051017769574,8,Medium close-up,1.37:1
1955.0,0.04762044534478347,0.026582415162746034,0.07363297261057292,7,Medium close-up,1.37:1
1956.0,0.007452971424851917,0.007452971424851917,0.007452971424851917,1,Medium close-up,1.37:1
1957.0,0.07703897221173138,0.03966102988891858,0.14722270288977332,3,Medium close-up,1.37:1
1958.0,0.1311609294051013,0.004167898315104937,0.25815396049509765,2,Medium close-up,1.37:1
1961.0,0.03079261626133695,0.008819306761468517,0.04369340913876605,3,Medium close-up,1.37:1
1962.0,0.12053436251338893,0.026127905210390396,0.18628193376110957,3,Medium close-up,1.37:1
1963.0,0.1456841060392435,0.08287553453691283,0.21855209702052222,6,Medium close-up,1.37:1
1964.0,0.10353545656388562,0.08009338241896381,0.14744868555215676,3,Medium close-up,1.37:1
1965.0,0.10034750031942716,0.028217936418670812,0.1724770642201835,2,Medium close-up,1.37:1
1966.0,0.10514497321147179,0.10514497321147179,0.10514497321147179,1,Medium close-up,1.37:1
1967.0,0.15654941524613925,0.1315270147741213,0.18157181571815717,2,Medium close-up,1.37:1
1968.0,0.34806085448525936,0.34806085448525936,0.34806085448525936,1,Medium close-up,1.37:1
1969.0,0.1676910904079482,0.014441310901487892,0.3590133531157271,3,Medium close-up,1.37:1
1970.0,0.3066875078974334,0.2640297932451522,0.34934522254971456,2,Medium close-up,1.37:1
1971.0,0.22856456465775907,0.21217976687651935,0.24494936243899879,2,Medium close-up,1.37:1
1973.0,0.2382698608314046,0.2382698608314046,0.2382698608314046,1,Medium close-up,1.37:1
1974.0,0.16638935108153077,0.16638935108153077,0.16638935108153077,1,Medium close-up,1.37:1
1976.0,0.1657472067039106,0.1657472067039106,0.1657472067039106,1,Medium close-up,1.37:1
1978.0,0.231200591068931,0.11392453406660556,0.3073679074306427,3,Medium close-up,1.37:1
1979.0,0.21258183460004515,0.21258183460004515,0.21258183460004515,1,Medium close-up,1.37:1
1980.0,0.18302542100808453,0.18302542100808453,0.18302542100808453,1,Medium close-up,1.37:1
1981.0,0.15736809068419302,0.15736809068419302,0.15736809068419302,1,Medium close-up,1.37:1
1982.0,0.2844039896770594,0.2844039896770594,0.2844039896770594,1,Medium close-up,1.37:1
1984.0,0.17386349761914452,0.17386349761914452,0.17386349761914452,1,Medium close-up,1.37:1
1985.0,0.2186352552726408,0.0576308464208392,0.39047662527392263,3,Medium close-up,1.37:1
1986.0,0.265484240442053,0.024051202560128007,0.3862650504722909,3,Medium close-up,1.37:1
1987.0,0.13292845078520862,0.13292845078520862,0.13292845078520862,1,Medium close-up,1.37:1
1988.0,0.14702670100409054,0.027914711646967988,0.26613869036121307,2,Medium close-up,1.37:1
1989.0,0.06376422823171174,0.06376422823171174,0.06376422823171174,1,Medium close-up,1.37:1
1991.0,0.12610264245260816,0.09766454352441614,0.15454074138080015,2,Medium close-up,1.37:1
1992.0,0.1340959775336582,0.1340959775336582,0.1340959775336582,1,Medium close-up,1.37:1
1993.0,0.19604843001596595,0.19604843001596595,0.19604843001596595,1,Medium close-up,1.37:1
1994.0,0.24850001597162355,0.190498722437778,0.3065013095054691,2,Medium close-up,1.37:1
1996.0,0.11961474730737365,0.11961474730737365,0.11961474730737365,1,Medium close-up,1.37:1
1997.0,0.13753675269519766,0.13753675269519766,0.13753675269519766,1,Medium close-up,1.37:1
1998.0,0.20106609808102346,0.20106609808102346,0.20106609808102346,1,Medium close-up,1.37:1
1999.0,0.13601919707705395,0.06626388954489064,0.20050506975045906,4,Medium close-up,1.37:1
2000.0,0.20298222296062468,0.20298222296062468,0.20298222296062468,1,Medium close-up,1.37:1
2001.0,0.1999172946149605,0.1999172946149605,0.1999172946149605,1,Medium close-up,1.37:1
2003.0,0.29609043805935,0.29609043805935,0.29609043805935,1,Medium close-up,1.37:1
2006.0,0.004299688272600236,0.004299688272600236,0.004299688272600236,1,Medium close-up,1.37:1
2008.0,0.17050033878962947,0.17050033878962947,0.17050033878962947,1,Medium close-up,1.37:1
2009.0,0.15418579234972676,0.15418579234972676,0.15418579234972676,1,Medium close-up,1.37:1
2014.0,0.054097816158764425,0.054097816158764425,0.054097816158764425,1,Medium close-up,1.37:1
2016.0,0.21050551621933147,0.21050551621933147,0.21050551621933147,1,Medium close-up,1.37:1
2017.0,0.03841229193341869,0.03841229193341869,0.03841229193341869,1,Medium close-up,1.37:1
1925.0,0.26317755014938116,0.26317755014938116,0.26317755014938116,1,Medium,1.37:1
1928.0,0.4561773210979629,0.3323404609165701,0.5618180851678062,6,Medium,1.37:1
1929.0,0.44555479226371963,0.35479227338285857,0.5242851062310439,11,Medium,1.37:1
1930.0,0.6135218453234298,0.5527953731754338,0.6602570115373793,3,Medium,1.37:1
1931.0,0.47326772706599235,0.3498074986077171,0.5849032249899242,6,Medium,1.37:1
1932.0,0.5084234723976834,0.46893073845516703,0.5473811169963749,29,Medium,1.37:1
1933.0,0.4610154858857745,0.4270721813998468,0.4916797486729621,28,Medium,1.37:1
1934.0,0.47310556437545637,0.4510614426637269,0.4945342623771846,32,Medium,1.37:1
1935.0,0.4828494268484624,0.4551579909363258,0.5113138975986465,32,Medium,1.37:1
1936.0,0.48356363934226,0.45125265460880354,0.5139489130802375,35,Medium,1.37:1
1937.0,0.46884624603557984,0.44123543868161225,0.49887766229086944,37,Medium,1.37:1
1938.0,0.48677528736863396,0.4584747115566448,0.5168615777889961,33,Medium,1.37:1
1939.0,0.471332751179264,0.43695510110927466,0.5035158206649136,40,Medium,1.37:1
1940.0,0.48676587494295226,0.4425058273705386,0.5244983018838827,33,Medium,1.37:1
1941.0,0.4827155204840716,0.45494995283662154,0.51389863823823,35,Medium,1.37:1
1942.0,0.4779267377358923,0.44357237656604953,0.5081569757281397,37,Medium,1.37:1
1943.0,0.45667199720104806,0.42666196845959153,0.484894945284288,35,Medium,1.37:1
1944.0,0.4895240187445081,0.4557900393761283,0.5202840632420536,33,Medium,1.37:1
1945.0,0.4753087011405493,0.4455005993141253,0.5078212558091759,34,Medium,1.37:1
1946.0,0.49265504253972736,0.4632305639503871,0.5214072737812947,33,Medium,1.37:1
1947.0,0.4896418388453848,0.4588315898692958,0.5223065715965971,30,Medium,1.37:1
1948.0,0.47786549754330826,0.43759241182378855,0.5180974818637748,34,Medium,1.37:1
1949.0,0.4784017915765857,0.45117149663490397,0.5056786573142085,34,Medium,1.37:1
1950.0,0.44237269005296703,0.4056888223371052,0.47783444143535453,31,Medium,1.37:1
1951.0,0.4343703319258251,0.40195870697397174,0.4682597141692242,36,Medium,1.37:1
1952.0,0.43392860330695265,0.40205985365451813,0.4662377467923412,30,Medium,1.37:1
1953.0,0.41108837401360543,0.375139265775399,0.4459840528407231,28,Medium,1.37:1
1954.0,0.4482970529107183,0.389838849572882,0.5083897029459651,8,Medium,1.37:1
1955.0,0.4233762138851191,0.32210883575775695,0.5195267287261477,7,Medium,1.37:1
1956.0,0.32565254182125886,0.32565254182125886,0.32565254182125886,1,Medium,1.37:1
1957.0,0.41753516379900474,0.3785829596412556,0.4515314068177885,3,Medium,1.37:1
1958.0,0.2984802664465488,0.061986402601241504,0.534974130291856,2,Medium,1.37:1
1961.0,0.36270628869377974,0.2989050326384502,0.47945580091611406,3,Medium,1.37:1
1962.0,0.4823790504064882,0.4103752088713353,0.5753215852479738,3,Medium,1.37:1
1963.0,0.3722713992303804,0.3126937006103676,0.42654903700483704,6,Medium,1.37:1
1964.0,0.45265393285999317,0.3691366933799232,0.6181197809104786,3,Medium,1.37:1
1965.0,0.5429601020207175,0.4973132372214941,0.5886069668199411,2,Medium,1.37:1
1966.0,0.5789473684210527,0.5789473684210527,0.5789473684210527,1,Medium,1.37:1
1967.0,0.42510903076591333,0.3001760093871673,0.5500420521446594,2,Medium,1.37:1
1968.0,0.3608308371433076,0.3608308371433076,0.3608308371433076,1,Medium,1.37:1
1969.0,0.3745659814925159,0.1554993678887484,0.506729318121514,3,Medium,1.37:1
1970.0,0.3412677377896898,0.32852665746371673,0.35400881811566287,2,Medium,1.37:1
1971.0,0.49169542341262107,0.4658130870546256,0.5175777597706165,2,Medium,1.37:1
1973.0,0.38278878234993535,0.38278878234993535,0.38278878234993535,1,Medium,1.37:1
1974.0,0.46707867839315426,0.46707867839315426,0.46707867839315426,1,Medium,1.37:1
1976.0,0.45254888268156424,0.45254888268156424,0.45254888268156424,1,Medium,1.37:1
1978.0,0.40715861603701414,0.34574516669203836,0.47586312251756796,3,Medium,1.37:1
1979.0,0.44179396493340356,0.44179396493340356,0.44179396493340356,1,Medium,1.37:1
1980.0,0.33893704579283773,0.33893704579283773,0.33893704579283773,1,Medium,1.37:1
1981.0,0.39312483845955026,0.39312483845955026,0.39312483845955026,1,Medium,1.37:1
1982.0,0.3612331729092558,0.3612331729092558,0.3612331729092558,1,Medium,1.37:1
1984.0,0.5213870009360628,0.5213870009360628,0.5213870009360628,1,Medium,1.37:1
1985.0,0.3808789690696582,0.3035518626734843,0.4763050276641809,3,Medium,1.37:1
1986.0,0.24039648169136363,0.11800590029501475,0.3026715855191146,3,Medium,1.37:1
1987.0,0.29334818701261367,0.29334818701261367,0.29334818701261367,1,Medium,1.37:1
1988.0,0.27698584901174206,0.07554790045732612,0.478423797566158,2,Medium,1.37:1
1989.0,0.4439570796780976,0.4439570796780976,0.4439570796780976,1,Medium,1.37:1
1991.0,0.3815900869972476,0.26546998648909476,0.4977101875054005,2,Medium,1.37:1
1992.0,0.4482943751548691,0.4482943751548691,0.4482943751548691,1,Medium,1.37:1
1993.0,0.31462879191059073,0.31462879191059073,0.31462879191059073,1,Medium,1.37:1
1994.0,0.40804577935304853,0.3635033122785395,0.4525882464275575,2,Medium,1.37:1
1996.0,0.3533036454018227,0.3533036454018227,0.3533036454018227,1,Medium,1.37:1
1997.0,0.3521071545246651,0.3521071545246651,0.3521071545246651,1,Medium,1.37:1
1998.0,0.5197228144989339,0.5197228144989339,0.5197228144989339,1,Medium,1.37:1
1999.0,0.311678368434501,0.18158119192496042,0.4416417214157211,4,Medium,1.37:1
2000.0,0.31928061139724206,0.31928061139724206,0.31928061139724206,1,Medium,1.37:1
2001.0,0.3545304172027201,0.3545304172027201,0.3545304172027201,1,Medium,1.37:1
2003.0,0.32623645784267546,0.32623645784267546,0.32623645784267546,1,Medium,1.37:1
2006.0,0.012504926726145688,0.012504926726145688,0.012504926726145688,1,Medium,1.37:1
2008.0,0.5809707214436004,0.5809707214436004,0.5809707214436004,1,Medium,1.37:1
2009.0,0.25508196721311477,0.25508196721311477,0.25508196721311477,1,Medium,1.37:1
2014.0,0.19343186913559746,0.19343186913559746,0.19343186913559746,1,Medium,1.37:1
2016.0,0.3868598715626544,0.3868598715626544,0.3868598715626544,1,Medium,1.37:1
2017.0,0.1576504481434059,0.1576504481434059,0.1576504481434059,1,Medium,1.37:1
1925.0,0.19104780196329493,0.19104780196329493,0.19104780196329493,1,Medium long,1.37:1
1928.0,0.16854931123458558,0.1411485432966941,0.19610054831503276,6,Medium long,1.37:1
1929.0,0.20006909208833212,0.17340968857349662,0.2280284535190611,11,Medium long,1.37:1
1930.0,0.17878468116667115,0.14571803770753214,0.24009914624070505,3,Medium long,1.37:1
1931.0,0.2484743306303121,0.20755501338440147,0.28997478804270077,6,Medium long,1.37:1
1932.0,0.22892679924455514,0.2070032764099008,0.25077151110197754,29,Medium long,1.37:1
1933.0,0.2636024676021477,0.232153969403063,0.29857373503967516,28,Medium long,1.37:1
1934.0,0.25550247757183653,0.23575792442440086,0.27804766053257024,32,Medium long,1.37:1
1935.0,0.24925322194186633,0.22726769294011345,0.2698404744841389,32,Medium long,1.37:1
1936.0,0.23562690942023867,0.22121607093964832,0.2506376616347267,35,Medium long,1.37:1
1937.0,0.2198220763822083,0.20113486571205974,0.2412087363008604,37,Medium long,1.37:1
1938.0,0.24668982964496783,0.22861628501722323,0.2657430594541589,33,Medium long,1.37:1
1939.0,0.22837449941772797,0.2056659757916565,0.24631660733396418,40,Medium long,1.37:1
1940.0,0.21787241120703885,0.1962113461694489,0.24208071342933518,33,Medium long,1.37:1
1941.0,0.25306082498978766,0.22509240015636778,0.28075490646335827,35,Medium long,1.37:1
1942.0,0.22046240812882958,0.20055242616602476,0.2385681594078266,37,Medium long,1.37:1
1943.0,0.22194042347822138,0.19902458893485045,0.24948129829613874,35,Medium long,1.37:1
1944.0,0.2425665607125906,0.22576321780944048,0.2614278909070361,33,Medium long,1.37:1
1945.0,0.237956871224656,0.21788024876065892,0.2596265167329465,34,Medium long,1.37:1
1946.0,0.2415300601630212,0.2200946030427021,0.2642497503457056,33,Medium long,1.37:1
1947.0,0.2600587181114363,0.23298449443881714,0.2858640756950214,30,Medium long,1.37:1
1948.0,0.22833360809604256,0.20979277799072274,0.2459807352122256,34,Medium long,1.37:1
1949.0,0.25608364042886705,0.23087553244739548,0.27915921451710596,34,Medium long,1.37:1
1950.0,0.28463854497808805,0.25360100214818554,0.3166156238163825,31,Medium long,1.37:1
1951.0,0.2513279798933151,0.2248635692112907,0.2791929617293994,36,Medium long,1.37:1
1952.0,0.25787949275447275,0.2335676159012261,0.2834968942713788,30,Medium long,1.37:1
1953.0,0.25091056322169575,0.22268019813785211,0.27992199365363374,28,Medium long,1.37:1
1954.0,0.18679121981208718,0.15908738149475307,0.2148484345063704,8,Medium long,1.37:1
1955.0,0.2216814126112455,0.14805603084527483,0.306186690205041,7,Medium long,1.37:1
1956.0,0.5343031959903665,0.5343031959903665,0.5343031959903665,1,Medium long,1.37:1
1957.0,0.2843840705650793,0.16310780411835957,0.3539372197309418,3,Medium long,1.37:1
1958.0,0.13191757114508784,0.0923305605579853,0.17150458173219035,2,Medium long,1.37:1
1961.0,0.20747899030201014,0.057222573173299644,0.33233062145347647,3,Medium long,1.37:1
1962.0,0.1673333829524639,0.11458291817783268,0.24513899437946227,3,Medium long,1.37:1
1963.0,0.11371288005752019,0.0795145817516513,0.14524170987656648,6,Medium long,1.37:1
1964.0,0.17801023764786342,0.16656191074795726,0.19355410737243428,3,Medium long,1.37:1
1965.0,0.14564025459742055,0.13017693315858453,0.16110357603625658,2,Medium long,1.37:1
1966.0,0.1508824456350457,0.1508824456350457,0.1508824456350457,1,Medium long,1.37:1
1967.0,0.1247896962877736,0.07029708251106725,0.17928231006447995,2,Medium long,1.37:1
1968.0,0.08584266120132429,0.08584266120132429,0.08584266120132429,1,Medium long,1.37:1
1969.0,0.10995878566142309,0.04293494116502966,0.16115085485872155,3,Medium long,1.37:1
1970.0,0.1454649889712506,0.0977875610939074,0.19314241684859382,2,Medium long,1.37:1
1971.0,0.13454968851078392,0.11188680421367575,0.1572125728078921,2,Medium long,1.37:1
1973.0,0.15509934172953802,0.15509934172953802,0.15509934172953802,1,Medium long,1.37:1
1974.0,0.13390381110847002,0.13390381110847002,0.13390381110847002,1,Medium long,1.37:1
1976.0,0.11972765363128492,0.11972765363128492,0.11972765363128492,1,Medium long,1.37:1
1978.0,0.12524591815021324,0.07618848459500906,0.18431102963641918,3,Medium long,1.37:1
1979.0,0.13571374821280757,0.13571374821280757,0.13571374821280757,1,Medium long,1.37:1
1980.0,0.1482357061553279,0.1482357061553279,0.1482357061553279,1,Medium long,1.37:1
1981.0,0.08684414577410184,0.08684414577410184,0.08684414577410184,1,Medium long,1.37:1
1982.0,0.09339471298040036,0.09339471298040036,0.09339471298040036,1,Medium long,1.37:1
1984.0,0.14602580277562982,0.14602580277562982,0.14602580277562982,1,Medium long,1.37:1
1985.0,0.13710915743188204,0.09254017531044557,0.1973607340458435,3,Medium long,1.37:1
1986.0,0.08077705509716042,0.060053002650132505,0.11780921879434063,3,Medium long,1.37:1
1987.0,0.21935530240413986,0.21935530240413986,0.21935530240413986,1,Medium long,1.37:1
1988.0,0.07255983695960871,0.02767713963295124,0.11744253428626618,2,Medium long,1.37:1
1989.0,0.17730007975059814,0.17730007975059814,0.17730007975059814,1,Medium long,1.37:1
1991.0,0.15068863238221303,0.11133673204873412,0.19004053271569196,2,Medium long,1.37:1
1992.0,0.15734698934500702,0.15734698934500702,0.15734698934500702,1,Medium long,1.37:1
1993.0,0.1623203831825439,0.1623203831825439,0.1623203831825439,1,Medium long,1.37:1
1994.0,0.11243783149410844,0.11169311354182715,0.11318254944638971,2,Medium long,1.37:1
1996.0,0.11122618061309031,0.11122618061309031,0.11122618061309031,1,Medium long,1.37:1
1997.0,0.13995426331264293,0.13995426331264293,0.13995426331264293,1,Medium long,1.37:1
1998.0,0.10618336886993604,0.10618336886993604,0.10618336886993604,1,Medium long,1.37:1
1999.0,0.12508267663182077,0.06081274710417555,0.18917009482893127,4,Medium long,1.37:1
2000.0,0.05341418840338927,0.05341418840338927,0.05341418840338927,1,Medium long,1.37:1
2001.0,0.11459290571586106,0.11459290571586106,0.11459290571586106,1,Medium long,1.37:1
2003.0,0.10042392840320301,0.10042392840320301,0.10042392840320301,1,Medium long,1.37:1
2006.0,0.021713425776631195,0.021713425776631195,0.021713425776631195,1,Medium long,1.37:1
2008.0,0.12068043222424307,0.12068043222424307,0.12068043222424307,1,Medium long,1.37:1
2009.0,0.10587978142076503,0.10587978142076503,0.10587978142076503,1,Medium long,1.37:1
2014.0,0.17092917047247363,0.17092917047247363,0.17092917047247363,1,Medium long,1.37:1
2016.0,0.07683187880783797,0.07683187880783797,0.07683187880783797,1,Medium long,1.37:1
2017.0,0.211547695262484,0.211547695262484,0.211547695262484,1,Medium long,1.37:1
1925.0,0.5061886470337175,0.5061886470337175,0.5061886470337175,1,Long,1.37:1
1928.0,0.2541244509906309,0.16068510231143152,0.3913475061274285,6,Long,1.37:1
1929.0,0.30310780063683745,0.22286166794962267,0.3880669388194428,11,Long,1.37:1
1930.0,0.13301624238702184,0.10146285220148447,0.1668229997186005,3,Long,1.37:1
1931.0,0.20442776701934806,0.11037418642801865,0.3176047697626453,6,Long,1.37:1
1932.0,0.18364058276865847,0.14273528133419294,0.2282722733627399,29,Long,1.37:1
1933.0,0.19761892722948085,0.16590958435745734,0.2312834546492555,28,Long,1.37:1
1934.0,0.17828925856728498,0.15586512383255854,0.20100623829342573,32,Long,1.37:1
1935.0,0.1822158950062659,0.15480408990817363,0.2084684186045141,32,Long,1.37:1
1936.0,0.1949927325568898,0.16644377079079398,0.22802604675471833,35,Long,1.37:1
1937.0,0.21878854375957346,0.18587700351654754,0.2503885501240878,37,Long,1.37:1
1938.0,0.18145197821252892,0.15769118029356383,0.20428487569332193,33,Long,1.37:1
1939.0,0.20605048903350615,0.16900780180677866,0.2495594196628811,40,Long,1.37:1
1940.0,0.19984586966026935,0.15975437076607954,0.25068578123998364,33,Long,1.37:1
1941.0,0.17312916122257047,0.1516534609982088,0.19530316989592916,35,Long,1.37:1
1942.0,0.20809073660380661,0.1732120631196868,0.24957586827954978,37,Long,1.37:1
1943.0,0.21631855734635874,0.18847309091615908,0.24651844935755526,35,Long,1.37:1
1944.0,0.1899503323500633,0.16508959385661567,0.21682412769282028,33,Long,1.37:1
1945.0,0.1947107841283958,0.16690263332909339,0.22316400609470588,34,Long,1.37:1
1946.0,0.18805597568726073,0.15903413118712922,0.21674160547314206,33,Long,1.37:1
1947.0,0.17528895174600795,0.15118130914352745,0.20000079992570444,30,Long,1.37:1
1948.0,0.20770053517306322,0.17367249624320327,0.24290566006816358,34,Long,1.37:1
1949.0,0.1902704739459245,0.16593801376281953,0.2156218410682577,34,Long,1.37:1
1950.0,0.21812546201266642,0.18794452083585786,0.2506117973664447,31,Long,1.37:1
1951.0,0.23986232128128973,0.20919706947450165,0.2718733715288425,36,Long,1.37:1
1952.0,0.2368719466658482,0.20623318914739497,0.26773880913753284,30,Long,1.37:1
1953.0,0.2633276924483845,0.22955585452752092,0.30166013698815225,28,Long,1.37:1
1954.0,0.21352973618576776,0.15947185526436322,0.273307012482879,8,Long,1.37:1
1955.0,0.2812789843163151,0.18371071567883848,0.43310433797262704,7,Long,1.37:1
1956.0,0.12884853218772374,0.12884853218772374,0.12884853218772374,1,Long,1.37:1
1957.0,0.1330341727135916,0.06540924035300225,0.18130941704035874,3,Long,1.37:1
1958.0,0.4063656868123328,0.11214018237429609,0.7005911912503695,2,Long,1.37:1
1961.0,0.3689440915349414,0.15105626580980377,0.5555380080016845,3,Long,1.37:1
1962.0,0.19456833610666427,0.12997248866086697,0.2533419413641197,3,Long,1.37:1
1963.0,0.3072415889758872,0.22011140879318403,0.4227135830604449,6,Long,1.37:1
1964.0,0.17156278652779267,0.112418065906438,0.2656386493980022,3,Long,1.37:1
1965.0,0.18106825684518182,0.15455439056356488,0.20758212312679877,2,Long,1.37:1
1966.0,0.15261582098959975,0.15261582098959975,0.15261582098959975,1,Long,1.37:1
1967.0,0.2776688824581438,0.0798990748528175,0.47543869006347006,2,Long,1.37:1
1968.0,0.14311051552892953,0.14311051552892953,0.14311051552892953,1,Long,1.37:1
1969.0,0.31808749295054706,0.09439910979228487,0.7625692891179617,3,Long,1.37:1
1970.0,0.1470976530363181,0.14695432558537733,0.1472409804872589,2,Long,1.37:1
1971.0,0.11687428258730241,0.11014325444718476,0.12360531072742006,2,Long,1.37:1
1973.0,0.17337461300309598,0.17337461300309598,0.17337461300309598,1,Long,1.37:1
1974.0,0.17558038190317724,0.17558038190317724,0.17558038190317724,1,Long,1.37:1
1976.0,0.23847765363128492,0.23847765363128492,0.23847765363128492,1,Long,1.37:1
1978.0,0.19796288915237756,0.1730447511501464,0.22633581975947634,3,Long,1.37:1
1979.0,0.16175031981337948,0.16175031981337948,0.16175031981337948,1,Long,1.37:1
1980.0,0.2715757522692117,0.2715757522692117,0.2715757522692117,1,Long,1.37:1
1981.0,0.28700660931211464,0.28700660931211464,0.28700660931211464,1,Long,1.37:1
1982.0,0.16066820115784333,0.16066820115784333,0.16066820115784333,1,Long,1.37:1
1984.0,0.1357291115542713,0.1357291115542713,0.1357291115542713,1,Long,1.37:1
1985.0,0.20925345740640292,0.1633491599707816,0.2589745993064017,3,Long,1.37:1
1986.0,0.3376681964087677,0.13499817570032838,0.7324366218310917,3,Long,1.37:1
1987.0,0.31052574837388147,0.31052574837388147,0.31052574837388147,1,Long,1.37:1
1988.0,0.45272049038773515,0.09870581417809542,0.8067351665973749,2,Long,1.37:1
1989.0,0.23214674110055825,0.23214674110055825,0.23214674110055825,1,Long,1.37:1
1991.0,0.285327810858601,0.16231746306057201,0.40833815865663,2,Long,1.37:1
1992.0,0.1838605765259767,0.1838605765259767,0.1838605765259767,1,Long,1.37:1
1993.0,0.21094997339010113,0.21094997339010113,0.21094997339010113,1,Long,1.37:1
1994.0,0.16935260266827148,0.15544600215683255,0.18325920317971042,2,Long,1.37:1
1996.0,0.3234776304888152,0.3234776304888152,0.3234776304888152,1,Long,1.37:1
1997.0,0.2701731460307089,0.2701731460307089,0.2701731460307089,1,Long,1.37:1
1998.0,0.14207533759772567,0.14207533759772567,0.14207533759772567,1,Long,1.37:1
1999.0,0.30187579600560477,0.1690882118302528,0.46645062996069775,4,Long,1.37:1
2000.0,0.3348562884200033,0.3348562884200033,0.3348562884200033,1,Long,1.37:1
2001.0,0.18856827789009373,0.18856827789009373,0.18856827789009373,1,Long,1.37:1
2003.0,0.2050557387344952,0.2050557387344952,0.2050557387344952,1,Long,1.37:1
2006.0,0.8508724784119818,0.8508724784119818,0.8508724784119818,1,Long,1.37:1
2008.0,0.08262900752469599,0.08262900752469599,0.08262900752469599,1,Long,1.37:1
2009.0,0.3057486338797814,0.3057486338797814,0.3057486338797814,1,Long,1.37:1
2014.0,0.4337374408370007,0.4337374408370007,0.4337374408370007,1,Long,1.37:1
2016.0,0.22828914869092706,0.22828914869092706,0.22828914869092706,1,Long,1.37:1
2017.0,0.39032490396927016,0.39032490396927016,0.39032490396927016,1,Long,1.37:1
1954.0,0.007366870132603663,0.007366870132603663,0.007366870132603663,1,Medium close-up,2.35:1
1955.0,0.052119267433638775,0.04859419969005977,0.055644335177217785,2,Medium close-up,2.35:1
1956.0,0.028024155583666915,0.014679398591753663,0.049327691887923776,6,Medium close-up,2.35:1
1957.0,0.07568689145360266,0.04594510902388121,0.10895347034548059,15,Medium close-up,2.35:1
1958.0,0.04620559961004227,0.03208342470511321,0.06269346964356047,16,Medium close-up,2.35:1
1959.0,0.06482755370356248,0.03766150628100986,0.09754328018045166,12,Medium close-up,2.35:1
1960.0,0.06241828704487219,0.042880493307268376,0.0845956016593141,21,Medium close-up,2.35:1
1961.0,0.07300082873768388,0.052852802125505985,0.09696135620607833,12,Medium close-up,2.35:1
1962.0,0.06453219106223881,0.038370243557172126,0.09290336778354091,16,Medium close-up,2.35:1
1963.0,0.06794140083122592,0.05397622226871585,0.08229329925364234,15,Medium close-up,2.35:1
1964.0,0.04652587616174742,0.02452965420169012,0.07205034990821596,11,Medium close-up,2.35:1
1965.0,0.08733643622171762,0.0526983593919036,0.12826878358286004,15,Medium close-up,2.35:1
1966.0,0.11726355952477018,0.09041596884844254,0.14727453370513685,21,Medium close-up,2.35:1
1967.0,0.14261797168315066,0.10730747385086642,0.1813116505604408,16,Medium close-up,2.35:1
1968.0,0.12932976976708258,0.09131634519372368,0.17113374354896663,12,Medium close-up,2.35:1
1969.0,0.17567700874276934,0.1345182504966191,0.22369731356402928,13,Medium close-up,2.35:1
1970.0,0.18700242319692428,0.14129063798341807,0.2418303886173644,16,Medium close-up,2.35:1
1971.0,0.22314521420525235,0.17069471426295055,0.2963494852145384,9,Medium close-up,2.35:1
1972.0,0.17820491130733557,0.13294548268702228,0.22253853346339836,8,Medium close-up,2.35:1
1973.0,0.15275378064302195,0.10063787118150055,0.19957353407456277,5,Medium close-up,2.35:1
1974.0,0.1559456580431836,0.09253363174826956,0.21885519890466443,9,Medium close-up,2.35:1
1975.0,0.13802206347506224,0.10774192636999357,0.18267378385334965,9,Medium close-up,2.35:1
1976.0,0.1361938746804074,0.08652959872545507,0.19165296815789817,9,Medium close-up,2.35:1
1977.0,0.2133266767338434,0.16805440421742543,0.24574159628438777,6,Medium close-up,2.35:1
1978.0,0.16442899017085144,0.10129334891917575,0.2450802167769072,4,Medium close-up,2.35:1
1979.0,0.35615550755939523,0.35615550755939523,0.35615550755939523,1,Medium close-up,2.35:1
1980.0,0.19072401382133888,0.13983400634698356,0.228205766511719,4,Medium close-up,2.35:1
1981.0,0.19852300841130047,0.15386095617667825,0.24265238628594865,6,Medium close-up,2.35:1
1982.0,0.16872461754331095,0.12469025043644667,0.2155250066341455,6,Medium close-up,2.35:1
1983.0,0.19872481601284794,0.0963088120613465,0.3011408199643494,2,Medium close-up,2.35:1
1984.0,0.21624065492355513,0.15872290479208256,0.2786044773925284,6,Medium close-up,2.35:1
1985.0,0.16778135482022602,0.09179282804456054,0.2622210693046187,4,Medium close-up,2.35:1
1986.0,0.1721321338043109,0.11823951803580664,0.23768577890076129,6,Medium close-up,2.35:1
1987.0,0.14886840594675227,0.13533005260478534,0.1624067592887192,2,Medium close-up,2.35:1
1988.0,0.24296471329513852,0.1803607431068062,0.2922206278228758,5,Medium close-up,2.35:1
1989.0,0.34854807859502696,0.34854807859502696,0.34854807859502696,1,Medium close-up,2.35:1
1990.0,0.33181391558477397,0.2690517483746483,0.3936117816737646,4,Medium close-up,2.35:1
1991.0,0.3119995184615509,0.22733953967776435,0.3810623979545312,6,Medium close-up,2.35:1
1992.0,0.30651123573401357,0.26182206317458157,0.3478576109050247,5,Medium close-up,2.35:1
1993.0,0.2835660201999131,0.22395704310369008,0.323979953361586,4,Medium close-up,2.35:1
1994.0,0.28986452654419026,0.27944996709500886,0.3002790859933717,2,Medium close-up,2.35:1
1995.0,0.31686732409704155,0.31686732409704155,0.31686732409704155,1,Medium close-up,2.35:1
1996.0,0.26656608756953115,0.13464747196461138,0.39848470317445095,2,Medium close-up,2.35:1
1997.0,0.20690900393329198,0.0586403402428466,0.35517766762373737,4,Medium close-up,2.35:1
1998.0,0.29584452850670945,0.24666707497599777,0.3665440836831455,4,Medium close-up,2.35:1
1999.0,0.34889972452498436,0.2823495756651092,0.4392586069526565,3,Medium close-up,2.35:1
2000.0,0.3155341513079934,0.28180702357995974,0.3656151863082039,4,Medium close-up,2.35:1
2001.0,0.339264982502022,0.29018274700585817,0.3895280727685379,7,Medium close-up,2.35:1
2002.0,0.2722255916423949,0.19328165548058446,0.3724259128816685,5,Medium close-up,2.35:1
2003.0,0.23410661269161684,0.1710789313767194,0.2884818325186446,10,Medium close-up,2.35:1
2004.0,0.3371563459087549,0.2615856688451613,0.41278603105942663,5,Medium close-up,2.35:1
2005.0,0.26283136262959844,0.2163658051228055,0.3167619368605605,11,Medium close-up,2.35:1
2006.0,0.31017567492969084,0.2691378740890848,0.35832275145915304,10,Medium close-up,2.35:1
2007.0,0.27280303184485855,0.20337601840121355,0.3325986724143361,10,Medium close-up,2.35:1
2008.0,0.2788272531879336,0.21442854028363786,0.34055527085683923,10,Medium close-up,2.35:1
2009.0,0.27930153275757413,0.21139562451657462,0.3366344659820518,8,Medium close-up,2.35:1
2010.0,0.3302188922271033,0.2739296157039671,0.4044360375926595,7,Medium close-up,2.35:1
2011.0,0.21908900025823555,0.1591415589443283,0.28683982582039036,12,Medium close-up,2.35:1
2012.0,0.2585727767032405,0.1982896574759284,0.3131157983483729,11,Medium close-up,2.35:1
2013.0,0.22522512161547617,0.17086715309814654,0.28715906398444085,11,Medium close-up,2.35:1
2014.0,0.2805859942177721,0.22135249224421205,0.33766641131661257,16,Medium close-up,2.35:1
2015.0,0.2380871477723699,0.17728547246443335,0.2995078363438148,11,Medium close-up,2.35:1
2016.0,0.23696870371082504,0.18006614592784198,0.29709121021100166,9,Medium close-up,2.35:1
2017.0,0.16828085041123494,0.09434629201785977,0.24853984815044303,6,Medium close-up,2.35:1
2018.0,0.21421999923441973,0.08526181604236123,0.38260935774926713,3,Medium close-up,2.35:1
2019.0,0.22891058970222072,0.10964508832098949,0.38898775900877464,4,Medium close-up,2.35:1
2020.0,0.16656329120217653,0.10309623718408889,0.22465180921703048,4,Medium close-up,2.35:1
2021.0,0.1935974096494776,0.12139181513954185,0.33307650471356054,3,Medium close-up,2.35:1
2023.0,0.09513263200281874,0.09513263200281874,0.09513263200281874,1,Medium close-up,2.35:1
2024.0,0.037775316845084284,0.037775316845084284,0.037775316845084284,1,Medium close-up,2.35:1
2025.0,0.1412840233918464,0.11279495115970575,0.16977309562398704,2,Medium close-up,2.35:1
1954.0,0.3145653546621764,0.3145653546621764,0.3145653546621764,1,Medium,2.35:1
1955.0,0.24968983525870103,0.14854992251494353,0.35082974800245853,2,Medium,2.35:1
1956.0,0.4600888968747478,0.418319436005206,0.5029220405917453,6,Medium,2.35:1
1957.0,0.4588381685904442,0.4291288331402841,0.48661185854196104,15,Medium,2.35:1
1958.0,0.454410421283438,0.4017263222524506,0.5120138922530059,16,Medium,2.35:1
1959.0,0.40981113600728275,0.3400422041083443,0.4861403675849689,12,Medium,2.35:1
1960.0,0.48183712364967973,0.439118695544196,0.5250443014582784,21,Medium,2.35:1
1961.0,0.4323882710957882,0.37097864780322276,0.5024739885912082,12,Medium,2.35:1
1962.0,0.4791958843379418,0.4116420995388537,0.5377010047529956,16,Medium,2.35:1
1963.0,0.49047696269002683,0.4444562469907752,0.5421039048389162,15,Medium,2.35:1
1964.0,0.44613213044274147,0.3726178138397116,0.5239703671125538,11,Medium,2.35:1
1965.0,0.4058777266319611,0.3625347914260611,0.45912761567197774,15,Medium,2.35:1
1966.0,0.4603649583490429,0.4287761862370314,0.4909276709331706,21,Medium,2.35:1
1967.0,0.48111115444502794,0.4324603065642419,0.5275002565818667,16,Medium,2.35:1
1968.0,0.41396561672600973,0.34504113139273007,0.46842181667263844,12,Medium,2.35:1
1969.0,0.3960438012625024,0.35508936767438104,0.43738056248177926,13,Medium,2.35:1
1970.0,0.38768675136730546,0.34267749111795376,0.434536013142189,16,Medium,2.35:1
1971.0,0.35664564666708565,0.29585660683976495,0.4160218386636382,9,Medium,2.35:1
1972.0,0.42564919296528325,0.36048483455945013,0.4988049547884996,8,Medium,2.35:1
1973.0,0.37725394553981795,0.34352668232989103,0.419118883368204,5,Medium,2.35:1
1974.0,0.4590051021831564,0.39103996996369333,0.5193793490748279,9,Medium,2.35:1
1975.0,0.4290647334764779,0.385193980519569,0.4620383590864422,9,Medium,2.35:1
1976.0,0.43601463852636596,0.3673043462333414,0.508722292805365,9,Medium,2.35:1
1977.0,0.37907141236469216,0.337134365211703,0.4231962720808686,6,Medium,2.35:1
1978.0,0.46435958642193176,0.3749572491034183,0.6139422600121978,4,Medium,2.35:1
1979.0,0.3454427645788337,0.3454427645788337,0.3454427645788337,1,Medium,2.35:1
1980.0,0.4009137675787699,0.34819998451972417,0.4536275506378157,4,Medium,2.35:1
1981.0,0.38472251263584284,0.3187038298510418,0.46520993050763904,6,Medium,2.35:1
1982.0,0.43042150941731566,0.3720184263590601,0.4926136241264634,6,Medium,2.35:1
1983.0,0.38657170181918266,0.3477601594315917,0.4253832442067736,2,Medium,2.35:1
1984.0,0.3980311957096622,0.3013529622158998,0.5072633920310129,6,Medium,2.35:1
1985.0,0.31371594646567574,0.2654228750786007,0.3621744522834346,4,Medium,2.35:1
1986.0,0.43586752386530153,0.3958053301741471,0.4839949115306245,6,Medium,2.35:1
1987.0,0.4334368697013763,0.4291108094349228,0.43776292996782973,2,Medium,2.35:1
1988.0,0.3383969431175612,0.2205872633482942,0.45848370668458854,5,Medium,2.35:1
1989.0,0.35222859792499855,0.35222859792499855,0.35222859792499855,1,Medium,2.35:1
1990.0,0.3623043258491059,0.3231556390475702,0.3990019353380002,4,Medium,2.35:1
1991.0,0.4138018580055875,0.3687796313908052,0.46238054171193815,6,Medium,2.35:1
1992.0,0.3711501158766163,0.31938364267829567,0.42223865928787724,5,Medium,2.35:1
1993.0,0.387531014148604,0.3195301678744332,0.45553186042277477,4,Medium,2.35:1
1994.0,0.3596124239002411,0.35675039246467816,0.3624744553358041,2,Medium,2.35:1
1995.0,0.4068001693992377,0.4068001693992377,0.4068001693992377,1,Medium,2.35:1
1996.0,0.40069942720348634,0.31472779003228796,0.4866710643746847,2,Medium,2.35:1
1997.0,0.38909213474137466,0.295473682280157,0.5012823553298626,4,Medium,2.35:1
1998.0,0.4069299641943582,0.3356339901806303,0.4697310299052086,4,Medium,2.35:1
1999.0,0.35663991726133065,0.2813351784291525,0.41422713836178127,3,Medium,2.35:1
2000.0,0.3694566803194318,0.3386821061630191,0.40383963565429226,4,Medium,2.35:1
2001.0,0.3783783439041782,0.3376870432421903,0.4234278302648756,7,Medium,2.35:1
2002.0,0.3651445657558919,0.31571486727513476,0.414574264236649,5,Medium,2.35:1
2003.0,0.38823867542360213,0.3359318699885379,0.4498829242024331,10,Medium,2.35:1
2004.0,0.3218768900120148,0.24505377897319,0.400464914665798,5,Medium,2.35:1
2005.0,0.4281931756138778,0.3926002556497687,0.461781674961134,11,Medium,2.35:1
2006.0,0.3584822697976833,0.3095862131975116,0.4058666292022119,10,Medium,2.35:1
2007.0,0.3644662169466043,0.32491744692842234,0.4108049303268691,10,Medium,2.35:1
2008.0,0.382579533672733,0.31682132969363325,0.45599439466579705,10,Medium,2.35:1
2009.0,0.4141229519128071,0.3504273854430338,0.4856610538106614,8,Medium,2.35:1
2010.0,0.40829706425811335,0.34422840283102074,0.4740783893988563,7,Medium,2.35:1
2011.0,0.3373789198917518,0.26518193059522477,0.39504606409351695,12,Medium,2.35:1
2012.0,0.36174003213347417,0.29968198789224,0.4146248051965011,11,Medium,2.35:1
2013.0,0.4028987261970588,0.34463427747314196,0.4593267486685501,11,Medium,2.35:1
2014.0,0.35999066331194807,0.3132929424108067,0.41254407669872706,16,Medium,2.35:1
2015.0,0.4357987352648313,0.38453756613762696,0.48753191794390177,11,Medium,2.35:1
2016.0,0.28261129908076715,0.2100131778686646,0.35435612743556455,9,Medium,2.35:1
2017.0,0.2982967887776719,0.2380143617777962,0.34529429029707953,6,Medium,2.35:1
2018.0,0.2502089381365242,0.2114140027456364,0.3228385426580881,3,Medium,2.35:1
2019.0,0.31199767514976956,0.2512421373479062,0.372753212951633,4,Medium,2.35:1
2020.0,0.47103830825199,0.42279730765483325,0.5337235407792991,4,Medium,2.35:1
2021.0,0.3769081239353051,0.3730942140644731,0.38317174784877156,3,Medium,2.35:1
2023.0,0.26622036543011024,0.26622036543011024,0.26622036543011024,1,Medium,2.35:1
2024.0,0.2901029490176777,0.2901029490176777,0.2901029490176777,1,Medium,2.35:1
2025.0,0.44686531017316167,0.3860996100816015,0.5076310102647218,2,Medium,2.35:1
1954.0,0.32010804742861154,0.32010804742861154,0.32010804742861154,1,Medium long,2.35:1
1955.0,0.13150450276011172,0.04051361523134824,0.22249539028887522,2,Medium long,2.35:1
1956.0,0.2530296372493644,0.20598528719612189,0.2994685327936193,6,Medium long,2.35:1
1957.0,0.23089180992543373,0.1788371408546933,0.2826135329608402,15,Medium long,2.35:1
1958.0,0.2658085059402454,0.22121461395232087,0.30882492261168437,16,Medium long,2.35:1
1959.0,0.24914099810022097,0.2139506648948116,0.28976822069564095,12,Medium long,2.35:1
1960.0,0.22876746935750217,0.18671533375459473,0.27452979965341684,21,Medium long,2.35:1
1961.0,0.18261148787858417,0.1473465427684602,0.22003318550973847,12,Medium long,2.35:1
1962.0,0.20517505716763623,0.17962165874008254,0.2331155731533938,16,Medium long,2.35:1
1963.0,0.20379484410091175,0.1745977467629637,0.22763929711058398,15,Medium long,2.35:1
1964.0,0.20508890382592354,0.16334473119096304,0.24783623991337905,11,Medium long,2.35:1
1965.0,0.17944216048164832,0.1452166674358355,0.20906186419052136,15,Medium long,2.35:1
1966.0,0.1472659079149793,0.12330203344811579,0.1730177024176815,21,Medium long,2.35:1
1967.0,0.13965794297037076,0.11421361945717323,0.1682473352958751,16,Medium long,2.35:1
1968.0,0.14390729002288494,0.10400924068364509,0.18933775563589225,12,Medium long,2.35:1
1969.0,0.13219952365225424,0.10914346935374089,0.1585993082883507,13,Medium long,2.35:1
1970.0,0.1412061620648666,0.1276953136544346,0.1554429876029429,16,Medium long,2.35:1
1971.0,0.1085149566563768,0.09146564362453939,0.12665843579489056,9,Medium long,2.35:1
1972.0,0.14714184136550124,0.11580977598537243,0.18067134824088127,8,Medium long,2.35:1
1973.0,0.1498087440292042,0.12800677131235355,0.1839420520389379,5,Medium long,2.35:1
1974.0,0.14893243112243765,0.10865122741283023,0.18908410394556482,9,Medium long,2.35:1
1975.0,0.15928036016991018,0.12684902679847998,0.19083661208816505,9,Medium long,2.35:1
1976.0,0.14772181793392136,0.11659085852136045,0.18016823799975198,9,Medium long,2.35:1
1977.0,0.1136287033095245,0.08543485580460797,0.14080909077009807,6,Medium long,2.35:1
1978.0,0.17009786802911722,0.1444098475112563,0.19202350138372093,4,Medium long,2.35:1
1979.0,0.11645788336933045,0.11645788336933045,0.11645788336933045,1,Medium long,2.35:1
1980.0,0.10166074412737075,0.07413942950887054,0.12918205874587096,4,Medium long,2.35:1
1981.0,0.10840550076476063,0.08701476657950934,0.1331067759653509,6,Medium long,2.35:1
1982.0,0.1433521212967138,0.10507654886585942,0.18546318498104766,6,Medium long,2.35:1
1983.0,0.066686998735501,0.0550445632798574,0.07832943419114462,2,Medium long,2.35:1
1984.0,0.09480790959652412,0.05588591512759758,0.1462038436658199,6,Medium long,2.35:1
1985.0,0.09932169408093552,0.05059690735160807,0.14803071618574498,4,Medium long,2.35:1
1986.0,0.1337559259069545,0.11695194602521838,0.14777622729358084,6,Medium long,2.35:1
1987.0,0.1900578245788599,0.16116944179304982,0.21894620736466994,2,Medium long,2.35:1
1988.0,0.09606595963898056,0.06447689044207056,0.12588790368287348,5,Medium long,2.35:1
1989.0,0.09421549875383992,0.09421549875383992,0.09421549875383992,1,Medium long,2.35:1
1990.0,0.07190114685655227,0.04588328386271233,0.09514324066623608,4,Medium long,2.35:1
1991.0,0.08549044680597855,0.05836343785411383,0.11351380782230969,6,Medium long,2.35:1
1992.0,0.11405609399478303,0.10493419712214198,0.12224697021790479,5,Medium long,2.35:1
1993.0,0.10570556959702182,0.0808440694959491,0.13065376159418926,4,Medium long,2.35:1
1994.0,0.06881411208726804,0.058917252606421666,0.07871097156811442,2,Medium long,2.35:1
1995.0,0.10058079738641176,0.10058079738641176,0.10058079738641176,1,Medium long,2.35:1
1996.0,0.12106515252472358,0.05191649883315751,0.19021380621628964,2,Medium long,2.35:1
1997.0,0.12533728508541378,0.07375217298339379,0.1769223971874338,4,Medium long,2.35:1
1998.0,0.0954122208559415,0.07553221147846537,0.12053599469447755,4,Medium long,2.35:1
1999.0,0.06223207341610212,0.03405040466306034,0.09726327834461716,3,Medium long,2.35:1
2000.0,0.07122540406509865,0.04220746777405889,0.10421283689932334,4,Medium long,2.35:1
2001.0,0.06384864588149888,0.04971160252614664,0.08118207765053001,7,Medium long,2.35:1
2002.0,0.08496040146026898,0.07546256308110084,0.09338079688119844,5,Medium long,2.35:1
2003.0,0.10634992690465488,0.07031051530555493,0.14659827619805224,10,Medium long,2.35:1
2004.0,0.06925859268546337,0.03976876738498711,0.10248603254467399,5,Medium long,2.35:1
2005.0,0.08898995131933701,0.07537701655705403,0.10395867893787028,11,Medium long,2.35:1
2006.0,0.05851853162996804,0.04089450386757075,0.07787783676491243,10,Medium long,2.35:1
2007.0,0.08358252108469248,0.05693946049338595,0.1141560730957032,10,Medium long,2.35:1
2008.0,0.06708297295293905,0.048797360176035386,0.08704017867303672,10,Medium long,2.35:1
2009.0,0.058902955883549823,0.04320002824618547,0.07530031811629151,8,Medium long,2.35:1
2010.0,0.0577556982567653,0.04544435902021434,0.07167477469470747,7,Medium long,2.35:1
2011.0,0.07197429872569504,0.05159846424202812,0.09409890557069374,12,Medium long,2.35:1
2012.0,0.0694706873826601,0.046953372171810746,0.0996075379782599,11,Medium long,2.35:1
2013.0,0.07612961689214325,0.05884310655884579,0.09324525642495524,11,Medium long,2.35:1
2014.0,0.06861451831545888,0.0495923273292061,0.09074499871256221,16,Medium long,2.35:1
2015.0,0.0928813778127588,0.07196261042222311,0.11259646278323143,11,Medium long,2.35:1
2016.0,0.0640070152905821,0.053565982181165386,0.07629416705358992,9,Medium long,2.35:1
2017.0,0.11761213416855859,0.07524573020816298,0.16119936485491626,6,Medium long,2.35:1
2018.0,0.06804917815085164,0.04844087075897235,0.08249895305897133,3,Medium long,2.35:1
2019.0,0.07799223928371432,0.045761991180994326,0.12877826942374238,4,Medium long,2.35:1
2020.0,0.06529697250057225,0.06159049559545769,0.07189085228704947,4,Medium long,2.35:1
2021.0,0.06231755377222998,0.05334481508339376,0.06708717828914068,3,Medium long,2.35:1
2023.0,0.05471384708310263,0.05471384708310263,0.05471384708310263,1,Medium long,2.35:1
2024.0,0.12989623067142447,0.12989623067142447,0.12989623067142447,1,Medium long,2.35:1
2025.0,0.09842090019687788,0.09108815371628412,0.10575364667747164,2,Medium long,2.35:1
1954.0,0.3455763698870413,0.3455763698870413,0.3455763698870413,1,Long,2.35:1
1955.0,0.538147290050467,0.33620159803318994,0.7400929820677441,2,Long,2.35:1
1956.0,0.23381563564030008,0.19639746894697951,0.26969864350200645,6,Long,2.35:1
1957.0,0.1929233544032037,0.17248088853535376,0.21415368440223578,15,Long,2.35:1
1958.0,0.19609872553150542,0.15171838818706526,0.24208024251910132,16,Long,2.35:1
1959.0,0.2292854328888636,0.1611476569492258,0.2948971289942924,12,Long,2.35:1
1960.0,0.194523055212268,0.16308782933265717,0.22844642054556918,21,Long,2.35:1
1961.0,0.26255187391350526,0.20946676635024225,0.3186398693965907,12,Long,2.35:1
1962.0,0.2143696518936195,0.1605820050631191,0.2774780438703579,16,Long,2.35:1
1963.0,0.20704917422920419,0.17019746751142484,0.24321876778605855,15,Long,2.35:1
1964.0,0.25935295502320665,0.1991739555205671,0.3242722682596939,11,Long,2.35:1
1965.0,0.26189434720991256,0.21256133355354184,0.3038109695835422,15,Long,2.35:1
1966.0,0.21316131373165056,0.18367202713378805,0.244050621168848,21,Long,2.35:1
1967.0,0.1921329656404106,0.16440179257226814,0.22185384377488657,16,Long,2.35:1
1968.0,0.23180114602530144,0.1896880141047138,0.2796963259199595,12,Long,2.35:1
1969.0,0.22688776893549775,0.18443323169356782,0.2667753212003196,13,Long,2.35:1
1970.0,0.22236820377563898,0.1793392886591172,0.266160762653734,16,Long,2.35:1
1971.0,0.22421069977693728,0.18292079923818738,0.2721695986376975,9,Long,2.35:1
1972.0,0.21347758628721403,0.16374224751554586,0.2527765438405498,8,Long,2.35:1
1973.0,0.27103779356038354,0.24158871572921253,0.30475412497454785,5,Long,2.35:1
1974.0,0.18373978838540464,0.11869102691869796,0.2697351515839348,9,Long,2.35:1
1975.0,0.2009999692699177,0.16910981672998754,0.2408814459798292,9,Long,2.35:1
1976.0,0.23312953235442546,0.16975827719986789,0.30643611870899884,9,Long,2.35:1
1977.0,0.2080884152678841,0.1584326098783874,0.2566446424633189,6,Long,2.35:1
1978.0,0.1574839778797379,0.0836134688295174,0.23135448692995836,4,Long,2.35:1
1979.0,0.14535637149028077,0.14535637149028077,0.14535637149028077,1,Long,2.35:1
1980.0,0.22884497279001145,0.16669508559851587,0.2620503606517193,4,Long,2.35:1
1981.0,0.25017146461200673,0.22269229409035837,0.27948537181139976,6,Long,2.35:1
1982.0,0.19763742575409604,0.1659287245615501,0.23618257387765917,6,Long,2.35:1
1983.0,0.2722832616753013,0.1319073083778966,0.412659214972706,2,Long,2.35:1
1984.0,0.21224749575344293,0.15217085334089941,0.27547521070928577,6,Long,2.35:1
1985.0,0.3099028140708317,0.19745822106285565,0.48666471900116737,4,Long,2.35:1
1986.0,0.1965183663369053,0.1577937431975586,0.2372285528923638,6,Long,2.35:1
1987.0,0.17681460254927056,0.1714215010428819,0.18220770405565925,2,Long,2.35:1
1988.0,0.22470620173024636,0.14263009320991316,0.33634490992512944,5,Long,2.35:1
1989.0,0.12499275488320871,0.12499275488320871,0.12499275488320871,1,Long,2.35:1
1990.0,0.1390434362012972,0.09852170153550574,0.17956517086708865,4,Long,2.35:1
1991.0,0.12459238709065172,0.09761001159117091,0.14414669351740572,6,Long,2.35:1
1992.0,0.14748991638920914,0.10859385830550003,0.17918822365616602,5,Long,2.35:1
1993.0,0.14887276124788942,0.11197976363614773,0.1865387104950234,4,Long,2.35:1
1994.0,0.16192892129199943,0.15832496276540473,0.1655328798185941,2,Long,2.35:1
1995.0,0.13491439288523202,0.13491439288523202,0.13491439288523202,1,Long,2.35:1
1996.0,0.10806624533751408,0.07605255586458233,0.14007993481044584,2,Long,2.35:1
1997.0,0.20274917875101622,0.13546204792504501,0.32652635504458294,4,Long,2.35:1
1998.0,0.12096308178770573,0.08771889980533533,0.15696625143808565,4,Long,2.35:1
1999.0,0.13028228183108756,0.10231894997274289,0.15622516766790628,3,Long,2.35:1
2000.0,0.14444850529972147,0.12201514711457653,0.16808111591079486,4,Long,2.35:1
2001.0,0.1458434337053766,0.10627695507094674,0.18446772245973492,7,Long,2.35:1
2002.0,0.17671689398539803,0.11757644037630485,0.23307494639238202,5,Long,2.35:1
2003.0,0.18156117066378333,0.14635439496636257,0.22966600788235125,10,Long,2.35:1
2004.0,0.1565599518534526,0.12323368090306017,0.20038894072237007,5,Long,2.35:1
2005.0,0.1460009609261994,0.11245554827757114,0.17731683442201032,11,Long,2.35:1
2006.0,0.16838087782384012,0.12435009569332874,0.2211952117198004,10,Long,2.35:1
2007.0,0.1706058215941832,0.13475147898363296,0.21501412308809056,10,Long,2.35:1
2008.0,0.16098661194401406,0.12159339872018192,0.21076994896360443,10,Long,2.35:1
2009.0,0.13616842051136102,0.0845235780551012,0.1916281670596381,8,Long,2.35:1
2010.0,0.11455899742593392,0.10053051759152778,0.131755785426165,7,Long,2.35:1
2011.0,0.2596102527988392,0.17888246729512414,0.36090596596458197,12,Long,2.35:1
2012.0,0.2014918389825583,0.13405476515778966,0.28778406045521054,11,Long,2.35:1
2013.0,0.19252201212941406,0.13684399108225984,0.2510521584296962,11,Long,2.35:1
2014.0,0.1735769890772923,0.1312004529972674,0.2242207154472162,16,Long,2.35:1
2015.0,0.1413604129923675,0.1128583176756193,0.1751445326082004,11,Long,2.35:1
2016.0,0.2943134400393144,0.19609693344806586,0.40275631952785435,9,Long,2.35:1
2017.0,0.2651280594940218,0.20134914006622545,0.3301180874876851,6,Long,2.35:1
2018.0,0.32926773312750135,0.08885674039669549,0.5039713669346931,3,Long,2.35:1
2019.0,0.2109698006152837,0.12082209269462091,0.2986104993388047,4,Long,2.35:1
2020.0,0.19467133191565042,0.15880013288616357,0.2306521882643573,4,Long,2.35:1
2021.0,0.2431284571457065,0.09631073241479333,0.32217411396476325,3,Long,2.35:1
2023.0,0.4284995218201037,0.4284995218201037,0.4284995218201037,1,Long,2.35:1
2024.0,0.3748820803084369,0.3748820803084369,0.3748820803084369,1,Long,2.35:1
2025.0,0.20177531423268064,0.16139924365207994,0.24215138481328136,2,Long,2.35:1
1921.0,0.07002647961682884,0.06472952086553323,0.07532343836812445,2,Medium close-up,1.33:1
1922.0,0.04431026690555917,0.024978473977967944,0.06308499275461243,15,Medium close-up,1.33:1
1923.0,0.03296018431711847,0.02115788343235777,0.04515738118464512,18,Medium close-up,1.33:1
1924.0,0.02795669753157761,0.01981430592674727,0.03755538832733895,17,Medium close-up,1.33:1
1925.0,0.04101336617226451,0.022432802539232438,0.06331668365877512,17,Medium close-up,1.33:1
1926.0,0.04289039521076988,0.0317252184659817,0.05389367918280287,29,Medium close-up,1.33:1
1927.0,0.06839918395297821,0.05387178312089706,0.08560340015516289,29,Medium close-up,1.33:1
1928.0,0.1057482760135795,0.06351181013298898,0.14581914079863317,10,Medium close-up,1.33:1
1929.0,0.03996146265781716,0.015738740478446773,0.06418418483718755,4,Medium close-up,1.33:1
1930.0,0.05576114115823766,0.05576114115823766,0.05576114115823766,1,Medium close-up,1.33:1
1934.0,0.06941120153183342,0.06941120153183342,0.06941120153183342,1,Medium close-up,1.33:1
1939.0,0.09974324383132425,0.09974324383132425,0.09974324383132425,1,Medium close-up,1.33:1
1940.0,0.03609062170706007,0.03609062170706007,0.03609062170706007,1,Medium close-up,1.33:1
1941.0,0.05170915840403041,0.04852723034541216,0.05489108646264867,2,Medium close-up,1.33:1
1943.0,0.04806884341981408,0.029612756264236904,0.07083970763216046,3,Medium close-up,1.33:1
1944.0,0.054749776439933104,0.04130975990548125,0.06818979297438496,2,Medium close-up,1.33:1
1945.0,0.0676036096501087,0.036026680512841,0.12266522293978883,3,Medium close-up,1.33:1
1946.0,0.036897431096261236,0.010371927259435256,0.06342293493308722,2,Medium close-up,1.33:1
1947.0,0.07298839818236677,0.06877944976440188,0.07719734660033167,2,Medium close-up,1.33:1
1948.0,0.040572108590416454,0.022004950359327452,0.0736408576388281,4,Medium close-up,1.33:1
1949.0,0.04300248360020273,0.01357432407304102,0.07243064312736444,2,Medium close-up,1.33:1
1950.0,0.01248485265316454,0.009167692372989263,0.015802012933339816,2,Medium close-up,1.33:1
1952.0,0.036788158922569925,0.017697327388163767,0.05634498187030991,5,Medium close-up,1.33:1
1953.0,0.019444666052652226,0.005210710482275977,0.033678621623028475,2,Medium close-up,1.33:1
1954.0,0.0026623603351955305,0.0026623603351955305,0.0026623603351955305,1,Medium close-up,1.33:1
1956.0,0.11995491237000945,0.11995491237000945,0.11995491237000945,1,Medium close-up,1.33:1
1960.0,0.07242638304627351,0.07242638304627351,0.07242638304627351,1,Medium close-up,1.33:1
1962.0,0.21506078159419106,0.21506078159419106,0.21506078159419106,1,Medium close-up,1.33:1
1968.0,0.09534004219151565,0.018657787473448532,0.17202229690958276,2,Medium close-up,1.33:1
1971.0,0.22059094086911726,0.22059094086911726,0.22059094086911726,1,Medium close-up,1.33:1
1972.0,0.05785731215927945,0.05785731215927945,0.05785731215927945,1,Medium close-up,1.33:1
1973.0,0.08916489952539634,0.08916489952539634,0.08916489952539634,1,Medium close-up,1.33:1
1974.0,0.03674091587854654,0.03674091587854654,0.03674091587854654,1,Medium close-up,1.33:1
1975.0,0.2817590397902063,0.2817590397902063,0.2817590397902063,1,Medium close-up,1.33:1
1977.0,0.20452174330139677,0.1717000490699023,0.23734343753289128,2,Medium close-up,1.33:1
1978.0,0.11392453406660556,0.11392453406660556,0.11392453406660556,1,Medium close-up,1.33:1
1979.0,0.11324148824148825,0.11324148824148825,0.11324148824148825,1,Medium close-up,1.33:1
1980.0,0.17940093531891174,0.12211782338021673,0.23668404725760675,2,Medium close-up,1.33:1
1981.0,0.1687483757116173,0.06271246638591506,0.3307781313277408,3,Medium close-up,1.33:1
1984.0,0.1937078985833677,0.1739933941491035,0.22680881739196415,3,Medium close-up,1.33:1
1985.0,0.03913961316825469,0.03913961316825469,0.03913961316825469,1,Medium close-up,1.33:1
1987.0,0.0859582116378342,0.0859582116378342,0.0859582116378342,1,Medium close-up,1.33:1
1988.0,0.1253142143073607,0.06546598056032019,0.1851624480544012,2,Medium close-up,1.33:1
1989.0,0.2680668369314298,0.1144434966102456,0.37050224345057164,3,Medium close-up,1.33:1
1990.0,0.2143267887948739,0.2143267887948739,0.2143267887948739,1,Medium close-up,1.33:1
1991.0,0.4251871438657834,0.37684463604709,0.4735296516844767,2,Medium close-up,1.33:1
1992.0,0.1724471191052924,0.09969582428438326,0.27010604536476956,4,Medium close-up,1.33:1
1993.0,0.17449756813801964,0.17449756813801964,0.17449756813801964,1,Medium close-up,1.33:1
1994.0,0.24272356969305198,0.17624263513780694,0.29510112816343126,3,Medium close-up,1.33:1
1995.0,0.12507295026846058,0.08624671070296977,0.16389918983395138,2,Medium close-up,1.33:1
1996.0,0.275559138837667,0.11961474730737365,0.41686781201192674,3,Medium close-up,1.33:1
1997.0,0.20416351744745903,0.2034638130104196,0.2048632218844985,2,Medium close-up,1.33:1
1998.0,0.14416326084137548,0.039958639887225665,0.2483678817955253,4,Medium close-up,1.33:1
1999.0,0.1390260960252266,0.07567567567567568,0.20237651637477747,2,Medium close-up,1.33:1
2000.0,0.21976563042611355,0.19022342324952954,0.26077959373284343,3,Medium close-up,1.33:1
2001.0,0.2269153360753728,0.11560058780040058,0.338230084350345,5,Medium close-up,1.33:1
2002.0,0.17325342241391722,0.10268519559345846,0.24162364004595077,5,Medium close-up,1.33:1
2003.0,0.16377674458328317,0.09509653801778302,0.2601403445881236,5,Medium close-up,1.33:1
2004.0,0.13997454220256997,0.08918196797133472,0.2021405956860191,6,Medium close-up,1.33:1
2006.0,0.1875168249817329,0.1875168249817329,0.1875168249817329,1,Medium close-up,1.33:1
2007.0,0.16649427316599497,0.04865295553010309,0.3271860095389507,3,Medium close-up,1.33:1
2008.0,0.11669647810464695,0.08263674359440305,0.15075621261489083,2,Medium close-up,1.33:1
2009.0,0.1351985740515747,0.12734883720930232,0.14304831089384712,2,Medium close-up,1.33:1
2011.0,0.002590368538796656,0.002590368538796656,0.002590368538796656,1,Medium close-up,1.33:1
2012.0,0.27015952140184446,0.22564609053497942,0.3146729522687095,2,Medium close-up,1.33:1
2013.0,0.17427098444137595,0.14595616508587542,0.20258580379687646,2,Medium close-up,1.33:1
2014.0,0.054097816158764425,0.054097816158764425,0.054097816158764425,1,Medium close-up,1.33:1
2017.0,0.2046351393673661,0.2046351393673661,0.2046351393673661,1,Medium close-up,1.33:1
2018.0,0.16235490946465242,0.05453735994657564,0.3036855494198672,3,Medium close-up,1.33:1
2019.0,0.19965268136578965,0.12868716244287495,0.2664898563703372,3,Medium close-up,1.33:1
2021.0,0.10276594208131726,0.10276594208131726,0.10276594208131726,1,Medium close-up,1.33:1
2022.0,0.17297051087700058,0.10069813081105428,0.2409011601212158,3,Medium close-up,1.33:1
2023.0,0.20003184668363,0.1902817476521029,0.20978194571515707,2,Medium close-up,1.33:1
2024.0,0.21314636700843842,0.14367479946524064,0.2826179345516362,2,Medium close-up,1.33:1
1921.0,0.2813038337602663,0.22377125193199382,0.3388364155885388,2,Medium,1.33:1
1922.0,0.2818967183374788,0.24145297691765816,0.3237312061511833,15,Medium,1.33:1
1923.0,0.32311787689087795,0.28242822345566976,0.3697423645075776,18,Medium,1.33:1
1924.0,0.33348258197622943,0.28881334047847695,0.38335323753932576,17,Medium,1.33:1
1925.0,0.28849449035001384,0.23017918692429223,0.3482231775097436,17,Medium,1.33:1
1926.0,0.3640806521884569,0.3253953446611469,0.40685164028915577,29,Medium,1.33:1
1927.0,0.40293298799016725,0.36879691419233335,0.43458089967035907,29,Medium,1.33:1
1928.0,0.40213394725262736,0.343630992540888,0.4538273376033161,10,Medium,1.33:1
1929.0,0.4725124224395644,0.30553415585595367,0.6394906890231751,4,Medium,1.33:1
1930.0,0.41800297308410034,0.41800297308410034,0.41800297308410034,1,Medium,1.33:1
1934.0,0.4520649288480787,0.4520649288480787,0.4520649288480787,1,Medium,1.33:1
1939.0,0.4072849123112407,0.4072849123112407,0.4072849123112407,1,Medium,1.33:1
1940.0,0.6513874253600281,0.6513874253600281,0.6513874253600281,1,Medium,1.33:1
1941.0,0.41130106676496675,0.39903781905652813,0.42356431447340537,2,Medium,1.33:1
1943.0,0.4128322783506127,0.3912247885491216,0.4345571987081421,3,Medium,1.33:1
1944.0,0.44164837911492905,0.4055128854926118,0.4777838727372463,2,Medium,1.33:1
1945.0,0.48546923426423255,0.4543872539541359,0.5256454837868382,3,Medium,1.33:1
1946.0,0.5064970269442939,0.38851320478844925,0.6244808491001385,2,Medium,1.33:1
1947.0,0.47240507449074737,0.4406301824212272,0.5041799665602675,2,Medium,1.33:1
1948.0,0.5367855767664872,0.5015189230892603,0.5650878026133854,4,Medium,1.33:1
1949.0,0.47612105755096956,0.4123187263556116,0.5399233887463275,2,Medium,1.33:1
1950.0,0.424661151338543,0.4071084747410901,0.44221382793599595,2,Medium,1.33:1
1952.0,0.3576421587933462,0.3065366543093223,0.40135923946511987,5,Medium,1.33:1
1953.0,0.388953705659989,0.29256047466910085,0.4853469366508771,2,Medium,1.33:1
1954.0,0.3883118016759777,0.3883118016759777,0.3883118016759777,1,Medium,1.33:1
1956.0,0.561195549414588,0.561195549414588,0.561195549414588,1,Medium,1.33:1
1960.0,0.5688546710056354,0.5688546710056354,0.5688546710056354,1,Medium,1.33:1
1962.0,0.511503630578445,0.511503630578445,0.511503630578445,1,Medium,1.33:1
1968.0,0.36124776988808943,0.3110683736150181,0.41142716616116076,2,Medium,1.33:1
1971.0,0.437907053758693,0.437907053758693,0.437907053758693,1,Medium,1.33:1
1972.0,0.433372837165205,0.433372837165205,0.433372837165205,1,Medium,1.33:1
1973.0,0.38033929112390186,0.38033929112390186,0.38033929112390186,1,Medium,1.33:1
1974.0,0.24097809855649577,0.24097809855649577,0.24097809855649577,1,Medium,1.33:1
1975.0,0.40289475011347015,0.40289475011347015,0.40289475011347015,1,Medium,1.33:1
1977.0,0.4322639363108968,0.42945086318419057,0.4350770094376031,2,Medium,1.33:1
1978.0,0.47586312251756796,0.47586312251756796,0.47586312251756796,1,Medium,1.33:1
1979.0,0.4934187434187434,0.4934187434187434,0.4934187434187434,1,Medium,1.33:1
1980.0,0.3569387216036455,0.34175961982707415,0.37211782338021676,2,Medium,1.33:1
1981.0,0.36340780985139814,0.24927698005987112,0.5122655122655123,3,Medium,1.33:1
1984.0,0.44029110810015754,0.3909148845772554,0.48206983328090597,3,Medium,1.33:1
1985.0,0.23991555885205681,0.23991555885205681,0.23991555885205681,1,Medium,1.33:1
1987.0,0.4614243990114581,0.4614243990114581,0.4614243990114581,1,Medium,1.33:1
1988.0,0.45032700620951116,0.4443355386751613,0.456318473743861,2,Medium,1.33:1
1989.0,0.3891284334146459,0.2934433347807208,0.46106538844171113,3,Medium,1.33:1
1990.0,0.37620142939291873,0.37620142939291873,0.37620142939291873,1,Medium,1.33:1
1991.0,0.33341799383068926,0.26205236968757645,0.404783617973802,2,Medium,1.33:1
1992.0,0.41899603421219334,0.3959686378843383,0.44202343054004845,4,Medium,1.33:1
1993.0,0.4988528952922823,0.4988528952922823,0.4988528952922823,1,Medium,1.33:1
1994.0,0.3697987637373457,0.32076430531558087,0.410285669316125,3,Medium,1.33:1
1995.0,0.40877629521773284,0.27452875785403574,0.5430238325814299,2,Medium,1.33:1
1996.0,0.33342259018631565,0.287590515405367,0.35937360975175725,3,Medium,1.33:1
1997.0,0.4719356815913375,0.4414776712649053,0.5023936919177696,2,Medium,1.33:1
1998.0,0.3304351929033171,0.20388532045427565,0.46890105617407585,4,Medium,1.33:1
1999.0,0.4058875933995576,0.2660458778105837,0.5457293089885314,2,Medium,1.33:1
2000.0,0.3437682981922892,0.20050185783911592,0.46919211115334264,3,Medium,1.33:1
2001.0,0.31209189760286404,0.240257964132049,0.44126208922697413,5,Medium,1.33:1
2002.0,0.3895848029946572,0.3112718461190455,0.4694743199795419,5,Medium,1.33:1
2003.0,0.31663573945078954,0.18550434386694786,0.41696261429362236,5,Medium,1.33:1
2004.0,0.33378476701857646,0.2631004197727564,0.3889986822979094,6,Medium,1.33:1
2006.0,0.4118755528208284,0.4118755528208284,0.4118755528208284,1,Medium,1.33:1
2007.0,0.3620800676797089,0.3148762207585737,0.4536507209887846,3,Medium,1.33:1
2008.0,0.24715951511914,0.22632884306764578,0.2679901871706342,2,Medium,1.33:1
2009.0,0.3918900085168219,0.32795348837209304,0.45582652866155066,2,Medium,1.33:1
2011.0,0.023156324816515562,0.023156324816515562,0.023156324816515562,1,Medium,1.33:1
2012.0,0.315757254334744,0.2773333333333333,0.35418117533615473,2,Medium,1.33:1
2013.0,0.47278266838662586,0.4084850038451679,0.5370803329280838,2,Medium,1.33:1
2014.0,0.19343186913559746,0.19343186913559746,0.19343186913559746,1,Medium,1.33:1
2017.0,0.38042593172564987,0.38042593172564987,0.38042593172564987,1,Medium,1.33:1
2018.0,0.371969772830608,0.33006547640344913,0.42203884097536765,3,Medium,1.33:1
2019.0,0.41567622768043666,0.3757792856404781,0.4475373076625686,3,Medium,1.33:1
2021.0,0.3743049035892251,0.3743049035892251,0.3743049035892251,1,Medium,1.33:1
2022.0,0.4262755548617209,0.3629315059678924,0.5009029967247237,3,Medium,1.33:1
2023.0,0.4788684715621677,0.4624123208295212,0.4953246222948142,2,Medium,1.33:1
2024.0,0.4828357641809766,0.43145528504644526,0.534216243315508,2,Medium,1.33:1
1921.0,0.1992957243852797,0.18965790935788554,0.20893353941267387,2,Medium long,1.33:1
1922.0,0.21628712282320886,0.17784210141290088,0.2540469757591475,15,Medium long,1.33:1
1923.0,0.21887548495121628,0.1903777685940217,0.24794699558096006,18,Medium long,1.33:1
1924.0,0.2235180344406012,0.18985831003815745,0.2562855506384673,17,Medium long,1.33:1
1925.0,0.17906333332290897,0.1449550797911924,0.21591398147279509,17,Medium long,1.33:1
1926.0,0.19815502179356612,0.1791536210946026,0.21928031903019812,29,Medium long,1.33:1
1927.0,0.1850492230266808,0.16300053217575267,0.20563607526492875,29,Medium long,1.33:1
1928.0,0.17018978676956198,0.1424268847082214,0.19551966814822244,10,Medium long,1.33:1
1929.0,0.2029386182912292,0.1563612846277162,0.2719568254353128,4,Medium long,1.33:1
1930.0,0.17730967517474777,0.17730967517474777,0.17730967517474777,1,Medium long,1.33:1
1934.0,0.24883589364202097,0.24883589364202097,0.24883589364202097,1,Medium long,1.33:1
1939.0,0.23434440140998303,0.23434440140998303,0.23434440140998303,1,Medium long,1.33:1
1940.0,0.2016596417281349,0.2016596417281349,0.2016596417281349,1,Medium long,1.33:1
1941.0,0.26506007315812574,0.19627823065615396,0.33384191566009747,2,Medium long,1.33:1
1943.0,0.2604889610119194,0.19263131055583885,0.31464071236280805,3,Medium long,1.33:1
1944.0,0.2232245316413123,0.1710787944949121,0.27537026878771254,2,Medium long,1.33:1
1945.0,0.24283073724164364,0.21390072155089976,0.26620601509765546,3,Medium long,1.33:1
1946.0,0.23412584254289784,0.17838601753576372,0.28986566755003196,2,Medium long,1.33:1
1947.0,0.22050642251578406,0.18428689883913765,0.25672594619243044,2,Medium long,1.33:1
1948.0,0.21365261916738582,0.1629220856512441,0.25413468012250934,4,Medium long,1.33:1
1949.0,0.2830595737757443,0.2157156368221942,0.3504035107292945,2,Medium long,1.33:1
1950.0,0.30868304166002936,0.3044862272399304,0.31287985608012836,2,Medium long,1.33:1
1952.0,0.24739482124108753,0.22557532487416512,0.26921431760800996,5,Medium long,1.33:1
1953.0,0.2409782971941558,0.1524647337462912,0.3294918606420204,2,Medium long,1.33:1
1954.0,0.3389490223463687,0.3389490223463687,0.3389490223463687,1,Medium long,1.33:1
1956.0,0.10962839066249727,0.10962839066249727,0.10962839066249727,1,Medium long,1.33:1
1960.0,0.2679577744265418,0.2679577744265418,0.2679577744265418,1,Medium long,1.33:1
1962.0,0.1108346251121808,0.1108346251121808,0.1108346251121808,1,Medium long,1.33:1
1968.0,0.17819406010552347,0.14960242642839577,0.20678569378265113,2,Medium long,1.33:1
1971.0,0.15781727195790557,0.15781727195790557,0.15781727195790557,1,Medium long,1.33:1
1972.0,0.24802085802322826,0.24802085802322826,0.24802085802322826,1,Medium long,1.33:1
1973.0,0.06351610623043522,0.06351610623043522,0.06351610623043522,1,Medium long,1.33:1
1974.0,0.18012692882030862,0.18012692882030862,0.18012692882030862,1,Medium long,1.33:1
1975.0,0.14862070704523678,0.14862070704523678,0.14862070704523678,1,Medium long,1.33:1
1977.0,0.13714011560788414,0.12314493211240922,0.15113529910335904,2,Medium long,1.33:1
1978.0,0.18431102963641918,0.18431102963641918,0.18431102963641918,1,Medium long,1.33:1
1979.0,0.12763250263250264,0.12763250263250264,0.12763250263250264,1,Medium long,1.33:1
1980.0,0.08514336377568266,0.0633291531912085,0.10695757436015679,2,Medium long,1.33:1
1981.0,0.10807756599045422,0.05708052158912172,0.1419352252685586,3,Medium long,1.33:1
1984.0,0.11979895065224433,0.0744936977765189,0.14399182132746147,3,Medium long,1.33:1
1985.0,0.14760084441147944,0.14760084441147944,0.14760084441147944,1,Medium long,1.33:1
1987.0,0.2138395866097506,0.2138395866097506,0.2138395866097506,1,Medium long,1.33:1
1988.0,0.12166555796314654,0.11456365697015489,0.1287674589561382,2,Medium long,1.33:1
1989.0,0.08307804915451446,0.03525835866261398,0.11408431733488977,3,Medium long,1.33:1
1990.0,0.10285057093567732,0.10285057093567732,0.10285057093567732,1,Medium long,1.33:1
1991.0,0.07695603282353244,0.0713604709003482,0.0825515947467167,2,Medium long,1.33:1
1992.0,0.12314597519768404,0.08456300011032898,0.15867867812467176,4,Medium long,1.33:1
1993.0,0.1165917224924291,0.1165917224924291,0.1165917224924291,1,Medium long,1.33:1
1994.0,0.09846393876998072,0.07145035064539079,0.12595419847328243,3,Medium long,1.33:1
1995.0,0.11367076148648274,0.10350284621017078,0.1238386767627947,2,Medium long,1.33:1
1996.0,0.08324921855644207,0.04554167258270623,0.11122618061309031,3,Medium long,1.33:1
1997.0,0.14282512227442334,0.13456303388716792,0.15108721066167874,2,Medium long,1.33:1
1998.0,0.05486244822609185,0.0344485136055917,0.07527638284659198,4,Medium long,1.33:1
1999.0,0.12449251172537283,0.11253260464538567,0.13645241880536,2,Medium long,1.33:1
2000.0,0.08437081726584744,0.023596969550740723,0.13142446893872206,3,Medium long,1.33:1
2001.0,0.07982799119905906,0.05296988711415654,0.10891116127336505,5,Medium long,1.33:1
2002.0,0.08469724520779888,0.048595340743567944,0.12084411278781378,5,Medium long,1.33:1
2003.0,0.10945512089841343,0.06751157526425827,0.15250913526191448,5,Medium long,1.33:1
2004.0,0.09066821415423164,0.06301693644305913,0.1247283168155718,6,Medium long,1.33:1
2006.0,0.10944890974118371,0.10944890974118371,0.10944890974118371,1,Medium long,1.33:1
2007.0,0.10231152393606174,0.04410629116511469,0.13689557292963497,3,Medium long,1.33:1
2008.0,0.1030839071664535,0.08459022351444667,0.12157759081846034,2,Medium long,1.33:1
2009.0,0.067833801938482,0.04986046511627907,0.08580713876068492,2,Medium long,1.33:1
2011.0,0.03029946230228816,0.03029946230228816,0.03029946230228816,1,Medium long,1.33:1
2012.0,0.09714536094042413,0.06731129801253549,0.12697942386831276,2,Medium long,1.33:1
2013.0,0.09768168912799782,0.07584593693924635,0.11951744131674928,2,Medium long,1.33:1
2014.0,0.17092917047247363,0.17092917047247363,0.17092917047247363,1,Medium long,1.33:1
2017.0,0.0640150328844347,0.0640150328844347,0.0640150328844347,1,Medium long,1.33:1
2018.0,0.11089596429401298,0.06955526136892197,0.15507902352155525,3,Medium long,1.33:1
2019.0,0.13043761291650335,0.09323872834360898,0.16716867469879518,3,Medium long,1.33:1
2021.0,0.10424640716400664,0.10424640716400664,0.10424640716400664,1,Medium long,1.33:1
2022.0,0.0959984448458135,0.0652700584295283,0.13695589228838914,3,Medium long,1.33:1
2023.0,0.09238363499812148,0.08584934431229033,0.09891792568395263,2,Medium long,1.33:1
2024.0,0.05472878853759175,0.05005013368983957,0.059407443385343935,2,Medium long,1.33:1
1921.0,0.4228847999884194,0.353837606159219,0.49193199381761976,2,Long,1.33:1
1922.0,0.42115283654903746,0.35454955249672676,0.48044526891629635,15,Long,1.33:1
1923.0,0.3965416005238224,0.3390881888427551,0.44990310864050975,18,Long,1.33:1
1924.0,0.38605274065455647,0.3227872072830664,0.44251818571183416,17,Long,1.33:1
1925.0,0.46161708427000187,0.3914487102201031,0.5385190405086983,17,Long,1.33:1
1926.0,0.36459413003473407,0.31651658687096557,0.4078208725173434,29,Long,1.33:1
1927.0,0.3094029054092439,0.2686550288713793,0.351001040443084,29,Long,1.33:1
1928.0,0.29399269713170745,0.23267718881662067,0.3737479679774911,10,Long,1.33:1
1929.0,0.2545613950538933,0.14577799809183384,0.3633447920159527,4,Long,1.33:1
1930.0,0.31147800234051304,0.31147800234051304,0.31147800234051304,1,Long,1.33:1
1934.0,0.2079289786326646,0.2079289786326646,0.2079289786326646,1,Long,1.33:1
1939.0,0.21188911614952782,0.21188911614952782,0.21188911614952782,1,Long,1.33:1
1940.0,0.10172989111345276,0.10172989111345276,0.10172989111345276,1,Long,1.33:1
1941.0,0.24874293648636703,0.17512184784912058,0.3223640251236135,2,Long,1.33:1
1943.0,0.25557712308408503,0.23648788569061918,0.2714601393846677,3,Long,1.33:1
1944.0,0.25686252359937345,0.1792480695387991,0.33447697765994777,2,Long,1.33:1
1945.0,0.19000305853313468,0.1524807610503113,0.21188640811598833,3,Long,1.33:1
1946.0,0.2059251721099066,0.12445200738347946,0.28739833683633376,2,Long,1.33:1
1947.0,0.2119566610631294,0.15355677154582764,0.2703565505804312,2,Long,1.33:1
1948.0,0.17129571014940417,0.13499446231126433,0.20759695798754405,4,Long,1.33:1
1949.0,0.17507958375136828,0.08549964669567481,0.2646595208070618,2,Long,1.33:1
1950.0,0.24037721524701294,0.23424302873392472,0.24651140176010114,2,Long,1.33:1
1952.0,0.3256362066966064,0.2806504862463299,0.3707636433379563,5,Long,1.33:1
1953.0,0.3181461473476431,0.2668262974337619,0.3694659972615244,2,Long,1.33:1
1954.0,0.24668296089385475,0.24668296089385475,0.24668296089385475,1,Long,1.33:1
1956.0,0.20005817758708458,0.20005817758708458,0.20005817758708458,1,Long,1.33:1
1960.0,0.07921263592348599,0.07921263592348599,0.07921263592348599,1,Long,1.33:1
1962.0,0.12421473443746431,0.12421473443746431,0.12421473443746431,1,Long,1.33:1
1968.0,0.29658244586712157,0.19517993278137552,0.39798495895286756,2,Long,1.33:1
1971.0,0.16127607903742136,0.16127607903742136,0.16127607903742136,1,Long,1.33:1
1972.0,0.2542545626925812,0.2542545626925812,0.2542545626925812,1,Long,1.33:1
1973.0,0.43062708270221145,0.43062708270221145,0.43062708270221145,1,Long,1.33:1
1974.0,0.4734631657541065,0.4734631657541065,0.4734631657541065,1,Long,1.33:1
1975.0,0.14398103787382116,0.14398103787382116,0.14398103787382116,1,Long,1.33:1
1977.0,0.1849234090290489,0.18355962530259973,0.18628719275549807,2,Long,1.33:1
1978.0,0.19450809654750992,0.19450809654750992,0.19450809654750992,1,Long,1.33:1
1979.0,0.22801860301860302,0.22801860301860302,0.22801860301860302,1,Long,1.33:1
1980.0,0.2979681429067136,0.26367896508481287,0.33225732072861425,2,Long,1.33:1
1981.0,0.3292283010282274,0.18140728955741972,0.6127150032979857,3,Long,1.33:1
1984.0,0.19921982465690322,0.14330158971051335,0.27658971817023087,3,Long,1.33:1
1985.0,0.489986877389171,0.489986877389171,0.489986877389171,1,Long,1.33:1
1987.0,0.2072343293641878,0.2072343293641878,0.2072343293641878,1,Long,1.33:1
1988.0,0.23850987948025532,0.19465432565168114,0.2823654333088295,2,Long,1.33:1
1989.0,0.1733268074251765,0.08799855295288055,0.28209042338257084,3,Long,1.33:1
1990.0,0.24928119608970672,0.24928119608970672,0.24928119608970672,1,Long,1.33:1
1991.0,0.11360193152736206,0.09285358978610513,0.13435027326861898,2,Long,1.33:1
1992.0,0.22103892845736828,0.15619392543965152,0.2587025911808357,4,Long,1.33:1
1993.0,0.15898871248967605,0.15898871248967605,0.15898871248967605,1,Long,1.33:1
1994.0,0.20894044817530014,0.14720232942472652,0.24666851200126538,3,Long,1.33:1
1995.0,0.30131106724090023,0.11720244703214683,0.48541968744965364,2,Long,1.33:1
1996.0,0.21148534193220625,0.13133607837569217,0.3234776304888152,3,Long,1.33:1
1997.0,0.11997978793307648,0.1080446822491317,0.13191489361702127,2,Long,1.33:1
1998.0,0.4181106531276552,0.19289730590891674,0.6440688183245792,4,Long,1.33:1
1999.0,0.28907864494967306,0.109385997598642,0.4687712923007041,2,Long,1.33:1
2000.0,0.2537822332742549,0.09637231301997551,0.43275587511460695,3,Long,1.33:1
2001.0,0.28544677186042644,0.14944020240877354,0.44704673021135155,5,Long,1.33:1
2002.0,0.27244797159060175,0.15371721124794718,0.39117873193325625,5,Long,1.33:1
2003.0,0.27537045005679134,0.15908158151222068,0.4334989519157678,5,Long,1.33:1
2004.0,0.3484909012190223,0.2462538036061083,0.4603546173180451,6,Long,1.33:1
2006.0,0.2276275814329116,0.2276275814329116,0.2276275814329116,1,Long,1.33:1
2007.0,0.25726282971684233,0.13204633204633204,0.40939196255166577,3,Long,1.33:1
2008.0,0.4188458291781252,0.37630695910129847,0.46138469925495185,2,Long,1.33:1
2009.0,0.25133314745787794,0.20517792282273262,0.29748837209302326,2,Long,1.33:1
2011.0,0.754935437026571,0.754935437026571,0.754935437026571,1,Long,1.33:1
2012.0,0.19647570226369415,0.16167568436277924,0.23127572016460907,2,Long,1.33:1
2013.0,0.17758859546620914,0.08998877770504068,0.2651884132273776,2,Long,1.33:1
2014.0,0.4337374408370007,0.4337374408370007,0.4337374408370007,1,Long,1.33:1
2017.0,0.2113373003445036,0.2113373003445036,0.2113373003445036,1,Long,1.33:1
2018.0,0.22844049995091417,0.09462058695787057,0.309045039697262,3,Long,1.33:1
2019.0,0.18602329222171568,0.1373617876749401,0.23099293726630657,3,Long,1.33:1
2021.0,0.27193615945692207,0.27193615945692207,0.27193615945692207,1,Long,1.33:1
2022.0,0.19915095571795846,0.09430959013131716,0.2843033169256507,3,Long,1.33:1
2023.0,0.16557982445424319,0.14981625153123723,0.18134339737724917,2,Long,1.33:1
2024.0,0.16988771962924953,0.15202477080930119,0.18775066844919786,2,Long,1.33:1
