year,mean,lo,hi,n_movies,category,collection
1921.0,0.0,0.0,0.0,2,Extreme close-up,popular
1922.0,3.1452164732929395e-05,0.0,8.048379013131135e-05,16,Extreme close-up,popular
1923.0,0.00018362821168460585,4.7129251362952577e-05,0.0003549025257014363,18,Extreme close-up,popular
1924.0,0.00016876817100025426,4.198381943598937e-06,0.00034982473823099266,17,Extreme close-up,popular
1925.0,4.9027506614632925e-05,0.0,0.0001396341463824534,17,Extreme close-up,popular
1926.0,0.0005608342677275459,0.00016940761649417187,0.0010376543938624943,29,Extreme close-up,popular
1927.0,0.000478465366334037,0.00017511616134469843,0.0008866571444002787,30,Extreme close-up,popular
1928.0,0.00021931055226889293,3.596426411966731e-05,0.0005692506217746698,22,Extreme close-up,popular
1929.0,0.00012254772530060983,3.561116232817144e-05,0.00022437392572875232,38,Extreme close-up,popular
1930.0,0.00033244833914519993,9.661752542148952e-05,0.0006162163023401701,33,Extreme close-up,popular
1931.0,0.00023887501833814512,4.9821768518129455e-05,0.0005008650109810855,32,Extreme close-up,popular
1932.0,0.00042223753606367495,0.00012399687730469216,0.000818225745486581,31,Extreme close-up,popular
1933.0,4.731371621259128e-05,1.2244805554048397e-05,9.701887961172327e-05,28,Extreme close-up,popular
1934.0,0.00023354450295969605,5.3469194059596815e-05,0.0004881521155520492,33,Extreme close-up,popular
1935.0,0.0005371577061450927,0.00023474534344591254,0.0008826816450407465,32,Extreme close-up,popular
1936.0,0.0007214536420872043,0.00026415055402736944,0.001351636931755727,36,Extreme close-up,popular
1937.0,0.0009436685541499211,0.00047287913925287854,0.00147209357128081,37,Extreme close-up,popular
1938.0,0.0007452236772953607,0.0003215179193171613,0.0012041916874816956,33,Extreme close-up,popular
1939.0,0.0007283005140766485,0.000369700327162578,0.0011781749995616365,41,Extreme close-up,popular
1940.0,0.0008430473011694998,0.0002893529107184137,0.0014518345345345453,34,Extreme close-up,popular
1941.0,0.0005665595951796462,0.0002439004417976021,0.0009561878442206817,37,Extreme close-up,popular
1942.0,0.0004431719133330737,0.00011222699548639786,0.0009745367422423813,37,Extreme close-up,popular
1943.0,0.00011411168640547984,1.996017939380529e-05,0.0002688325066546079,38,Extreme close-up,popular
1944.0,0.0005275734561351911,2.4026029855613858e-05,0.0012738308126875376,35,Extreme close-up,popular
1945.0,0.0004135756788364666,0.00015327454648006734,0.0007362451497327267,37,Extreme close-up,popular
1946.0,0.0003264001147692507,0.00011126750174359354,0.00061507577672134,35,Extreme close-up,popular
1947.0,0.00012767373988872247,1.8101963389702237e-05,0.0002822425248418064,32,Extreme close-up,popular
1948.0,0.0002336985540206155,5.3296921240117515e-05,0.00047592388907913226,38,Extreme close-up,popular
1949.0,0.0003078565688694279,7.51209641353524e-05,0.00059291584622028,36,Extreme close-up,popular
1950.0,0.00041093603095431234,2.96129475218438e-05,0.001053875199388259,33,Extreme close-up,popular
1951.0,0.00017455671382187298,4.7159546953308396e-05,0.0003300783434338927,36,Extreme close-up,popular
1952.0,0.00019067834983408765,3.902195375118042e-06,0.0005218861519756239,36,Extreme close-up,popular
1953.0,6.746807493391763e-05,0.0,0.00017370476622792215,33,Extreme close-up,popular
1954.0,8.827220438743437e-05,7.1179950031675084e-06,0.00022382664299203073,37,Extreme close-up,popular
1955.0,0.0002468060522570262,5.8047607828504815e-05,0.0005008045243763514,38,Extreme close-up,popular
1956.0,0.00012276943421036493,7.691279320163702e-06,0.00030310005420599104,35,Extreme close-up,popular
1957.0,7.781107407897814e-05,1.0315566060240328e-05,0.00016110512675342366,31,Extreme close-up,popular
1958.0,0.00040571426787907705,4.763308844380046e-05,0.0010756211597692097,35,Extreme close-up,popular
1959.0,9.208285733211974e-05,1.0806380134503276e-05,0.00021179491980065224,31,Extreme close-up,popular
1960.0,0.00012911554580447056,1.095138515857332e-06,0.0003765222940712713,39,Extreme close-up,popular
1961.0,9.055605437214187e-05,2.2578231809822287e-05,0.00017656772269162728,32,Extreme close-up,popular
1962.0,0.00036492403558073945,0.0001692873054760704,0.0005837419236938315,41,Extreme close-up,popular
1963.0,0.0001591289218843799,5.584401428649203e-05,0.0002786533733743527,39,Extreme close-up,popular
1964.0,0.0004830298550781663,0.0002729462573039582,0.0007291914249965962,38,Extreme close-up,popular
1965.0,0.00042870906271680017,0.0001550626260089271,0.0007143243113143322,31,Extreme close-up,popular
1966.0,0.000620569628243905,0.0002664376427722443,0.0010969219362075332,37,Extreme close-up,popular
1967.0,0.0005609429610507634,0.0003012298570969407,0.0008844045766715392,32,Extreme close-up,popular
1968.0,0.0008136319013105918,0.00036504194406503294,0.0013476691682030725,35,Extreme close-up,popular
1969.0,0.00045382294105371086,0.0002238052668253403,0.0007071499206621432,26,Extreme close-up,popular
1970.0,0.0005734316888230332,0.00020505571950814924,0.0010003076876004208,31,Extreme close-up,popular
1971.0,0.0005687768414116895,0.0003349613507038966,0.0008349412889624454,33,Extreme close-up,popular
1972.0,0.0007584001917352676,0.000375823727343348,0.0012021316643949019,38,Extreme close-up,popular
1973.0,0.00045569791666270166,0.00024217656624090657,0.0007148234241983008,36,Extreme close-up,popular
1974.0,0.0008340786957251143,0.00037518930056758975,0.0013978338339560809,37,Extreme close-up,popular
1975.0,0.0005149604346810629,0.0002572135267245833,0.0007706382500299009,37,Extreme close-up,popular
1976.0,0.0012078029403833736,0.000564331390639708,0.002150524387711784,37,Extreme close-up,popular
1977.0,0.0004831679749701761,0.0002684103579287365,0.0007456896507513648,40,Extreme close-up,popular
1978.0,0.0016221641067971494,0.0003552335960931703,0.003945106070674111,42,Extreme close-up,popular
1979.0,0.0006634527795257289,0.00032647377503038365,0.0010551401382634163,35,Extreme close-up,popular
1980.0,0.0011253142811717312,0.0005953914525406902,0.0017311647331070602,49,Extreme close-up,popular
1981.0,0.0010060519864248797,0.0005426163059016713,0.0015742506551008047,52,Extreme close-up,popular
1982.0,0.0013471015906069965,0.0007950141101599694,0.00199548543314362,38,Extreme close-up,popular
1983.0,0.001325042119020996,0.0009288168755635823,0.0017894452666548995,42,Extreme close-up,popular
1984.0,0.0012968569262339176,0.0007905625862617053,0.0019058776094739304,47,Extreme close-up,popular
1985.0,0.0010021112485683527,0.0006633750213809564,0.0014051017168578244,46,Extreme close-up,popular
1986.0,0.0013806047079017675,0.0008052687314409803,0.0020783805708104877,41,Extreme close-up,popular
1987.0,0.0011521666137768874,0.0006636039346258933,0.0016894514678982044,47,Extreme close-up,popular
1988.0,0.0014295969474514458,0.0009106272179873849,0.0019817938432865334,46,Extreme close-up,popular
1989.0,0.0011996236077324244,0.0007859734817283129,0.0016741684619735542,44,Extreme close-up,popular
1990.0,0.0021771626368068623,0.0014658673124592467,0.002962378638878118,43,Extreme close-up,popular
1991.0,0.001677399603188585,0.0012446637529814886,0.00216909820948137,47,Extreme close-up,popular
1992.0,0.0017754032112377463,0.0011625806311977855,0.002527387261710824,44,Extreme close-up,popular
1993.0,0.00196203108428813,0.0011762838835013077,0.0030102206790448027,46,Extreme close-up,popular
1994.0,0.0016777546212632401,0.0010339871689680185,0.0023905602293021575,46,Extreme close-up,popular
1995.0,0.0016795729929445257,0.0012156873845687694,0.0022151495473993195,51,Extreme close-up,popular
1996.0,0.0017045579620723684,0.0011698146989299132,0.0022423025917769545,45,Extreme close-up,popular
1997.0,0.0019446146387964555,0.0012906761676044866,0.0026994043806193857,45,Extreme close-up,popular
1998.0,0.0014137382120552957,0.0009040559584490558,0.00195791843886699,49,Extreme close-up,popular
1999.0,0.0016450540239053076,0.0008716728799643597,0.0026879146811124113,47,Extreme close-up,popular
2000.0,0.0015392094331354651,0.0010736342847475226,0.002039185828942732,45,Extreme close-up,popular
2001.0,0.0015913960803392603,0.001129306043177633,0.0021286586532938707,46,Extreme close-up,popular
2002.0,0.0018707560125866196,0.0011596562270019442,0.0028917196387313483,48,Extreme close-up,popular
2003.0,0.00192068314385537,0.0011770190841158211,0.002811581837478577,49,Extreme close-up,popular
2004.0,0.002020733032836363,0.001473428918192111,0.0026272358252921826,49,Extreme close-up,popular
2005.0,0.002321348363661769,0.0014871188773771975,0.003316901862757011,48,Extreme close-up,popular
2006.0,0.0017981699510908292,0.001273919951913155,0.00234283536192298,48,Extreme close-up,popular
2007.0,0.0021759737663585403,0.0012426075128931225,0.0034310058384464616,49,Extreme close-up,popular
2008.0,0.0016485484904597413,0.0011434186685360598,0.0022323762579531435,50,Extreme close-up,popular
2009.0,0.0014068431957701426,0.0009200871739657179,0.0020239017326454363,45,Extreme close-up,popular
2010.0,0.002107154846906812,0.0013958768155029435,0.002875232591654535,48,Extreme close-up,popular
2011.0,0.00279005503168108,0.0017127798668464006,0.004055089631542823,46,Extreme close-up,popular
2012.0,0.001634582656351886,0.0011775273414061007,0.0021741318555109643,50,Extreme close-up,popular
2013.0,0.0022257306230540736,0.001521659242818964,0.00300340290352921,48,Extreme close-up,popular
2014.0,0.0018040710293753877,0.0010200165441859735,0.0028749423728314442,50,Extreme close-up,popular
2015.0,0.0008635407311165055,0.0005134068138096473,0.0013063754224435526,43,Extreme close-up,popular
2016.0,0.002011747448869099,0.001309102764876262,0.002818310942904496,50,Extreme close-up,popular
2017.0,0.0010101494261947745,0.000705135912222545,0.001302254934112907,48,Extreme close-up,popular
2018.0,0.001986922420617959,0.0013811487409385382,0.002680859943772607,46,Extreme close-up,popular
2019.0,0.0017155758323358955,0.0010700972675403426,0.002407697218764181,58,Extreme close-up,popular
2020.0,0.001625251600744987,0.0006451166782929613,0.0031969715995411206,33,Extreme close-up,popular
2021.0,0.0008756998624660407,0.000589987666330495,0.0012357350501276797,41,Extreme close-up,popular
2022.0,0.0016288676180499886,0.0011318887239777941,0.0022572949272393946,41,Extreme close-up,popular
2023.0,0.0014246531927164607,0.0009730415585972708,0.0019228114772982831,44,Extreme close-up,popular
2024.0,0.0012871665679395515,0.0008898854802227341,0.0017306444955017346,45,Extreme close-up,popular
2025.0,0.0015632233884109161,0.0009330984573711246,0.002196857367707827,32,Extreme close-up,popular
1921.0,0.010380344702414375,0.009489953632148378,0.011270735772680372,2,Close-up,popular
1922.0,0.016320797534975545,0.012424685702240175,0.020954932473881475,16,Close-up,popular
1923.0,0.01079770773688553,0.007198159323242037,0.015015759777874345,18,Close-up,popular
1924.0,0.01285781114205099,0.008286019465758514,0.01800450604630837,17,Close-up,popular
1925.0,0.014088618692163083,0.009679034797147996,0.019684088235557496,17,Close-up,popular
1926.0,0.013117172488504884,0.011294081291512917,0.015236082907254098,29,Close-up,popular
1927.0,0.015286795601704647,0.011501471037187943,0.019617179586565753,30,Close-up,popular
1928.0,0.014243198791201754,0.010579904792918935,0.018454418317591936,22,Close-up,popular
1929.0,0.008283847768582356,0.0065477251678339315,0.01014730372046491,38,Close-up,popular
1930.0,0.009683364952516071,0.006920433952076261,0.012854104869753717,33,Close-up,popular
1931.0,0.011032665903395314,0.009081136621870697,0.012974920389788765,32,Close-up,popular
1932.0,0.013842621768716893,0.010649497736696248,0.017709054438922765,31,Close-up,popular
1933.0,0.012522760517814249,0.008109685901039203,0.01960440201172953,28,Close-up,popular
1934.0,0.009890502636009095,0.007904186831203055,0.012262967346296285,33,Close-up,popular
1935.0,0.008155947512374452,0.00645058096928904,0.010321181463101207,32,Close-up,popular
1936.0,0.009177933691163633,0.007571224197998476,0.01095808329590031,36,Close-up,popular
1937.0,0.011624875495388622,0.009256837817718423,0.013819442489850734,37,Close-up,popular
1938.0,0.008943810997862352,0.007068719336783449,0.010982602648164613,33,Close-up,popular
1939.0,0.010578003285284285,0.008258583973276603,0.013303409716570389,41,Close-up,popular
1940.0,0.010305669669006806,0.007759511914443139,0.01326037528704222,34,Close-up,popular
1941.0,0.010791559828599228,0.008216562584657906,0.013640547217039044,37,Close-up,popular
1942.0,0.008982626058491896,0.00724752441631307,0.010826984295861963,37,Close-up,popular
1943.0,0.011257106427382306,0.008677994576178552,0.014017716440238198,38,Close-up,popular
1944.0,0.010200948378546074,0.007752765623958057,0.012725795328513388,35,Close-up,popular
1945.0,0.011384865357893905,0.008435391519520555,0.014910461611741822,37,Close-up,popular
1946.0,0.010099956027174888,0.0077262311750518915,0.012922266186860532,35,Close-up,popular
1947.0,0.008813443992172718,0.006495960978817659,0.011480106721040375,32,Close-up,popular
1948.0,0.008036100146708853,0.0059986943472365144,0.010204868138019879,38,Close-up,popular
1949.0,0.010352785502572816,0.007281803482092006,0.01458348621502417,36,Close-up,popular
1950.0,0.006264401768966227,0.004961296383082782,0.007661435993795819,33,Close-up,popular
1951.0,0.009874294472296423,0.007085608303914167,0.012771957711265157,36,Close-up,popular
1952.0,0.00786569764129228,0.005417995407152322,0.010930742096815304,36,Close-up,popular
1953.0,0.006866351241539307,0.004752957813307852,0.009215012278252718,33,Close-up,popular
1954.0,0.007811301763654361,0.005475606157114109,0.011308760114488886,37,Close-up,popular
1955.0,0.006168613817581433,0.004750829434860051,0.007823368405737292,38,Close-up,popular
1956.0,0.006039324892914745,0.004290180694937049,0.008126534364554391,35,Close-up,popular
1957.0,0.009219884106803808,0.0063006655376939375,0.012745342798933103,31,Close-up,popular
1958.0,0.007779960189487854,0.005142683639195708,0.011252213683632807,35,Close-up,popular
1959.0,0.008726470166583138,0.00665474028270651,0.011195056363336764,31,Close-up,popular
1960.0,0.007698482695518425,0.0054729571672251865,0.009995434428934028,39,Close-up,popular
1961.0,0.0071448279485739185,0.005577762821932769,0.009054760612444137,32,Close-up,popular
1962.0,0.009102144336155431,0.006409840564111627,0.012102485751055365,41,Close-up,popular
1963.0,0.009880388975968489,0.006233351264340502,0.013873584036692843,39,Close-up,popular
1964.0,0.012008818092343772,0.008169275195235219,0.016324805928169338,38,Close-up,popular
1965.0,0.01317023599183414,0.009691424256344767,0.017121083980382267,31,Close-up,popular
1966.0,0.012505475562201007,0.009781843374460435,0.015493539031377887,37,Close-up,popular
1967.0,0.012747416503065493,0.009235532149138984,0.016798304576722444,32,Close-up,popular
1968.0,0.016832240635739765,0.011711851440119667,0.023442275612332992,35,Close-up,popular
1969.0,0.012017939389948449,0.00861326202209906,0.015557045600047205,26,Close-up,popular
1970.0,0.012632691345442523,0.009261655346205539,0.016372938497490896,31,Close-up,popular
1971.0,0.02006484279442135,0.014581397147952964,0.026528330984822695,33,Close-up,popular
1972.0,0.016031489619466783,0.012032340560424189,0.021108632424111873,38,Close-up,popular
1973.0,0.01592366483225145,0.012673517659133915,0.01953767420952925,36,Close-up,popular
1974.0,0.018744052612377823,0.014329925917557752,0.023317794345316226,37,Close-up,popular
1975.0,0.014913848302474232,0.011295143333640636,0.018723560451604865,37,Close-up,popular
1976.0,0.01794839175790792,0.014522807739001883,0.021893031067720562,37,Close-up,popular
1977.0,0.01966385000017225,0.015096858244179273,0.02477041010430852,40,Close-up,popular
1978.0,0.01494510040340441,0.012324462417445415,0.01769814222912405,42,Close-up,popular
1979.0,0.01987221033729349,0.014741056368094876,0.025919407484556137,35,Close-up,popular
1980.0,0.015585839411952908,0.012519852147997251,0.01840764688425099,49,Close-up,popular
1981.0,0.021655421677940052,0.018400948968761665,0.025086709557385085,52,Close-up,popular
1982.0,0.027400992144683372,0.021668185846350562,0.033024831122039626,38,Close-up,popular
1983.0,0.02381892408674152,0.018855016571263167,0.028363281114952652,42,Close-up,popular
1984.0,0.02534257901407406,0.020878452314907238,0.030334849831595425,47,Close-up,popular
1985.0,0.025744444404838755,0.021749908205125616,0.029756633044309158,46,Close-up,popular
1986.0,0.027757726891220618,0.02255342997497935,0.03379283372623439,41,Close-up,popular
1987.0,0.027821966615908068,0.023846285702979825,0.031607944070944714,47,Close-up,popular
1988.0,0.029719969041311096,0.024839035931333592,0.03495910368672725,46,Close-up,popular
1989.0,0.03135990066511813,0.02705417861815894,0.03576669086698599,44,Close-up,popular
1990.0,0.04078052240747716,0.034890195256659685,0.04686381325081025,43,Close-up,popular
1991.0,0.0323481937548629,0.027926212264814874,0.03678834492815942,47,Close-up,popular
1992.0,0.03201298123125328,0.027153993343860844,0.03716301908108269,44,Close-up,popular
1993.0,0.03738854184387258,0.03243583604920541,0.04253345681212996,46,Close-up,popular
1994.0,0.03961024351743111,0.03511767160198937,0.04427017744829444,46,Close-up,popular
1995.0,0.0394406515050289,0.03381748070693216,0.04585692554632452,51,Close-up,popular
1996.0,0.04404426999618742,0.03755153353790941,0.05118853147459455,45,Close-up,popular
1997.0,0.0482826084821292,0.042120129690014566,0.054665707060413155,45,Close-up,popular
1998.0,0.04199419339074909,0.03636952322000114,0.0478010298701614,49,Close-up,popular
1999.0,0.04862233470664537,0.04134205227754862,0.056117168238639624,47,Close-up,popular
2000.0,0.047830975331959465,0.04091247045814818,0.0546410357632622,45,Close-up,popular
2001.0,0.049428297201733355,0.04328084204033297,0.05693646987488177,46,Close-up,popular
2002.0,0.04972024872261943,0.04396765411109498,0.05563530307920437,48,Close-up,popular
2003.0,0.04703672699853661,0.0405184396258278,0.05441463790036224,49,Close-up,popular
2004.0,0.047667869491198125,0.042040461901753846,0.05335900279724511,49,Close-up,popular
2005.0,0.0498515112421656,0.04410206810093907,0.05608231336024593,48,Close-up,popular
2006.0,0.042628307599774096,0.03685805470133015,0.04862639486914279,48,Close-up,popular
2007.0,0.050127212065029444,0.04498944247183445,0.05584416780779009,49,Close-up,popular
2008.0,0.05264299889686743,0.045180701810469376,0.06062271014885284,50,Close-up,popular
2009.0,0.048738768695605936,0.04218164950592508,0.055557155653097004,45,Close-up,popular
2010.0,0.05234351765531833,0.04721917625502314,0.0575047955056478,48,Close-up,popular
2011.0,0.04743511935449764,0.04094300015525753,0.05413087067713243,46,Close-up,popular
2012.0,0.046916829601036485,0.04095009323577492,0.05275328765129387,50,Close-up,popular
2013.0,0.049154346023219476,0.04221148990078739,0.05637983142020353,48,Close-up,popular
2014.0,0.04874782214615154,0.043758437250365344,0.05424313656556475,50,Close-up,popular
2015.0,0.04510836828322655,0.03877374248920512,0.051535922420114934,43,Close-up,popular
2016.0,0.04470819217311162,0.0385497988447015,0.05085035131994311,50,Close-up,popular
2017.0,0.05137307071090497,0.04640056865493968,0.05639493050772704,48,Close-up,popular
2018.0,0.051621299292673596,0.04616843272661542,0.057727047979448935,46,Close-up,popular
2019.0,0.05029379302456361,0.044803154463249784,0.05579316705524393,58,Close-up,popular
2020.0,0.05222323514605993,0.04509403764319108,0.060394844469351214,33,Close-up,popular
2021.0,0.05333416468629093,0.04689529026734283,0.059762430371594476,41,Close-up,popular
2022.0,0.05058036907271062,0.044494388795281455,0.05666883387948696,41,Close-up,popular
2023.0,0.04461330819538534,0.038691010806505034,0.0504125874120273,44,Close-up,popular
2024.0,0.05201778195201436,0.04548315466913779,0.05859367372835283,45,Close-up,popular
2025.0,0.052473839254346094,0.046444079125700345,0.057953554741402166,32,Close-up,popular
1921.0,0.07002647961682884,0.06472952086553323,0.07532343836812445,2,Medium close-up,popular
1922.0,0.042529305388769444,0.02516339311697708,0.06051666003230156,16,Medium close-up,popular
1923.0,0.03296018431711847,0.02111725992939479,0.04541268253120079,18,Medium close-up,popular
1924.0,0.02795669753157761,0.019960440307391514,0.03721522038859264,17,Medium close-up,popular
1925.0,0.04101336617226451,0.023406322388038494,0.06324610070586927,17,Medium close-up,popular
1926.0,0.04289039521076988,0.03183796097192556,0.05483965384976038,29,Medium close-up,popular
1927.0,0.06687585604880934,0.0531436737408575,0.0833157065713171,30,Medium close-up,popular
1928.0,0.08875786183102605,0.06470248372563489,0.11570250561363804,22,Medium close-up,popular
1929.0,0.02848175715148187,0.0211526097494344,0.03636985041075938,38,Medium close-up,popular
1930.0,0.02388414288592571,0.016876541691197736,0.0322890169787102,33,Medium close-up,popular
1931.0,0.037907491777585366,0.02937245270065725,0.046569783715127024,32,Medium close-up,popular
1932.0,0.04936003799873694,0.03804022988674853,0.06148572249646576,31,Medium close-up,popular
1933.0,0.04434302640150934,0.03456263648094677,0.05502572226967875,28,Medium close-up,popular
1934.0,0.07009946984360482,0.056131748683228996,0.08540948525548653,33,Medium close-up,popular
1935.0,0.06241845398762383,0.0480700417849817,0.0771747251208203,32,Medium close-up,popular
1936.0,0.06386137990061717,0.049576524431336276,0.07965684330345858,36,Medium close-up,popular
1937.0,0.06514593698071924,0.05238193096124819,0.07696508892330524,37,Medium close-up,popular
1938.0,0.05781268512803611,0.04662696156177238,0.07041811861956081,33,Medium close-up,popular
1939.0,0.06627905843538509,0.05495795668938346,0.0781641345880709,41,Medium close-up,popular
1940.0,0.06426879412590791,0.050770632876162305,0.07892791537828232,34,Medium close-up,popular
1941.0,0.06215620084753983,0.046037867106750535,0.08073642294241559,37,Medium close-up,popular
1942.0,0.06006554434719609,0.047769061329598524,0.07378827078917531,37,Medium close-up,popular
1943.0,0.06584328062955151,0.05086571907108459,0.08370450649370961,38,Medium close-up,popular
1944.0,0.05107086238901292,0.04067534910109381,0.061175026964017463,35,Medium close-up,popular
1945.0,0.06198372474249414,0.04833692705490049,0.07650640930614186,37,Medium close-up,popular
1946.0,0.056037534878615326,0.04265823156441654,0.0717082742990067,35,Medium close-up,popular
1947.0,0.05561348804032093,0.04175176568492961,0.07230808801912372,32,Medium close-up,popular
1948.0,0.060469387604632344,0.04798161970681831,0.07474637471011271,38,Medium close-up,popular
1949.0,0.0491935088333639,0.03879386979047536,0.06146670500358952,36,Medium close-up,popular
1950.0,0.03418120267294556,0.023502785992985005,0.048159710837717536,33,Medium close-up,popular
1951.0,0.04154631229257722,0.030745862345572587,0.05323027042858017,36,Medium close-up,popular
1952.0,0.0441775256500394,0.03089812114820798,0.05902921102400499,36,Medium close-up,popular
1953.0,0.04193676977461605,0.031111095645550656,0.05280657022111276,33,Medium close-up,popular
1954.0,0.047901888801906815,0.0315002480652684,0.06463496411232267,37,Medium close-up,popular
1955.0,0.031857959723626275,0.02296167814159764,0.04206499164933839,38,Medium close-up,popular
1956.0,0.05184235804463412,0.034161213929107925,0.07234043280621617,35,Medium close-up,popular
1957.0,0.06626445797806803,0.0471341114298502,0.0867471995050052,31,Medium close-up,popular
1958.0,0.06805323023670189,0.045851037569166884,0.09339265456792929,35,Medium close-up,popular
1959.0,0.08264287134274796,0.058374300213651344,0.11086339951239746,31,Medium close-up,popular
1960.0,0.08249935549381232,0.06349687557075194,0.10137565777504161,39,Medium close-up,popular
1961.0,0.09354568208105289,0.07393270655835947,0.11449742533420695,32,Medium close-up,popular
1962.0,0.10867027988656165,0.08620522948202036,0.131019914766706,41,Medium close-up,popular
1963.0,0.10309231155575073,0.08374523431382885,0.1252854611751674,39,Medium close-up,popular
1964.0,0.11696760699220107,0.09163730515390957,0.1448073667748627,38,Medium close-up,popular
1965.0,0.11937142703210545,0.09226896221180977,0.15153499867732384,31,Medium close-up,popular
1966.0,0.12475727233092065,0.10406275443533354,0.1474762088580271,37,Medium close-up,popular
1967.0,0.14760177931919988,0.12357561227507502,0.17378669878533273,32,Medium close-up,popular
1968.0,0.16802232780615337,0.13529444238035446,0.2014647175994507,35,Medium close-up,popular
1969.0,0.18170945334182703,0.14729096287284676,0.2143359168452348,26,Medium close-up,popular
1970.0,0.1894920049890832,0.1520680100933511,0.2258792268900974,31,Medium close-up,popular
1971.0,0.20553319154460625,0.1804594199726505,0.23417651724745203,33,Medium close-up,popular
1972.0,0.1989178584087513,0.17176465206686167,0.22499117143329356,38,Medium close-up,popular
1973.0,0.193541643880748,0.16285970609775982,0.22548135769618302,36,Medium close-up,popular
1974.0,0.1838212803535134,0.15283082967918993,0.21642339751143977,37,Medium close-up,popular
1975.0,0.18112362930725592,0.15072792325228512,0.2126808408634898,37,Medium close-up,popular
1976.0,0.19428536003182062,0.169098017579168,0.21903898264075436,37,Medium close-up,popular
1977.0,0.1768950983518,0.15795652635151958,0.19549919528561108,40,Medium close-up,popular
1978.0,0.16672591529437325,0.14581629996096454,0.187544810509184,42,Medium close-up,popular
1979.0,0.19697375926199065,0.17140579599389588,0.22343932607955827,35,Medium close-up,popular
1980.0,0.18022921052000335,0.15782014521300888,0.20075392869154174,49,Medium close-up,popular
1981.0,0.17335441783488983,0.15359279458400735,0.19436252160557124,52,Medium close-up,popular
1982.0,0.19212459403768006,0.16665549574826533,0.22165276707644763,38,Medium close-up,popular
1983.0,0.17983696581427738,0.15353693326908388,0.2034413944237106,42,Medium close-up,popular
1984.0,0.19295083257739176,0.1723441285352649,0.21365221833389333,47,Medium close-up,popular
1985.0,0.19986760210820292,0.1738086233072456,0.22562952877838308,46,Medium close-up,popular
1986.0,0.2230990868073103,0.1892976279098994,0.2555489402836592,41,Medium close-up,popular
1987.0,0.227583100909077,0.20528958409785342,0.24930344357955134,47,Medium close-up,popular
1988.0,0.2187539375099279,0.19439902379479626,0.24294498708978604,46,Medium close-up,popular
1989.0,0.23090903889960784,0.205511810280861,0.25685341437826176,44,Medium close-up,popular
1990.0,0.242898600165612,0.21601647522148829,0.2705968051291452,43,Medium close-up,popular
1991.0,0.2559479177727176,0.2286841438347551,0.2863012077632056,47,Medium close-up,popular
1992.0,0.2388943420979839,0.2150129150156392,0.2639591638837834,44,Medium close-up,popular
1993.0,0.2398220082524573,0.21470698922444822,0.2642577310326693,46,Medium close-up,popular
1994.0,0.2520096051049282,0.22955071401302907,0.27224282893942175,46,Medium close-up,popular
1995.0,0.2687373629218165,0.2392163157297826,0.29807442586383703,51,Medium close-up,popular
1996.0,0.26282948266279377,0.2309118121489195,0.2922260707090539,45,Medium close-up,popular
1997.0,0.2835429647214092,0.2524846381802404,0.313061103760951,45,Medium close-up,popular
1998.0,0.26505361648817116,0.23355545269599928,0.2980969798286832,49,Medium close-up,popular
1999.0,0.25122476709560115,0.2232877363658793,0.2810822615297944,47,Medium close-up,popular
2000.0,0.27891582748710414,0.2550981980858312,0.3026199098497082,45,Medium close-up,popular
2001.0,0.2686478772559103,0.238704242264574,0.2986712365550724,46,Medium close-up,popular
2002.0,0.25743428280926245,0.2284402335978949,0.2847863725739374,48,Medium close-up,popular
2003.0,0.255072566623606,0.22350059641151906,0.28806086683377563,49,Medium close-up,popular
2004.0,0.24530133045305955,0.20849836443986042,0.27729375070101536,49,Medium close-up,popular
2005.0,0.2615460240686262,0.2343299238154558,0.2916326348798118,48,Medium close-up,popular
2006.0,0.22961249164017175,0.19220651300577518,0.2621765107312631,48,Medium close-up,popular
2007.0,0.2239457357622101,0.19216424445561844,0.2544847819283013,49,Medium close-up,popular
2008.0,0.21541740062901307,0.18792194894161487,0.2446547812659015,50,Medium close-up,popular
2009.0,0.21809952933827495,0.18729583682892378,0.2480722994105302,45,Medium close-up,popular
2010.0,0.2463508803710793,0.21150628017680126,0.28309694049471235,48,Medium close-up,popular
2011.0,0.19858436622242337,0.17045739854353673,0.22606034707821868,46,Medium close-up,popular
2012.0,0.2424903008792906,0.21135576838265058,0.27451153447330934,50,Medium close-up,popular
2013.0,0.22973132667155585,0.19714155836299274,0.2628181364239107,48,Medium close-up,popular
2014.0,0.2398914552808913,0.20899767599224436,0.2718055291165207,50,Medium close-up,popular
2015.0,0.20659516495776908,0.17841037241413726,0.23386671982928658,43,Medium close-up,popular
2016.0,0.23565588712717236,0.20533177947472556,0.26649502025005134,50,Medium close-up,popular
2017.0,0.21315883916614733,0.1873547910287064,0.24008398031628847,48,Medium close-up,popular
2018.0,0.21426173577346616,0.18780713328791765,0.24461454935212731,46,Medium close-up,popular
2019.0,0.19863049834617177,0.17368774574092516,0.22449903343790323,58,Medium close-up,popular
2020.0,0.23079801290846505,0.19814416072895707,0.26654464465118005,33,Medium close-up,popular
2021.0,0.20479361660661502,0.1770493390001276,0.23523592146961234,41,Medium close-up,popular
2022.0,0.22187709756460303,0.1890063039412287,0.2540927875097674,41,Medium close-up,popular
2023.0,0.21016348436110543,0.18286442068186617,0.23935817045883465,44,Medium close-up,popular
2024.0,0.19979674947705026,0.17296753413014068,0.22931283812752293,45,Medium close-up,popular
2025.0,0.2009696553030245,0.16925011157046746,0.2316604190929625,32,Medium close-up,popular
1921.0,0.2813038337602663,0.22377125193199382,0.3388364155885388,2,Medium,popular
1922.0,0.2870363444640822,0.2443108027004002,0.3254920804320295,16,Medium,popular
1923.0,0.32311787689087795,0.2817288088770182,0.3692470389974999,18,Medium,popular
1924.0,0.33348258197622943,0.2864818606849283,0.38463282941357074,17,Medium,popular
1925.0,0.28849449035001384,0.22915159184194298,0.34699195374859315,17,Medium,popular
1926.0,0.3640806521884569,0.32472122548012894,0.40364450742844704,29,Medium,popular
1927.0,0.40278089850065046,0.36417774855053875,0.43490613524227956,30,Medium,popular
1928.0,0.43933203162882034,0.39563599148723216,0.4771098825379738,22,Medium,popular
1929.0,0.4225824142263718,0.3790047578296562,0.4634484303807182,38,Medium,popular
1930.0,0.4553728062234681,0.41435586369313526,0.4946115775278614,33,Medium,popular
1931.0,0.4513050019446855,0.4160364988270649,0.4885808677147621,32,Medium,popular
1932.0,0.5095706324493718,0.46953151562675816,0.5447190031849068,31,Medium,popular
1933.0,0.4610154858857745,0.4304588482613609,0.4919459167367325,28,Medium,popular
1934.0,0.4724679693594752,0.44985649084877316,0.4945284883305656,33,Medium,popular
1935.0,0.4828494268484624,0.4549892524077443,0.5109380957485948,32,Medium,popular
1936.0,0.4854600493380914,0.4573883863615887,0.5142819823507488,36,Medium,popular
1937.0,0.46884624603557984,0.4384791373518674,0.5003471895937309,37,Medium,popular
1938.0,0.48677528736863396,0.4588362374521395,0.5155672066106094,33,Medium,popular
1939.0,0.46977060876784876,0.43175461403585635,0.5026900193852072,41,Medium,popular
1940.0,0.49160768524933696,0.45069477979994693,0.5312305549584214,34,Medium,popular
1941.0,0.4788552797424984,0.4520537641272675,0.5080372396389469,37,Medium,popular
1942.0,0.4779267377358923,0.4415079279516797,0.5091411805426959,37,Medium,popular
1943.0,0.4532109667654874,0.42469889509645775,0.479464474992735,38,Medium,popular
1944.0,0.486788267908532,0.45795057839397374,0.5174918333082186,35,Medium,popular
1945.0,0.4761325281505777,0.44604957337813594,0.5036160858126504,37,Medium,popular
1946.0,0.49344601307713115,0.4649216286401622,0.5210555020397702,35,Medium,popular
1947.0,0.48856454107321995,0.4591813172389309,0.5161368462963404,32,Medium,popular
1948.0,0.48406761114574826,0.44482190825899354,0.5211939956622044,38,Medium,popular
1949.0,0.4782750841307181,0.452909429318415,0.5030473947983943,36,Medium,popular
1950.0,0.44129926346421405,0.40803406829036853,0.47514810713177563,33,Medium,popular
1951.0,0.4343703319258251,0.40228236489715097,0.46956188527460613,36,Medium,popular
1952.0,0.41186037549839943,0.37747471790645887,0.4433006646675228,36,Medium,popular
1953.0,0.39775150659590686,0.36283132280987224,0.43301227005892595,33,Medium,popular
1954.0,0.44538368675394724,0.40934511838915544,0.4808104895795979,37,Medium,popular
1955.0,0.4482907680437571,0.3998503722194387,0.49613494823041226,38,Medium,popular
1956.0,0.42366897250950447,0.39358471800279016,0.4573929250016134,35,Medium,popular
1957.0,0.4505225737466565,0.4128866197090716,0.4871187344482793,31,Medium,popular
1958.0,0.4620523220189445,0.406814613523307,0.505961648587889,35,Medium,popular
1959.0,0.48145485569242163,0.4332745774665823,0.5286324651769768,31,Medium,popular
1960.0,0.5026560882555194,0.47006541565366866,0.5328064651206845,39,Medium,popular
1961.0,0.48616800104050606,0.4473711329114744,0.5250162316649452,32,Medium,popular
1962.0,0.5012353565402681,0.4653129225747305,0.5365914068115462,41,Medium,popular
1963.0,0.4876899868760748,0.4566400832170029,0.5205353301700927,39,Medium,popular
1964.0,0.4854500201543129,0.45156005666753646,0.5205642183367826,38,Medium,popular
1965.0,0.4395472530071594,0.4020382989725126,0.4769581493075204,31,Medium,popular
1966.0,0.44234219057300384,0.4001813921249171,0.4754944857853974,37,Medium,popular
1967.0,0.47126695235294425,0.4390851217109469,0.5036856158063651,32,Medium,popular
1968.0,0.42132149779872097,0.3930815734808497,0.4475709931238116,35,Medium,popular
1969.0,0.4104767954963787,0.3727481286534028,0.44747869949481334,26,Medium,popular
1970.0,0.42546842356842873,0.39363019943298827,0.4575890782570774,31,Medium,popular
1971.0,0.4133299658451566,0.38191680380296666,0.4413267243088653,33,Medium,popular
1972.0,0.44118484301434696,0.4137210564228794,0.4678387768169878,38,Medium,popular
1973.0,0.4300380398094361,0.4041722120026763,0.45314569809365146,36,Medium,popular
1974.0,0.41016583833524917,0.37702391918304645,0.43936424640970556,37,Medium,popular
1975.0,0.41934557950798046,0.3883672583062524,0.4460927397093711,37,Medium,popular
1976.0,0.40989967559251284,0.3839216919430242,0.43795079319002694,37,Medium,popular
1977.0,0.4262443021571535,0.4010956066885915,0.45087473398857875,40,Medium,popular
1978.0,0.42306539925905845,0.39640168304928786,0.4508796519637642,42,Medium,popular
1979.0,0.42730680812981486,0.3949995321651527,0.45923971554701026,35,Medium,popular
1980.0,0.4211008936971227,0.40214907537541766,0.43979207654515634,49,Medium,popular
1981.0,0.4234826622336134,0.40330687387710096,0.4448482419234562,52,Medium,popular
1982.0,0.42370831664789965,0.39410537605474305,0.4555326014005195,38,Medium,popular
1983.0,0.4172436385827693,0.3951726839586231,0.44297939326526276,42,Medium,popular
1984.0,0.42061904530167166,0.3962026437259407,0.4444480839496185,47,Medium,popular
1985.0,0.407746415505836,0.38528872206953996,0.42896608494313465,46,Medium,popular
1986.0,0.39761316315974554,0.36881087591553924,0.4255117174221321,41,Medium,popular
1987.0,0.42313417724334645,0.40287770755549385,0.4411285206722635,47,Medium,popular
1988.0,0.4101325523108777,0.38325349594245767,0.4371997964574142,46,Medium,popular
1989.0,0.4130976555034952,0.396353746573879,0.4289466792807438,44,Medium,popular
1990.0,0.4036947248773028,0.3805067749591748,0.4286416822017152,43,Medium,popular
1991.0,0.4017573035215122,0.3813127957380677,0.42166093634765855,47,Medium,popular
1992.0,0.4176971088751444,0.39684987710250746,0.4384110960794814,44,Medium,popular
1993.0,0.395337622130362,0.3759564711152176,0.4140382762602772,46,Medium,popular
1994.0,0.39991959412352407,0.381398693658722,0.4202779096424861,46,Medium,popular
1995.0,0.3837925892420165,0.3601014204025757,0.4079187165599278,51,Medium,popular
1996.0,0.386308822759069,0.35939671826286806,0.41531347215852665,45,Medium,popular
1997.0,0.3826481110729807,0.3585847739041286,0.4068342988022455,45,Medium,popular
1998.0,0.37449089805389923,0.34484006481978347,0.40438582599202155,49,Medium,popular
1999.0,0.3859955291856774,0.358988241811967,0.4105028981901128,47,Medium,popular
2000.0,0.3893625255177136,0.36695254316115467,0.41253919588921134,45,Medium,popular
2001.0,0.38492120880719993,0.35966391376931217,0.4110351213656934,46,Medium,popular
2002.0,0.38239953745389754,0.3600177681848782,0.40608923551068293,48,Medium,popular
2003.0,0.38244420801966306,0.35169672195488966,0.4150090314932335,49,Medium,popular
2004.0,0.38733751310442366,0.36059140661521977,0.41413723968106053,49,Medium,popular
2005.0,0.38308552919291045,0.3539011726158712,0.4130140652091148,48,Medium,popular
2006.0,0.3834457304766765,0.3500381503332948,0.41757657377337254,48,Medium,popular
2007.0,0.39950578234989326,0.37542595322267974,0.4256121166751594,49,Medium,popular
2008.0,0.4038164256212253,0.3742000613073659,0.43647819440484453,50,Medium,popular
2009.0,0.3948696013123677,0.3609225088516101,0.42699659408950086,45,Medium,popular
2010.0,0.3858603268079741,0.3612535696737307,0.41244120507159887,48,Medium,popular
2011.0,0.39089225728392213,0.359256295199198,0.4242264940067474,46,Medium,popular
2012.0,0.37198705400779875,0.3468054759018307,0.396767870379914,50,Medium,popular
2013.0,0.37051535076582925,0.34225448865560565,0.3951320737515418,48,Medium,popular
2014.0,0.3848387797392757,0.3584971120340085,0.4082102948564187,50,Medium,popular
2015.0,0.3979044081036508,0.3702788640324961,0.42674084322749184,43,Medium,popular
2016.0,0.35650947852121,0.3274291981076392,0.38479034701113995,50,Medium,popular
2017.0,0.36674561693825874,0.33386649124367596,0.39713784728156176,48,Medium,popular
2018.0,0.40670673318079054,0.38005050693258957,0.4330365812576115,46,Medium,popular
2019.0,0.39655741392665267,0.37362618456898533,0.41770350015328594,58,Medium,popular
2020.0,0.43834811614098373,0.4097254031999001,0.4676617677512693,33,Medium,popular
2021.0,0.38748237550881837,0.3659227319671757,0.40995007198815403,41,Medium,popular
2022.0,0.399634203818248,0.3735797174097879,0.4299065948766611,41,Medium,popular
2023.0,0.38255933611171894,0.35921814976984234,0.4052647345252954,44,Medium,popular
2024.0,0.3749949469036194,0.34324760581349345,0.40437471584562446,45,Medium,popular
2025.0,0.4004331039202635,0.3724178537045844,0.4323023068346788,32,Medium,popular
1921.0,0.1992957243852797,0.18965790935788554,0.20893353941267387,2,Medium long,popular
1922.0,0.22226726321359697,0.1855884297058619,0.2614845619367125,16,Medium long,popular
1923.0,0.21887548495121628,0.19107814647226146,0.2469818121488013,18,Medium long,popular
1924.0,0.2235180344406012,0.18979908075367494,0.25702154802265975,17,Medium long,popular
1925.0,0.17906333332290897,0.1451471231775797,0.21796163186200887,17,Medium long,popular
1926.0,0.19815502179356612,0.17850731950638785,0.2180092371661322,29,Medium long,popular
1927.0,0.18708975820600873,0.1674624963124811,0.20709643170920333,30,Medium long,popular
1928.0,0.16499918421401225,0.14578452038511017,0.18359263585156055,22,Medium long,popular
1929.0,0.25696812016232995,0.23186219001852185,0.2816993094436936,38,Medium long,popular
1930.0,0.27517805347766383,0.2504797267489533,0.3012597858617521,33,Medium long,popular
1931.0,0.274335841400511,0.2516783977125653,0.29849901053271904,32,Medium long,popular
1932.0,0.22894323553874626,0.20887430475527755,0.25002137494192217,31,Medium long,popular
1933.0,0.2636024676021477,0.2279639478261297,0.298600869633199,28,Medium long,popular
1934.0,0.2553004598769936,0.23627828756424216,0.2750680909451236,33,Medium long,popular
1935.0,0.24925322194186633,0.22598608352078162,0.27115846034726887,32,Medium long,popular
1936.0,0.2341118233298133,0.22097411788374638,0.24845026602542747,36,Medium long,popular
1937.0,0.2198220763822083,0.20150895152298465,0.2404984463819786,37,Medium long,popular
1938.0,0.24668982964496783,0.22886856262152663,0.2639241943498477,33,Medium long,popular
1939.0,0.2285201067833927,0.2089925346174798,0.24807128180897917,41,Medium long,popular
1940.0,0.2173955650458946,0.19334337533185209,0.24008027496954767,34,Medium long,popular
1941.0,0.253709432998887,0.22964791815245153,0.28132231929103785,37,Medium long,popular
1942.0,0.22046240812882958,0.19994652943714505,0.24104744522161356,37,Medium long,popular
1943.0,0.22498372907298694,0.2019713031597309,0.2478087832074824,38,Medium long,popular
1944.0,0.2414613019085176,0.2228912488554604,0.26009740447641777,35,Medium long,popular
1945.0,0.2383520495503577,0.2187222253162142,0.2570876670472751,37,Medium long,popular
1946.0,0.24110696201329987,0.2215129585948557,0.2631040173264077,35,Medium long,popular
1947.0,0.2575866996367081,0.23422106902137554,0.2830861929863867,32,Medium long,popular
1948.0,0.2267882408403945,0.20910041685484654,0.24323031013335447,38,Medium long,popular
1949.0,0.2575823033925824,0.23315442175616705,0.2816583548087253,36,Medium long,popular
1950.0,0.2860957872012361,0.25540887554352837,0.31611077925749115,33,Medium long,popular
1951.0,0.2513279798933151,0.22395837764079227,0.2788999373411204,36,Medium long,popular
1952.0,0.2508514386320528,0.228529285766818,0.2746073804418503,36,Medium long,popular
1953.0,0.25576370758712497,0.22906078240906527,0.27985119075128445,33,Medium long,popular
1954.0,0.24380631142245907,0.21949627118231435,0.26723423315244615,37,Medium long,popular
1955.0,0.24494820853482827,0.21102882945440574,0.27736412523867876,38,Medium long,popular
1956.0,0.25776407291335635,0.2251638633099667,0.2922693521728752,35,Medium long,popular
1957.0,0.23587487008356886,0.20458847603836744,0.2691210663346899,31,Medium long,popular
1958.0,0.22355715156913705,0.19194282177533195,0.2569500779505392,35,Medium long,popular
1959.0,0.21446687347335677,0.18879520403711256,0.24136960158234003,31,Medium long,popular
1960.0,0.2122919774018331,0.1814869999834496,0.24373022741390674,39,Medium long,popular
1961.0,0.18389887006361694,0.15935121000458002,0.21128177788813232,32,Medium long,popular
1962.0,0.1737479546839631,0.15577689028758007,0.19334961316325597,41,Medium long,popular
1963.0,0.17530782854445792,0.15572571955014552,0.19473890570410415,39,Medium long,popular
1964.0,0.16803142868608284,0.14743854020627056,0.19070741227520413,38,Medium long,popular
1965.0,0.1631238704606597,0.1421918851400862,0.1837275205437472,31,Medium long,popular
1966.0,0.14659618549439393,0.12854376657110086,0.16559569666823182,37,Medium long,popular
1967.0,0.145851268753489,0.12639855257919677,0.16483968411219566,32,Medium long,popular
1968.0,0.1487750176946265,0.1296610018650735,0.17011488461543253,35,Medium long,popular
1969.0,0.14057731497822462,0.12145150851628143,0.15970871481539364,26,Medium long,popular
1970.0,0.1579663763991534,0.14022871903658898,0.17693675447718768,31,Medium long,popular
1971.0,0.13520282760462649,0.11852386029688652,0.15273334501724672,33,Medium long,popular
1972.0,0.14514530594921088,0.12876346181701842,0.1627413529128064,38,Medium long,popular
1973.0,0.13466574120507638,0.11984806383564409,0.14957926312427788,36,Medium long,popular
1974.0,0.14940314943113572,0.13409181173871776,0.16492341383802966,37,Medium long,popular
1975.0,0.15832846538265088,0.14207701008561407,0.17660098088349266,37,Medium long,popular
1976.0,0.14043790699828285,0.12734793598376587,0.1540509268044227,37,Medium long,popular
1977.0,0.14454506631781902,0.12833931057019488,0.16183560517398016,40,Medium long,popular
1978.0,0.1704079480417853,0.14945183735230066,0.1920173462668875,42,Medium long,popular
1979.0,0.1388035371450614,0.12564917433238862,0.15251689704603758,35,Medium long,popular
1980.0,0.15265283698672225,0.14078458014042247,0.16630804783980477,49,Medium long,popular
1981.0,0.14044520280703077,0.1273263635988432,0.15400064066879643,52,Medium long,popular
1982.0,0.13568875490679416,0.11573576358040664,0.15476091992559451,38,Medium long,popular
1983.0,0.1407240669533381,0.124813884754374,0.1567051428159508,42,Medium long,popular
1984.0,0.14004450048824077,0.12479918243153693,0.1539791341822016,47,Medium long,popular
1985.0,0.12929901602443375,0.11635620476768502,0.14205883397503583,46,Medium long,popular
1986.0,0.13424709477145988,0.11931936164976727,0.15134636610143765,41,Medium long,popular
1987.0,0.13139374579955074,0.11945553397772946,0.1439955664978068,47,Medium long,popular
1988.0,0.12420050599972507,0.10933156162274747,0.13881241973164393,46,Medium long,popular
1989.0,0.12276051240615965,0.11059297698192624,0.1357458850661906,44,Medium long,popular
1990.0,0.11459890439158492,0.10167586215769436,0.12730606806015768,43,Medium long,popular
1991.0,0.1178912713237103,0.10625526707139062,0.12976740709214826,47,Medium long,popular
1992.0,0.12173102810918675,0.11006218804063261,0.13345192374305323,44,Medium long,popular
1993.0,0.11953494459747407,0.10609804109939086,0.13267606618913327,46,Medium long,popular
1994.0,0.10989426070288898,0.09928029447853372,0.12153494977521792,46,Medium long,popular
1995.0,0.10564112767205296,0.09294024860781197,0.11722759387308973,51,Medium long,popular
1996.0,0.10341944990094487,0.09061923255652095,0.11699167362870022,45,Medium long,popular
1997.0,0.09021160858496194,0.07750566287944399,0.10175465046283742,45,Medium long,popular
1998.0,0.08568500777322421,0.07529047971932029,0.09583720107776894,49,Medium long,popular
1999.0,0.094198005347907,0.08385636281313807,0.10644150078069826,47,Medium long,popular
2000.0,0.09057630112552531,0.08042147505182416,0.10130946547791532,45,Medium long,popular
2001.0,0.08647247444010521,0.07654476066139458,0.09737272375900824,46,Medium long,popular
2002.0,0.0886860859855142,0.07718415772177312,0.10132892316372033,48,Medium long,popular
2003.0,0.09955443064247095,0.08530980080139357,0.11494162655559613,49,Medium long,popular
2004.0,0.09445998531456265,0.08302438585850858,0.10661769277225816,49,Medium long,popular
2005.0,0.08583626748005757,0.07500301170167653,0.09671317465945602,48,Medium long,popular
2006.0,0.09317609074541562,0.07879588867057555,0.11018902010374419,48,Medium long,popular
2007.0,0.09718007568609172,0.08296607754507428,0.11043593174876418,49,Medium long,popular
2008.0,0.08925946870102665,0.07868004598422321,0.10215081125296972,50,Medium long,popular
2009.0,0.08366410085525725,0.06970406259724078,0.09741953205037243,45,Medium long,popular
2010.0,0.07907830569528895,0.06732327744212364,0.09288634674799441,48,Medium long,popular
2011.0,0.08757543964477014,0.07567747725558249,0.10096391684368279,46,Medium long,popular
2012.0,0.08711539384075952,0.07473153106527618,0.0996445939717852,50,Medium long,popular
2013.0,0.08044470721768021,0.06822341191218816,0.09459317196863368,48,Medium long,popular
2014.0,0.08019779472241238,0.06809484172635476,0.09440615910397634,50,Medium long,popular
2015.0,0.08909105482609476,0.07785080036204876,0.10096932960684157,43,Medium long,popular
2016.0,0.07352505363407735,0.0643296503269592,0.08245261528337566,50,Medium long,popular
2017.0,0.08160622332631,0.06968288860065044,0.09515966362889908,48,Medium long,popular
2018.0,0.07799453341759956,0.06869237099631402,0.08728748747806639,46,Medium long,popular
2019.0,0.08829621123056192,0.07836705864829567,0.09867224651479686,58,Medium long,popular
2020.0,0.07713522545191252,0.06466165096704844,0.0907523201617585,33,Medium long,popular
2021.0,0.06920060951063564,0.061252491785957916,0.0782044963377783,41,Medium long,popular
2022.0,0.07842059424165801,0.06894694206422533,0.08894740951805333,41,Medium long,popular
2023.0,0.07807894967760375,0.06955175467345104,0.08796084082099188,44,Medium long,popular
2024.0,0.08593643253890258,0.0763823137948397,0.09643569261753072,45,Medium long,popular
2025.0,0.07780313942592801,0.06883062473972196,0.08704951956706716,32,Medium long,popular
1921.0,0.4228847999884194,0.353837606159219,0.49193199381761976,2,Long,popular
1922.0,0.41276472244795326,0.3507252010834567,0.4739906451912386,16,Long,popular
1923.0,0.3965416005238224,0.33750770826070664,0.45055541622832046,18,Long,popular
1924.0,0.38605274065455647,0.3199890166374571,0.44499145862897244,17,Long,popular
1925.0,0.46161708427000187,0.3877795271154242,0.5380433979252665,17,Long,popular
1926.0,0.36459413003473407,0.31798522139334684,0.40909385282245336,29,Long,popular
1927.0,0.309416276841387,0.26987051230655595,0.35437406458231413,30,Long,popular
1928.0,0.2676169372883988,0.23272797230760323,0.3140735526325377,22,Long,popular
1929.0,0.272423373240454,0.23554620105697824,0.31130971210100755,38,Long,popular
1930.0,0.22037664808716612,0.18619865718320686,0.25620384669291013,33,Long,popular
1931.0,0.21331512319566454,0.1782282310804052,0.25077231013669493,32,Long,popular
1932.0,0.18210682417424465,0.14508396168373622,0.22538196059801893,31,Long,popular
1933.0,0.19761892722948085,0.16652315520929512,0.23044481135022604,28,Long,popular
1934.0,0.1791874319025995,0.1573942194115723,0.20329065260877682,33,Long,popular
1935.0,0.1822158950062659,0.15747176067217025,0.20816364713764074,32,Long,popular
1936.0,0.19529357207569642,0.16878127029450557,0.22442101133158118,36,Long,popular
1937.0,0.21878854375957346,0.1862438555823961,0.252778265278757,37,Long,popular
1938.0,0.18145197821252892,0.15906693161181915,0.20616043463983494,33,Long,popular
1939.0,0.20619289457292136,0.16983697682479754,0.2490479399539053,41,Long,popular
1940.0,0.19696010558536298,0.15734678989484913,0.24305297594755979,34,Long,popular
1941.0,0.1772163923179108,0.15816144870295573,0.20066680837621478,37,Long,popular
1942.0,0.20809073660380661,0.17461070638303086,0.2577415309833218,37,Long,popular
1943.0,0.21941791779933714,0.19251393876850417,0.245635192824032,38,Long,popular
1944.0,0.19377388613573818,0.16917180586045819,0.2192151404483884,35,Long,popular
1945.0,0.19432907664769897,0.1709462357154892,0.22050454439283917,37,Long,popular
1946.0,0.18907707262569767,0.16407951142637858,0.2190145675251874,35,Long,popular
1947.0,0.177580683578328,0.15531003269074353,0.1989504270629568,32,Long,popular
1948.0,0.20386844832846754,0.17095731957774576,0.23715437802310876,38,Long,popular
1949.0,0.18942653560178246,0.16557993823552022,0.21582946997888744,36,Long,popular
1950.0,0.21947405311777832,0.1922826786474463,0.25162720257503035,33,Long,popular
1951.0,0.23986232128128973,0.20936492888319097,0.2732959250524277,36,Long,popular
1952.0,0.25957143107885533,0.2294060659532765,0.2941439307189629,36,Long,popular
1953.0,0.2727085208790569,0.24069509189631605,0.30549780492324236,33,Long,popular
1954.0,0.22747557152690662,0.1923443319897984,0.26019383015076714,37,Long,popular
1955.0,0.2404282416063041,0.20106779053106436,0.29257525215254115,38,Long,popular
1956.0,0.23992604705330622,0.21153006691629353,0.26784039174699303,35,Long,popular
1957.0,0.2054899128969861,0.17586736181306137,0.23995484740316517,31,Long,popular
1958.0,0.20865579543981994,0.16486331770248672,0.26734067132651396,35,Long,popular
1959.0,0.18727809865088063,0.15480834836791507,0.22296885089889923,31,Long,popular
1960.0,0.17529531314186736,0.15354041564885154,0.20026639831229723,39,Long,popular
1961.0,0.2024177905568586,0.1614628018299019,0.2472648378806444,32,Long,popular
1962.0,0.18423318439667682,0.15542897136784145,0.21697559370831185,41,Long,popular
1963.0,0.20060332305295306,0.17345305481002732,0.2313674729116102,39,Long,popular
1964.0,0.194212209272866,0.16659411733442253,0.22370996341463564,38,Long,popular
1965.0,0.22737657463902183,0.19471874492987654,0.259914405518666,31,Long,popular
1966.0,0.23471913691325827,0.1922999629272332,0.2855740368515987,37,Long,popular
1967.0,0.19776148693962675,0.17472883675394194,0.22647438610381587,32,Long,popular
1968.0,0.20689119536699385,0.1800011971257703,0.23540474462209093,35,Long,popular
1969.0,0.21483826276209847,0.17022663562823165,0.2712311534767356,26,Long,popular
1970.0,0.18106578837417273,0.1539260215581111,0.21206322702502323,31,Long,popular
1971.0,0.1935287683446334,0.16819486356461563,0.21927437067141936,33,Long,popular
1972.0,0.17870621442642512,0.1626321823553516,0.1957493483005702,38,Long,popular
1973.0,0.20100296160505976,0.1771657512401262,0.22953922713721653,36,Long,popular
1974.0,0.2084247046317267,0.17748623856324935,0.24529129766826718,37,Long,popular
1975.0,0.19368247913932748,0.17141659382085617,0.21853346575501503,37,Long,popular
1976.0,0.20443330794926964,0.1812954020843358,0.23000099541262617,37,Long,popular
1977.0,0.20027569054105276,0.17167396060455428,0.2305965297916089,40,Long,popular
1978.0,0.19894721848965796,0.17227567538103747,0.22887120426868487,42,Long,popular
1979.0,0.1821460831672294,0.16441370583829323,0.20094648850795757,35,Long,popular
1980.0,0.2022065256971576,0.1837539678670535,0.2207972459577959,49,Long,popular
1981.0,0.211828154939373,0.1922162486821983,0.2334821458427389,52,Long,popular
1982.0,0.1882382828260419,0.16372438761507943,0.21389083139880302,38,Long,popular
1983.0,0.20177949209942728,0.17874803185684762,0.22599802705118363,42,Long,popular
1984.0,0.19128536699983442,0.17429829172368916,0.20959654162084612,47,Long,popular
1985.0,0.20489971081523772,0.1803965854341264,0.23487898820295808,46,Long,popular
1986.0,0.18496666759001804,0.1567608966923958,0.22475300351449948,41,Long,popular
1987.0,0.1643517740578783,0.1499440294600289,0.18024244689582322,47,Long,popular
1988.0,0.18852511742473657,0.157663743640592,0.22732400263925825,46,Long,popular
1989.0,0.17389148828748102,0.15522350015267,0.19265565094333478,44,Long,popular
1990.0,0.1659269240243775,0.14772681439282473,0.18532941367201458,43,Long,popular
1991.0,0.16394131829264844,0.14648693474574964,0.1851616729160216,47,Long,popular
1992.0,0.1618430372917684,0.1428068415873452,0.18117963434749693,44,Long,popular
1993.0,0.1789142878156532,0.15993421270484157,0.20142069446974392,46,Long,popular
1994.0,0.16638634555482495,0.1483600245751605,0.18619912940099675,46,Long,popular
1995.0,0.16644533861045036,0.14537847265607776,0.1914936136986021,51,Long,popular
1996.0,0.1698775908320089,0.14560627467227436,0.1975327186368775,45,Long,popular
1997.0,0.1523285791902035,0.13712813798207402,0.1707886842432433,45,Long,popular
1998.0,0.19184623228754985,0.15516076109385768,0.23423644399204963,49,Long,popular
1999.0,0.18203366186985612,0.15483346378100007,0.21247942834002126,47,Long,popular
2000.0,0.15296988826292357,0.133283968953963,0.17478900551699697,45,Long,popular
2001.0,0.1735106886887193,0.14906741803890142,0.20267689039362352,46,Long,popular
2002.0,0.18288053896719866,0.16028115595914713,0.21064702689248263,48,Long,popular
2003.0,0.17111812236249288,0.1491309898501373,0.1944744909290084,49,Long,popular
2004.0,0.18394514080025634,0.15767861651957965,0.21691873145304919,49,Long,popular
2005.0,0.1823682555966184,0.15091542621762566,0.21643462729618657,48,Long,popular
2006.0,0.20834094136372472,0.1691871935599786,0.253023371994718,48,Long,popular
2007.0,0.18424486962595166,0.16223296286269662,0.2075049115324296,49,Long,popular
2008.0,0.1884168701629722,0.15943852563110206,0.21810681684949787,50,Long,popular
2009.0,0.20160033525752694,0.1690226853893744,0.2398257281717348,45,Long,popular
2010.0,0.188265197634118,0.1650108912140649,0.21504519299634162,48,Long,popular
2011.0,0.2215172313338201,0.18636757521705477,0.2616369446301013,46,Long,popular
2012.0,0.1864925048331453,0.16171261759517414,0.21368484317128816,50,Long,popular
2013.0,0.192977494905373,0.16227990971634298,0.22525550887958637,48,Long,popular
2014.0,0.1816174248746359,0.1611998932509956,0.20777764197580306,50,Long,popular
2015.0,0.19662202815565455,0.16479727183032292,0.23348031862227778,43,Long,popular
2016.0,0.2160713511880864,0.18049968792934684,0.25488240730851724,50,Long,popular
2017.0,0.21598064566047256,0.18243464079387875,0.2523705145655756,48,Long,popular
2018.0,0.18158700750188964,0.15415257796493825,0.21110300593137418,46,Long,popular
2019.0,0.20135175036075895,0.1751545377851493,0.23230731308841382,58,Long,popular
2020.0,0.1486615587968201,0.12792572563288346,0.17226970998761487,33,Long,popular
2021.0,0.216096287420008,0.1927857735176213,0.24449298879952652,41,Long,popular
2022.0,0.18508921263859918,0.15795762436185304,0.21378243110452155,41,Long,popular
2023.0,0.20838900403004842,0.18006320606161966,0.23706592767403797,44,Long,popular
2024.0,0.21793647912515265,0.18823942301585736,0.24854173461958196,45,Long,popular
2025.0,0.20122501707278798,0.17764186284202063,0.22860631183711683,32,Long,popular
1921.0,0.01610881754679139,0.001143740340030912,0.031073894753551868,2,Extreme long,popular
1922.0,0.01905011478588963,0.012574684239226053,0.0255339093590178,16,Extreme long,popular
1923.0,0.017523517368394716,0.011895834474767155,0.02333100934196852,18,Extreme long,popular
1924.0,0.015963366083984017,0.01014693865061016,0.02256285410817225,17,Extreme long,popular
1925.0,0.015674079686033134,0.009634671497353713,0.022467949615557394,17,Extreme long,popular
1926.0,0.016601794016240567,0.011043766820022387,0.02295246988790339,29,Extreme long,popular
1927.0,0.018071949435105823,0.01165520664373047,0.026024787773774555,30,Extreme long,popular
1928.0,0.024831475694272045,0.016643174968828042,0.03465331779857216,22,Extreme long,popular
1929.0,0.011137939725479419,0.00880587429599541,0.013576839394169218,38,Extreme long,popular
1930.0,0.015172536034114998,0.01039876539421802,0.02134728804286603,33,Extreme long,popular
1931.0,0.011865000759820204,0.008990749504465491,0.014793550021389025,32,Extreme long,popular
1932.0,0.01575441053411965,0.012012295744172303,0.020410298749557854,31,Extreme long,popular
1933.0,0.020850018647060573,0.013572826120395875,0.02961996148043817,28,Extreme long,popular
1934.0,0.012820621878358057,0.01045324909855394,0.015361869230471756,33,Extreme long,popular
1935.0,0.014569896997261987,0.011321071210952653,0.018439076863957436,32,Extreme long,popular
1936.0,0.011373788022530707,0.009060803919462445,0.013966583567042216,36,Extreme long,popular
1937.0,0.014828652792380704,0.01210083549887259,0.01777468805709323,37,Extreme long,popular
1938.0,0.01758118497067542,0.011154465644553782,0.025307549335734866,33,Extreme long,popular
1939.0,0.017931027641091182,0.014494628286548013,0.02217669101152742,41,Extreme long,popular
1940.0,0.01861913302332134,0.010524900136625989,0.03127224422886182,34,Extreme long,popular
1941.0,0.016704574669385117,0.010430767245862567,0.025784277401710506,37,Extreme long,popular
1942.0,0.02402877521245044,0.01713488740417978,0.03225131398013483,37,Extreme long,popular
1943.0,0.02517288761884916,0.018289132074293706,0.033242733340739794,38,Extreme long,popular
1944.0,0.016177159823517924,0.011495911724318016,0.021683653893352677,35,Extreme long,popular
1945.0,0.01740417987214124,0.010221489679060515,0.027526708998810104,37,Extreme long,popular
1946.0,0.00990606126331195,0.008160490031439326,0.011764657005994324,35,Extreme long,popular
1947.0,0.011713469939361587,0.008944979908938108,0.014783436474294639,32,Extreme long,popular
1948.0,0.016536513380027998,0.01255623705038582,0.02132841376197975,38,Extreme long,popular
1949.0,0.01486192597011083,0.0099035069865396,0.020709914675599156,36,Extreme long,popular
1950.0,0.012274355743905474,0.008501481385669517,0.016602344461063963,33,Extreme long,popular
1951.0,0.022844203420874558,0.015392876747365027,0.03162457891377259,36,Extreme long,popular
1952.0,0.025482853149526606,0.014102828581606846,0.04416938202533835,36,Extreme long,popular
1953.0,0.024905675846821986,0.01764417150252991,0.0332148647581437,33,Extreme long,popular
1954.0,0.027532967526738585,0.019023547343280652,0.03931041857590881,37,Extreme long,popular
1955.0,0.028059402221645813,0.019856508201750056,0.037179447883220015,38,Extreme long,popular
1956.0,0.02063645515207372,0.014755050537112433,0.02755404567799548,35,Extreme long,popular
1957.0,0.032550490113837774,0.02090633211573139,0.04649301720780895,31,Extreme long,popular
1958.0,0.029495826278029817,0.017804721981207812,0.043530075249254604,35,Extreme long,popular
1959.0,0.025338747816677814,0.01776035622535988,0.03484211879232734,31,Extreme long,popular
1960.0,0.01942966746564492,0.013494558681308295,0.026556196510502245,39,Extreme long,popular
1961.0,0.02673427225501941,0.018460489127504694,0.035282108121085634,32,Extreme long,popular
1962.0,0.022646156120794146,0.015327099693816928,0.0313921761417443,41,Extreme long,popular
1963.0,0.023267032072910726,0.017640780092255226,0.029383743040146362,39,Extreme long,popular
1964.0,0.02284688694711534,0.015455820493808718,0.031249492989668597,38,Extreme long,popular
1965.0,0.036981929806502695,0.02419428399570347,0.050969933430008454,31,Extreme long,popular
1966.0,0.03845916949797841,0.027388751056446434,0.050349376653541236,37,Extreme long,popular
1967.0,0.02421015317062382,0.0169089566459329,0.0343710141981273,32,Extreme long,popular
1968.0,0.03734408879645502,0.02655339217818265,0.05013224670225938,35,Extreme long,popular
1969.0,0.03992641109046912,0.02492430909307955,0.05945053000680107,26,Extreme long,popular
1970.0,0.03280128363489648,0.02278338483988954,0.04439139657021992,31,Extreme long,popular
1971.0,0.03177162702514423,0.02056609532501835,0.04470283282216092,33,Extreme long,popular
1972.0,0.019255888390063747,0.014670864845981471,0.024380864538061462,38,Extreme long,popular
1973.0,0.02437225075076567,0.019573468752327947,0.029156270330508507,36,Extreme long,popular
1974.0,0.02860689594027211,0.020192660962345354,0.03744849429089576,37,Extreme long,popular
1975.0,0.03209103792563002,0.0240647998694869,0.042451898817855487,37,Extreme long,popular
1976.0,0.03178755472982275,0.023054084641974705,0.04181548605134963,37,Extreme long,popular
1977.0,0.03189282465703232,0.024044113954594406,0.040666365649555704,40,Extreme long,popular
1978.0,0.02428625440492342,0.0173828404137864,0.03424187719342001,42,Extreme long,popular
1979.0,0.034234149179084454,0.024824880828655173,0.04684663799556867,35,Extreme long,popular
1980.0,0.02709937940586945,0.021521691973739314,0.0339308028721454,49,Extreme long,popular
1981.0,0.02822808852072798,0.023489949378161942,0.033295995656842214,52,Extreme long,popular
1982.0,0.0314919578462939,0.023333235732668454,0.04031311335796146,38,Extreme long,popular
1983.0,0.035271870344425506,0.02607166192958961,0.04475372573659041,42,Extreme long,popular
1984.0,0.02846081869255335,0.02269488520240016,0.03477239613079832,47,Extreme long,popular
1985.0,0.031440699892882486,0.025529561560538917,0.03813577485659937,46,Extreme long,popular
1986.0,0.030935656072343963,0.022530916179533574,0.04177086881464649,41,Extreme long,popular
1987.0,0.024563068760462596,0.019713745368892824,0.03021173415124697,47,Extreme long,popular
1988.0,0.027238320765970322,0.022169551882066704,0.03307917384217164,46,Extreme long,popular
1989.0,0.026781780630405594,0.021605303162993618,0.03318609671462523,44,Extreme long,popular
1990.0,0.029923161496838734,0.023275034548312257,0.03879961022755834,43,Extreme long,popular
1991.0,0.026436595731359896,0.02247629200950586,0.03053894383735856,47,Extreme long,popular
1992.0,0.026046099183425486,0.02190761111722511,0.030519552771850058,44,Extreme long,popular
1993.0,0.02704056427589277,0.021822033484033096,0.03351010135432944,46,Extreme long,popular
1994.0,0.03050219637513946,0.025186860248022934,0.035560011710346014,46,Extreme long,popular
1995.0,0.03426335705569034,0.02887396075868649,0.039643998941563535,51,Extreme long,popular
1996.0,0.03181582588692364,0.02542533743531706,0.03901502166941127,45,Extreme long,popular
1997.0,0.041041513309518995,0.03426031033002641,0.04893602802583359,45,Extreme long,popular
1998.0,0.039516313794351096,0.031635498261983856,0.04786175243956709,49,Extreme long,popular
1999.0,0.03628064777040772,0.029290274143078655,0.044793210220760535,47,Extreme long,popular
2000.0,0.03880527284163853,0.0315396748944712,0.04715797942517116,45,Extreme long,popular
2001.0,0.03542805752599269,0.028922014559410743,0.04214027400558591,46,Extreme long,popular
2002.0,0.037008550048921104,0.03115879816523249,0.04345713518611822,48,Extreme long,popular
2003.0,0.04285326220937514,0.034067560953246874,0.05146226446326976,49,Extreme long,popular
2004.0,0.03926742780366329,0.032265060798384794,0.046366772941917815,49,Extreme long,popular
2005.0,0.034991064055960024,0.02877578827614653,0.041458538346886564,48,Extreme long,popular
2006.0,0.04099826822314652,0.03363338247599994,0.04889896604548669,48,Extreme long,popular
2007.0,0.04282035074446519,0.03633831014002342,0.04947541081911374,49,Extreme long,popular
2008.0,0.04879828749843559,0.04083514932131317,0.05630712479122207,50,Extreme long,popular
2009.0,0.051620821345197083,0.042671797322128495,0.06258524654156114,45,Extreme long,popular
2010.0,0.045994616989314445,0.03747571948709265,0.05526229163902986,48,Extreme long,popular
2011.0,0.05120553112888548,0.043172576346085914,0.06002225666355619,46,Extreme long,popular
2012.0,0.06336333418161744,0.05308585767803201,0.07516765100801655,50,Extreme long,popular
2013.0,0.07495104379328808,0.06277295567612165,0.08898316101442139,48,Extreme long,popular
2014.0,0.06290265220725785,0.053762877229689116,0.07291648381872932,50,Extreme long,popular
2015.0,0.06381543494248773,0.05370169485073933,0.07470241808538733,43,Extreme long,popular
2016.0,0.07151828990747312,0.060220095176783416,0.0819690578056481,50,Extreme long,popular
2017.0,0.07012545477171157,0.05965860910092654,0.08088610881968404,48,Extreme long,popular
2018.0,0.06584176841296242,0.05506858793305411,0.07670281967576688,46,Extreme long,popular
2019.0,0.06315475727895521,0.05365400486178499,0.07367614944843272,58,Extreme long,popular
2020.0,0.05120859995501358,0.04253041403720146,0.06055087191780703,33,Extreme long,popular
2021.0,0.06821724640516608,0.058108298418394294,0.0791046585539961,41,Extreme long,popular
2022.0,0.06276965504613119,0.05177368859951008,0.0773613059864961,41,Extreme long,popular
2023.0,0.07477126443142164,0.06100608742322924,0.08923353999177723,44,Extreme long,popular
2024.0,0.06803044343532122,0.05734592044160167,0.0809507151852668,45,Extreme long,popular
2025.0,0.06553202163523902,0.05192951263385828,0.08012343466480745,32,Extreme long,popular
1916.0,0.0,0.0,0.0,1,Extreme close-up,prestige
1924.0,3.5686246520590966e-05,3.5686246520590966e-05,3.5686246520590966e-05,1,Extreme close-up,prestige
1925.0,6.385288295766554e-05,0.0,0.0001277057659153311,2,Extreme close-up,prestige
1926.0,5.592841163310962e-05,5.592841163310962e-05,5.592841163310962e-05,1,Extreme close-up,prestige
1927.0,0.00019644435713584126,0.0,0.00039288871427168253,2,Extreme close-up,prestige
1928.0,0.0005317128805875967,6.467003908944585e-05,0.0013261435214950525,8,Extreme close-up,prestige
1929.0,0.0005488054606242806,4.570383912248629e-05,0.0013757218870506128,10,Extreme close-up,prestige
1930.0,0.0,0.0,0.0,3,Extreme close-up,prestige
1931.0,0.0004207735737581609,0.00010030831719565467,0.000842604623743509,19,Extreme close-up,prestige
1932.0,0.0007664909381510051,4.1727171064710495e-05,0.0016472674196999983,12,Extreme close-up,prestige
1933.0,0.00010858428533972345,1.8152883585557567e-05,0.00021325103661965682,14,Extreme close-up,prestige
1934.0,0.0007974322465035052,6.254599710816262e-05,0.0020227751308203364,19,Extreme close-up,prestige
1935.0,0.0005417392175602525,9.819627316600989e-05,0.0011144051939462013,22,Extreme close-up,prestige
1936.0,0.0006954675821090987,6.884010768716132e-05,0.0015614112486555811,21,Extreme close-up,prestige
1937.0,0.0008659679066401253,0.0002802502050018683,0.0017331726596200346,21,Extreme close-up,prestige
1938.0,0.0011201346729671523,0.00046714912102495794,0.0018659307080089642,20,Extreme close-up,prestige
1939.0,0.0005969304764195389,3.757822993495786e-05,0.0013745126475962822,16,Extreme close-up,prestige
1940.0,0.0010868222948084054,0.00021986643417450344,0.002243907421372547,18,Extreme close-up,prestige
1941.0,0.0002846610844874197,9.919976434709412e-05,0.00048128936867474056,17,Extreme close-up,prestige
1942.0,0.0008194145910119855,9.904006465445502e-05,0.0020114866420441746,16,Extreme close-up,prestige
1943.0,0.00021200836545457315,4.844626763898326e-06,0.000545374171655995,21,Extreme close-up,prestige
1944.0,3.739873039309767e-05,6.497979128491039e-06,7.943177058433325e-05,24,Extreme close-up,prestige
1945.0,0.00048295141886292185,3.934114399059049e-05,0.001025834371605908,15,Extreme close-up,prestige
1946.0,0.00039011376815523526,0.00010297969694932184,0.0007426969685612936,16,Extreme close-up,prestige
1947.0,0.0011997755573651596,0.00013032309756432224,0.003138840584477783,17,Extreme close-up,prestige
1948.0,0.0003265695036745686,0.00010283252582344209,0.0005896770964244848,18,Extreme close-up,prestige
1949.0,0.00032917657643766115,0.0,0.0007732260340706415,15,Extreme close-up,prestige
1950.0,8.978930740206928e-05,0.0,0.0002693679222062079,17,Extreme close-up,prestige
1951.0,0.0004082946560420645,0.000183600222344984,0.0006982264248742038,17,Extreme close-up,prestige
1952.0,0.00030466264815654507,7.848431098623386e-06,0.0008742827021646843,19,Extreme close-up,prestige
1953.0,2.684939437104343e-05,0.0,7.504480770954943e-05,20,Extreme close-up,prestige
1954.0,0.000538905341765404,1.2006080021194293e-05,0.0014669572948711955,19,Extreme close-up,prestige
1955.0,0.00012432608951721614,1.1618727416867377e-05,0.00027088967919314196,25,Extreme close-up,prestige
1956.0,0.0005871698936636791,8.043485623327801e-05,0.0013719601427272894,16,Extreme close-up,prestige
1957.0,0.00032891930762937987,0.00010422242226922427,0.0006202608754172946,19,Extreme close-up,prestige
1958.0,0.0008812603872729972,0.00016093546857427307,0.0019189947590139186,20,Extreme close-up,prestige
1959.0,0.0001701874256955542,4.0303461356092934e-05,0.0003692999510385983,20,Extreme close-up,prestige
1960.0,0.0004141302632748603,4.890129501466407e-05,0.0008769865132410201,25,Extreme close-up,prestige
1961.0,0.00014473045805262256,1.3246213930439766e-05,0.00029652097055602025,21,Extreme close-up,prestige
1962.0,0.0005109436715822596,0.00024449171144256366,0.000821656458691804,29,Extreme close-up,prestige
1963.0,0.00016280137745609585,4.229292100396472e-05,0.0003264586675429978,22,Extreme close-up,prestige
1964.0,0.0013016298224617642,0.0005499505661314402,0.0022163980166074394,22,Extreme close-up,prestige
1965.0,0.0011050633848771153,0.00019154227192215504,0.0029093988091460255,25,Extreme close-up,prestige
1966.0,0.0008642285757476715,0.0003861532217286409,0.001452937669406528,23,Extreme close-up,prestige
1967.0,0.0006892138100364738,0.00022893937545806354,0.0012664607657343117,19,Extreme close-up,prestige
1968.0,0.001475101338314172,0.0007303193626793809,0.0023030405700533063,19,Extreme close-up,prestige
1969.0,0.0005365399946624901,0.00015085957759836086,0.0011569984751253726,18,Extreme close-up,prestige
1970.0,0.0008574618734316317,0.00022324496970227794,0.0016611886537169882,18,Extreme close-up,prestige
1971.0,0.0005573792595786846,0.0002463992205351024,0.0009136418485755856,14,Extreme close-up,prestige
1972.0,0.000571732809186638,0.0002757027211929694,0.0009348670300365081,19,Extreme close-up,prestige
1973.0,0.00022734608248379536,7.593182320306237e-05,0.00040997013039812584,20,Extreme close-up,prestige
1974.0,0.0009143302086696641,0.00020038579283879182,0.0019309482201548967,19,Extreme close-up,prestige
1975.0,0.00046128784572849294,0.0001646331856462599,0.0008162484480454091,23,Extreme close-up,prestige
1976.0,0.0004763146428155285,0.00017185691120050564,0.0009335335251729101,20,Extreme close-up,prestige
1977.0,0.00048208739534694075,0.00015218329220999298,0.0009103377607406665,17,Extreme close-up,prestige
1978.0,0.0010429377280513044,0.00020096893633770674,0.0022144640101843015,22,Extreme close-up,prestige
1979.0,0.0010278048566127933,0.0003716157825795917,0.0018097457103714457,18,Extreme close-up,prestige
1980.0,0.00115532252693189,0.0004138448310595466,0.0019759364431345037,18,Extreme close-up,prestige
1981.0,0.0004570519055565496,7.100621819116393e-05,0.000999371610150247,12,Extreme close-up,prestige
1982.0,0.001668280651629423,0.0008218968502086797,0.0028246569915704803,18,Extreme close-up,prestige
1983.0,0.0016113011818104006,0.000816071661067509,0.0025141980490488098,19,Extreme close-up,prestige
1984.0,0.0011370902091856108,0.0004488570596541518,0.001986302081692076,15,Extreme close-up,prestige
1985.0,0.0005360151747068523,0.0002772168362235589,0.0008891606716418007,19,Extreme close-up,prestige
1986.0,0.0008564609894946022,0.00018094831852140137,0.0017434445883910941,15,Extreme close-up,prestige
1987.0,0.0015234894814197954,0.000640415368764825,0.002669216147863303,14,Extreme close-up,prestige
1988.0,0.0019152047123483992,0.0009653290289175233,0.003288671211233984,20,Extreme close-up,prestige
1989.0,0.0016569300554384204,0.0010239742483924218,0.002418905507886264,19,Extreme close-up,prestige
1990.0,0.001293236844820291,0.0006599057008945279,0.0020987769934743845,20,Extreme close-up,prestige
1991.0,0.0039460627885136105,0.002240383076574876,0.006078613918554833,20,Extreme close-up,prestige
1992.0,0.0013815369402873398,0.0006596586704085427,0.0023006587582126824,20,Extreme close-up,prestige
1993.0,0.0009072776191618672,0.0003753615255911817,0.0016640558683610291,16,Extreme close-up,prestige
1994.0,0.0011027654168998566,0.0005966960988862033,0.0017229737087398047,25,Extreme close-up,prestige
1995.0,0.0015995426991191996,0.0008604703053852128,0.00249098172758271,25,Extreme close-up,prestige
1996.0,0.0013052727912163259,0.0005055027740655567,0.002551903184572083,17,Extreme close-up,prestige
1997.0,0.0012272010307999375,0.0007158970189572521,0.001861514538029894,18,Extreme close-up,prestige
1998.0,0.003295602503541031,0.0018279323708805376,0.0052729237092584685,20,Extreme close-up,prestige
1999.0,0.0016123953143579478,0.0006606398107331784,0.002984337115161582,23,Extreme close-up,prestige
2000.0,0.0013288388479814166,0.0007650157592537672,0.00197139957201298,21,Extreme close-up,prestige
2001.0,0.002148632212249917,0.0013518315120557756,0.0030549598225422143,27,Extreme close-up,prestige
2002.0,0.0029993206174710758,0.00140774736186142,0.0048813793294121745,25,Extreme close-up,prestige
2003.0,0.0025171077043048135,0.0013502286301030491,0.004061953802882849,26,Extreme close-up,prestige
2004.0,0.001983039615709522,0.0007921683748466776,0.0034582992796975604,23,Extreme close-up,prestige
2005.0,0.0032258641021983563,0.0011604943305641212,0.006583440247251006,26,Extreme close-up,prestige
2006.0,0.001217784422538723,0.0007363390714953868,0.001804795226391785,25,Extreme close-up,prestige
2007.0,0.003310279703235121,0.001535188852819321,0.0054149202688476596,24,Extreme close-up,prestige
2008.0,0.0022118948699757393,0.001421739047257562,0.003093060028993235,26,Extreme close-up,prestige
2009.0,0.002415412395855594,0.0016348100508782187,0.0033143500849961783,22,Extreme close-up,prestige
2010.0,0.0022914296293301676,0.0008410776299487394,0.004120927830996476,19,Extreme close-up,prestige
2011.0,0.0027851624191473,0.0012637024963974594,0.005062009712399242,27,Extreme close-up,prestige
2012.0,0.0018713615101912157,0.0010919976329146145,0.002789330002783474,26,Extreme close-up,prestige
2013.0,0.0019341731888506456,0.00124560808765313,0.002671806408814488,19,Extreme close-up,prestige
2014.0,0.0035548854563211014,0.0013233003049472052,0.006589884213609613,24,Extreme close-up,prestige
2015.0,0.003674859999961434,0.0015221328643410814,0.006016704199687488,18,Extreme close-up,prestige
2016.0,0.0012393486323865983,0.0005707956793029003,0.002101575522196598,18,Extreme close-up,prestige
2017.0,0.0010830399423275667,0.0005971507056405533,0.0017088487541865168,18,Extreme close-up,prestige
2018.0,0.0018890625292738853,0.0010014012000249012,0.0030457159492367574,23,Extreme close-up,prestige
2019.0,0.0020602792311492845,0.0008516755478040587,0.003624736883229239,17,Extreme close-up,prestige
2020.0,0.0016440388578607022,0.0007186633142818325,0.0027764182067307,13,Extreme close-up,prestige
2021.0,0.0012854815387251001,0.0006379511881135372,0.002065994813617978,19,Extreme close-up,prestige
2022.0,0.0016291330718657708,0.0009358355523639354,0.0023679426759241774,17,Extreme close-up,prestige
2023.0,0.001122056272290977,0.000566177577388314,0.0017885009552908253,14,Extreme close-up,prestige
2024.0,0.004731555436766,0.0015914655881903497,0.009710182417897029,10,Extreme close-up,prestige
2025.0,0.00299545903310826,0.00021612278342242913,0.007748853277377104,9,Extreme close-up,prestige
1916.0,0.033662543392167406,0.033662543392167406,0.033662543392167406,1,Close-up,prestige
1924.0,0.02658625365784027,0.02658625365784027,0.02658625365784027,1,Close-up,prestige
1925.0,0.038985063603385245,0.018459240290226206,0.059510886916544284,2,Close-up,prestige
1926.0,0.00296420581655481,0.00296420581655481,0.00296420581655481,1,Close-up,prestige
1927.0,0.019811195201380048,0.007405515832482125,0.03221687457027797,2,Close-up,prestige
1928.0,0.0232494076447552,0.009122592330086852,0.04103292740426991,8,Close-up,prestige
1929.0,0.02622453691483769,0.010067511174614926,0.04823974915010249,10,Close-up,prestige
1930.0,0.016510044824581308,0.00912682195886119,0.021415141926904205,3,Close-up,prestige
1931.0,0.017011638956698178,0.01230239119274204,0.023081321008154014,19,Close-up,prestige
1932.0,0.01968680509599904,0.012594513308418638,0.027104812329119904,12,Close-up,prestige
1933.0,0.009203412904707947,0.006450397715583604,0.012366131289692986,14,Close-up,prestige
1934.0,0.012958584527349546,0.008304598813438015,0.01928002837288409,19,Close-up,prestige
1935.0,0.008547759106327001,0.006793960437191803,0.010538482263015961,22,Close-up,prestige
1936.0,0.01003624733412364,0.007590380672725249,0.012896935158610796,21,Close-up,prestige
1937.0,0.014900196383145756,0.011786495874874387,0.017936718467928544,21,Close-up,prestige
1938.0,0.009341302786527832,0.006983178783146566,0.0120582341062974,20,Close-up,prestige
1939.0,0.0077415158468554695,0.005168435597667743,0.011337406580297919,16,Close-up,prestige
1940.0,0.01109159946103283,0.008469466773777471,0.0141249006478605,18,Close-up,prestige
1941.0,0.014389441864089029,0.00980190522176827,0.019548934430030314,17,Close-up,prestige
1942.0,0.013647406286083772,0.008216698361066841,0.02219019920991237,16,Close-up,prestige
1943.0,0.01333326578779743,0.008785396602289622,0.019182808808395704,21,Close-up,prestige
1944.0,0.017165735335359113,0.011325419854981011,0.023098088278846518,24,Close-up,prestige
1945.0,0.012615014227956172,0.008344866123770672,0.016659805003236803,15,Close-up,prestige
1946.0,0.010098124808801638,0.007019853606921066,0.013233274678170731,16,Close-up,prestige
1947.0,0.01616125225437873,0.006936956884969791,0.030700580934112705,17,Close-up,prestige
1948.0,0.01658782623624586,0.010714126827286998,0.02509836889610742,18,Close-up,prestige
1949.0,0.017554071856903386,0.009741584029439709,0.026828692091886232,15,Close-up,prestige
1950.0,0.0098428509858371,0.006568813658553646,0.013848756191777693,17,Close-up,prestige
1951.0,0.012563519711065355,0.008047877421110659,0.017466824091767814,17,Close-up,prestige
1952.0,0.011220489821957407,0.007361077360367395,0.016253524682429518,19,Close-up,prestige
1953.0,0.009522595907344254,0.005670722573427322,0.013955250107766584,20,Close-up,prestige
1954.0,0.008954916623213289,0.006143047472279224,0.012137048543027556,19,Close-up,prestige
1955.0,0.0105625517348616,0.007184785156076151,0.01480728655470814,25,Close-up,prestige
1956.0,0.01633033615415551,0.005535878666110285,0.03076423298363145,16,Close-up,prestige
1957.0,0.009596416312032308,0.006144214727979547,0.014337908441375365,19,Close-up,prestige
1958.0,0.0101316530587632,0.006005227296913126,0.014879220426417929,20,Close-up,prestige
1959.0,0.013859510673333306,0.008871984958800906,0.019904073069804976,20,Close-up,prestige
1960.0,0.012002782474408603,0.008070270540897624,0.01687393591960274,25,Close-up,prestige
1961.0,0.011069110370681114,0.007433062931039363,0.015278380644447311,21,Close-up,prestige
1962.0,0.015827511172878353,0.0109692738568257,0.021033734558037673,29,Close-up,prestige
1963.0,0.010398244079063097,0.006805933697376913,0.01559196580765826,22,Close-up,prestige
1964.0,0.01758564484627649,0.010550165663453428,0.025872364052466408,22,Close-up,prestige
1965.0,0.018437747317122898,0.013265815036180587,0.024089844679321615,25,Close-up,prestige
1966.0,0.025621241006605,0.016384363522259852,0.035204542027398956,23,Close-up,prestige
1967.0,0.01742995457551082,0.01187547012592706,0.023725509545155374,19,Close-up,prestige
1968.0,0.023748609912026587,0.013214525228278016,0.035997537589668414,19,Close-up,prestige
1969.0,0.02037448413976629,0.011233442817025761,0.03317412214995989,18,Close-up,prestige
1970.0,0.01524249718653962,0.010691601036711887,0.02059194657065878,18,Close-up,prestige
1971.0,0.0185093337273536,0.012180918054970688,0.02531269530341429,14,Close-up,prestige
1972.0,0.019387485652452772,0.012130902035908286,0.028623779734831406,19,Close-up,prestige
1973.0,0.0185216903417482,0.013284157992668823,0.02459376197408943,20,Close-up,prestige
1974.0,0.020071565655302204,0.015161884849097078,0.02565402940964273,19,Close-up,prestige
1975.0,0.022131167529226902,0.015926641877127234,0.028342078627039777,23,Close-up,prestige
1976.0,0.01826250854486513,0.01274409555427706,0.02497588663636512,20,Close-up,prestige
1977.0,0.024681266050417476,0.017218300146516582,0.03275908301976167,17,Close-up,prestige
1978.0,0.015668646121501414,0.011089267017363557,0.020086663574234626,22,Close-up,prestige
1979.0,0.021611773353380596,0.014566898711169488,0.030232339121015337,18,Close-up,prestige
1980.0,0.01645206560978126,0.012901296466764576,0.02010803697889458,18,Close-up,prestige
1981.0,0.01817705772526533,0.013336729806701609,0.02363537790890294,12,Close-up,prestige
1982.0,0.02399334226773724,0.01825781311015995,0.03024032868545147,18,Close-up,prestige
1983.0,0.03342322843180898,0.023052611461533822,0.04457967355236267,19,Close-up,prestige
1984.0,0.0200032538944529,0.014920017211769082,0.02604608381848494,15,Close-up,prestige
1985.0,0.0236420366397813,0.018084872774496108,0.029678845688540904,19,Close-up,prestige
1986.0,0.020453201047660532,0.015952186170476453,0.025379784845696543,15,Close-up,prestige
1987.0,0.02878999033932612,0.022291470514175318,0.0358439332526805,14,Close-up,prestige
1988.0,0.03516464384926357,0.026130357107364662,0.04672281896580871,20,Close-up,prestige
1989.0,0.03016029068328264,0.022910825958620915,0.03866069678172885,19,Close-up,prestige
1990.0,0.029082745399182087,0.023242756316444565,0.035684730723228406,20,Close-up,prestige
1991.0,0.042864703883260594,0.028576154024222464,0.060317308576640895,20,Close-up,prestige
1992.0,0.026291585419066354,0.020440079111072186,0.032124082945359095,20,Close-up,prestige
1993.0,0.03291482833979442,0.023475552504399297,0.043207763730042356,16,Close-up,prestige
1994.0,0.036620859071244544,0.02930303902128565,0.04632511886746911,25,Close-up,prestige
1995.0,0.033712529427055805,0.026455719902242443,0.0416278715277127,25,Close-up,prestige
1996.0,0.03912094663521046,0.030534867923246358,0.04889790054083408,17,Close-up,prestige
1997.0,0.03214537794909378,0.025324166301932557,0.03812051327222208,18,Close-up,prestige
1998.0,0.046264298854965226,0.035503789245190834,0.06067821842026902,20,Close-up,prestige
1999.0,0.0366550435539969,0.028751811160930948,0.044449042329920224,23,Close-up,prestige
2000.0,0.038416633616817186,0.03133093872098321,0.04722774797963259,21,Close-up,prestige
2001.0,0.04052773738854859,0.0342192214402896,0.0468389406002268,27,Close-up,prestige
2002.0,0.04052840291854486,0.034262190617517306,0.047201624658997236,25,Close-up,prestige
2003.0,0.05036687254852511,0.03991258193979639,0.06099264639099836,26,Close-up,prestige
2004.0,0.038925049210568975,0.03221450569298423,0.046637961142176554,23,Close-up,prestige
2005.0,0.044831774557018936,0.03754355035676883,0.05273266230215824,26,Close-up,prestige
2006.0,0.04738672801095801,0.0410413760099995,0.053618380008865964,25,Close-up,prestige
2007.0,0.050989551551658914,0.041786592504888774,0.060953864143351244,24,Close-up,prestige
2008.0,0.04795396816889923,0.03642102010915432,0.061947739851398224,26,Close-up,prestige
2009.0,0.052277084231518514,0.044671570058711564,0.06015478285545319,22,Close-up,prestige
2010.0,0.062173106085423945,0.04855519446682754,0.07818517874315901,19,Close-up,prestige
2011.0,0.047286353661611776,0.03766661820185079,0.058244914028740324,27,Close-up,prestige
2012.0,0.051151910177341324,0.040437496665421666,0.06239261087506406,26,Close-up,prestige
2013.0,0.04346421612889042,0.033859326631131316,0.05528477862012768,19,Close-up,prestige
2014.0,0.048479123023154214,0.042801591623466875,0.05530679318886906,24,Close-up,prestige
2015.0,0.04620901877445202,0.03767574788310967,0.054730794971486224,18,Close-up,prestige
2016.0,0.03988015731632168,0.030769345621592847,0.048270399267291285,18,Close-up,prestige
2017.0,0.04857084823198222,0.03749345480341191,0.05983190532362327,18,Close-up,prestige
2018.0,0.04264835365473467,0.03549190968295918,0.049773080624326005,23,Close-up,prestige
2019.0,0.03816400036174846,0.03290171374985227,0.043717057838580195,17,Close-up,prestige
2020.0,0.04441520542048169,0.034781446316205326,0.05374112274702655,13,Close-up,prestige
2021.0,0.042420286472574426,0.03325236803132834,0.052379530835102966,19,Close-up,prestige
2022.0,0.04703474394366059,0.03660641139653983,0.05812185912833099,17,Close-up,prestige
2023.0,0.02732348894727996,0.02202597154995819,0.03282638636549735,14,Close-up,prestige
2024.0,0.04797593006736607,0.02971901989159784,0.07267132320149643,10,Close-up,prestige
2025.0,0.05235841042099354,0.03932971974207885,0.06914749258077124,9,Close-up,prestige
1916.0,0.01762577616975505,0.01762577616975505,0.01762577616975505,1,Medium close-up,prestige
1924.0,0.06637641852829919,0.06637641852829919,0.06637641852829919,1,Medium close-up,prestige
1925.0,0.042397644891470944,0.011683738796414853,0.07311155098652704,2,Medium close-up,prestige
1926.0,0.001621923937360179,0.001621923937360179,0.001621923937360179,1,Medium close-up,prestige
1927.0,0.03179035470914814,0.03021790943139258,0.03336279998690371,2,Medium close-up,prestige
1928.0,0.14126138731590865,0.062266268071499285,0.2684408898239855,8,Medium close-up,prestige
1929.0,0.05756735186056531,0.03634405891062835,0.07913210581037039,10,Medium close-up,prestige
1930.0,0.022088837682593326,0.009033796487366443,0.03628025246333379,3,Medium close-up,prestige
1931.0,0.061066322230844,0.02819042772562489,0.10301722244144076,19,Medium close-up,prestige
1932.0,0.06043116377168698,0.03904329718144799,0.08212435544817949,12,Medium close-up,prestige
1933.0,0.045867366444092623,0.03040069025746212,0.06350223746850633,14,Medium close-up,prestige
1934.0,0.05704227042530677,0.04098761334961145,0.07569537113661107,19,Medium close-up,prestige
1935.0,0.07096458189530076,0.05351197171618474,0.09000623866007865,22,Medium close-up,prestige
1936.0,0.06715391955787472,0.05052588672302724,0.08675127268763683,21,Medium close-up,prestige
1937.0,0.066604952495051,0.051575740491301376,0.08240378331462904,21,Medium close-up,prestige
1938.0,0.065933038109955,0.04702656833728256,0.08546549560015083,20,Medium close-up,prestige
1939.0,0.06851674511030231,0.05199035783950228,0.08816958890110342,16,Medium close-up,prestige
1940.0,0.08017091811875367,0.05622208444914492,0.10524451845929148,18,Medium close-up,prestige
1941.0,0.07626496496334167,0.05011097886361658,0.11233017013380686,17,Medium close-up,prestige
1942.0,0.06532915577749906,0.048615921790329766,0.08314458628099648,16,Medium close-up,prestige
1943.0,0.06258729043909607,0.04491356112049644,0.08528768702611471,21,Medium close-up,prestige
1944.0,0.05470741330414597,0.041062878655127574,0.06986331354912907,24,Medium close-up,prestige
1945.0,0.05878361614706243,0.040490172397921464,0.07734305358124353,15,Medium close-up,prestige
1946.0,0.09308031577314431,0.06248974327628427,0.12835893913710317,16,Medium close-up,prestige
1947.0,0.0729208471087746,0.05143611408531768,0.09751280493862789,17,Medium close-up,prestige
1948.0,0.07033882591628625,0.051153169721655845,0.08946636167124346,18,Medium close-up,prestige
1949.0,0.05887285231449224,0.03946633073948387,0.08241359462420274,15,Medium close-up,prestige
1950.0,0.05277832146119605,0.0361340714129037,0.07194494400711075,17,Medium close-up,prestige
1951.0,0.08477077592374982,0.06089279449745717,0.11039494232414886,17,Medium close-up,prestige
1952.0,0.07544391158680112,0.053162558151486065,0.0990714731749752,19,Medium close-up,prestige
1953.0,0.03699530177143275,0.025096237677600722,0.050277762257968345,20,Medium close-up,prestige
1954.0,0.06048686023660399,0.03426435269653182,0.09276499535583743,19,Medium close-up,prestige
1955.0,0.055059235628945685,0.03949276065370038,0.07342862290720988,25,Medium close-up,prestige
1956.0,0.06681560434894135,0.038846034824035064,0.09867864394354821,16,Medium close-up,prestige
1957.0,0.08199440501781005,0.057167989865639104,0.11028753725755992,19,Medium close-up,prestige
1958.0,0.09568605034810813,0.06858120810117355,0.12590327257656347,20,Medium close-up,prestige
1959.0,0.10709942957143288,0.0756662735628459,0.14152338842500772,20,Medium close-up,prestige
1960.0,0.09790875437879974,0.07444534089632701,0.12162495384543077,25,Medium close-up,prestige
1961.0,0.10008732900640299,0.07255896396112237,0.12813315834071265,21,Medium close-up,prestige
1962.0,0.13036087917549416,0.09618992260851268,0.1666293247343407,29,Medium close-up,prestige
1963.0,0.1178123587062151,0.08687184807728489,0.15877016558798626,22,Medium close-up,prestige
1964.0,0.17854975265146755,0.14631147378440845,0.21669869682599116,22,Medium close-up,prestige
1965.0,0.13586565663979047,0.10278924178000587,0.16921614873690002,25,Medium close-up,prestige
1966.0,0.1601412354625424,0.12383904744341145,0.20301940421439466,23,Medium close-up,prestige
1967.0,0.17520962799798742,0.1350035158860313,0.2242001060462267,19,Medium close-up,prestige
1968.0,0.20041662856627732,0.15210883630513852,0.24950623083548756,19,Medium close-up,prestige
1969.0,0.18922127426107996,0.14286025594802096,0.24745715019164533,18,Medium close-up,prestige
1970.0,0.15434234926383125,0.11326354484950903,0.1980879220700431,18,Medium close-up,prestige
1971.0,0.24493303827843632,0.1915145032963411,0.304020691234312,14,Medium close-up,prestige
1972.0,0.19606868722842438,0.14477159023748012,0.24920948867749754,19,Medium close-up,prestige
1973.0,0.16691031496548395,0.13164737041579494,0.20422821093334795,20,Medium close-up,prestige
1974.0,0.19585222934888677,0.14395096711153885,0.24908077624507508,19,Medium close-up,prestige
1975.0,0.16368490097863558,0.12336097899087156,0.20736378272977238,23,Medium close-up,prestige
1976.0,0.1674910595541302,0.12838230269706455,0.21304290838575846,20,Medium close-up,prestige
1977.0,0.1863669775530342,0.14883245005650136,0.2231933197202747,17,Medium close-up,prestige
1978.0,0.18988247537868191,0.14048412917803713,0.24341799615596965,22,Medium close-up,prestige
1979.0,0.18914606458642108,0.15597228722277437,0.22421396879285918,18,Medium close-up,prestige
1980.0,0.19716612736215638,0.1541804963525757,0.24008985724704018,18,Medium close-up,prestige
1981.0,0.16275929594311414,0.13754057306852127,0.18763429741109097,12,Medium close-up,prestige
1982.0,0.17644993943988624,0.1343051304468336,0.22249351190965663,18,Medium close-up,prestige
1983.0,0.18095506405232684,0.13908895352589656,0.21938328509717506,19,Medium close-up,prestige
1984.0,0.17262709985201374,0.12901647647216505,0.2178689405422502,15,Medium close-up,prestige
1985.0,0.1787180520387949,0.13923020597387917,0.21894300050722285,19,Medium close-up,prestige
1986.0,0.19422972364525817,0.15287944286400598,0.23055096239914635,15,Medium close-up,prestige
1987.0,0.190357422568719,0.15343728139211052,0.23188332683321491,14,Medium close-up,prestige
1988.0,0.24518370289717958,0.2040978338912867,0.2825956195330333,20,Medium close-up,prestige
1989.0,0.22352718287543125,0.18464650629366935,0.26190130564728625,19,Medium close-up,prestige
1990.0,0.22719801832949854,0.18681894256847564,0.27289464497555416,20,Medium close-up,prestige
1991.0,0.244175422487917,0.19180064619398135,0.29922495667320415,20,Medium close-up,prestige
1992.0,0.2116144275057883,0.17487967614660477,0.24616851107181367,20,Medium close-up,prestige
1993.0,0.25126837485767384,0.20873012397865134,0.29567762478037174,16,Medium close-up,prestige
1994.0,0.2573866109206165,0.21745798463043287,0.2961814823720368,25,Medium close-up,prestige
1995.0,0.24491252498979754,0.20467027731736845,0.28272975681252904,25,Medium close-up,prestige
1996.0,0.280313797278549,0.21501291316784588,0.3445796405426292,17,Medium close-up,prestige
1997.0,0.247334514182141,0.2046051804924033,0.2849482561466098,18,Medium close-up,prestige
1998.0,0.304930570723623,0.252523019106983,0.35088124934475695,20,Medium close-up,prestige
1999.0,0.280849111913534,0.24680517288625875,0.3178133588222874,23,Medium close-up,prestige
2000.0,0.26732788866304064,0.20811249420114822,0.3228060334730131,21,Medium close-up,prestige
2001.0,0.22459369783604524,0.17648611994986554,0.2743626583384742,27,Medium close-up,prestige
2002.0,0.2394285333080516,0.19104959609310904,0.2925151015110573,25,Medium close-up,prestige
2003.0,0.2621305611112992,0.2257469005146702,0.2969108785784967,26,Medium close-up,prestige
2004.0,0.24095204361985897,0.2006217795608951,0.2790506647182818,23,Medium close-up,prestige
2005.0,0.26579273429085537,0.23113695433639725,0.29937042631402755,26,Medium close-up,prestige
2006.0,0.24594516321596607,0.19694672587173823,0.29643102516164027,25,Medium close-up,prestige
2007.0,0.23417036435578945,0.19774641763683642,0.270507445806654,24,Medium close-up,prestige
2008.0,0.2827882258394752,0.23750399477770287,0.3267418041812243,26,Medium close-up,prestige
2009.0,0.21902950882901798,0.17813281410888146,0.2600779141851102,22,Medium close-up,prestige
2010.0,0.24880300283282739,0.2015028581668916,0.3010738960365687,19,Medium close-up,prestige
2011.0,0.22931824326044709,0.18812478947499978,0.2761137076518514,27,Medium close-up,prestige
2012.0,0.25093522776029226,0.19954545158610287,0.29819544272056525,26,Medium close-up,prestige
2013.0,0.29222360111448537,0.22199650824337547,0.3735006623515571,19,Medium close-up,prestige
2014.0,0.22642843683680655,0.1835476390366684,0.27510581966498,24,Medium close-up,prestige
2015.0,0.2297954382364378,0.16870222588957015,0.2970160557543159,18,Medium close-up,prestige
2016.0,0.2375734595381361,0.16618025846090342,0.3116107592240929,18,Medium close-up,prestige
2017.0,0.20112896547243134,0.14857704760707105,0.26203055723210705,18,Medium close-up,prestige
2018.0,0.2321157982657301,0.17464335724532315,0.2961217387586561,23,Medium close-up,prestige
2019.0,0.19186230281243102,0.14135221242136717,0.24453700803875664,17,Medium close-up,prestige
2020.0,0.25435510023436003,0.16677934589711263,0.33752041787178566,13,Medium close-up,prestige
2021.0,0.21093189865138615,0.17563164293457845,0.24547147148910994,19,Medium close-up,prestige
2022.0,0.1711314603585311,0.1312344067077359,0.21238121073659,17,Medium close-up,prestige
2023.0,0.18760362635326802,0.13629497130510154,0.24211724336718843,14,Medium close-up,prestige
2024.0,0.2083383408304119,0.1370143865691695,0.2795850521291681,10,Medium close-up,prestige
2025.0,0.22811418399600555,0.17506658471403114,0.27717218537756905,9,Medium close-up,prestige
1916.0,0.23021072703270914,0.23021072703270914,0.23021072703270914,1,Medium,prestige
1924.0,0.3884447933766326,0.3884447933766326,0.3884447933766326,1,Medium,prestige
1925.0,0.2676592686574758,0.26317755014938116,0.2721409871655705,2,Medium,prestige
1926.0,0.06772930648769575,0.06772930648769575,0.06772930648769575,1,Medium,prestige
1927.0,0.3515710423426548,0.2968601643584455,0.40628192032686417,2,Medium,prestige
1928.0,0.4327447422743028,0.3576121077968009,0.5006076873920325,8,Medium,prestige
1929.0,0.4296305725922627,0.3411071305751255,0.5135030106536814,10,Medium,prestige
1930.0,0.42646482824767235,0.2849098607534157,0.5580318246434631,3,Medium,prestige
1931.0,0.40765017913807555,0.36240269438868417,0.45531832834139585,19,Medium,prestige
1932.0,0.46750571240308586,0.3884951100219894,0.5440900414026772,12,Medium,prestige
1933.0,0.44093029796227573,0.3887280473797172,0.4938360271065524,14,Medium,prestige
1934.0,0.41876056062543304,0.365982120270354,0.46790848332484997,19,Medium,prestige
1935.0,0.4743137403182704,0.4444568970917819,0.5034980428856318,22,Medium,prestige
1936.0,0.45064308222988947,0.41076187825619076,0.48602850414750004,21,Medium,prestige
1937.0,0.4665737263257198,0.43224451077965165,0.5041907609455278,21,Medium,prestige
1938.0,0.47719680645909934,0.4535081677265047,0.5024008480478057,20,Medium,prestige
1939.0,0.4519809907099931,0.4010635243738686,0.49568084174647037,16,Medium,prestige
1940.0,0.4842111745784136,0.4321242924105011,0.5338445736044442,18,Medium,prestige
1941.0,0.4716548021653297,0.43748852723226067,0.5088111061206463,17,Medium,prestige
1942.0,0.4729737335170636,0.40535236551392007,0.5162733882292387,16,Medium,prestige
1943.0,0.4164167231658097,0.3678182070415601,0.461059622974213,21,Medium,prestige
1944.0,0.4300594799590149,0.3669291546034838,0.4912204154545581,24,Medium,prestige
1945.0,0.4761224875264205,0.43236671282150646,0.5206971830053442,15,Medium,prestige
1946.0,0.4860776015453827,0.4476885474203332,0.5268478048885825,16,Medium,prestige
1947.0,0.5025935056951373,0.4483043671600077,0.5591884640914423,17,Medium,prestige
1948.0,0.4238882621631826,0.3640854322810875,0.47287518246779636,18,Medium,prestige
1949.0,0.4617377452379057,0.4261090097028488,0.5082127865882079,15,Medium,prestige
1950.0,0.4891639027441594,0.4440150303436527,0.5336788009802566,17,Medium,prestige
1951.0,0.4471444811809398,0.39587615460245007,0.5047401315733591,17,Medium,prestige
1952.0,0.44931565812548735,0.40407802377519575,0.4953356803960687,19,Medium,prestige
1953.0,0.3727396123205562,0.3308468604438076,0.4117609550027721,20,Medium,prestige
1954.0,0.45759517679217315,0.40202565291311776,0.5052635318378972,19,Medium,prestige
1955.0,0.4981931457004826,0.4565897218459293,0.5402447623311003,25,Medium,prestige
1956.0,0.3830795297303009,0.3268302340072198,0.43950549992646204,16,Medium,prestige
1957.0,0.4457036787188655,0.39599509346012607,0.4938679250255994,19,Medium,prestige
1958.0,0.4948687049073726,0.4491575558125862,0.5380366339917037,20,Medium,prestige
1959.0,0.5243454689518391,0.4749716868840839,0.5706840188150918,20,Medium,prestige
1960.0,0.4930760655682173,0.44267394807925187,0.5333756407037701,25,Medium,prestige
1961.0,0.5109439946889298,0.46509262229023524,0.5550312329656929,21,Medium,prestige
1962.0,0.4828354233095442,0.43773109811496835,0.5236140370928204,29,Medium,prestige
1963.0,0.48050361753174414,0.4355991266968955,0.526441686232714,22,Medium,prestige
1964.0,0.4447021981440772,0.3916431737302063,0.4874026520459006,22,Medium,prestige
1965.0,0.4596476352157775,0.4208139310295372,0.5022120176272103,25,Medium,prestige
1966.0,0.4515911401818464,0.41570035022239893,0.48783581453718244,23,Medium,prestige
1967.0,0.4134213094805566,0.3501787780723362,0.4736839567118015,19,Medium,prestige
1968.0,0.3926624898178221,0.3386464716628138,0.43915483314952747,19,Medium,prestige
1969.0,0.39837396065111713,0.33520720117159053,0.4575296995034609,18,Medium,prestige
1970.0,0.422304456066384,0.3711375101056524,0.4718927833075641,18,Medium,prestige
1971.0,0.38489394556227874,0.33460060988098234,0.43781783836402544,14,Medium,prestige
1972.0,0.40674348910493235,0.36157861300852207,0.454434589495516,19,Medium,prestige
1973.0,0.4172791574351706,0.36279770616764034,0.46393301299144113,20,Medium,prestige
1974.0,0.41376721154645213,0.3725140353856922,0.4539299528525944,19,Medium,prestige
1975.0,0.383208502273405,0.3350420948378362,0.4289412808828274,23,Medium,prestige
1976.0,0.3802854888406574,0.3347897528930781,0.41699577335923127,20,Medium,prestige
1977.0,0.3983660628359031,0.3608542891379082,0.4350102792544257,17,Medium,prestige
1978.0,0.3823988807049521,0.3387091593201924,0.42405986053748623,22,Medium,prestige
1979.0,0.4030579942075776,0.3557052913869301,0.4547261767888013,18,Medium,prestige
1980.0,0.4088626782878254,0.35565139863061573,0.4606725227167041,18,Medium,prestige
1981.0,0.44128034306827496,0.4058402177249109,0.477506730777964,12,Medium,prestige
1982.0,0.4048011125999966,0.36079053242613385,0.45571480129289765,18,Medium,prestige
1983.0,0.4078921886373147,0.35986610905081945,0.4501803780643328,19,Medium,prestige
1984.0,0.40926185979949575,0.3659323858996466,0.45386851761995894,15,Medium,prestige
1985.0,0.4205155144153771,0.3715298120306266,0.46114627349066856,19,Medium,prestige
1986.0,0.42017557407346456,0.38453287392196644,0.45459491397207996,15,Medium,prestige
1987.0,0.41782725922076197,0.375406180318228,0.46745446079956027,14,Medium,prestige
1988.0,0.4187409304957736,0.39394754788255004,0.4442562101665618,20,Medium,prestige
1989.0,0.4198298294598643,0.37150001801228716,0.4618660000181821,19,Medium,prestige
1990.0,0.41680804141069966,0.3812454282853361,0.4544434961878201,20,Medium,prestige
1991.0,0.39782530567802465,0.35535184253586505,0.43765233861930947,20,Medium,prestige
1992.0,0.4143484097900795,0.3821246610645144,0.4467289491256741,20,Medium,prestige
1993.0,0.43117497331847054,0.3923907820830355,0.4626483813445035,16,Medium,prestige
1994.0,0.40310608626812955,0.3595467077825505,0.4500037178077864,25,Medium,prestige
1995.0,0.4007758729072568,0.3637591743554849,0.4414754325429843,25,Medium,prestige
1996.0,0.4076226347356926,0.36333286997928554,0.4511577163960318,17,Medium,prestige
1997.0,0.42124827237784784,0.3867394961996545,0.45567031178901796,18,Medium,prestige
1998.0,0.3661874322397399,0.324200050798757,0.4080049194097726,20,Medium,prestige
1999.0,0.41158624046894765,0.38362551977147896,0.4347252599275208,23,Medium,prestige
2000.0,0.4025201633987877,0.3701848176723485,0.4340946905464727,21,Medium,prestige
2001.0,0.370827904626943,0.3294817139802718,0.4128346804611649,27,Medium,prestige
2002.0,0.4003179029240264,0.3611041141503332,0.43520917753334765,25,Medium,prestige
2003.0,0.36440941893522827,0.32295531515026416,0.4068614494738769,26,Medium,prestige
2004.0,0.44733680241510176,0.40953945966044103,0.4883091183488912,23,Medium,prestige
2005.0,0.39489273106284634,0.3576711421058905,0.4323501515990695,26,Medium,prestige
2006.0,0.36494600177169384,0.3146689200806529,0.4151373155975903,25,Medium,prestige
2007.0,0.4068953554262849,0.36700288072171006,0.44514970475020027,24,Medium,prestige
2008.0,0.3754541090091447,0.325306811854578,0.4206008637886474,26,Medium,prestige
2009.0,0.38995529213112834,0.3563945776943405,0.4289783911005503,22,Medium,prestige
2010.0,0.38802275011196824,0.33886416553485843,0.4398070995656102,19,Medium,prestige
2011.0,0.41876376612214883,0.38532649783105544,0.451742058678475,27,Medium,prestige
2012.0,0.37355156017555774,0.34649190980623834,0.4048697972017429,26,Medium,prestige
2013.0,0.36872956946111907,0.3297848624690488,0.4062363751259616,19,Medium,prestige
2014.0,0.39215637641607987,0.3484099476766752,0.4336130765615906,24,Medium,prestige
2015.0,0.3744676641578675,0.3363061391340102,0.4159349003283473,18,Medium,prestige
2016.0,0.4140261719466103,0.3533423255769517,0.48179644682073586,18,Medium,prestige
2017.0,0.3972780379980287,0.3534331257147565,0.43661730184685715,18,Medium,prestige
2018.0,0.39855308207346807,0.35339221339833016,0.4423809869478783,23,Medium,prestige
2019.0,0.43131859933442823,0.4031615728519911,0.4607406955265119,17,Medium,prestige
2020.0,0.3758857984131356,0.33445469978408465,0.4189371409018451,13,Medium,prestige
2021.0,0.43222948010693524,0.39149200260907907,0.4697441114063268,19,Medium,prestige
2022.0,0.3931630810539345,0.3456136939438285,0.44438750918664016,17,Medium,prestige
2023.0,0.3709254986746978,0.30713593342271944,0.43478376855059164,14,Medium,prestige
2024.0,0.3284315170946593,0.26090263243096057,0.4001161351298935,10,Medium,prestige
2025.0,0.39799525635929434,0.3208016628489728,0.4829222415501138,9,Medium,prestige
1916.0,0.2158363076321322,0.2158363076321322,0.2158363076321322,1,Medium long,prestige
1924.0,0.2231817857397759,0.2231817857397759,0.2231817857397759,1,Medium long,prestige
1925.0,0.14545685545454193,0.09986590894578891,0.19104780196329493,2,Medium long,prestige
1926.0,0.1609619686800895,0.1609619686800895,0.1609619686800895,1,Medium long,prestige
1927.0,0.20695584837826556,0.13888616049503977,0.27502553626149134,2,Medium long,prestige
1928.0,0.15239404685529423,0.10838068836413377,0.19125650892131418,8,Medium long,prestige
1929.0,0.19044844189561677,0.1457042221278755,0.2343786834809842,10,Medium long,prestige
1930.0,0.2407612046460799,0.16577245838492227,0.2822957816827862,3,Medium long,prestige
1931.0,0.24658502322534004,0.20823506100738173,0.2873135298251369,19,Medium long,prestige
1932.0,0.200891795763249,0.17401580190454088,0.2351325004763989,12,Medium long,prestige
1933.0,0.25049113727227273,0.20457256035728885,0.2988716872608361,14,Medium long,prestige
1934.0,0.2436508583069054,0.20482215556971686,0.28161850575667446,19,Medium long,prestige
1935.0,0.2223563389465608,0.20072640066969447,0.24472892700871113,22,Medium long,prestige
1936.0,0.2277395042110951,0.20586411588837106,0.25190011302627924,21,Medium long,prestige
1937.0,0.21034384098036973,0.18146270942250833,0.2405789901857211,21,Medium long,prestige
1938.0,0.2558861100302683,0.2360470317636757,0.2754835567471626,20,Medium long,prestige
1939.0,0.2369405003652072,0.2131057269974274,0.26336318649883195,16,Medium long,prestige
1940.0,0.20358510749342706,0.17778091336843524,0.22853382966613947,18,Medium long,prestige
1941.0,0.22132913134447313,0.18666646407500254,0.258422753717787,17,Medium long,prestige
1942.0,0.19934212735730525,0.17150637669234456,0.2310269329505705,16,Medium long,prestige
1943.0,0.2100569461270394,0.18064272943242846,0.23796430622007628,21,Medium long,prestige
1944.0,0.20179889788460215,0.17231406340520106,0.2326877511131997,24,Medium long,prestige
1945.0,0.212220942592066,0.1814752644591303,0.2398656285122988,15,Medium long,prestige
1946.0,0.1916909367064645,0.16783765225253894,0.21766855440060995,16,Medium long,prestige
1947.0,0.20619852233212338,0.1718063393333177,0.2405752719745895,17,Medium long,prestige
1948.0,0.19020503149640827,0.16336234609389585,0.2161803311492655,18,Medium long,prestige
1949.0,0.22166408970804075,0.19105774563103417,0.25037359380005053,15,Medium long,prestige
1950.0,0.2221991513259022,0.18857929950966462,0.2610105620411009,17,Medium long,prestige
1951.0,0.1776120948495158,0.15113847097387095,0.20432113361016283,17,Medium long,prestige
1952.0,0.20269996520066821,0.17188222678765158,0.2348737115885849,19,Medium long,prestige
1953.0,0.24923345282788997,0.22363975518652807,0.2766770299835521,20,Medium long,prestige
1954.0,0.19278095317491237,0.17082675467632616,0.21379212781832213,19,Medium long,prestige
1955.0,0.21522161008618876,0.17825242017988632,0.25285583038125387,25,Medium long,prestige
1956.0,0.21868592407467358,0.16837665385075293,0.2734553647088298,16,Medium long,prestige
1957.0,0.17712745311173644,0.1478057326366603,0.21165948437198817,19,Medium long,prestige
1958.0,0.1959874234588415,0.1580713357976282,0.23798627871277445,20,Medium long,prestige
1959.0,0.16381447477806454,0.1327354286388139,0.19564491612927376,20,Medium long,prestige
1960.0,0.16273237997857584,0.13622473846316327,0.1896471229195477,25,Medium long,prestige
1961.0,0.1579381895121687,0.13188340962872486,0.19419039015262882,21,Medium long,prestige
1962.0,0.14592609558771602,0.12105577219022494,0.17191333411498175,29,Medium long,prestige
1963.0,0.17135760264329078,0.1364380388520876,0.20133696214643532,22,Medium long,prestige
1964.0,0.1357408329530641,0.11290431911407682,0.1609365947851133,22,Medium long,prestige
1965.0,0.1518901526503506,0.13261212028436353,0.17369727562110096,25,Medium long,prestige
1966.0,0.13098997056820136,0.11608977297314113,0.14526831116524844,23,Medium long,prestige
1967.0,0.127267103511504,0.11006585641693709,0.14608185449774969,19,Medium long,prestige
1968.0,0.12417635177355726,0.10204887645671287,0.14906181867641136,19,Medium long,prestige
1969.0,0.11921218233182304,0.09426455976072545,0.14712502064015326,18,Medium long,prestige
1970.0,0.15708622637608669,0.13340999640854678,0.18228297447280623,18,Medium long,prestige
1971.0,0.12030517116112725,0.09615254808329458,0.14373122534936528,14,Medium long,prestige
1972.0,0.16340711184475507,0.12858209089014036,0.20150488730328367,19,Medium long,prestige
1973.0,0.133263343107255,0.11409251150169643,0.154192479751271,20,Medium long,prestige
1974.0,0.15194142688383314,0.12606278973746377,0.17693854559703937,19,Medium long,prestige
1975.0,0.15856696954883484,0.12995480250468927,0.1890499305018527,23,Medium long,prestige
1976.0,0.15958128809214617,0.13419457509510416,0.19458030243679192,20,Medium long,prestige
1977.0,0.15486347863436684,0.12189892463060155,0.18936408435845384,17,Medium long,prestige
1978.0,0.16989061786807833,0.1386257421367507,0.21136831069035455,22,Medium long,prestige
1979.0,0.13888304436039445,0.11235690406242042,0.1639999482104875,18,Medium long,prestige
1980.0,0.14692087277068525,0.12431593661125101,0.17108017076854787,18,Medium long,prestige
1981.0,0.15167618858617732,0.12703421494259443,0.17954376638695616,12,Medium long,prestige
1982.0,0.15295101388839533,0.13109436409440048,0.17614113124076658,18,Medium long,prestige
1983.0,0.15656664600147788,0.13361180573912457,0.1804872245930706,19,Medium long,prestige
1984.0,0.17698204794077305,0.14175788845106777,0.22390185324390308,15,Medium long,prestige
1985.0,0.14012034801520842,0.11298271931813658,0.16665433809464275,19,Medium long,prestige
1986.0,0.16218665166645144,0.13139824350001666,0.19801368801778543,15,Medium long,prestige
1987.0,0.12303536408701396,0.1089240054254074,0.1399150292505162,14,Medium long,prestige
1988.0,0.12761917088221245,0.10626363646772495,0.150871646297995,20,Medium long,prestige
1989.0,0.12107950259538139,0.10526876781450627,0.13496649128330027,19,Medium long,prestige
1990.0,0.1444229456807043,0.12191353733571575,0.16765274699455004,20,Medium long,prestige
1991.0,0.11065517772397185,0.08942715846602588,0.13341353381876148,20,Medium long,prestige
1992.0,0.14040516046017237,0.1230008231071435,0.16084286021746444,20,Medium long,prestige
1993.0,0.11848341430207365,0.09880104927123666,0.1411129253410972,16,Medium long,prestige
1994.0,0.10390346761891957,0.08818999247837232,0.11778490079532325,25,Medium long,prestige
1995.0,0.11009888818803928,0.09122650639476546,0.12919618864308843,25,Medium long,prestige
1996.0,0.10123255045992367,0.08578844395430395,0.11744497143683161,17,Medium long,prestige
1997.0,0.11666417527680635,0.09645020981028676,0.13578540071791967,18,Medium long,prestige
1998.0,0.09716058062614415,0.07637633216993589,0.12360710417370595,20,Medium long,prestige
1999.0,0.10818586830613967,0.091662205507154,0.12734515111906056,23,Medium long,prestige
2000.0,0.10892589073221376,0.0888942097381765,0.13354904598708464,21,Medium long,prestige
2001.0,0.09981764424523004,0.08624505896268225,0.11333712542862909,27,Medium long,prestige
2002.0,0.10833085930746736,0.08731890134267231,0.12829376654900915,25,Medium long,prestige
2003.0,0.09846316536059334,0.08384240498633914,0.11281468198720604,26,Medium long,prestige
2004.0,0.08724891458001424,0.07291119331980317,0.10168272516492068,23,Medium long,prestige
2005.0,0.10850410524463634,0.0857582986192783,0.13070941738448583,26,Medium long,prestige
2006.0,0.08170035850043607,0.06471062460824943,0.1019182141854022,25,Medium long,prestige
2007.0,0.09614168455181575,0.0783807048449355,0.11765446378059195,24,Medium long,prestige
2008.0,0.08554986175765565,0.06990370934223336,0.1025289881175888,26,Medium long,prestige
2009.0,0.09670131549155,0.08097942308636684,0.1125416347098986,22,Medium long,prestige
2010.0,0.07411285755887204,0.06114045250004533,0.08584987298681986,19,Medium long,prestige
2011.0,0.09925522326561875,0.08445136389315784,0.1146634190471447,27,Medium long,prestige
2012.0,0.09595569109433427,0.07406154915509872,0.12074827006539003,26,Medium long,prestige
2013.0,0.08256517307205728,0.06376725076577829,0.09978834374838842,19,Medium long,prestige
2014.0,0.10478543172349342,0.08985900640669449,0.11893252484598928,24,Medium long,prestige
2015.0,0.10761821510545658,0.08644061245212283,0.12852807266310445,18,Medium long,prestige
2016.0,0.08238725437158673,0.0596620184251582,0.1072514202471973,18,Medium long,prestige
2017.0,0.11767078616917183,0.09256197021907071,0.1447244824083667,18,Medium long,prestige
2018.0,0.09507731071104394,0.07899026047038085,0.11123577019270853,23,Medium long,prestige
2019.0,0.12216304055733819,0.0998952063995724,0.144370169924783,17,Medium long,prestige
2020.0,0.12393259420084421,0.08006007491309788,0.18677953169789357,13,Medium long,prestige
2021.0,0.10244707782536999,0.08453271444329986,0.12316502924906293,19,Medium long,prestige
2022.0,0.10924002558077127,0.08686543864196276,0.1336459279859766,17,Medium long,prestige
2023.0,0.10132031802424224,0.0776260632386636,0.1261637272763338,14,Medium long,prestige
2024.0,0.07693871852333659,0.05628209161668128,0.09727500776864516,10,Medium long,prestige
2025.0,0.0666799628976641,0.04851194370565332,0.08547508864364803,9,Medium long,prestige
1916.0,0.484061017943578,0.484061017943578,0.484061017943578,1,Long,prestige
1924.0,0.2870244807651131,0.2870244807651131,0.2870244807651131,1,Long,prestige
1925.0,0.4587644595234994,0.4113402720132814,0.5061886470337175,2,Long,prestige
1926.0,0.7495525727069351,0.7495525727069351,0.7495525727069351,1,Long,prestige
1927.0,0.36294262560625107,0.2704290091930541,0.455456242019448,2,Long,prestige
1928.0,0.2300181583158764,0.164080039473876,0.29210453338523773,8,Long,prestige
1929.0,0.2732173227676628,0.19907386478623137,0.35044474315563173,10,Long,prestige
1930.0,0.27248652978221505,0.21772825239601964,0.3782356279191584,3,Long,prestige
1931.0,0.2472272865767422,0.19525919091906524,0.29337950643245025,19,Long,prestige
1932.0,0.2284668839274484,0.15583235704175757,0.3001127160819288,12,Long,prestige
1933.0,0.23613806547127442,0.1795523118490155,0.2947648006368738,14,Long,prestige
1934.0,0.247240696455357,0.18456306729610553,0.3193645438727066,19,Long,prestige
1935.0,0.20782845825803123,0.1789042826567549,0.2399715897693376,22,Long,prestige
1936.0,0.2287962027935882,0.19533597502224115,0.27112232641601813,21,Long,prestige
1937.0,0.22398168834765206,0.17965286042054063,0.2737687332740617,21,Long,prestige
1938.0,0.17612637997412942,0.14810668878973773,0.2036521397303086,20,Long,prestige
1939.0,0.21375956388394662,0.16634456924611318,0.2719837074591254,16,Long,prestige
1940.0,0.2052438165290939,0.15936978121920423,0.2571554558657552,18,Long,prestige
1941.0,0.1931708523521152,0.15612688254149065,0.23397586962265532,17,Long,prestige
1942.0,0.2134269987472945,0.17222190534367599,0.2858301073247568,16,Long,prestige
1943.0,0.2584135059818505,0.22009936563604657,0.3040757304789533,21,Long,prestige
1944.0,0.25553480471514606,0.1959671388033348,0.3181411501058657,24,Long,prestige
1945.0,0.22672421267172368,0.18213862991796154,0.2783205073448138,15,Long,prestige
1946.0,0.20333045647809664,0.16380069681288087,0.24188443000240178,16,Long,prestige
1947.0,0.189930137827849,0.145050056124618,0.23229879293571282,17,Long,prestige
1948.0,0.27709380288232077,0.2234308671672485,0.3491946008454959,18,Long,prestige
1949.0,0.2267029295886098,0.17784087274412522,0.27236269979819633,15,Long,prestige
1950.0,0.2088535069956226,0.15858000675591638,0.261982175136139,17,Long,prestige
1951.0,0.2565971547629771,0.18922681115709677,0.31609859118303835,17,Long,prestige
1952.0,0.2431157059666472,0.18854759711264335,0.29843014803224366,19,Long,prestige
1953.0,0.3127426079272128,0.26845472957564653,0.36114861037204266,20,Long,prestige
1954.0,0.25599429390802486,0.19853550176265203,0.3257361402727882,19,Long,prestige
1955.0,0.19831875256921813,0.1723192525433968,0.22616498822508696,25,Long,prestige
1956.0,0.2908299245051392,0.24642910386685454,0.34165516642127036,16,Long,prestige
1957.0,0.2583847591727972,0.2018215829513598,0.31588413619503675,19,Long,prestige
1958.0,0.18368272075802483,0.144436422512548,0.2340120433988633,20,Long,prestige
1959.0,0.16671920872221246,0.13186834095457295,0.2063190267944824,20,Long,prestige
1960.0,0.20996817762740455,0.17250053275027374,0.25619967813880345,25,Long,prestige
1961.0,0.19501588458197053,0.15310844071162572,0.23974210879522,21,Long,prestige
1962.0,0.19811608646531045,0.16080780418028387,0.24009188788127014,29,Long,prestige
1963.0,0.194119457593955,0.1631495350837278,0.22371740218005345,22,Long,prestige
1964.0,0.20182409136923332,0.15946948140880957,0.2515033408055443,22,Long,prestige
1965.0,0.19963360347667614,0.16951487201464036,0.23049563719340807,25,Long,prestige
1966.0,0.2052833358811285,0.1772155371236663,0.23538312259636826,23,Long,prestige
1967.0,0.24438063930340476,0.183202461254679,0.3168571247029094,19,Long,prestige
1968.0,0.22437863206722475,0.18179502767460504,0.2708440487107176,19,Long,prestige
1969.0,0.2402654987644408,0.18939815432971244,0.3043253144279014,18,Long,prestige
1970.0,0.21473165606402175,0.179264325400147,0.25361268890449484,18,Long,prestige
1971.0,0.21300897214123063,0.16241820777085614,0.26259183214020526,14,Long,prestige
1972.0,0.19019682028214535,0.15907667667487219,0.22468371078080118,19,Long,prestige
1973.0,0.2376971373400807,0.1838446224784447,0.29957827712027074,20,Long,prestige
1974.0,0.19563547276023915,0.1667258250252167,0.22549753872181869,19,Long,prestige
1975.0,0.23850135103200956,0.19519135980946256,0.28610533542591876,23,Long,prestige
1976.0,0.23766199063493496,0.18426168199537862,0.30025319177085014,20,Long,prestige
1977.0,0.2038267137417583,0.17460304196136595,0.23314158865070378,17,Long,prestige
1978.0,0.21298427709737433,0.1704885927158414,0.2649321803624898,22,Long,prestige
1979.0,0.2137142668902416,0.17441089765591353,0.26287315007582873,18,Long,prestige
1980.0,0.20272507809333545,0.15556553908116372,0.25771395133220404,18,Long,prestige
1981.0,0.20135466738001384,0.16621447635166378,0.23590619525455148,12,Long,prestige
1982.0,0.20488058502553624,0.17502082983452014,0.23713108941540406,18,Long,prestige
1983.0,0.19198363898959347,0.1608819969023797,0.2274327909357953,19,Long,prestige
1984.0,0.19548071251515653,0.17042136868811833,0.2215569089242276,15,Long,prestige
1985.0,0.21480198490092614,0.18052572883007717,0.2583955947674452,19,Long,prestige
1986.0,0.18373253225373792,0.16199000943406638,0.20547321518040532,15,Long,prestige
1987.0,0.21753880011511703,0.16558497039635053,0.2664823020706677,14,Long,prestige
1988.0,0.15177776140129154,0.12614025077387123,0.17662436580503604,20,Long,prestige
1989.0,0.1781901761379265,0.13550318086126317,0.23557340968125945,19,Long,prestige
1990.0,0.1606290840246401,0.1380535169509402,0.18606465546305317,20,Long,prestige
1991.0,0.17317780678045278,0.13655739210336768,0.21846244741996335,20,Long,prestige
1992.0,0.18287944203442513,0.1552732981768629,0.21543263512918004,20,Long,prestige
1993.0,0.14267225601490846,0.11390101925554004,0.17683914377335516,16,Long,prestige
1994.0,0.17234428061855123,0.13792302261608783,0.21604383995712412,25,Long,prestige
1995.0,0.18239309055420752,0.14059317773938088,0.23037522038822164,25,Long,prestige
1996.0,0.14267785736125332,0.1042599462509759,0.18375476478794428,17,Long,prestige
1997.0,0.15011954548391207,0.12132773748760736,0.18312595094074344,18,Long,prestige
1998.0,0.15724257214816895,0.12731006906345965,0.19430373543971366,20,Long,prestige
1999.0,0.13766020787936034,0.1130118779411666,0.16571766355536569,23,Long,prestige
2000.0,0.15563537320947507,0.12490881939080567,0.19093670780835273,21,Long,prestige
2001.0,0.2297872789468286,0.17035888297364943,0.2893809682024947,27,Long,prestige
2002.0,0.17772592310977134,0.14866809569937203,0.2075939017191553,25,Long,prestige
2003.0,0.18411802872358216,0.13830408189225496,0.23929108841907146,26,Long,prestige
2004.0,0.15064132328871335,0.11874384073046167,0.18448801710761598,23,Long,prestige
2005.0,0.15409646713757644,0.1179478515741652,0.20499444947113957,26,Long,prestige
2006.0,0.21176142986921323,0.1497038401168561,0.29147868555342593,25,Long,prestige
2007.0,0.17529699318574088,0.14744507703207282,0.20754911408266616,24,Long,prestige
2008.0,0.1694982700387443,0.1333434988767523,0.2129512100481547,26,Long,prestige
2009.0,0.19758764073819046,0.15071363933544618,0.24725105400997238,22,Long,prestige
2010.0,0.18446636886490772,0.13958080427915817,0.23768030738223855,19,Long,prestige
2011.0,0.16351077482894733,0.13067619019472226,0.19693363353893747,27,Long,prestige
2012.0,0.18183823480201172,0.14868820737872554,0.21812495431027848,26,Long,prestige
2013.0,0.15679387291847874,0.11575688699377445,0.199485256217501,19,Long,prestige
2014.0,0.1741583335993709,0.1386575420601124,0.2124360170916966,24,Long,prestige
2015.0,0.18727530853784052,0.1360756737006397,0.2417932077241425,18,Long,prestige
2016.0,0.17065689642411608,0.1270499547038486,0.21437208897551083,18,Long,prestige
2017.0,0.18862329214043305,0.14880121290800377,0.2278172120436198,18,Long,prestige
2018.0,0.18399965225653178,0.13444921338657154,0.2363048072065538,23,Long,prestige
2019.0,0.1725677969041335,0.13398875480574982,0.21032570788750965,17,Long,prestige
2020.0,0.16066121786927626,0.10899743903203189,0.21986086695501142,13,Long,prestige
2021.0,0.1668018531577263,0.13444153862034997,0.19811174979159613,19,Long,prestige
2022.0,0.21826076973026734,0.17245551174651672,0.2632998618307491,17,Long,prestige
2023.0,0.24967663098843204,0.17603242622886556,0.3329822052050005,14,Long,prestige
2024.0,0.25886586883312795,0.1757730169585396,0.3655581984992441,10,Long,prestige
2025.0,0.18602151658811894,0.14341363827243164,0.2289441820653238,9,Long,prestige
1916.0,0.018603627829658242,0.018603627829658242,0.018603627829658242,1,Extreme long,prestige
1924.0,0.008350581685818285,0.008350581685818285,0.008350581685818285,1,Extreme long,prestige
1925.0,0.046672854986668975,0.00944302176696543,0.08390268820637252,2,Extreme long,prestige
1926.0,0.017114093959731545,0.017114093959731545,0.017114093959731545,1,Extreme long,prestige
1927.0,0.026732489405164546,0.010640108954715696,0.042824869855613394,2,Extreme long,prestige
1928.0,0.019800544713275067,0.01352125199750377,0.02646605815232021,8,Extreme long,prestige
1929.0,0.022362968508430413,0.01039304860634867,0.03963090998448392,10,Extreme long,prestige
1930.0,0.021688554816858118,0.014348635517413616,0.028018526161324345,3,Extreme long,prestige
1931.0,0.020038776298541863,0.013973346329766281,0.025556989204809127,19,Extreme long,prestige
1932.0,0.022251148100379776,0.013909419776854571,0.031236748767895398,12,Extreme long,prestige
1933.0,0.01726113566003689,0.007968963580315569,0.03183861321504022,14,Extreme long,prestige
1934.0,0.01954959741314476,0.011695669233432689,0.03105427768944832,19,Extreme long,prestige
1935.0,0.015447382257949532,0.011081146241386463,0.020237961723101952,22,Extreme long,prestige
1936.0,0.014935576291319797,0.011175453184136491,0.020213785677066807,21,Extreme long,prestige
1937.0,0.016729627561421545,0.012561540620878955,0.02138884254901098,21,Extreme long,prestige
1938.0,0.01439622796705306,0.009218558540757536,0.021572941854948586,20,Extreme long,prestige
1939.0,0.020463753607275738,0.013818158691833143,0.02781541924915798,16,Extreme long,prestige
1940.0,0.014610561524470548,0.010801546543297152,0.01952351962831004,18,Extreme long,prestige
1941.0,0.022906146226163864,0.011681898135506422,0.03981425873522294,17,Extreme long,prestige
1942.0,0.034461163723741806,0.019550338518277147,0.05348462573315894,16,Extreme long,prestige
1943.0,0.038980260132952325,0.02088787401291165,0.06192191968346181,21,Extreme long,prestige
1944.0,0.04069627007133881,0.01977226610288175,0.06484430340794395,24,Extreme long,prestige
1945.0,0.013050775415908178,0.009721110179786422,0.017033430068697793,15,Extreme long,prestige
1946.0,0.015332450919954946,0.010653929249175211,0.020642933481154615,16,Extreme long,prestige
1947.0,0.010995959224371847,0.007288562812310323,0.014649857044138593,17,Extreme long,prestige
1948.0,0.021559681801881607,0.016118351443941387,0.028493684500542682,18,Extreme long,prestige
1949.0,0.013139134717610423,0.009290344831651663,0.017108304414084854,15,Extreme long,prestige
1950.0,0.01707247717988058,0.0106920111084979,0.024493220814554868,17,Extreme long,prestige
1951.0,0.020903678915709992,0.01414748340091558,0.029041840678961168,17,Extreme long,prestige
1952.0,0.01789960665028216,0.010652450905399905,0.027782625731742318,19,Extreme long,prestige
1953.0,0.018739579851192963,0.014918185193315071,0.023121343400933202,20,Extreme long,prestige
1954.0,0.023648893923306952,0.015560205990196089,0.03332968026217951,19,Extreme long,prestige
1955.0,0.02252037819078602,0.015694470531691724,0.03023552706871009,25,Extreme long,prestige
1956.0,0.023671511293125808,0.014775929157515797,0.03447486391339683,16,Extreme long,prestige
1957.0,0.026864368359129163,0.01734156870352711,0.03861228593449872,19,Extreme long,prestige
1958.0,0.01876218708161684,0.010763583136030088,0.029074658163961258,20,Extreme long,prestige
1959.0,0.02399171987742216,0.017014490609336897,0.03218350282356053,20,Extreme long,prestige
1960.0,0.02389770970931905,0.014612869601860779,0.037506165998308694,25,Extreme long,prestige
1961.0,0.024800761381794073,0.016164992963399922,0.03416775789922598,21,Extreme long,prestige
1962.0,0.026423060617474556,0.016780093280083907,0.03857383657280438,29,Extreme long,prestige
1963.0,0.025645918068275854,0.01746020122923061,0.034924114396376015,22,Extreme long,prestige
1964.0,0.020295850213419554,0.012896487191097403,0.030175606212667204,22,Extreme long,prestige
1965.0,0.0334201413154052,0.021721825975151,0.04713657675242106,25,Extreme long,prestige
1966.0,0.025508848323928756,0.01797732807527305,0.03483307385359746,23,Extreme long,prestige
1967.0,0.021602151320999838,0.016124655234243106,0.027806347739302774,19,Extreme long,prestige
1968.0,0.03314218652477782,0.01960225018873493,0.05113608187615526,19,Extreme long,prestige
1969.0,0.032016059857110285,0.022722826705381862,0.041746689173165305,18,Extreme long,prestige
1970.0,0.03543535316970509,0.022582644138588938,0.053325935196285514,18,Extreme long,prestige
1971.0,0.017792159869994856,0.013026709839544721,0.022556047440770048,14,Extreme long,prestige
1972.0,0.023624673078103484,0.01642146446245123,0.03144709453851502,19,Extreme long,prestige
1973.0,0.0261010107277778,0.019065266807390988,0.03353299801466213,20,Extreme long,prestige
1974.0,0.021817763596616947,0.01575853139503309,0.02828379995940307,19,Extreme long,prestige
1975.0,0.03344582079215958,0.022133677927751696,0.04809258853274671,23,Extreme long,prestige
1976.0,0.036241349690450717,0.021003687547888544,0.054387610627579616,20,Extreme long,prestige
1977.0,0.031413413789173186,0.02122333584524967,0.0451210854040365,17,Extreme long,prestige
1978.0,0.02813216510136073,0.017150555118672573,0.04462784064771418,22,Extreme long,prestige
1979.0,0.03255905174537185,0.021090153004139005,0.046358336505321486,18,Extreme long,prestige
1980.0,0.026717855349284406,0.018648366208346187,0.036063477856710414,18,Extreme long,prestige
1981.0,0.024295395391597824,0.017027993609384482,0.03213689342861618,12,Extreme long,prestige
1982.0,0.035255726126818876,0.021096788036254047,0.05397551257079582,18,Extreme long,prestige
1983.0,0.02756793270566779,0.018686074774454376,0.03865472111724667,19,Extreme long,prestige
1984.0,0.02450793578892235,0.01587518323299222,0.03469412489056842,15,Extreme long,prestige
1985.0,0.02166604881520535,0.015078004738120002,0.029051835353097515,19,Extreme long,prestige
1986.0,0.018365856323932832,0.012860077614877105,0.024737455249151285,15,Extreme long,prestige
1987.0,0.02092767418764224,0.012170941797312587,0.03039737378273112,14,Extreme long,prestige
1988.0,0.019598585761930794,0.013968416306928817,0.026336070861507507,20,Extreme long,prestige
1989.0,0.02555608819267542,0.015876701305967876,0.043787398080512525,19,Extreme long,prestige
1990.0,0.020565928310455096,0.01453535776738456,0.027393406296377234,20,Extreme long,prestige
1991.0,0.027355520657859476,0.0188560006959895,0.03626502760088909,20,Extreme long,prestige
1992.0,0.02307943785018108,0.01740347914100263,0.029529784691033338,20,Extreme long,prestige
1993.0,0.022578875547917113,0.016829893406191135,0.02839409385854539,16,Extreme long,prestige
1994.0,0.02553593008563872,0.019695787872814143,0.03215029862579975,25,Extreme long,prestige
1995.0,0.026507551234523818,0.021126888436767716,0.03212267773687319,25,Extreme long,prestige
1996.0,0.02772694073815467,0.019105946088740184,0.03769865466523426,17,Extreme long,prestige
1997.0,0.03126091369939908,0.019663000570879052,0.04933386442044887,18,Extreme long,prestige
1998.0,0.02491894290381782,0.019246371960474615,0.03173764520801847,20,Extreme long,prestige
1999.0,0.023451132563663393,0.019139312806966215,0.027838281280278248,23,Extreme long,prestige
2000.0,0.025845211531684224,0.019997698035947743,0.031844936437001974,21,Extreme long,prestige
2001.0,0.03229710474415466,0.025638223952895677,0.03999659101561538,27,Extreme long,prestige
2002.0,0.03066905781466735,0.02161000002223284,0.04150154341792186,25,Extreme long,prestige
2003.0,0.03799484561646712,0.02704599005278057,0.05218967684168826,26,Extreme long,prestige
2004.0,0.03291282727003319,0.02393965357870259,0.043102263537029034,23,Extreme long,prestige
2005.0,0.028656323604868243,0.022324486958991082,0.036525164248938646,26,Extreme long,prestige
2006.0,0.047042534209194145,0.034892163006856394,0.06123133053029044,25,Extreme long,prestige
2007.0,0.03319577122547495,0.02527771195752001,0.04256646524628703,24,Extreme long,prestige
2008.0,0.03654367031610512,0.026189896112711032,0.04793535852433613,26,Extreme long,prestige
2009.0,0.042033746182739036,0.030885323514424114,0.054627986365331296,22,Extreme long,prestige
2010.0,0.040130484916670504,0.028749340954247134,0.05274334888777565,19,Extreme long,prestige
2011.0,0.03908047644207903,0.03064910121255574,0.048107291631070054,27,Extreme long,prestige
2012.0,0.04469601448027151,0.0328131726235822,0.05864604234492441,26,Extreme long,prestige
2013.0,0.054289394116118404,0.03468345938782872,0.08061570194963258,19,Extreme long,prestige
2014.0,0.05043741294477395,0.03695085008001442,0.06614585239344438,24,Extreme long,prestige
2015.0,0.0509594951879841,0.03873899348406476,0.06405860842824461,18,Extreme long,prestige
2016.0,0.05423671177084246,0.04044932027110609,0.06957632579903539,18,Extreme long,prestige
2017.0,0.045645030045625326,0.03336305617984159,0.06238818438607758,18,Extreme long,prestige
2018.0,0.04571674050921766,0.03435336841802683,0.059694095355363,23,Extreme long,prestige
2019.0,0.04186398079877122,0.02999001410642279,0.05899294146446353,17,Extreme long,prestige
2020.0,0.03910604500404148,0.022406388478205138,0.059230920030492296,13,Extreme long,prestige
2021.0,0.043883922247282714,0.029370363447248058,0.06085716369952475,19,Extreme long,prestige
2022.0,0.05954078626096937,0.04395845689760341,0.07616864243706069,17,Extreme long,prestige
2023.0,0.06202838073978885,0.041117463567426904,0.08240102325019544,14,Extreme long,prestige
2024.0,0.07471806921433222,0.055005404352689094,0.09266160977114725,10,Extreme long,prestige
2025.0,0.06583521070481531,0.035665202576733265,0.1114467993231107,9,Extreme long,prestige
1932.0,0.0035160527984321862,0.0035160527984321862,0.0035160527984321862,1,Extreme close-up,indie
1941.0,0.0,0.0,0.0,1,Extreme close-up,indie
1962.0,0.0014639214204760105,0.0014639214204760105,0.0014639214204760105,1,Extreme close-up,indie
1964.0,4.662874195654201e-05,4.662874195654201e-05,4.662874195654201e-05,1,Extreme close-up,indie
1967.0,0.0026686499256277888,0.0026686499256277888,0.0026686499256277888,1,Extreme close-up,indie
1968.0,0.0031852848811126065,0.0,0.006370569762225213,2,Extreme close-up,indie
1969.0,0.0001527250512719815,0.0,0.000305450102543963,2,Extreme close-up,indie
1970.0,0.001128970608997576,9.020792927698344e-06,0.003307607393355476,5,Extreme close-up,indie
1971.0,9.47867298578199e-05,0.0,0.0002843601895734597,5,Extreme close-up,indie
1972.0,0.0009373460608233619,0.0,0.0021915624844349255,3,Extreme close-up,indie
1973.0,0.0009461741302505662,0.0,0.0019795323821617987,3,Extreme close-up,indie
1974.0,0.0012624857254590353,0.0,0.003690753690753691,4,Extreme close-up,indie
1975.0,0.0002886741268541658,0.00026176639966493903,0.0003155818540433925,2,Extreme close-up,indie
1976.0,0.0009564985028274342,0.0,0.002082150293393905,3,Extreme close-up,indie
1977.0,0.0008476172537200979,0.0008476172537200979,0.0008476172537200979,1,Extreme close-up,indie
1978.0,0.0011585337596737568,0.0,0.0023170675193475137,2,Extreme close-up,indie
1979.0,0.003005287137261082,0.0016596854500908875,0.0043508888244312765,2,Extreme close-up,indie
1980.0,0.0001263523651583353,0.0,0.0003790570954750059,3,Extreme close-up,indie
1981.0,0.006967189928305709,0.006662656734372831,0.007271723122238586,2,Extreme close-up,indie
1982.0,0.0008405952486375498,0.0,0.0015719033503997129,3,Extreme close-up,indie
1983.0,0.003350609915711219,0.003350609915711219,0.003350609915711219,1,Extreme close-up,indie
1984.0,0.0005764791137203908,2.764482190091396e-05,0.001571962603686473,7,Extreme close-up,indie
1985.0,0.001911094356430169,0.001136313972291421,0.002685874740568917,2,Extreme close-up,indie
1986.0,0.0030142828817624166,0.0005982487627127862,0.00484747758041619,3,Extreme close-up,indie
1987.0,0.0004971938225239044,5.236150382238978e-05,0.000942026141225419,2,Extreme close-up,indie
1988.0,0.01264457103400656,0.01264457103400656,0.01264457103400656,1,Extreme close-up,indie
1989.0,0.0016150904875453633,0.0,0.004071119973413094,3,Extreme close-up,indie
1990.0,0.001663827974605788,0.00043739849053833866,0.003396761858949167,4,Extreme close-up,indie
1991.0,0.0058243369325965974,0.0010127983334850528,0.010821294869482469,6,Extreme close-up,indie
1992.0,0.0010068127663858779,0.0,0.0020136255327717558,2,Extreme close-up,indie
1993.0,0.0003591645051780942,0.0,0.0006664445184938354,3,Extreme close-up,indie
1994.0,0.001322849414270709,0.0008642703681384446,0.0020365648502009928,8,Extreme close-up,indie
1995.0,0.0012198254316883987,0.0005593771840075074,0.0020839957546990046,11,Extreme close-up,indie
1996.0,0.0016208940385079237,0.000404469098384051,0.0032861148711104955,9,Extreme close-up,indie
1997.0,0.002624114509053201,0.0011681957603674811,0.004299220564916536,8,Extreme close-up,indie
1998.0,0.0037585115453442315,0.0008716953507078945,0.008391797855545087,7,Extreme close-up,indie
1999.0,0.0024121733698853776,0.00043496116411201666,0.0059880236057002715,10,Extreme close-up,indie
2000.0,0.003342502365326438,0.001654170696024039,0.005545181529739925,6,Extreme close-up,indie
2001.0,0.001907823531536418,0.0007879798509722369,0.00321343484306911,10,Extreme close-up,indie
2002.0,0.0013460030945878633,2.817198999894355e-05,0.003139516163268198,5,Extreme close-up,indie
2003.0,0.0019492028407101555,0.0010681878143475345,0.0027891324798501667,10,Extreme close-up,indie
2004.0,0.0028140457444886437,0.000977270370508671,0.004971874587511775,11,Extreme close-up,indie
2005.0,0.001888021217800971,0.0010081345275213447,0.0029009279464591274,15,Extreme close-up,indie
2006.0,0.0017918529280698922,0.0003353557531529963,0.003606242366368622,4,Extreme close-up,indie
2007.0,0.003173905040811165,0.0015089024946872386,0.004904781405214317,13,Extreme close-up,indie
2008.0,0.0024107253279061942,0.0008558706121510345,0.004587472729433028,9,Extreme close-up,indie
2009.0,0.0027185889560169215,0.0012663897160845382,0.0040673602664557515,7,Extreme close-up,indie
2010.0,0.0002533783783783784,0.0002533783783783784,0.0002533783783783784,1,Extreme close-up,indie
2011.0,0.00042531473290234774,0.00042531473290234774,0.00042531473290234774,1,Extreme close-up,indie
1932.0,0.006340423079140008,0.006340423079140008,0.006340423079140008,1,Close-up,indie
1941.0,0.005477784540474742,0.005477784540474742,0.005477784540474742,1,Close-up,indie
1962.0,0.01945598791084246,0.01945598791084246,0.01945598791084246,1,Close-up,indie
1964.0,0.017439149491746714,0.017439149491746714,0.017439149491746714,1,Close-up,indie
1967.0,0.026730247615714412,0.026730247615714412,0.026730247615714412,1,Close-up,indie
1968.0,0.015654000360253592,0.00839787659907754,0.02291012412142964,2,Close-up,indie
1969.0,0.01919622480429853,0.01434916296549368,0.024043286643103373,2,Close-up,indie
1970.0,0.01822539628437559,0.007737188439443312,0.02724321362111143,5,Close-up,indie
1971.0,0.009780919424370977,0.006575184558430755,0.01289339286274353,5,Close-up,indie
1972.0,0.017620987562033574,0.008015851571647303,0.02395776261393635,3,Close-up,indie
1973.0,0.013217110813553158,0.0024542718221810603,0.020389710203897102,3,Close-up,indie
1974.0,0.015131381394704192,0.00828064898911342,0.022912717063825583,4,Close-up,indie
1975.0,0.012157668666107613,0.010703484549638397,0.013611852782576829,2,Close-up,indie
1976.0,0.017887327781076143,0.014420144637100287,0.02209918606852167,3,Close-up,indie
1977.0,0.027453381051045396,0.027453381051045396,0.027453381051045396,1,Close-up,indie
1978.0,0.020498593137862092,0.019138977709810465,0.021858208565913716,2,Close-up,indie
1979.0,0.02484140836420777,0.016201691298506283,0.033481125429909254,2,Close-up,indie
1980.0,0.02916221645648562,0.011946210112754338,0.046400425042061454,3,Close-up,indie
1981.0,0.059979653551525985,0.054952135493372606,0.06500717160967937,2,Close-up,indie
1982.0,0.017091852516341658,0.007513981983520472,0.027817984440021714,3,Close-up,indie
1983.0,0.04753677817915292,0.04753677817915292,0.04753677817915292,1,Close-up,indie
1984.0,0.03567853438745101,0.0250152491339658,0.04571658411256728,7,Close-up,indie
1985.0,0.030948025873101775,0.026451796687421154,0.035444255058782397,2,Close-up,indie
1986.0,0.027994650843763316,0.023856514663619682,0.03594931201392288,3,Close-up,indie
1987.0,0.04042900005953226,0.027123258979997907,0.05373474113906661,2,Close-up,indie
1988.0,0.12079233557742103,0.12079233557742103,0.12079233557742103,1,Close-up,indie
1989.0,0.03124730648059725,0.014061569016881827,0.052218344965104684,3,Close-up,indie
1990.0,0.03428203529473407,0.016765880246970656,0.053566266901385426,4,Close-up,indie
1991.0,0.03975025885612255,0.023821607017720615,0.05683371430748019,6,Close-up,indie
1992.0,0.02231258382556834,0.01576320168140818,0.028861965969728495,2,Close-up,indie
1993.0,0.02057370160110925,0.008721123760069236,0.02932355881372876,3,Close-up,indie
1994.0,0.05003893148232106,0.033992291676201734,0.07254840616790832,8,Close-up,indie
1995.0,0.03255717115918178,0.02423904108589912,0.04124224868611549,11,Close-up,indie
1996.0,0.04052900294453206,0.026709927323002883,0.05701444948000423,9,Close-up,indie
1997.0,0.04123068315902925,0.029294368668519376,0.05397299625522832,8,Close-up,indie
1998.0,0.04873579836730178,0.027284762903774153,0.08153145334076813,7,Close-up,indie
1999.0,0.043488603110408336,0.03004633424484329,0.06194705609123908,10,Close-up,indie
2000.0,0.07197833755962466,0.04497810326075156,0.09500722213061343,6,Close-up,indie
2001.0,0.0462783982848269,0.04138037001176888,0.051053356320479776,10,Close-up,indie
2002.0,0.03475558970041777,0.025328618585295636,0.04443544615509769,5,Close-up,indie
2003.0,0.035858417303871536,0.027957846278641053,0.043970272581431366,10,Close-up,indie
2004.0,0.04227308916878952,0.033594154356734865,0.05100211032468418,11,Close-up,indie
2005.0,0.04203701811658029,0.03277906641960685,0.05199549854908979,15,Close-up,indie
2006.0,0.03696264626948624,0.027520447184925727,0.0435343440015144,4,Close-up,indie
2007.0,0.039763191396985795,0.030227394908079158,0.04922240640085018,13,Close-up,indie
2008.0,0.06381120579794713,0.04448609268864229,0.08740839812787471,9,Close-up,indie
2009.0,0.03670126286099524,0.03004290168898229,0.04297097668765447,7,Close-up,indie
2010.0,0.04556587837837838,0.04556587837837838,0.04556587837837838,1,Close-up,indie
2011.0,0.0255614154474311,0.0255614154474311,0.0255614154474311,1,Close-up,indie
1932.0,0.04357599861663496,0.04357599861663496,0.04357599861663496,1,Medium close-up,indie
1941.0,0.014066409684182051,0.014066409684182051,0.014066409684182051,1,Medium close-up,indie
1962.0,0.1596146581035134,0.1596146581035134,0.1596146581035134,1,Medium close-up,indie
1964.0,0.09815350181852094,0.09815350181852094,0.09815350181852094,1,Medium close-up,indie
1967.0,0.10709598390060372,0.10709598390060372,0.10709598390060372,1,Medium close-up,indie
1968.0,0.24352985425606716,0.09938212514141502,0.3876775833707193,2,Medium close-up,indie
1969.0,0.255765592442083,0.20555745359298486,0.3059737312911812,2,Medium close-up,indie
1970.0,0.18648791349108523,0.15846857682613238,0.21817996102142417,5,Medium close-up,indie
1971.0,0.18686833896225172,0.1440350804337557,0.2138707330320325,5,Medium close-up,indie
1972.0,0.2144898457127711,0.06885526434297037,0.3651706308169597,3,Medium close-up,indie
1973.0,0.13584571818948965,0.0953924519564714,0.16506171165061712,3,Medium close-up,indie
1974.0,0.18080981606131016,0.09298083305690646,0.2833493697408517,4,Medium close-up,indie
1975.0,0.13997444705591278,0.08817882971729125,0.1917700643945343,2,Medium close-up,indie
1976.0,0.29453283505122896,0.17918445586825826,0.37992985469901946,3,Medium close-up,indie
1977.0,0.31531361838387645,0.31531361838387645,0.31531361838387645,1,Medium close-up,indie
1978.0,0.11070331899294697,0.10694350253012677,0.11446313545576718,2,Medium close-up,indie
1979.0,0.17477291313621812,0.15806528096103692,0.19148054531139932,2,Medium close-up,indie
1980.0,0.25738629671221086,0.1364119365978925,0.35851407033570765,3,Medium close-up,indie
1981.0,0.24464238909217553,0.23554860088365243,0.25373617730069864,2,Medium close-up,indie
1982.0,0.14760371794530672,0.13109673942333602,0.16143477474217477,3,Medium close-up,indie
1983.0,0.21815611748076016,0.21815611748076016,0.21815611748076016,1,Medium close-up,indie
1984.0,0.22627665398037047,0.13916972333621244,0.3084860031148212,7,Medium close-up,indie
1985.0,0.19826052605084593,0.16855898750661294,0.2279620645950789,2,Medium close-up,indie
1986.0,0.1998976071789902,0.15946048838853538,0.24228212366815408,3,Medium close-up,indie
1987.0,0.21438778558553423,0.19860718399832444,0.23016838717274404,2,Medium close-up,indie
1988.0,0.1964871396513033,0.1964871396513033,0.1964871396513033,1,Medium close-up,indie
1989.0,0.25611325478674835,0.18685572260929798,0.3395431976166832,3,Medium close-up,indie
1990.0,0.15603428096506616,0.06513866483691122,0.2316731502829531,4,Medium close-up,indie
1991.0,0.23819356734662156,0.20240548357663604,0.27801401847538604,6,Medium close-up,indie
1992.0,0.21944135305055407,0.1722656643286237,0.26661704177248446,2,Medium close-up,indie
1993.0,0.19520975742983873,0.10296777375863203,0.305731422859047,3,Medium close-up,indie
1994.0,0.23018371835898171,0.17202019568953658,0.2738142410396396,8,Medium close-up,indie
1995.0,0.23955601390961528,0.17446164359879604,0.31342785232141945,11,Medium close-up,indie
1996.0,0.19876736605056627,0.16231467298408433,0.2365371419646052,9,Medium close-up,indie
1997.0,0.26698885054023824,0.18503205122008692,0.3717065529735836,8,Medium close-up,indie
1998.0,0.23371292420963408,0.15947402855742565,0.31345432140452445,7,Medium close-up,indie
1999.0,0.2648934278477915,0.21831674063271347,0.31109095580077767,10,Medium close-up,indie
2000.0,0.33739762528613254,0.2067942146946766,0.4731992251804579,6,Medium close-up,indie
2001.0,0.21460466822242896,0.15617849744060078,0.2697611868156807,10,Medium close-up,indie
2002.0,0.33253203663869424,0.20238349174527218,0.461683368258411,5,Medium close-up,indie
2003.0,0.3242084329064452,0.28499187150050415,0.3641167119449559,10,Medium close-up,indie
2004.0,0.2512435877569356,0.18879691825604988,0.3101478481587761,11,Medium close-up,indie
2005.0,0.305226532566058,0.23514658937379398,0.3756170962427379,15,Medium close-up,indie
2006.0,0.3909540398036825,0.266977622563793,0.4880184582982826,4,Medium close-up,indie
2007.0,0.23336379388040474,0.18056075513928496,0.284131926932978,13,Medium close-up,indie
2008.0,0.28775076038353525,0.20311659689933487,0.3785361529751124,9,Medium close-up,indie
2009.0,0.20863803602720865,0.1608835394864387,0.2597552237053872,7,Medium close-up,indie
2010.0,0.3043918918918919,0.3043918918918919,0.3043918918918919,1,Medium close-up,indie
2011.0,0.2209084722694794,0.2209084722694794,0.2209084722694794,1,Medium close-up,indie
1932.0,0.28347455184736875,0.28347455184736875,0.28347455184736875,1,Medium,indie
1941.0,0.3302224927301008,0.3302224927301008,0.3302224927301008,1,Medium,indie
1962.0,0.34902720060445785,0.34902720060445785,0.34902720060445785,1,Medium,indie
1964.0,0.29105660729273525,0.29105660729273525,0.29105660729273525,1,Medium,indie
1967.0,0.5888529180155744,0.5888529180155744,0.5888529180155744,1,Medium,indie
1968.0,0.43735382104162845,0.39045909974577536,0.4842485423374815,2,Medium,indie
1969.0,0.33001813603461605,0.25666535759479864,0.40337091447443346,2,Medium,indie
1970.0,0.5201313045161569,0.4669767395332046,0.5677345812234027,5,Medium,indie
1971.0,0.413319274285899,0.36175396685257055,0.47218794248121326,5,Medium,indie
1972.0,0.4047082376714531,0.385522233712513,0.4208298052497883,3,Medium,indie
1973.0,0.4332430070164109,0.2546227225462272,0.5282736983640846,3,Medium,indie
1974.0,0.38168097636202164,0.34641351884642435,0.43169779566974004,4,Medium,indie
1975.0,0.3913066232475204,0.3453745877179205,0.4372386587771203,2,Medium,indie
1976.0,0.4352039680968079,0.3776393958914895,0.5220005227846999,3,Medium,indie
1977.0,0.3372103974383123,0.3372103974383123,0.3372103974383123,1,Medium,indie
1978.0,0.3972700005638371,0.3798600491218314,0.4146799520058428,2,Medium,indie
1979.0,0.4900641491041133,0.46680629099818227,0.5133220072100443,2,Medium,indie
1980.0,0.3914832163165305,0.3465039767464145,0.46604091029841493,3,Medium,indie
1981.0,0.3948106486274454,0.3729699717762458,0.4166513254786451,2,Medium,indie
1982.0,0.48635730845183245,0.45971907953720703,0.5272612952483607,3,Medium,indie
1983.0,0.41306737867127374,0.41306737867127374,0.41306737867127374,1,Medium,indie
1984.0,0.36868989518266365,0.32944834595641853,0.41485197893411513,7,Medium,indie
1985.0,0.5219844974452891,0.49464859805477557,0.5493203968358026,2,Medium,indie
1986.0,0.4715855084648126,0.45303747212704626,0.4927602222019852,3,Medium,indie
1987.0,0.4706409179603608,0.4512305216469757,0.49005131427374593,2,Medium,indie
1988.0,0.5132055929570171,0.5132055929570171,0.5132055929570171,1,Medium,indie
1989.0,0.4558242592703248,0.421330685203575,0.5232856618995233,3,Medium,indie
1990.0,0.4853596420526649,0.4567261232477057,0.5379022453615523,4,Medium,indie
1991.0,0.44195341475066585,0.3985346467751473,0.4927020938674786,6,Medium,indie
1992.0,0.4452904931684696,0.40187406953323407,0.4887069168037051,2,Medium,indie
1993.0,0.4395722750964794,0.4026991002999,0.4586024010829283,3,Medium,indie
1994.0,0.44861326367887366,0.37683777868696966,0.5348454111156302,8,Medium,indie
1995.0,0.46392704492097964,0.40768721483699555,0.5199747654192138,11,Medium,indie
1996.0,0.5199092484031304,0.47811317089682676,0.5605395800311287,9,Medium,indie
1997.0,0.3968945024058118,0.34180022471877985,0.44515862558255903,8,Medium,indie
1998.0,0.4828456524101125,0.3979721042815848,0.5479541451512081,7,Medium,indie
1999.0,0.4377441120430749,0.37522370909328406,0.4852050584617906,10,Medium,indie
2000.0,0.3890685420739466,0.2886829879201543,0.48966670176478355,6,Medium,indie
2001.0,0.4337329272678055,0.360687173360099,0.5022353158775965,10,Medium,indie
2002.0,0.42187702372172353,0.35138962347158353,0.499312554977025,5,Medium,indie
2003.0,0.36706158154938506,0.3090741190369025,0.4135242362351796,10,Medium,indie
2004.0,0.40203083246135435,0.31888463796245603,0.4877540265348659,11,Medium,indie
2005.0,0.3769163854988748,0.3297267826925675,0.4230994834688853,15,Medium,indie
2006.0,0.3692841706415891,0.2455474892053148,0.5257255790771553,4,Medium,indie
2007.0,0.39973788637064456,0.367658298638734,0.436909415666163,13,Medium,indie
2008.0,0.2974263522815505,0.2336068137871175,0.34724466270900806,9,Medium,indie
2009.0,0.4516714315886011,0.3671997738014038,0.5219675751794427,7,Medium,indie
2010.0,0.40599662162162165,0.40599662162162165,0.40599662162162165,1,Medium,indie
2011.0,0.5079959169785642,0.5079959169785642,0.5079959169785642,1,Medium,indie
1932.0,0.34538013718369936,0.34538013718369936,0.34538013718369936,1,Medium long,indie
1941.0,0.5110570095354027,0.5110570095354027,0.5110570095354027,1,Medium long,indie
1962.0,0.192434831885153,0.192434831885153,0.192434831885153,1,Medium long,indie
1964.0,0.26872143989555164,0.26872143989555164,0.26872143989555164,1,Medium long,indie
1967.0,0.13522617901828682,0.13522617901828682,0.13522617901828682,1,Medium long,indie
1968.0,0.16218136762762184,0.10862868251831913,0.21573405273692456,2,Medium long,indie
1969.0,0.1338563652634413,0.12065279050486538,0.14705994002201722,2,Medium long,indie
1970.0,0.16734924631223472,0.12953252268755397,0.2146370391400617,5,Medium long,indie
1971.0,0.13738842563256717,0.12204263382429892,0.15241760020027403,5,Medium long,indie
1972.0,0.22318689664947486,0.11516028955532576,0.3547689813563902,3,Medium long,indie
1973.0,0.16566359396142608,0.13808172107268246,0.1883769391062746,3,Medium long,indie
1974.0,0.2103120139691152,0.101703531924245,0.37899865003561695,4,Medium long,indie
1975.0,0.17701306673845363,0.12517669231977382,0.22884944115713346,2,Medium long,indie
1976.0,0.08468171942130902,0.06849903371269057,0.09331819042210865,3,Medium long,indie
1977.0,0.116311923149369,0.116311923149369,0.116311923149369,1,Medium long,indie
1978.0,0.19847914911565684,0.19240928680661754,0.20454901142469611,2,Medium long,indie
1979.0,0.12958266056551143,0.10437989474992748,0.15478542638109538,2,Medium long,indie
1980.0,0.11014787110276807,0.08681764461622003,0.1468846244965648,3,Medium long,indie
1981.0,0.11001989419822944,0.08716975894137788,0.132870029455081,2,Medium long,indie
1982.0,0.1500144080689385,0.12163017912068029,0.16976556184316896,3,Medium long,indie
1983.0,0.15768807915815927,0.15768807915815927,0.15768807915815927,1,Medium long,indie
1984.0,0.16959753897827387,0.10364803389667013,0.2466661997098251,7,Medium long,indie
1985.0,0.12949723295654564,0.07285520737729995,0.1861392585357913,2,Medium long,indie
1986.0,0.10086268486526184,0.06638739641198434,0.13357263283841844,3,Medium long,indie
1987.0,0.173256371274084,0.1332966989833968,0.21321604356477117,2,Medium long,indie
1988.0,0.02787847402036941,0.02787847402036941,0.02787847402036941,1,Medium long,indie
1989.0,0.14424788372107417,0.14074443336656697,0.14788480635551143,3,Medium long,indie
1990.0,0.17483875942956234,0.13091779116788582,0.21875972769123886,4,Medium long,indie
1991.0,0.10899041079161037,0.08149406334136837,0.13730978724339934,6,Medium long,indie
1992.0,0.138971373192129,0.12973990717225675,0.1482028392120012,2,Medium long,indie
1993.0,0.1868656442382457,0.13358047317560814,0.2569878329496876,3,Medium long,indie
1994.0,0.13025378764872447,0.10164221472855728,0.15339313393519594,8,Medium long,indie
1995.0,0.107278610325366,0.07306605226775686,0.1455805700851738,11,Medium long,indie
1996.0,0.1235576796469459,0.10539354991801635,0.14252839487031277,9,Medium long,indie
1997.0,0.12007193981712232,0.09027706380290144,0.1462132333445848,8,Medium long,indie
1998.0,0.10128132007866475,0.0728617356200682,0.1251350725679132,7,Medium long,indie
1999.0,0.10535894215331003,0.0892065815158406,0.12144811482743552,10,Medium long,indie
2000.0,0.09763144289004583,0.04859044219311911,0.15749058641010386,6,Medium long,indie
2001.0,0.11994676906994839,0.09759503708067588,0.14846064075148466,10,Medium long,indie
2002.0,0.08437986963468494,0.05091496807784427,0.12360880139509003,5,Medium long,indie
2003.0,0.10365691462485385,0.07885590135097992,0.13298831397639843,10,Medium long,indie
2004.0,0.10641435125975351,0.08325778720017464,0.1294680149073725,11,Medium long,indie
2005.0,0.1190361283498183,0.09229653328804795,0.14562944428483063,15,Medium long,indie
2006.0,0.07483051880208928,0.06283095851356298,0.09156824105850409,4,Medium long,indie
2007.0,0.1269452808571332,0.1005675031789298,0.15193679573593558,13,Medium long,indie
2008.0,0.11233456093750736,0.07237812501153733,0.15665997131613044,9,Medium long,indie
2009.0,0.10063209029051805,0.0813190026935449,0.12171352539661458,7,Medium long,indie
2010.0,0.08488175675675676,0.08488175675675676,0.08488175675675676,1,Medium long,indie
2011.0,0.05784280367471929,0.05784280367471929,0.05784280367471929,1,Medium long,indie
1932.0,0.3048014294772033,0.3048014294772033,0.3048014294772033,1,Long,indie
1941.0,0.13829715290457834,0.13829715290457834,0.13829715290457834,1,Long,indie
1962.0,0.25061390253116733,0.25061390253116733,0.25061390253116733,1,Long,indie
1964.0,0.3055115172992633,0.3055115172992633,0.3055115172992633,1,Long,indie
1967.0,0.12411409572141045,0.12411409572141045,0.12411409572141045,1,Long,indie
1968.0,0.12984236322190082,0.07958725886047555,0.1800974675833261,2,Long,indie
1969.0,0.21930253179607756,0.21117564438370726,0.22742941920844786,2,Long,indie
1970.0,0.09813633981221488,0.06537013022330068,0.1380796477791964,5,Long,indie
1971.0,0.23000818095631986,0.1618282459488726,0.29818811596376715,5,Long,indie
1972.0,0.12689158480468418,0.10072388831437436,0.15473295505719176,3,Long,indie
1973.0,0.23004135940395656,0.15119145439605589,0.3468511234685112,3,Long,indie
1974.0,0.19102801974662204,0.1034347514183007,0.27631689295526307,4,Long,indie
1975.0,0.24230096692480863,0.20205128205128206,0.28255065179833516,2,Long,indie
1976.0,0.14811197726923472,0.13122279008139315,0.17020998518776684,3,Long,indie
1977.0,0.18755886230928612,0.18755886230928612,0.18755886230928612,1,Long,indie
1978.0,0.2484715398654398,0.2367363973081538,0.2602066824227258,2,Long,indie
1979.0,0.1590148417783927,0.13048522769651513,0.1875444558602703,2,Long,indie
1980.0,0.16805683166717525,0.15664228447312104,0.18529177366510227,3,Long,indie
1981.0,0.15658592005936262,0.11666973490427099,0.19650210521445427,2,Long,indie
1982.0,0.16106874187325348,0.14165094763316266,0.19079537207018746,3,Long,indie
1983.0,0.13145908591173236,0.13145908591173236,0.13145908591173236,1,Long,indie
1984.0,0.17634307970910537,0.13897015226557524,0.21123553607514936,7,Long,indie
1985.0,0.10909580955423498,0.10497792928630742,0.11321368982216254,2,Long,indie
1986.0,0.17294718794422934,0.16041344139877972,0.18513079893402948,3,Long,indie
1987.0,0.0891018910964328,0.05880196879254372,0.11940181340032185,2,Long,indie
1988.0,0.07742102537545313,0.07742102537545313,0.07742102537545313,1,Long,indie
1989.0,0.09862802807291333,0.06887785501489573,0.11552841475573279,3,Long,indie
1990.0,0.13200575048069935,0.11539230861341458,0.1486191923479841,4,Long,indie
1991.0,0.1372235012231747,0.11018774573669028,0.16065677202300863,6,Long,indie
1992.0,0.16348335298117606,0.15199516729872134,0.1749715386636308,2,Long,indie
1993.0,0.1352750656996252,0.11604465178273908,0.14599560615138807,3,Long,indie
1994.0,0.11930155106828111,0.0796017834233721,0.1557633130195864,8,Long,indie
1995.0,0.13264458441732194,0.08948911665214834,0.18882988675543613,11,Long,indie
1996.0,0.10028359405043352,0.07548776350416647,0.12890677504191111,9,Long,indie
1997.0,0.15312061679788647,0.10952890599289306,0.19450209274810373,8,Long,indie
1998.0,0.11319819018373771,0.08183270309552175,0.14201494629766195,7,Long,indie
1999.0,0.1264631826336144,0.09124509049374842,0.17735577565994423,10,Long,indie
2000.0,0.08408900718677165,0.05817649657091474,0.10789411571832203,6,Long,indie
2001.0,0.1576489414125704,0.11460532779119284,0.216937820840395,10,Long,indie
2002.0,0.10171201246103356,0.06996068803320303,0.1294532883431726,5,Long,indie
2003.0,0.13347433109269286,0.09979731789576927,0.17148236324640348,10,Long,indie
2004.0,0.1627231750051412,0.1075580288305722,0.24250791844477038,11,Long,indie
2005.0,0.12455423330432903,0.10057863612415047,0.15045417794944127,15,Long,indie
2006.0,0.1073510819799495,0.06538915090686258,0.16318764021394608,4,Long,indie
2007.0,0.17292301040785654,0.14569606059831275,0.19874805538497353,13,Long,indie
2008.0,0.20125263949597944,0.16190225548286225,0.23654026600820857,9,Long,indie
2009.0,0.16285333731246984,0.095168388269554,0.25192894721495246,7,Long,indie
2010.0,0.14902871621621622,0.14902871621621622,0.14902871621621622,1,Long,indie
2011.0,0.1351650221163661,0.1351650221163661,0.1351650221163661,1,Long,indie
1932.0,0.01291140699752147,0.01291140699752147,0.01291140699752147,1,Extreme long,indie
1941.0,0.0008791506052613782,0.0008791506052613782,0.0008791506052613782,1,Extreme long,indie
1962.0,0.027389497544389876,0.027389497544389876,0.027389497544389876,1,Extreme long,indie
1964.0,0.019071155460225683,0.019071155460225683,0.019071155460225683,1,Extreme long,indie
1967.0,0.015311925802782395,0.015311925802782395,0.015311925802782395,1,Extreme long,indie
1968.0,0.00825330861141554,0.00436668162105578,0.012139935601775302,2,Extreme long,indie
1969.0,0.04170842460821156,0.01848688456136355,0.06492996465505957,2,Extreme long,indie
1970.0,0.008540828974935128,0.004771732121041545,0.01299510448153647,5,Extreme long,indie
1971.0,0.02254007400873351,0.01893690550125425,0.0278981446289712,5,Extreme long,indie
1972.0,0.01216510153875986,0.005854273619742413,0.01872789759426209,3,Extreme long,indie
1973.0,0.02104303648491301,0.004862236628849271,0.0416836204168362,3,Extreme long,indie
1974.0,0.01977530674076771,0.0043354512714665885,0.03777369557659238,4,Extreme long,indie
1975.0,0.03695855324034276,0.03266272189349113,0.04125438458719439,2,Extreme long,indie
1976.0,0.018625673877515844,0.01309856130556152,0.021956957393046966,3,Extreme long,indie
1977.0,0.015304200414390658,0.015304200414390658,0.015304200414390658,1,Extreme long,indie
1978.0,0.02341886456458346,0.015232928165266836,0.03160480096390009,2,Extreme long,indie
1979.0,0.018718739914295582,0.014937169050817987,0.022500310777773175,2,Extreme long,indie
1980.0,0.04363721537967138,0.022222222222222223,0.06911361020100948,3,Extreme long,indie
1981.0,0.02699430454295528,0.01795215842317124,0.03603645066273932,2,Extreme long,indie
1982.0,0.03702337589568965,0.012709961376089105,0.0653157228152705,3,Extreme long,indie
1983.0,0.028741950683210303,0.028741950683210303,0.028741950683210303,1,Extreme long,indie
1984.0,0.022837818648415244,0.011936297948789447,0.03942740182107696,7,Extreme long,indie
1985.0,0.008302813763552434,0.008301794652667562,0.008303832874437306,2,Extreme long,indie
1986.0,0.023698077821180257,0.010381568163190967,0.032251046935334746,3,Extreme long,indie
1987.0,0.011686840201532003,0.011225811516269576,0.012147868886794429,2,Extreme long,indie
1988.0,0.051570861384429484,0.051570861384429484,0.051570861384429484,1,Extreme long,indie
1989.0,0.012324177180796652,0.0060302326528949195,0.022640412097042206,3,Extreme long,indie
1990.0,0.015815703802667346,0.010822209948522184,0.020414545929289405,4,Extreme long,indie
1991.0,0.028064510099208306,0.016263125723983834,0.0419573858626661,6,Extreme long,indie
1992.0,0.00949403101571708,0.007953820854448434,0.011034241176985725,2,Extreme long,indie
1993.0,0.02214439142952364,0.011954348550483171,0.03972216674433571,3,Extreme long,indie
1994.0,0.0202858983485472,0.010553593180828961,0.03299607298554022,8,Extreme long,indie
1995.0,0.02281674983584695,0.015416652183879647,0.03131088096273134,11,Extreme long,indie
1996.0,0.015332214865883978,0.011274093271328738,0.019066412014092295,9,Extreme long,indie
1997.0,0.01906929277085881,0.010858232312468349,0.03141646153257966,8,Extreme long,indie
1998.0,0.016467603205204913,0.012602813176831661,0.021377159531324626,7,Extreme long,indie
1999.0,0.01963955884191551,0.0140693767284386,0.02680133514806835,10,Extreme long,indie
2000.0,0.01649254263815227,0.00865633881341227,0.026105860129576483,6,Extreme long,indie
2001.0,0.025880472210883375,0.017768144819346066,0.03369353024041692,10,Extreme long,indie
2002.0,0.023397464748858128,0.0139853834650916,0.03841163033032279,5,Extreme long,indie
2003.0,0.033791119682041335,0.02493938099807862,0.04372729181968666,10,Extreme long,indie
2004.0,0.03250091860353711,0.022169233316722152,0.04680689544785733,11,Extreme long,indie
2005.0,0.03034168094653863,0.02388896597346554,0.037240370824742554,15,Extreme long,indie
2006.0,0.018825689575133534,0.013002742717747123,0.026698999045408803,4,Extreme long,indie
2007.0,0.024092932046164025,0.01804771899247608,0.03173943507115973,13,Extreme long,indie
2008.0,0.03501375577557415,0.024839028699264826,0.045418294510748455,9,Extreme long,indie
2009.0,0.0367852529641902,0.020969768376354597,0.056025027928807467,7,Extreme long,indie
2010.0,0.009881756756756756,0.009881756756756756,0.009881756756756756,1,Extreme long,indie
2011.0,0.0521010547805376,0.0521010547805376,0.0521010547805376,1,Extreme long,indie
