id,year,is_popular,is_prestige,is_indie,is_animated,n_frames,xcu,cu,mcu,m,ml,l,xls,na
10.cloverfield._tt1179933,2016,1,0,0,0,24831,55,2314,10996,8055,612,1717,973,109
101_dalmations,1996,1,0,0,0,24666,7,1181,5941,6931,1439,7311,773,1083
102.dalmatians_tt0211181,2000,1,0,0,0,24017,45,780,2952,10102,2579,6174,780,605
10_tt0078721,1979,1,1,0,0,29317,12,421,4418,14488,3934,5097,461,486
12.angry.men_tt0050083,1957,0,1,0,0,23105,0,354,5242,13362,2142,1839,89,77
12.years.a.slav_tt2024544,2013,0,1,0,0,32167,43,1723,8691,11470,2950,6091,733,466
127.hours_tt1542344,2010,0,1,0,0,22470,314,2963,9500,4022,528,4077,1035,31
12_monkeys,1995,1,0,0,0,33286,73,1158,10007,11426,3535,5275,1530,282
13.rue.madelein_tt0038279,1947,1,0,0,0,22858,0,579,499,9992,5177,5602,706,303
1408_tt0450385,2007,1,0,0,0,24996,27,2041,8019,8474,1963,3428,1005,39
1776_tt0068156,1972,1,1,0,0,42421,0,67,2441,18284,10464,10727,207,231
1917,2019,1,1,0,0,28523,307,1609,550,13467,4582,6635,1103,270
2.guns_tt1272878,2013,1,0,0,0,26197,17,1218,5987,11097,3011,3547,1251,69
20.days.in.mari_tt24082438,2023,0,1,0,0,22532,0,887,2649,5742,2369,8139,2570,176
20.feet.from.st_tt2396566,2013,0,1,0,0,21731,0,766,8693,7119,2547,2069,489,48
20000.leagues.u_tt0046672,1954,1,0,0,0,30456,8,400,1294,11471,7812,7815,1576,80
2001.a.space.od_tt0062622,1968,1,1,0,0,35687,120,3741,3301,4931,2525,13980,6375,714
2010.the.year.w_tt0086837,1984,1,0,0,0,27835,66,2169,5322,8942,2026,7657,1470,183
2012m,2009,1,0,0,0,37839,6,1274,12357,13358,1587,5514,3585,158
21_jump_street,2012,1,0,0,0,26287,24,974,6535,12220,2579,2870,1024,61
21_tt0478087,2008,1,0,0,0,29404,102,1431,7276,13667,2225,3316,718,669
22_jump_street,2014,1,0,0,0,26845,19,982,5540,13058,2572,3432,1208,34
25th.hour_tt0307901,2002,0,0,1,0,34619,70,1072,8277,15649,3289,4206,1836,220
27.dresses_tt0988595,2008,1,0,0,0,26570,38,1532,5197,15073,2422,1856,300,152
28.years.later_tt10548174,2025,1,0,0,0,27600,35,1029,7059,10049,1763,5019,2264,382
2_fast_2_furious_fs,2003,1,0,0,0,27663,47,1520,3827,11068,3856,6319,991,35
3.ninjas_tt0103596,1992,1,0,0,0,20335,15,596,2854,9654,3018,3154,415,629
3.women_tt0075612,1977,0,1,0,0,29697,5,636,5885,12551,4131,5962,321,206
300,2006,1,0,0,0,27936,54,1300,12259,6512,823,5677,1307,4
300_rise_of_an_empire,2014,1,0,0,0,24600,0,490,8486,7129,991,5390,2114,0
310.to.yuma_tt0381849,2007,1,0,0,0,29370,9,1584,9818,11173,2456,3639,624,67
317th.platoon_tt0058863,1965,0,1,0,0,24340,19,485,1617,8856,7018,5017,539,789
36.hours_tt0057809,1964,1,0,0,0,27500,33,506,1283,18644,3489,3305,238,2
3iron_tt0423866,2004,0,1,0,0,21054,204,1763,4524,7295,2237,4660,270,101
4.for.texas_tt0057071,1963,1,0,0,0,27610,0,128,2928,11160,7826,5332,236,0
4.months.3.week_tt1032846,2007,0,1,0,0,26904,0,43,1602,13234,7498,3812,140,575
40.pounds.of.tr_tt0057069,1962,1,0,0,0,25323,0,193,2535,13160,3879,4639,801,116
400.blows_tt0053198,1959,0,1,0,0,23980,0,165,1375,13776,2336,5806,454,68
40_year_old_virgin,2005,1,0,0,0,27850,60,450,4567,15763,4255,2245,210,300
42_tt0453562,2013,1,0,0,0,30751,40,1331,5560,15819,2866,4125,547,463
42nd.street_tt0024034,1933,1,1,0,0,21402,0,232,420,10389,4872,5262,162,65
48_hours,1982,1,0,0,0,23173,0,428,5709,11036,1981,3512,361,146
50_first_dates,2004,1,0,0,0,25453,1,680,7374,11376,1776,3013,863,370
55.days.at.peki_tt0056800,1963,1,0,0,0,21850,0,34,2461,7895,3930,6677,853,0
71_tt2614684,2014,0,1,0,0,23780,29,1070,4749,12093,1345,3683,449,362
8_below,2006,1,0,0,0,28868,8,800,7406,8323,748,10306,1241,36
8_mile,2002,1,0,0,0,28373,0,598,10876,12388,1227,2318,375,591
8_tt0056801,1963,1,1,0,0,33346,12,627,10733,11920,1481,8060,246,267
a.bad.moms.chri_tt6359956,2017,1,0,0,0,25084,0,899,7921,10925,1917,2450,919,53
a.beautiful.day_tt3224458,2019,1,0,0,0,26072,0,813,5271,11576,3386,3553,1267,206
a.boy.named.cha_tt0064107,1969,1,0,0,1,20596,0,188,297,3198,883,15683,317,30
a.bridge.too.fa_tt0075784,1977,1,1,0,0,42188,16,651,10612,12355,3626,12079,2337,512
a.brief.history_tt0103882,1991,0,1,0,0,20136,266,3472,2176,8904,746,1995,1453,1124
a.bugs.life_tt0120623,1998,1,0,0,1,22752,3,594,879,3356,913,15438,780,789
a.chorus.line_tt0088915,1985,0,1,0,0,28199,62,541,5048,12029,1495,8485,399,140
a.christmas.car_tt1067106,2009,1,0,0,1,22973,23,1467,3846,9377,1014,6163,972,111
a.civil.action_tt0120633,1998,1,0,0,0,27517,4,1613,1922,14590,2758,5009,915,706
a.clockwork.ora_tt0066921,1971,1,1,0,0,32787,21,946,6004,9165,7095,9082,352,122
a.connecticut.y_tt0041259,1949,1,0,0,0,25649,20,162,1627,10217,6328,6717,292,286
a.cry.in.the.da_tt0094924,1988,0,1,0,0,29141,80,568,5627,11716,4928,4706,1241,275
a.date.with.jud_tt0040271,1948,1,0,0,0,27162,0,35,929,14382,7779,3530,507,0
a.day.at.the.ra_tt0028772,1937,1,0,0,0,26205,37,319,560,9112,7303,8551,254,69
a.day.in.the.co_tt0028445,1936,0,1,0,0,9851,27,257,558,2474,3481,2286,511,257
a.dogs.purpose_tt1753383,2017,1,0,0,0,23985,48,1325,4164,7667,2176,6741,1420,444
a.farewell.to.a_tt0050379,1957,1,0,0,0,36478,0,138,3095,18713,5645,7308,1355,224
a.foreign.affai_tt0040367,1948,1,1,0,0,26670,34,88,1917,14642,5464,3883,440,202
a.funny.thing.h_tt0060438,1966,1,0,0,0,24905,7,209,6097,8815,3929,5648,106,94
a.goofy.movie_tt0113198,1995,1,0,0,1,18625,17,285,800,7337,2926,6645,598,17
a.guide.to.reco_tt0473488,2006,0,1,0,0,23978,38,471,3544,14235,1968,2890,553,279
a.guy.named.joe_tt0035959,1943,1,0,0,0,28757,0,129,3925,15625,4576,2615,1784,103
a.hard.days.nig_tt0058182,1964,1,0,0,0,21016,45,784,4537,9628,2589,3229,204,0
a.history.of.vi_tt0399146,2005,0,1,0,0,22939,0,757,6905,9673,2625,2409,400,170
a.hole.in.the.h_tt0052896,1959,1,0,0,0,28816,0,134,772,13527,9597,4128,658,0
a.kind.of.lovin_tt0056141,1962,0,1,0,0,27268,0,164,3000,16658,3261,3469,716,0
a.knights.tale_tt0183790,2001,1,0,0,0,33947,48,1021,7529,14053,3440,6798,541,517
a.lady.takes.a._tt0036092,1943,1,0,0,0,22020,0,58,1195,10696,6330,3249,233,259
a.letter.to.thr_tt0041587,1949,1,1,0,0,24726,0,139,1232,14666,6058,2260,136,235
a.little.prince_tt0113670,1995,0,1,0,0,23345,35,653,3486,8925,2018,6868,490,870
a.low.down.dirt_tt0110399,1994,1,0,0,0,25814,26,989,4597,13725,3193,2487,215,582
a.madea.family._tt7054636,2019,1,0,0,0,26249,7,1063,3326,15386,4776,886,791,14
a.majority.of.o_tt0055124,1961,1,1,0,0,35729,0,43,311,18527,11801,4644,205,198
a.man.called.ho_tt0066049,1970,1,0,0,0,27478,1,74,4411,7904,3841,10598,581,68
a.man.called.ot_tt7405458,2022,1,0,0,0,30252,5,2213,8870,11493,2652,4645,371,3
a.man.called.pe_tt0048337,1955,1,1,0,0,28612,0,214,313,12064,8636,5953,1200,232
a.man.escaped_tt0049902,1956,0,1,0,0,24211,0,2454,2930,15430,725,1820,628,224
a.man.for.all.s_tt0060665,1966,1,1,0,0,30953,0,259,4489,13339,5301,6339,1179,47
a.matter.of.lif_tt0038733,1946,0,1,0,0,25043,32,561,5878,8267,3491,5403,901,510
a.midsummer.nig_tt0026714,1935,0,1,0,0,34314,0,95,3983,15303,3271,9831,443,1388
a.new.kind.of.l_tt0057360,1963,1,0,0,0,26477,26,187,1891,14552,4209,4688,825,99
a.night.at.the._tt0026778,1935,1,1,0,0,21861,0,129,210,9300,7780,4090,227,125
a.night.full.of_tt0077548,1978,0,1,0,0,25079,304,1057,9970,5745,1766,5059,849,329
a.nightmare.on._tt0087800,1984,1,0,1,0,21913,1,788,4286,7599,4549,4208,390,92
a.nightmare.on._tt0097981,1989,1,0,0,0,23026,77,1536,4219,9051,1826,5100,905,312
a.nightmare.on._tt1179056,2010,1,0,0,0,22897,54,1927,8611,7390,906,3366,273,370
a.nous.la.libert_tt0022599,1931,0,1,0,0,20020,0,356,179,8535,4802,5544,345,259
a.passage.to.in_tt0087892,1984,1,1,0,0,42090,0,622,10738,16197,4944,7536,1330,723
a.patch.of.blue_tt0059573,1965,1,1,0,0,25245,5,628,2137,15672,5067,1519,115,102
a.piece.of.the._tt0076543,1977,1,0,0,0,32413,9,442,5891,16698,4925,4197,236,15
a.place.in.the._tt0043924,1951,1,1,0,0,29243,13,267,3504,10526,6938,7620,265,110
a.prophet_tt1235166,2009,0,1,0,0,37250,9,1448,11679,17880,1768,3329,1057,80
a.quiet.place.p_tt8332922,2020,1,0,0,0,23260,530,1337,3155,11666,1445,3832,738,557
a.raisin.in.the_tt0055353,1961,1,0,0,0,30653,0,103,1430,17145,10867,935,64,109
a.river.runs.th_tt0105265,1992,1,1,0,0,31753,46,1018,8342,10947,4407,5348,1207,438
a.room.with.a.v_tt0091867,1985,0,1,0,0,28086,0,831,2040,12960,5514,5778,369,594
a.royal.affair_tt1276419,2012,0,1,0,0,33011,0,1379,13928,11497,2744,2772,598,93
a.separation_tt1832382,2011,0,1,0,0,29514,0,294,8400,17208,2428,937,65,182
a.serious.man_tt1019452,2009,0,1,0,0,25320,126,1779,4982,13053,1979,2235,608,558
a.shot.in.the.d_tt0058586,1964,1,0,0,0,24535,28,372,1362,12826,4194,5502,188,63
a.soldiers.stor_tt0088146,1984,0,1,0,0,25920,0,289,6604,11119,3972,3598,311,27
a.song.to.remem_tt0038104,1945,1,1,0,0,28835,0,263,561,14091,8313,5052,318,237
a.special.day_tt0076085,1977,0,1,0,0,25665,0,1119,3822,10727,3325,5968,548,156
a.star.is.born_tt0075265,1976,1,1,0,0,33614,0,120,10560,12321,4399,4897,1317,0
a.streetcar.nam_tt0044081,1951,1,1,0,0,29939,0,1,2553,19730,4918,2603,132,2
a.summer.place_tt0053320,1959,1,0,0,0,31204,0,150,9204,11368,4187,5797,419,79
a.sunday.in.the_tt0088318,1984,0,1,0,0,22654,46,351,868,6337,7970,6548,280,254
a.tale.of.two.c_tt0027075,1935,1,1,0,0,30225,0,174,2356,15769,5933,4506,688,799
a.taste.of.hone_tt0055506,1961,1,1,0,0,24199,0,244,3310,12424,3340,4287,400,194
a.thin.line.bet_tt0117891,1996,1,0,0,0,25962,60,810,3470,12542,4902,3610,377,191
a.touch.of.clas_tt0070819,1973,1,1,0,0,25434,0,154,3521,13299,4141,3732,531,56
a.touch.of.zen_tt0064451,1971,0,1,0,0,43153,29,949,6608,18627,2444,12728,1623,145
a.town.like.ali_tt0049871,1956,0,1,0,0,28574,144,376,1447,11657,4830,8917,1036,167
a.tree.grows.in_tt0038190,1945,1,0,0,0,31697,0,53,1935,17855,6426,5101,195,132
a.very.long.eng_tt0344510,2004,0,1,0,0,31968,58,977,6486,10340,2181,10006,1835,85
a.view.from.the_tt0056668,1962,1,0,0,0,26912,0,71,4013,15475,3827,3496,16,14
a.walk.in.the.c_tt0114887,1995,1,0,0,0,24513,114,1142,2941,11893,2932,4722,513,256
a.walk.in.the.s_tt0038235,1945,0,1,0,0,28158,0,349,2045,14927,6228,3899,332,378
a.woman.is.a.wo_tt0055572,1961,0,1,0,0,21518,0,425,2860,12217,3664,1789,249,314
a.woman.under.t_tt0072417,1974,1,1,1,0,37761,0,403,12785,12738,7495,4161,126,53
a.world.apart_tt0096464,1988,0,1,0,0,29023,65,1037,5322,14672,2521,4336,194,876
a.wrinkle.in.ti_tt1620680,2018,1,0,0,0,26281,48,1546,11395,6825,1037,3433,1993,4
a.yank.at.oxfor_tt0030989,1938,1,0,0,0,24532,0,42,495,16164,3886,3370,488,87
a.yank.in.the.r_tt0034405,1941,1,0,0,0,23431,20,288,1981,10101,4799,4387,1641,214
abe.lincoln.in._tt0032181,1940,0,1,0,0,28194,3,415,881,12089,7884,6171,362,389
abominable_tt6324278,2019,1,0,0,1,23309,283,830,1110,6899,3025,8802,2360,0
about.last.nigh_tt0090583,1986,1,0,0,0,29083,0,175,2834,17344,5522,2646,213,349
about.schmidt_tt0257360,2002,1,1,0,0,32196,32,1443,6270,12719,5180,4703,1016,833
above.and.beyon_tt0044324,1952,1,0,0,0,29285,0,346,820,14945,8066,3305,1454,349
absence_of_malice,1981,1,0,0,0,27863,0,784,3936,14817,4458,3026,789,53
absolute.power_tt0118548,1997,1,0,0,0,29067,3,1069,7718,13341,2567,3256,601,512
abyss,1989,1,0,0,0,34838,2,1330,12799,10137,1218,5178,3881,293
accident_tt0061328,1967,0,1,0,0,25410,25,210,2475,11027,4887,5917,679,190
accidental.tour_tt0094606,1988,1,1,0,0,29052,0,1428,9790,12253,2379,2619,219,364
accountant.2_tt7068946,2025,1,0,0,0,31744,44,2087,6989,13035,2889,5167,1190,343
accountant_tt2140479,2016,1,0,0,0,30667,78,2076,9676,12006,2637,3084,860,250
accused_tt0040071,1949,1,0,0,0,24164,0,289,2356,14201,4300,2721,77,220
accused_tt0094608,1988,1,0,0,0,26385,25,515,6329,11412,4191,3035,106,772
ace.ventura.when.nature.calls_tt0112281,1995,1,0,0,0,22415,20,1437,6268,7315,3079,3111,1089,96
ace_ventura,1994,1,0,0,0,22092,14,981,3888,10285,3139,2988,225,572
aces.high_tt0075627,1976,0,1,0,0,27407,9,425,4342,9503,4154,5381,3372,221
across.110th.st_tt0068168,1972,1,0,0,0,24296,32,332,6991,11509,1412,3640,379,1
across.the.paci_tt0034428,1942,1,0,0,0,23141,23,340,1250,13698,4457,2758,493,122
act.of.killing_tt2375605,2012,0,1,0,0,39978,0,852,7598,10216,9713,10736,777,86
act.of.valor_tt1591479,2012,1,0,0,0,26441,5,1874,8690,6631,1919,5259,1871,192
action.in.the.n_tt0035608,1943,1,0,0,0,30551,0,529,2082,15442,4760,5009,2619,110
adams.rib_tt0013817,1923,1,0,0,0,26274,0,411,110,9245,6838,4572,30,5068
adaptation._tt0268126,2002,0,1,1,0,29525,4,1122,9950,11876,2490,2505,450,1128
addams.family.2_tt11125620,2021,1,0,0,1,22236,3,1431,654,6445,2469,10048,1177,9
addams.family.v_tt0106220,1993,1,0,0,0,22580,3,483,3803,10872,2541,3465,627,786
addams.family_tt1620981,2019,1,0,0,1,20864,72,808,856,6393,3460,7300,1958,17
addams_family,1991,1,0,0,0,23882,38,902,3577,11520,2577,3757,775,736
addiction_tt0112288,1995,0,0,1,0,19747,0,500,3478,10600,1712,2218,386,853
adventureland_tt1091722,2009,0,0,1,0,27454,98,1089,5525,13654,3115,2979,717,277
adventurers_tt0065374,1970,1,0,0,0,42522,8,432,6720,15900,6075,10665,2626,96
adventures.in.b_tt0092513,1987,1,0,0,0,24513,19,475,7878,8498,3223,3450,329,641
adventures.of.m_tt0029842,1938,1,0,0,0,24929,0,599,2008,10723,4345,6844,352,58
adventures.of.p_tt0109045,1994,0,1,0,0,24779,29,380,8507,8813,2243,3930,877,0
adventures.of.t_tt0072610,1975,1,0,0,0,23740,21,235,1918,5941,6514,7538,1499,74
adventures.of.t_tt0983193,2011,0,1,0,1,25632,16,2322,2642,8523,2629,8170,1320,10
advise..consent_tt0055728,1962,1,0,0,0,33104,16,210,320,22416,6884,3021,107,130
affair.in.trini_tt0044331,1952,1,0,0,0,23533,0,80,707,11718,6142,4724,77,85
affliction_tt0118564,1997,0,0,1,0,29368,199,369,4927,13676,3546,6213,232,206
african.queen_tt0043265,1951,1,1,0,0,25235,5,354,4097,13858,2542,2423,1783,173
after.hours_tt0088680,1985,0,1,1,0,23340,26,811,5216,12569,1667,2402,190,459
after.the.fox_tt0060200,1966,1,0,0,0,26551,0,199,4049,11934,3697,5974,519,179
after.the.thin._tt0027260,1936,1,0,0,0,26908,40,229,3398,11612,6633,4831,133,32
against.all.odd_tt0086859,1984,1,0,0,0,29101,0,250,5598,14139,3675,4709,730,0
age.of.innocenc_tt0106226,1993,0,1,0,0,35567,41,1327,9972,14716,3006,4822,562,1121
agnes.of.god_tt0088683,1985,1,0,0,0,23734,4,798,5962,10424,1825,3590,498,633
agony.and.the.e_tt0058886,1965,1,1,0,0,33338,28,350,1759,11741,4431,12058,2910,61
aguirre.the.wra_tt0068182,1972,0,1,0,0,22624,0,456,3714,7462,5171,4242,1213,366
air.america_tt0099005,1990,1,0,0,0,26919,0,1387,8446,8074,2153,3195,3369,295
air.force_tt0035616,1943,1,1,0,0,29803,0,787,1689,14724,4411,4777,3115,300
air.jordan_tt16419074,2023,1,0,0,0,26772,14,1625,6866,12642,2413,2408,569,235
air_force_one_fs,1997,1,0,0,0,29865,46,2042,3271,13992,4367,3983,1810,354
airplane.ii.the_tt0083530,1982,1,0,0,0,20176,0,584,1832,12751,2596,1476,569,368
airplane_tt0080339,1980,0,1,0,0,21018,56,612,2981,10514,3993,1739,881,242
airport.1975_tt0071110,1974,1,0,0,0,25518,0,712,6581,10162,2557,2227,3266,13
airport.77_tt0075648,1977,1,0,0,0,27200,7,1156,6897,10935,1813,3697,2648,47
airport_tt0065377,1970,1,1,0,0,23724,0,311,517,15525,3837,2995,539,0
aladdin,2019,1,0,0,0,30683,27,341,4814,12501,2683,6816,3501,0
aladdin_tt0103639,1992,1,1,0,1,21740,29,260,2154,7506,1966,7800,1169,856
alamo_tt0053580,1960,1,1,0,0,38810,0,63,572,12977,9344,14437,1252,165
albert.schweitz_tt0050109,1957,0,1,0,0,20864,35,933,2187,5217,2312,8103,1572,505
alexander.and.t_tt1698641,2014,1,0,0,0,19442,37,658,5252,8766,1714,2480,443,92
alexander.the.g_tt0048937,1956,1,0,0,0,34892,0,194,3569,12053,7266,10530,1177,103
alexanders.ragt_tt0029852,1938,1,1,0,0,25523,54,193,1767,11044,6176,5678,531,80
alfie_tt0060086,1966,1,1,0,0,27238,3,124,3642,16322,3957,2736,428,26
algiers_tt0029855,1938,1,0,0,0,24462,78,231,2211,12586,6125,2519,288,424
ali.fear.eats.t_tt0071141,1974,0,1,0,0,22387,0,72,2269,10711,3917,5073,122,223
alias.the.docto_tt0022619,1932,1,0,0,0,14609,0,404,1631,6517,2319,3535,63,140
alice.doesnt.li_tt0071115,1974,1,1,0,0,12724,0,243,1719,5900,2666,1832,200,164
alice.in.wonder_tt0043274,1951,1,1,0,1,18033,25,134,893,5983,1394,9244,169,191
alice.through.t_tt2567026,2016,1,0,0,0,27082,118,875,5271,9655,1785,6425,2906,47
alice_in_wonderland,2010,1,0,0,0,26041,159,1478,6351,7315,1874,7638,1168,58
alices.restaura_tt0064002,1969,1,0,0,0,26646,0,208,6305,9395,4339,5311,619,469
alien._tt18412256,2024,1,0,0,0,28544,21,3121,6465,9352,684,7159,1731,11
alien.covenant_tt2316204,2017,1,0,0,0,29268,92,1981,8399,9461,943,5848,2438,106
alien.nation_tt0094631,1988,1,0,0,0,21565,32,347,5685,10320,1215,3058,664,244
alien.resurrect_tt0118583,1997,1,0,0,0,25978,63,2422,9214,7339,714,4947,940,339
alien.vs..preda_tt0370263,2004,1,0,0,0,24502,67,1268,9271,4966,449,5832,2535,114
alien_2,1986,1,0,0,0,37021,45,1902,14255,11094,2380,5374,1867,104
alien_3,1992,1,0,0,0,27543,26,1653,11114,7492,1229,4080,723,1226
alien_tt0078748,1979,1,1,0,0,27957,100,1795,8182,9134,1288,4731,2294,433
alita.battle.an_tt0437086,2019,1,0,0,0,29242,37,1122,6602,11910,1632,6265,1582,92
alive_tt0106246,1993,1,0,0,0,30226,44,844,6903,10310,2767,8243,721,394
all.about.eve_tt0042192,1950,1,1,0,0,33155,0,111,2421,21218,6930,2076,79,320
all.about.my.mo_tt0185125,1999,0,1,0,0,24315,99,1115,7765,10201,1630,2380,1025,100
all.in.a.nights_tt0054615,1961,1,0,0,0,22572,0,150,2454,10178,7337,2064,365,24
all.night.long_tt0082001,1981,1,0,0,0,21091,0,132,1789,11692,4316,2850,208,104
all.of.us.stran_tt21192142,2023,0,1,0,0,25331,10,889,10919,9954,897,993,1647,22
all.quiet.on.th_tt1016150,2022,0,1,0,0,35464,2,1127,8008,12780,2100,8282,3094,71
all.that.heaven_tt0047811,1955,1,1,0,0,21312,0,33,2457,10877,3635,3744,407,159
all.that.jazz_tt0078754,1979,0,1,0,0,29439,128,523,8429,10237,2345,6930,230,617
all.the.beauty._tt21374850,2022,0,1,0,0,29306,83,2843,5691,9630,3871,5292,1039,857
all.the.kings.m_tt0041113,1949,1,1,0,0,26325,0,464,916,12818,7712,4047,310,58
all.the.preside_tt0074119,1976,1,1,0,0,33147,39,1791,6103,13629,6348,3931,1174,132
all.the.real.gi_tt0299458,2003,0,1,1,0,27663,12,279,9613,9778,2477,3543,1125,836
all.the.right.m_tt0085154,1983,1,0,0,0,21677,0,564,4537,9180,2779,3961,434,222
all.we.imagine._tt32086077,2024,0,1,0,0,28308,140,986,6764,12317,1373,4320,2223,185
all_of_me_fs,1984,1,0,0,0,21930,0,290,3127,11149,4051,3204,70,39
allegiant_tt3410834,2016,1,0,0,0,29189,0,702,3855,13058,1434,6600,3522,18
almost.famous_tt0181875,2000,0,1,0,0,29541,70,794,6630,14222,4067,2665,546,547
along.came.a.sp_tt0164334,2001,1,0,0,0,24640,0,2031,8281,9789,1319,2389,789,42
along.came.jone_tt0037508,1945,1,0,0,0,21593,0,74,1623,9681,6067,3765,271,112
along_came_polly_fs,2004,1,0,0,0,23190,93,1218,1692,13130,3332,2918,294,513
alphaville_tt0058898,1965,0,1,0,0,23814,19,981,5121,7503,3710,5460,861,159
altered_states,1980,1,0,0,0,24654,70,1015,6347,7136,3095,5525,990,476
alvin.and.the.c_tt0952640,2007,1,0,0,1,21874,0,830,2701,9910,2751,5032,621,29
alvin.and.the.c_tt1231580,2009,1,0,0,1,21229,12,603,2794,7915,2671,6384,765,85
alvin.and.the.c_tt1615918,2011,1,0,0,1,20899,4,1280,1655,6832,2500,7325,1272,31
always_tt0096794,1989,1,0,0,0,29234,30,1235,7999,11805,2507,3717,1508,433
amadeus_tt0086879,1984,1,1,0,0,38390,54,826,5452,20289,5599,5396,252,522
amazing.dr..cli_tt0029864,1938,1,0,0,0,20908,0,362,1463,13058,3947,1966,67,45
amazing_spiderman,2012,1,0,0,0,32680,13,2438,8051,13880,1464,4726,2000,108
amazing_spiderman_2,2014,1,0,0,0,33945,32,2133,9493,12642,1400,5325,2887,33
ambulance_tt4998632,2022,1,0,0,0,32688,70,982,15835,7427,1321,5450,1539,64
america.america_tt0056825,1963,1,1,0,0,40300,0,398,7298,20942,3928,6440,1284,10
american.graffi_tt0069704,1973,1,1,0,0,27002,0,240,6945,12246,1270,5673,378,250
american.hustle_tt1800241,2013,1,1,0,0,33103,150,735,14264,13674,2062,813,1027,378
american.pie.2_tt0252866,2001,1,0,0,0,26534,24,773,4562,11524,4804,3609,416,822
american.presid_tt0112346,1995,1,1,0,0,27197,11,524,7836,11787,3692,1901,720,726
american.psycho_tt0144084,2000,0,0,1,0,24433,111,1931,7476,10812,1706,2068,292,37
american.reunio_tt1605630,2012,1,0,0,0,27290,0,688,7904,12299,3734,2043,528,94
american.splend_tt0305206,2003,0,1,0,0,24253,3,1612,3986,11155,4206,2887,346,58
american_beauty,1999,1,1,0,0,31237,29,1607,7307,14684,2960,3347,902,401
american_gangster,2007,1,1,0,0,42161,81,1860,10938,17735,4136,6458,709,244
american_gigolo,1980,1,0,0,0,27957,30,454,5962,13102,3931,3718,450,310
american_pie,1999,1,0,0,0,22878,23,801,5276,10478,3582,1813,221,684
american_sniper,2014,1,1,0,0,31809,243,1136,7579,13727,2603,5114,1311,96
american_wedding,2003,1,0,0,0,24757,4,522,8618,10899,1902,1578,528,706
american_werewolf_in_london,1981,1,0,0,0,23348,41,369,5786,10385,1835,3512,638,782
americanization_tt0057840,1964,1,0,0,0,27506,0,28,5148,16073,3683,2234,217,123
americas_sweethearts,2001,1,0,0,0,24765,5,596,7553,11804,1890,1628,537,752
amistad_tt0118607,1997,0,1,0,0,37093,61,1640,7856,15657,4240,5465,1003,1171
amityville.horr_tt0078767,1979,1,0,0,0,28461,66,643,10622,7110,3359,5552,674,435
amityville.horr_tt0384806,2005,1,0,0,0,20390,43,1175,6111,6756,1422,3039,874,970
amlie_tt0211915,2001,0,1,0,0,29215,16,1999,9826,9976,1578,4911,831,78
amour_tt1602620,2012,0,1,0,0,30538,0,826,2211,13929,8180,5031,283,78
amy_tt2870648,2015,0,1,0,0,30690,62,910,8955,12650,3947,2461,1407,298
an.affair.to.re_tt0050105,1957,1,0,0,0,27508,0,54,918,14223,7441,4150,521,201
an.american.in._tt0043278,1951,1,1,0,0,27215,0,298,168,7864,7468,11066,292,59
an.american.tai_tt0090633,1986,1,0,0,1,20652,0,255,481,2360,1201,14648,1054,653
an.american.tra_tt0021607,1931,1,0,0,0,24730,0,336,1743,7507,9655,4500,294,695
an.autumn.after_tt0056444,1962,0,1,0,0,27235,0,481,22,15051,3933,7349,351,48
an.education_tt1174732,2009,0,1,0,0,24064,21,1144,5743,10966,2674,3102,356,58
an.inconvenient_tt0497116,2006,0,1,0,0,23169,62,1648,3296,4747,1638,6628,4238,912
an.unmarried.wo_tt0078444,1978,1,1,0,0,29839,8,168,6787,13985,5323,3181,368,19
anaconda,1997,1,0,0,0,21421,9,1196,5323,8606,1926,2882,1123,356
analyze_this,1999,1,0,0,0,24790,4,350,4888,13181,2718,2642,370,637
anastasia_tt0048947,1956,1,0,0,0,25235,0,37,780,10006,8783,4957,345,327
anastasia_tt0118617,1997,1,0,0,1,22475,5,540,679,7683,3617,8574,951,426
anatomy.of.a.fa_tt17009710,2023,0,1,0,0,36402,0,1182,12603,17337,2363,2513,342,62
anatomy.of.a.mu_tt0052561,1959,1,1,0,0,38498,2,323,875,28841,5700,2573,128,56
anchorman.2.the_tt1229340,2013,1,0,0,0,28527,26,403,5615,13944,3958,2620,1961,0
anchorman_fs,2004,1,1,0,0,22558,8,534,1815,13453,3791,2459,458,40
anchors.aweigh_tt0037514,1945,1,1,0,0,33406,0,187,1592,15439,9230,6674,236,48
and.justice.for_tt0078718,1979,1,0,0,0,30592,8,246,1974,18693,5332,3665,584,90
anderson.tapes_tt0066767,1971,1,0,0,0,23708,0,788,5533,8772,4270,4284,61,0
andrei.rublev_tt0060107,1966,0,1,0,0,43919,0,1926,3329,19441,2985,13477,2314,447
andromeda.strai_tt0066769,1971,1,0,0,0,33554,9,3257,8495,12909,2144,4870,1377,493
andy.hardy.meet_tt0032206,1940,1,0,0,0,21019,0,243,999,13426,4766,1420,130,35
angel.has.falle_tt6189022,2019,1,0,0,0,29025,38,1941,12450,7831,1265,3119,2323,58
angels.in.the.o_tt0109127,1994,1,0,0,0,26383,2,911,7958,9438,2900,4036,719,419
angels.one.five_tt0046714,1952,0,1,0,0,23489,0,612,2186,11549,3758,2723,2068,593
angels_and_demons,2009,1,0,0,0,33239,15,2531,9933,12562,963,5127,1387,721
anger_management,2003,1,0,0,0,27220,15,1136,11831,9148,1560,2071,731,728
angry.birds.mov_tt1985949,2016,1,0,0,1,23313,65,306,4373,2677,2375,11672,1818,27
animal.kingdom_tt0022628,1932,1,0,0,0,21726,72,135,128,11179,8387,1630,80,115
animal_tt0255798,2001,1,0,0,0,21373,48,991,5374,8844,2708,2601,452,355
anna.and.the.ki_tt0038303,1946,1,1,0,0,30766,9,195,2098,14089,6659,7172,270,274
anna.christie_tt0020641,1930,1,0,0,0,21445,0,83,148,9156,9161,2542,263,92
anna.karenina_tt0026071,1935,1,0,0,0,26850,8,152,3304,12779,4039,5681,343,544
anna.karenina_tt1781769,2012,0,1,0,0,31088,15,1094,11548,10985,1623,4015,1768,40
annabelle.comes_tt8350360,2019,1,0,0,0,25434,102,1689,5518,12417,1757,3304,569,78
annabelle.creat_tt5140878,2017,1,0,0,0,26297,35,1938,4711,12629,2319,3819,765,81
annabelle_tt3322940,2014,1,0,0,0,23690,59,1297,6621,9517,2869,2430,720,177
anne.of.the.tho_tt0064030,1969,1,1,0,0,34840,0,57,8010,17753,2958,5630,432,0
annie.get.your._tt0042200,1950,1,0,0,0,25785,0,94,403,8491,10631,5799,367,0
annie.hall_tt0075686,1977,1,1,0,0,22342,0,58,2622,11079,5431,2269,304,579
annie_fs,1982,1,0,0,0,32725,0,598,5222,13495,4975,7541,847,47
anomalisa_tt2401878,2015,0,1,0,1,21731,390,649,2767,9719,3997,2582,1116,511
anora_tt28607951,2024,0,1,0,0,33309,49,378,8530,17619,2930,3062,677,64
another.round_tt10288566,2020,0,1,0,0,27982,25,911,8725,12170,2142,2787,663,559
another.thin.ma_tt0031047,1939,1,0,0,0,24608,1,117,1046,14127,6017,3126,81,93
another_48_hrs,1990,1,0,0,0,22878,0,759,7271,9730,1182,3339,350,247
ant_man_and_the_wasp,2018,1,0,0,0,28318,7,1370,7051,11647,1560,4754,1907,22
anthony.adverse_tt0027300,1936,1,1,0,0,33697,0,208,2636,14799,6757,7808,289,1200
antman,2015,1,0,0,0,28076,37,1835,6504,11278,1390,4643,2376,13
antman.quantumania_tt10954600,2023,1,0,0,0,29848,0,1292,8731,10107,1097,5163,3443,15
antonias.line_tt0112379,1995,0,1,0,0,24346,115,70,5770,9186,3522,5061,394,228
antz_tt0120587,1998,1,0,0,1,19881,47,352,5444,7355,539,5222,765,157
any.number.can._tt0041127,1949,1,0,0,0,24640,0,94,732,14230,6974,2503,70,37
any_which_way_you_can,1980,1,0,0,0,27738,0,176,4209,12464,4043,5066,1780,0
anyone.but.you_tt26047818,2023,1,0,0,0,24837,0,1088,4991,11977,2154,2897,1709,21
anything.goes_tt0048954,1956,1,0,0,0,25423,6,99,56,8635,6673,9673,212,69
apache_tt0046719,1954,1,0,0,0,22462,0,361,1962,7090,4388,7766,778,117
aparajito_tt0048956,1956,0,1,0,0,26416,10,652,2028,10590,2773,9036,965,362
apartment_tt0053604,1960,1,1,0,0,30020,0,115,1481,18118,4944,4982,311,69
apocalypse.now_tt0078788,1979,1,1,0,0,48520,199,1917,12171,16863,3541,8438,4474,917
apocalypto_tt0472043,2006,0,1,0,0,33168,114,2051,10579,10421,3371,4920,1333,379
apollo13,1995,1,1,0,0,33511,18,2832,12896,11531,1859,2476,1564,335
apple.dumpling._tt0072653,1975,1,0,0,0,24097,0,71,2010,12810,4273,4625,280,28
april.in.paris_tt0044370,1952,1,0,0,0,24007,0,58,446,10947,7037,5253,247,19
aquaman,2018,1,0,0,0,34366,27,1807,3308,11393,2298,9695,5811,27
aquaman.and.the_tt9663764,2023,1,0,0,0,29764,50,1591,2537,8196,2371,9308,5670,41
arabesque_tt0060121,1966,1,0,0,0,25269,72,738,6883,11918,1961,3014,649,34
arabian.nights_tt0071502,1974,0,1,0,0,31327,28,853,10488,5069,2497,11166,1139,87
arachnophobia,1990,1,0,0,0,26256,98,1452,4510,10724,3314,4242,1321,595
are.we.done.yet_tt0422774,2007,1,0,0,0,22070,17,652,3610,10366,2589,3558,625,653
are_we_there_yet,2005,1,0,0,0,24340,22,1413,7230,9030,2663,3429,510,43
argo,2012,1,1,0,0,28862,21,2910,12450,8050,1742,2590,1098,1
arise.my.love_tt0032220,1940,1,1,0,0,26439,0,347,2620,14443,5373,2954,406,296
armageddon,1998,1,0,0,0,36150,236,1983,14946,7808,1387,4884,4440,466
army.of.shadows_tt0064040,1969,0,1,0,0,34810,0,749,4213,13929,4303,9210,1728,678
arrival,2016,1,1,0,0,27904,27,1737,8980,7857,1083,4585,3619,16
arrowsmith_tt0021622,1931,1,1,0,0,23695,0,354,832,10428,6760,4878,271,172
arsenal_tt0019649,1929,0,1,0,0,18852,4,396,2182,7127,1527,5911,357,1348
arsenic.and.old_tt0036613,1944,1,0,0,0,28319,0,201,1229,16156,6316,4002,305,110
arsne.lupin_tt0022639,1932,1,0,0,0,20229,0,137,367,13412,2869,2869,361,214
arthur.christma_tt1430607,2011,0,1,0,1,23389,2,597,2760,8195,1763,7794,2217,61
arthur_full,1981,1,0,0,0,23313,0,56,860,10705,6850,4395,404,43
artificial_intelligence_fs,2001,1,0,0,0,37464,153,1760,6358,14242,4010,8692,1682,567
artist.and.mode_tt0028587,1937,1,0,0,0,23400,0,246,444,10756,5114,6286,309,245
artist_tt1655442,2011,0,1,0,0,24121,46,1187,1451,10856,3403,5307,620,1251
as_good_as_it_gets_fs,1997,1,1,0,0,35619,44,838,12298,14983,3843,2953,177,483
ascent_tt0075404,1977,0,1,0,0,26282,0,662,8718,9171,1436,6019,240,36
asphalt.jungle_tt0042208,1950,0,1,0,0,26954,0,368,3331,16684,4048,2326,191,6
assassin_tt3508840,2015,0,1,0,0,27098,366,447,529,7708,5494,9669,2760,125
assault.on.prec_tt0074156,1976,0,0,1,0,23354,0,331,4113,11982,2117,3907,504,400
at.war.with.the_tt0042209,1950,1,0,0,0,23264,0,71,203,8264,10203,4430,93,0
ateam_tt0429493,2010,1,0,0,0,32018,4,2168,11236,11053,1591,4026,1916,24
atlantic.city_tt0080388,1980,0,1,0,0,26639,0,374,3190,12091,6730,3979,202,73
atlantis.the.lo_tt0230011,2001,1,0,0,1,22961,121,565,4121,8273,1796,6372,1633,80
atonement_tt0783233,2007,0,1,0,0,29448,44,2506,8222,8959,2664,5718,775,560
attack_tt0048966,1956,0,1,0,0,27755,0,221,1860,11905,5941,7651,163,14
au.hasard.balth_tt0060138,1966,0,1,0,0,22986,29,1799,1171,13037,2437,3836,281,396
auntie.mame_tt0051383,1958,1,1,0,0,34415,23,454,339,16122,11408,5312,720,37
austin.powers.i_tt0118655,1997,1,0,0,0,21464,0,1053,4381,9441,3231,2821,458,79
austin.powers.t_tt0145660,1999,1,0,0,0,22806,17,1080,6993,8756,2109,2944,678,229
autumn.sonata_tt0077711,1978,0,1,0,0,22561,29,541,13160,4077,1532,2626,239,357
avalon_tt0099073,1990,0,1,0,0,32803,6,664,5591,11106,5617,8578,934,307
avanti_tt0068240,1972,0,1,0,0,37030,0,141,1086,16597,11117,6872,1183,34
avatar,2009,1,1,0,0,38770,101,1486,6519,10820,5290,10230,4309,15
avatar.the.way._tt1630029,2022,1,1,0,0,45570,92,1796,4730,13571,5907,16385,3068,21
avengers,2012,1,0,0,0,34268,16,2456,4629,13694,2973,7635,2863,2
avengers_age_of_ultron,2015,1,0,0,0,33879,20,1598,7003,13638,1868,6660,3072,20
avengers_endgame,2019,1,0,0,0,43440,21,1439,12754,16245,2864,6710,3120,287
avengers_infinity_war,2018,1,0,0,0,35806,5,1294,10931,10839,1953,6497,4001,286
aviator,2004,1,1,0,0,40788,31,1356,9334,19510,2806,4046,3488,217
awakening_tt0080402,1980,1,0,0,0,24137,249,676,5616,8859,1647,6118,781,191
awakenings,1990,1,1,0,0,31033,2,1033,4299,16415,4255,4226,140,663
away.all.boats_tt0048971,1956,1,0,0,0,27329,0,220,420,10896,7718,6149,1703,223
awful.truth_tt0028597,1937,1,1,0,0,23302,0,310,415,10160,9314,2921,130,52
baadasssss_tt0367790,2003,0,0,1,0,27960,0,430,7343,13033,3645,3052,408,49
babe,1995,1,1,0,0,23635,54,1453,5144,5038,861,9099,1081,905
babel_tt0449467,2006,0,1,0,0,34410,66,2030,15418,8518,1597,5117,1198,466
babes.in.arms_tt0031066,1939,1,0,0,0,23019,0,181,270,11956,5427,4975,143,67
babes.in.toylan_tt0054649,1961,1,0,0,0,25377,3,181,1005,7809,5871,10090,251,167
babes.on.broadw_tt0034485,1941,1,0,0,0,28252,0,171,667,14776,6060,6104,367,107
babettes.feast_tt0092603,1987,0,1,0,0,24840,85,1025,4115,12489,3579,3252,255,40
baby.boom_tt0092605,1987,1,0,0,0,26465,30,683,3344,13251,3916,4073,688,480
baby.doll_tt0048973,1956,1,1,0,0,27535,0,63,3299,15434,3015,5502,189,33
baby.mama_tt0871426,2008,1,0,0,0,23733,194,1062,3714,12442,3817,2139,236,129
baby_driver,2017,1,0,0,0,27010,9,1677,9566,10315,1237,3632,555,19
bachelor.and.th_tt0039169,1947,1,0,0,0,22801,0,55,157,12367,6319,3601,137,165
bachelor.mother_tt0031067,1939,1,0,0,0,19726,32,84,1376,11767,3674,2398,236,159
bachelor_party,1984,1,0,0,0,25286,114,266,2532,13235,4931,3697,349,162
back.street_tt0033365,1941,1,0,0,0,21301,60,152,3646,11139,3368,2483,270,183
back.street_tt0054653,1961,1,0,0,0,25569,0,304,3816,14377,2984,3111,846,131
back_to_school,1986,1,0,0,0,23171,128,709,6769,9284,2074,3599,404,204
back_to_the_future_2_fs,1989,1,0,0,0,27775,0,1614,1759,12247,4891,6404,671,189
back_to_the_future_3_fs,1990,1,0,0,0,30407,5,1294,1096,11930,5155,9595,783,549
back_to_the_future_fs,1985,1,1,0,0,29818,17,1595,1677,13860,5743,5978,229,719
backdraft,1991,1,0,0,0,32915,52,1055,7522,13759,2855,6025,979,668
backroads,1981,1,0,0,0,22711,0,396,2962,12111,2450,4518,274,0
bad.and.the.bea_tt0044391,1952,1,1,0,0,28249,0,281,248,11689,10416,5405,81,129
bad.boys.4_tt4919268,2024,1,0,0,0,27806,55,1429,7766,11374,1883,3537,1759,3
bad.day.at.blac_tt0047849,1955,0,1,0,0,19555,0,59,22,8596,5532,4883,453,10
bad.girl_tt0021635,1931,1,1,0,0,21646,0,14,434,12444,5664,2336,661,93
bad.guys.2_tt30017619,2025,1,0,0,1,24880,61,933,2806,9605,2266,6024,3182,3
bad.guys_tt8115900,2022,1,0,0,1,24004,4,1169,3471,8132,2131,7776,1305,16
bad.news.bears._tt0075718,1977,1,0,0,0,23878,0,114,1022,8254,5143,8862,466,17
bad.news.bears_tt0074174,1976,1,0,0,0,24485,0,110,3583,11152,3798,5802,40,0
bad.seed_tt0048977,1956,1,0,0,0,30961,1,24,229,10006,16417,3959,90,235
bad_boys,1995,1,0,0,0,28493,49,1146,10103,9150,2450,4591,980,24
bad_boys_2,2003,1,0,0,0,37703,33,2152,10982,13433,3607,5832,1623,41
bad_boys_for_life,2020,1,0,0,0,29725,22,1278,8965,12044,1492,4156,1755,13
bad_moms,2016,1,0,0,0,24207,0,566,6461,11853,2512,1750,1065,0
bad_teacher,2011,1,0,0,0,22053,10,1177,5090,11661,2029,1855,187,44
badlands_tt0069762,1973,0,0,1,0,22530,19,451,3651,5632,3772,7672,922,411
bakers.wife_tt0030127,1938,0,1,0,0,32163,0,140,614,16404,10606,3644,409,346
balalaika_tt0031074,1939,1,0,0,0,24505,0,162,1520,13153,5322,3826,362,160
ball.of.fire_tt0033373,1941,1,0,0,0,26776,117,400,410,13330,8744,3406,121,248
ballad.of.a.sol_tt0052600,1959,0,1,0,0,21179,17,275,2641,9005,3203,5004,945,89
ballad.of.rambl_tt0236008,2000,0,1,0,0,28771,4,741,9413,10978,3201,3225,457,752
ballast_tt1153690,2008,0,1,0,0,23047,24,794,9199,8176,1446,2746,335,327
ballerina_tt7181546,2025,1,0,0,0,29888,9,1523,6247,12451,1183,6513,1940,22
bambi_tt0034492,1942,1,0,0,1,16886,28,51,182,1316,403,13903,707,296
bananas_tt0066808,1971,1,0,0,0,19657,0,166,4668,8877,2996,2099,251,600
band.of.angels_tt0050166,1957,1,0,0,0,30527,0,141,741,13951,9990,5229,443,32
band.wagon_tt0045537,1953,1,0,0,0,26919,0,236,181,4551,11346,10515,58,32
bandit.of.sherw_tt0038326,1946,1,0,0,0,20748,0,152,77,5672,4992,9444,358,53
banshees.of.ini_tt11813216,2022,0,1,0,0,27313,18,489,6000,13274,1909,3795,1674,154
barabbas_tt0055774,1961,1,1,0,0,35349,6,300,2303,11469,4754,15319,1010,188
barbarella_tt0062711,1968,1,0,0,0,23497,14,676,5444,7759,2250,6671,635,48
barbarian.invas_tt0338135,2003,0,1,0,0,23717,43,1146,5584,13730,1484,1132,540,58
barbary.coast_tt0026097,1935,1,1,0,0,21592,0,79,1555,11953,5130,2686,88,101
barbershop.2.ba_tt0337579,2004,1,0,0,0,25301,3,578,5672,13529,2399,2734,221,165
barbershop_tt0303714,2002,1,0,0,0,26278,14,1090,7580,13146,2524,1696,202,26
barbie_tt1517268,2023,1,1,0,0,27348,36,302,4568,11025,5327,4959,1071,60
barefoot.contes_tt0046754,1954,1,0,0,0,31228,0,210,557,16097,7990,5929,414,31
barefoot.in.the_tt0061385,1967,1,0,0,0,25431,0,19,1118,12076,7423,4557,140,98
barkleys.of.bro_tt0041158,1949,1,0,0,0,26114,0,123,497,8661,7619,9126,25,63
barnyard_tt0414853,2006,1,0,0,1,21503,71,177,1029,6386,2772,9634,1132,302
barretts.of.wim_tt0024865,1934,1,1,0,0,26269,0,181,1420,9834,9956,4682,74,122
barry.lyndon_tt0072684,1975,1,1,0,0,44407,4,319,5003,13190,9320,13801,1655,1115
barton.fink_tt0101410,1991,0,1,1,0,27904,444,1467,7036,12297,2602,3659,148,251
basic_instinct,1992,1,0,0,0,32747,3,1689,12028,12860,1987,3281,790,109
bataan_tt0035664,1943,1,1,0,0,27474,0,63,711,9909,7354,8649,544,244
batman,1989,1,0,0,0,30281,49,1305,5991,11323,2658,7448,1062,445
batman_and_robin,1997,1,0,0,0,29943,213,1885,8803,7475,1383,6084,3961,139
batman_begins,2005,1,0,0,0,33572,55,2111,14309,10383,823,4183,1447,261
batman_forever,1995,1,1,0,0,29166,176,1278,9782,7936,2246,5677,1972,99
batman_returns,1992,1,0,0,0,30322,113,1364,6775,8942,3121,8146,1341,520
batman_tt1877830,2022,1,0,0,0,42244,57,2607,14492,13577,1084,7453,2837,137
batman_vs_superman,2016,1,0,0,0,38959,56,3249,11787,13432,1398,6108,2794,135
battle.creek.br_tt0080436,1980,1,0,0,0,24459,0,87,839,12369,4900,6089,169,6
battle.cry_tt0047860,1955,1,0,0,0,35606,0,108,1872,19266,7105,5587,1561,107
battle.hymn_tt0050171,1957,1,0,0,0,25984,0,194,2732,11392,3388,6011,2013,254
battle.los.ange_tt1217613,2011,1,0,0,0,27860,0,1469,12334,7234,824,4421,1462,116
battle.of.algie_tt0058946,1966,0,1,0,0,29170,64,525,4528,12496,3705,6981,735,136
battle.of.brita_tt0064072,1969,1,0,0,0,33884,1,604,3655,11210,3379,6623,8262,150
battle.of.russi_tt0036629,1943,0,1,0,0,21223,10,1072,659,3117,2050,10462,2773,1080
battle.of.the.b_tt0058947,1965,1,0,0,0,40676,0,413,3232,16111,5089,12656,3049,126
battleground_tt0041163,1949,1,1,0,0,28423,0,165,1575,10633,4760,10946,215,129
battleship.potemkin_tt0015648,1925,0,1,0,0,17745,2,932,1145,4262,1564,6442,1314,2084
battleship_tt1440129,2012,1,0,0,0,31498,46,1746,10647,7496,1002,3554,6600,407
baywatch_tt1469304,2017,1,0,0,0,27924,0,1006,6417,14678,1476,3128,1219,0
bc_10000,2008,1,0,0,0,26112,47,1371,8021,7043,792,5585,2958,295
be.cool_tt0377471,2005,1,0,0,0,28694,3,594,8435,13353,2560,2791,380,578
beachcomber_tt0030933,1938,1,0,0,0,20926,0,157,1167,14005,2257,2689,152,499
beaches,1988,1,0,0,0,29591,0,298,5007,12662,5343,5420,301,560
bean_tt0118689,1997,1,0,0,0,21781,15,820,4335,10704,2867,2302,263,475
bear_tt0095800,1988,1,0,0,0,23181,95,1663,3117,2457,2953,10019,2347,530
beast.from.2000_tt0045546,1953,1,0,0,0,19119,0,285,290,5595,4516,7447,810,176
beasts.of.the.s_tt2125435,2012,0,1,0,0,22376,254,2515,6177,7002,1914,3247,959,308
beat.that.my.he_tt0411270,2005,0,1,0,0,25570,17,829,10154,11235,1477,1232,501,125
beau.geste_tt0031088,1939,1,0,0,0,27157,0,236,1167,8877,4273,11285,746,573
beau.travail_tt0209933,1999,0,1,0,0,22375,80,894,4088,7185,1524,7732,549,323
beaufort_tt0758732,2007,0,1,0,0,32463,0,825,7294,13765,2184,6699,1451,245
beautiful.loser_tt0430916,2008,0,0,1,0,23332,8,1976,5809,6767,2337,5225,855,355
beautiful_mind,2001,1,1,0,0,34757,112,1520,7556,15240,4055,4376,749,1149
beauty.and.the._tt0101414,1991,1,1,0,1,20359,27,233,2032,5877,1507,8800,1228,655
beauty_and_the_beast,2017,1,0,0,0,30987,51,1017,3856,10444,1773,10623,3172,51
beavis.and.butt_tt0115641,1996,1,0,0,1,19389,19,774,2310,6823,2148,6247,991,77
because.youre.m_tt0044402,1952,1,0,0,0,24756,0,65,698,13131,7231,3433,192,6
becket_tt0057877,1964,1,1,0,0,35561,0,438,3010,15829,7719,7448,922,195
bedknobs.and.br_tt0066817,1971,1,0,0,1,33326,12,273,4095,14347,4114,9783,670,32
bee.movie_tt0389790,2007,1,0,0,1,21739,560,964,2055,5939,2490,7200,2069,462
beekeeper_tt15314262,2024,1,0,0,0,25318,7,1258,4219,13431,2287,2972,1125,19
beethoven_tt0103786,1992,1,0,0,0,20869,30,410,4062,7754,2822,5063,191,537
beethovens.2nd_tt0106375,1993,1,0,0,0,21206,35,592,5144,6198,3335,4858,379,665
beetlejuice,1988,1,0,0,0,22066,92,936,4622,8862,2894,3397,1091,172
beetlejuice.2_tt2049403,2024,1,0,0,0,25101,0,1556,4048,11871,1726,4322,1548,30
before.sunrise_tt0112471,1995,0,1,1,0,24200,26,465,3990,14752,1224,2853,596,294
before.sunset_tt0381681,2004,0,1,1,0,19251,0,540,1681,14347,842,1395,247,199
before.the.devi_tt0292963,2007,0,0,1,0,27996,0,1029,4524,11236,5344,5231,269,363
before.the.rain_tt0110882,1994,0,1,0,0,27176,23,1173,6412,9808,1992,6405,1028,335
behind.the.sun_tt0291003,2001,0,1,0,0,22050,11,690,5430,9159,1190,5055,398,117
behold.a.pale.h_tt0057879,1964,1,0,0,0,31131,0,336,5942,12914,2726,8148,938,127
being.john.malk_tt0120601,1999,0,1,1,0,26949,20,1364,5646,13258,2753,3243,261,404
being.there_tt0078841,1979,0,1,0,0,31218,0,261,5814,13285,5605,5752,487,14
belfast_tt12789558,2021,0,1,0,0,23424,4,769,4919,6277,4174,5438,1692,151
bell.book.and.c_tt0051406,1958,1,0,0,0,24565,0,276,582,12508,5958,5054,169,18
belle.epoque_tt0103791,1992,0,1,0,0,28142,0,381,3386,14248,5666,4149,224,88
belle.of.the.ni_tt0024873,1934,1,0,0,0,17511,0,222,1095,6962,5691,3165,197,179
bells.are.ringi_tt0053645,1960,1,0,0,0,30163,0,125,96,10739,12582,6219,315,87
bells.of.st..ma_tt0037536,1945,1,1,0,0,30294,0,0,4323,13438,6354,5687,388,104
benchwarmers_tt0437863,2006,1,0,0,0,20419,54,760,2283,9534,2997,3960,576,255
bend.it.like.be_tt0286499,2002,0,1,0,0,26915,0,867,2836,11045,5332,6237,431,167
bend.of.the.riv_tt0044413,1952,1,0,0,0,21873,0,53,548,7914,5573,7249,516,20
beneath.the.pla_tt0065462,1970,1,0,0,0,22706,20,226,4842,6658,2621,7299,901,139
benhur_tt0052618,1959,1,1,0,0,34023,0,111,3219,16033,5138,7811,1565,146
benji_tt0071206,1974,1,0,0,0,20552,18,100,3163,3534,3376,10072,199,90
benny.goodman.s_tt0047873,1956,1,0,0,0,27909,0,755,1983,13438,5776,5626,236,95
beowulf_tt0442933,2007,1,0,0,1,27386,284,2141,6133,9171,1555,5837,1932,333
berkeley.in.the_tt0099121,1990,0,1,0,0,30132,12,181,9125,10014,4581,4144,548,1527
best.christmas._tt2347285,2024,1,0,0,0,23684,1,824,2273,12131,2694,4935,770,56
best.defense_tt0086955,1984,1,0,0,0,22540,4,543,2282,11650,3604,3891,476,90
best.friends_tt0083641,1982,1,0,0,0,26121,0,253,4729,13834,3574,3563,119,49
best.in.show_tt0218839,2000,0,1,0,0,21617,104,549,3387,11511,2267,2668,539,592
best.years.of.o_tt0036868,1946,1,1,0,0,40774,0,306,1686,21921,11832,4503,226,300
best_little_whorehouse_in_texas,1982,1,1,0,0,29355,51,369,3841,12534,6520,4296,1027,717
betrayed_tt0094731,1988,1,0,0,0,32565,51,817,10145,11775,4343,4458,746,230
betsy_tt0077228,1978,1,0,0,0,30029,7,515,3082,11913,8063,5919,479,51
betty.blue_tt0090563,1986,0,1,0,0,44404,0,325,2667,20771,9944,10015,629,53
beverly.hills.c_tt0109254,1994,1,0,0,0,24987,2,698,5185,10066,3067,4176,644,1149
beverly_hills_chihuahua,2008,1,0,0,0,21926,78,2651,2441,6094,1603,7828,1178,53
beverly_hills_cop,1984,1,0,0,0,25219,25,339,4272,12811,3588,3335,201,648
beverly_hills_cop_2,1987,1,0,0,0,24693,20,762,10229,8132,1867,2961,280,442
bewitched_tt0374536,2005,1,0,0,0,26224,8,771,4038,12601,4080,4051,659,16
beyond.bengal_tt0126214,1934,0,1,0,0,15963,0,183,346,3358,1729,10024,313,10
beyond.silence_tt0116692,1996,0,1,0,0,25563,0,712,5475,12133,2597,3966,381,299
beyond.the.door_tt0071212,1974,1,0,0,0,27733,63,970,12167,8010,2652,3295,508,68
beyond.the.vall_tt0065466,1970,1,0,0,0,26217,0,369,11435,8629,2968,2323,368,125
bhowani.junctio_tt0049007,1956,1,0,0,0,28207,0,231,2263,15366,4438,5493,371,45
bible.in.the.be_tt0060164,1966,1,0,0,0,41893,38,822,2721,15645,3078,14345,3706,1538
bicycle.thieves_tt0040522,1948,0,1,0,0,21448,0,75,541,8606,4535,7341,120,230
big,1988,1,1,0,0,31275,0,863,4985,13104,6342,5580,170,231
big.circus_tt0052626,1959,1,0,0,0,27958,0,121,521,8402,8383,9729,802,0
big.city_tt0057277,1963,0,1,0,0,32631,4,384,5608,21350,2878,1951,190,266
big.clock_tt0040160,1948,1,1,0,0,24515,0,284,733,13556,6532,2963,255,192
big.country_tt0051411,1958,1,0,0,0,40022,0,113,3373,13399,7528,13489,2120,0
big.fish_tt0319061,2003,1,1,0,0,32154,137,1346,9429,10389,3198,6530,816,309
big.hero.6_tt2245084,2014,1,1,0,1,24422,0,672,2096,8564,2362,7747,2955,26
big.knife_tt0047880,1955,0,1,0,0,27313,13,179,2352,14879,5353,4382,44,111
big.lebowski_tt0118715,1998,0,0,1,0,28141,0,1496,3829,15120,2142,4677,875,2
big.mommas.hous_tt0421729,2006,1,0,0,0,23709,172,1071,4575,11039,3446,2931,452,23
big.short_tt1596363,2015,0,1,0,0,31231,98,1904,12127,11461,2236,1380,1343,682
big.sleep_tt0038355,1946,1,0,0,0,27325,0,286,546,15025,7936,3311,121,100
big_business,1988,1,0,0,0,23447,1,324,2255,11757,4940,3199,522,449
big_chill,1983,1,1,0,0,25189,4,917,3550,12909,4600,2565,336,308
big_daddy,1999,1,0,0,0,23910,6,991,3473,11773,2944,3887,450,386
big_fat_greek_wedding_fs,2002,1,0,1,0,24386,0,689,2502,13389,3754,3478,383,191
big_mammas_house,2000,1,0,0,0,23728,0,1168,4800,10258,4019,3106,336,41
bill..teds.bogu_tt0101452,1991,1,0,0,0,22435,30,1262,2578,8860,3926,4904,685,190
bill..teds.exce_tt0096928,1989,1,0,0,0,21632,24,948,2485,8658,3598,5184,572,163
billy.budd_tt0055796,1962,0,1,0,0,29506,0,55,5935,17833,2348,2465,767,103
billy.elliot_tt0249462,2000,0,1,0,0,26443,22,1020,4242,11383,3118,5742,601,315
billy.jack_tt0066832,1971,1,0,1,0,27317,0,135,5995,11901,4289,4383,474,140
billy.the.kid.i_tt0033392,1941,1,0,0,0,16213,3,48,148,6072,7077,2783,42,40
biloxi_blues,1988,1,0,0,0,25614,14,317,5300,12812,3143,3031,755,242
bingo.long.trav_tt0074207,1976,1,0,0,0,28465,1,440,3681,11252,5323,6915,625,228
bird.with.the.c_tt0065143,1970,1,0,0,0,23132,81,1245,5568,8472,3565,3699,468,34
bird_on_a_wire,1990,1,0,0,0,26526,35,833,4961,10907,3268,5400,1094,28
bird_tt0094747,1988,0,1,0,0,38520,0,371,9500,18561,4078,5156,413,441
birdcage,1996,1,0,0,0,28512,1,379,1581,16906,5748,2988,283,626
birdman.of.alca_tt0055798,1962,1,1,0,0,38169,23,1889,8163,21900,2099,3810,285,0
birdman.or.the._tt2562232,2014,0,1,0,0,28598,7,1285,6744,15381,1512,2157,1131,381
birds_of_prey,2020,1,0,0,0,26109,37,1299,5024,12726,2529,3746,695,53
birds_tt0056869,1963,1,1,0,0,28651,0,318,4885,14514,3753,3997,987,197
birdy_tt0086969,1984,0,1,0,0,28809,58,993,5629,9882,4129,6904,631,583
birth.of.the.bl_tt0033396,1941,1,0,0,0,20599,0,101,168,7941,6803,5334,149,103
bishops.wife_tt0039190,1947,1,1,0,0,26253,22,123,229,11689,7197,6543,192,258
bite.the.bullet_tt0072705,1975,1,0,0,0,33690,0,291,2478,12923,7192,9550,1256,0
bitter.victory_tt0050126,1957,0,1,0,0,24432,0,102,4001,10992,2659,6220,298,160
black.adam_tt6443346,2022,1,0,0,0,29940,88,1782,5172,11281,1130,7449,3017,21
black.cauldron_tt0088814,1985,1,0,0,1,19204,0,297,1209,5452,761,10548,877,60
black.mass_tt1355683,2015,1,0,0,0,29399,41,1826,10444,10324,1931,3907,693,233
black.narcissus_tt0039192,1947,0,1,0,0,24249,52,823,4679,6342,3343,8346,579,85
black.orchid_tt0052631,1958,0,1,0,0,22582,0,9,1929,11375,5903,3129,214,23
black.orpheus_tt0053146,1959,0,1,0,0,25881,0,329,1531,11330,5024,6807,860,0
black.panther.w_tt9114286,2022,1,0,0,0,38680,8,1482,8988,15959,2046,6199,3890,108
black.phone.2_tt29644189,2025,1,0,0,0,27304,21,1496,5713,11934,1285,5809,1046,0
black.phone_tt7144666,2021,1,0,0,0,24785,11,1756,6143,10523,1724,3974,609,45
black.rain_tt0096933,1989,1,0,0,0,30030,3,1026,9443,12163,1311,5158,653,273
black.rose_tt0042256,1950,1,0,0,0,28924,0,76,1604,15101,2869,8169,945,160
black.sheep_tt0115697,1996,1,0,0,0,20656,5,628,5659,5730,3440,4226,649,319
black.sunday_tt0075765,1977,1,0,0,0,34320,2,985,6814,13697,3755,5570,3368,129
black.swan_tt0034522,1942,1,0,0,0,20296,0,69,774,8064,5019,5509,730,131
black.swan_tt0947798,2010,1,1,0,0,25922,15,1842,13715,6863,791,2130,459,107
black.widow_tt0090738,1987,1,0,0,0,24429,133,637,3417,11660,3187,4318,970,107
black.widow_tt3480822,2021,1,0,0,0,32078,81,1519,8828,11379,2194,5473,2576,28
black_hawk_down,2001,1,1,0,0,37082,30,1790,12604,9607,1522,8267,2443,819
black_panther,2018,1,1,0,0,32257,9,1289,8865,12880,1613,4690,2856,55
blackboard.jung_tt0047885,1955,1,0,0,0,24118,0,84,974,17140,3312,2317,33,258
blackkklansman_tt7349662,2018,0,1,0,0,32324,61,977,7196,16346,3146,3210,1032,356
blackout_tt0118734,1997,0,0,1,0,23563,84,779,6210,9776,3636,2506,337,235
blacula_tt0068284,1972,1,0,0,0,22405,107,418,5444,9095,3509,3531,290,11
blade,1998,1,0,0,0,28828,14,1056,8126,11444,1763,4448,1913,64
blade.ii_tt0187738,2002,1,0,0,0,30013,67,1438,7357,12192,1887,4909,1917,246
blade.runner.20_tt1856101,2017,1,1,0,0,39273,89,4164,11101,12028,1604,7812,2475,0
blade.runner_tt0083658,1982,1,1,0,0,28174,77,1671,11397,7509,1007,3945,1751,817
blades_of_glory,2007,1,0,0,0,22343,6,988,1996,10634,3419,4407,746,147
blair_witch_fs,1999,1,0,1,0,19421,341,2110,3188,3661,2843,6044,839,395
blank.check_tt0109287,1994,1,0,0,0,23948,85,1346,2967,9783,3345,5695,321,406
blazing.saddles_tt0071230,1974,1,0,0,0,22268,15,163,2942,8544,4513,5047,934,110
blind_date,1987,1,0,0,0,24468,0,403,1545,12282,5019,4599,232,388
blind_side,2009,1,0,0,0,30811,0,878,7656,13883,3152,4742,387,113
blockers_tt2531344,2018,1,0,0,0,24444,0,1427,4527,13590,2701,1535,332,332
blockhouse_tt0069803,1973,0,1,0,0,23603,1,385,8650,9750,1301,2205,728,583
blonde.venus_tt0022698,1932,1,0,0,0,22523,0,309,2052,11956,5201,2290,313,402
blondie.of.the._tt0022700,1932,1,0,0,0,21911,0,15,1807,11196,5663,3102,76,52
blood.and.sand_tt0033405,1941,1,0,0,0,30014,11,405,1643,11944,5875,9649,405,82
blood.of.a.poet_tt0021331,1932,0,1,0,0,12980,44,280,1236,3370,2198,5236,161,455
blood.simple_tt0086979,1984,0,0,1,0,24634,0,1417,10149,7343,1276,3409,609,431
bloodshot_tt1634106,2020,1,0,0,0,26212,71,2212,9731,7252,628,3647,2645,26
blossoms.in.the_tt0033407,1941,1,1,0,0,23860,0,281,1145,9994,7877,4132,166,265
blow_tt0221027,2001,1,0,0,0,29580,10,1333,7152,14250,2844,3334,416,241
blown.away_tt0109303,1994,1,0,0,0,28938,55,2288,8068,10465,1701,4571,1723,67
blowup_tt0060176,1966,1,1,0,0,26669,0,483,2003,11680,4561,7716,172,54
blue.beetle_tt9362930,2023,1,0,0,0,30559,103,675,7605,11896,2124,5977,2168,11
blue.bird_tt0032264,1940,0,1,0,0,19854,0,355,412,6319,4738,7688,121,221
blue.collar_tt0077248,1978,1,0,0,0,27225,0,865,3153,13727,5519,3660,210,91
blue.dahlia_tt0038369,1946,1,0,0,0,23982,0,92,531,12074,8455,2464,178,188
blue.is.the.war_tt2278871,2013,0,1,0,0,43191,97,1840,31988,7018,674,1313,223,38
blue.lagoon_tt0080453,1980,0,1,0,0,25137,10,860,5013,7319,3251,6719,1915,50
blue.light_tt0022694,1932,0,1,0,0,20353,0,591,1767,4780,2914,9007,1189,105
blue.max_tt0060177,1966,1,0,0,0,37461,23,930,5540,14792,4144,6771,5103,158
blue.moon_tt32536315,2025,0,1,0,0,24098,0,769,4001,16718,553,1177,336,544
blue.skies_tt0038370,1946,1,0,0,0,24820,0,17,1108,12127,4317,6955,245,51
blue.streak_tt0181316,1999,1,0,0,0,24185,26,1449,6976,9108,1825,4023,643,135
blue.velvet_tt0090756,1986,0,1,1,0,28895,140,689,5717,13544,2964,5005,822,14
blue.water.whit_tt0146496,1971,1,0,0,0,23773,39,801,4680,4884,2207,8549,2524,89
blue_thunder,1983,1,0,0,0,28063,48,1604,6630,9799,882,5388,3680,32
bluebeards.eigh_tt0029929,1938,1,0,0,0,21974,0,159,1085,13300,5563,1262,228,377
blues_brothers,1980,1,0,0,0,35422,43,688,4237,12911,3711,11528,1578,726
boatniks_tt0065482,1970,1,0,0,0,25694,0,258,1430,11840,6447,4648,1051,20
bob..carol..ted_tt0064100,1969,1,0,0,0,27095,0,39,8060,11513,5095,1859,404,125
bobby.deerfield_tt0075774,1977,1,0,0,0,29845,0,433,6447,13540,4006,3978,1242,199
bobby_tt0308055,2006,0,1,0,0,27973,0,659,10682,12593,2077,1119,419,424
bobs.burgers.mo_tt7466442,2022,1,0,0,1,24430,221,620,3277,9503,1703,8170,924,12
body.and.soul_tt0039204,1947,1,0,0,0,25455,19,380,1563,15479,4758,3003,168,85
body_heat,1981,1,1,0,0,27134,0,866,5509,12824,3752,3250,590,343
bodyguard,1992,1,0,0,0,30988,169,1242,12489,10305,1946,3695,675,467
bohemian_rhapsody,2018,1,1,0,0,32276,65,1098,9789,13604,3483,3050,1145,42
bolt_tt0397892,2008,1,0,0,1,23097,42,844,855,7019,1235,11661,1376,65
bombshell_tt0023825,1933,1,0,0,0,22930,1,124,566,11281,8957,1839,75,87
bombshell_tt6394270,2019,1,0,0,0,26069,0,484,11588,10413,2143,761,543,137
bon.voyage_tt0055807,1962,1,0,0,0,31610,0,248,4102,16258,5792,4530,636,44
bone.collector_tt0145681,1999,1,0,0,0,28297,233,2336,9461,8109,2571,3637,1777,173
bone_tt0068306,1972,0,0,1,0,24363,15,505,8828,9320,2784,2435,288,188
bonjour.tristes_tt0051429,1958,1,0,0,0,24028,16,239,1496,13639,4009,4266,361,2
bonnie.and.clyd_tt0061418,1967,1,1,0,0,26558,20,178,5283,11147,2908,5571,1016,435
boo.a.madea.hal_tt5325452,2016,1,0,0,0,24845,0,670,3453,13937,3897,2389,481,18
boogie.nights_tt0118749,1997,0,1,1,0,39976,35,1916,8857,19273,5213,3722,664,296
book.club_tt6857166,2018,1,0,0,0,24876,0,1214,2836,13475,4498,1905,569,379
book_of_eli,2010,1,0,0,0,28199,52,2113,6918,9690,1586,6074,1052,714
boom.town_tt0032273,1940,1,1,0,0,28468,0,203,2950,16250,5429,2966,475,195
boomerang,1992,1,0,0,0,27938,23,508,6283,14635,2644,2819,428,598
boomerang_tt0039208,1947,1,1,0,0,21103,0,304,672,12714,4758,2328,86,241
boondock.saints_tt0144117,1999,0,0,1,0,25979,7,704,5688,14445,2892,1460,632,151
borat,2006,1,1,0,0,20091,1,704,2059,8171,4780,3389,766,221
born.free_tt0060182,1966,1,0,0,0,24446,0,106,2210,8774,3066,9743,483,64
born.in.flames_tt0085267,1983,0,1,1,0,19290,64,908,4167,7890,3012,2511,549,189
born.yesterday_tt0042276,1950,1,1,0,0,26273,0,253,49,13792,9845,2096,184,54
born_on_the_fourth_of_july,1989,1,1,0,0,34584,25,1580,12027,12154,3251,4313,1156,78
boss.baby.2.fam_tt6932874,2021,1,0,0,1,25706,30,454,3362,9841,1723,7716,2557,23
boss.baby_tt3874544,2017,1,0,0,1,23381,43,1338,2084,9246,1165,7041,2459,5
boss_tt2702724,2016,1,0,0,0,25013,0,631,3119,14393,2904,3260,678,28
bottle.rocket_tt0115734,1996,0,0,1,0,23477,7,607,3632,11408,3872,3242,258,451
bound.for.glory_tt0074235,1976,0,1,0,0,35490,0,229,3693,16881,4865,9202,299,321
bound_tt0115736,1996,0,0,1,0,26166,199,2158,7823,11807,2267,1390,266,256
bounty.hunter_tt1038919,2010,1,0,0,0,26529,35,1159,7585,11852,2586,2861,416,35
bourne_identity,2002,1,0,0,0,30388,78,1752,10701,10342,1975,4297,1174,69
bourne_legacy,2012,1,0,0,0,32377,68,1905,14303,9300,1233,2853,2630,85
bourne_supremacy,2004,1,0,0,0,27883,47,1378,10419,9518,828,3814,1820,59
bourne_ultimatum,2007,1,1,0,0,27650,12,1700,12179,9054,719,2731,1174,81
bowfinger_tt0131325,1999,1,0,0,0,23248,0,674,1657,11719,3190,4852,340,816
bowling.for.col_tt0310793,2002,0,1,0,0,30775,36,682,5538,12821,4514,5560,776,848
boxer_tt0118760,1997,0,1,0,0,27226,6,1203,8399,11868,1794,3164,743,49
boy.friend_tt0066858,1971,0,1,0,0,33181,0,414,6722,9715,2941,13051,338,0
boy.on.a.dolphi_tt0050208,1957,1,0,0,0,26688,0,109,811,12502,5237,6608,1318,103
boyhood_tt1065073,2014,0,1,0,0,39673,108,1675,5291,20505,6285,4913,669,227
boys.dont.cry_tt0171804,1999,0,1,1,0,28439,4,1479,8437,12517,2980,1961,744,317
boys.from.brazi_tt0077269,1978,1,0,0,0,32104,64,619,8691,11142,4918,5207,682,781
boys.in.the.ban_tt0065488,1970,1,0,0,0,28764,1,203,9360,11544,5216,2038,76,326
boys.night.out_tt0055809,1962,1,0,0,0,26994,0,95,2321,17650,5136,1687,66,39
boys.town_tt0029942,1938,1,1,0,0,22251,0,106,1068,11270,4866,4610,208,123
boyz_n_the_hood,1991,1,0,0,0,26889,110,409,7204,9677,4286,4249,392,562
brady.bunch.mov_tt0112572,1995,1,0,0,0,21215,5,297,4091,9901,3872,2551,161,337
brahms.the.boy._tt9173418,2020,1,0,0,0,20861,99,1915,4347,9547,2163,1817,850,123
bravados_tt0051433,1958,1,0,0,0,23451,0,374,1583,7557,7361,5434,1068,74
brave_tt0118768,1997,0,1,1,0,29607,13,810,6416,9830,4110,7265,442,721
brave_tt1217209,2012,1,1,0,1,22577,4,899,3196,8008,1711,6536,1629,594
braveheart,1995,1,1,0,0,42610,17,875,16095,12524,3435,6553,2162,949
brazil_tt0088846,1985,0,1,0,0,34358,10,1131,5988,16409,2532,7392,881,15
breadwinner_tt3901826,2017,0,1,0,1,22396,46,973,3076,7911,905,7747,1439,299
breakdown_tt0118771,1997,1,0,0,0,22279,9,1117,6771,8281,1225,3600,1087,189
breaker.morant_tt0080310,1980,0,1,0,0,25697,3,315,10084,6122,1188,7147,322,516
breakfast.at.ti_tt0054698,1961,1,1,0,0,27533,20,207,3046,17287,3730,3082,97,64
breakfast_club,1985,1,0,0,0,23277,43,242,8904,9948,1750,1955,249,186
breakin_fs,1984,1,0,0,0,20739,16,848,1283,8895,4244,5128,184,141
breaking.away_tt0078902,1979,1,1,0,0,24206,0,239,2379,8462,5001,6966,1108,51
breaking.the.wa_tt0115751,1996,0,1,0,0,38010,0,1281,25145,7450,991,1551,1523,69
breakout_tt0072737,1975,1,0,0,0,23201,0,468,4530,8559,3005,4336,2161,142
breakup,2006,1,0,0,0,25528,45,286,1981,18013,2879,1537,311,476
breathless_tt0053472,1960,0,1,0,0,21680,41,394,4339,9496,3449,3511,397,53
breathless_tt0085276,1983,1,0,0,0,24015,44,712,4230,10573,3769,4295,271,121
brewsters_millions,1985,1,0,0,0,26016,3,423,4696,12886,4032,2736,1029,211
bride.came.c.o._tt0033432,1941,1,0,0,0,23320,0,385,574,12180,4907,4817,436,21
bride.goes.wild_tt0040187,1948,1,0,0,0,23537,0,105,2288,14607,4084,2041,182,230
bride.walks.out_tt0027395,1936,1,0,0,0,19384,0,282,1089,10704,5096,2059,117,37
bridesmaids,2011,1,1,0,0,29968,9,1063,7528,14736,3028,2708,666,230
bridge.of.spies_tt3682448,2015,1,1,0,0,33884,14,1562,4659,16717,4391,4850,1311,380
bridge.on.the.r_tt0050212,1957,1,1,0,0,38716,10,411,1091,13722,7749,11790,3875,68
bridge_tt0052654,1959,0,1,0,0,24754,16,61,2212,7792,5479,8682,427,85
bridges.at.toko_tt0046806,1954,1,0,0,0,24774,0,58,2732,7883,4096,5110,4655,240
bridges_of_madison_county,1995,1,0,0,0,32267,0,574,7800,16190,3139,3194,1369,1
bridget.joness._tt0243155,2001,1,1,0,0,25181,8,1277,9184,10155,1647,2259,551,100
brief.encounter_tt0037558,1945,0,1,0,0,20809,0,78,1763,13459,2012,3106,334,57
brigadoon_tt0046807,1954,1,0,0,0,25919,0,129,318,5078,9196,10684,495,19
bright.eyes_tt0024914,1934,1,0,0,0,20349,0,107,1129,7522,7573,3466,504,48
bright.victory_tt0043361,1951,0,1,0,0,23305,5,247,1331,13255,4506,3617,247,97
brighter.summer.day_tt0101985,1991,0,1,0,0,56732,371,457,495,22037,11335,21420,486,131
bring.em.back.a_tt0023843,1932,1,0,0,0,16438,0,572,412,3331,2031,9581,272,239
bring.it.on_tt0204946,2000,1,0,0,0,23679,4,536,5893,9986,2637,4200,349,74
bringing.up.bab_tt0029947,1938,1,1,0,0,24496,0,49,300,10088,7511,6259,195,94
bringing_down_the_house_fs,2003,1,0,0,0,25235,83,581,830,14725,5810,2517,395,294
british.agent_tt0024915,1934,1,0,0,0,19341,0,144,398,9630,5232,3355,157,425
broadcast.news_tt0092699,1987,1,1,0,0,31724,0,1083,8203,14994,4701,2350,47,346
broadway.melody_tt0026144,1935,1,1,0,0,24219,0,183,2018,11114,4535,6063,160,146
broadway.melody_tt0028665,1937,1,0,0,0,26504,0,298,3946,10321,4559,7073,292,15
brokeback.mount_tt0388795,2005,1,1,0,0,34540,130,1223,10937,9968,5165,5693,873,551
broken.arrow_tt0042286,1950,1,1,0,0,23814,0,19,1026,9693,5843,6002,1090,141
broken.dreams_tt0023849,1933,0,1,0,0,17512,9,246,466,8088,4543,3885,95,180
broken.embraces_tt0913425,2009,0,1,0,0,30598,184,1879,10935,12287,1544,2600,592,577
broken.flowers_tt0412019,2005,0,1,1,0,25333,17,1528,4677,9776,4230,3457,1210,438
broken.lance_tt0046808,1954,1,0,0,0,24743,0,12,451,10764,6129,6579,756,52
broken.lullaby_tt0022725,1932,1,0,0,0,18522,12,360,270,10709,4315,1975,601,280
broken_arrow,1996,1,0,0,0,25976,15,1666,9116,7039,1008,4885,1155,1092
bronco_billy,1980,1,0,0,0,27909,0,104,6378,11558,4106,4496,1117,150
brother.bear_tt0328880,2003,1,0,0,1,20397,35,249,4228,6274,829,7429,1037,316
brother.can.you_tt0072742,1975,0,1,0,0,26671,0,443,3130,8729,4382,8001,1299,687
brother.from.an_tt0087004,1984,0,0,1,0,26268,89,990,5453,10618,3843,4259,499,517
brotherhood_tt0062760,1968,1,0,0,0,23041,21,126,4653,9135,3564,4952,518,72
brothers.karama_tt0051435,1958,1,0,0,0,35004,0,46,9031,18715,3230,3923,38,21
brown.bunny_tt0330099,2003,0,0,1,0,22342,9,758,7132,3924,4052,4911,1412,144
brubaker,1980,1,0,0,0,31309,21,318,8479,13285,3334,4654,533,685
bruce_almighty,2003,1,0,0,0,25978,31,996,3284,13569,3396,3301,442,959
bubble_tt0454792,2005,0,0,1,0,17711,28,464,4765,5139,3227,3715,359,14
buccaneer_tt0029950,1938,1,1,0,0,30204,99,146,1423,14046,8719,4974,376,421
buck.and.the.pr_tt0068323,1972,1,0,0,0,24699,0,85,6246,7828,3718,5652,991,179
bucket_list,2007,1,0,0,0,23264,5,581,8109,9336,1795,2207,729,502
buddy.holly_tt0077280,1978,1,0,0,0,27361,0,80,3624,11782,6201,5588,82,4
buena.vista.soc_tt0186508,1999,0,1,0,0,25824,0,428,6641,7750,4828,5367,726,84
buffalo.66_tt0118789,1998,0,0,1,0,26345,34,1027,4025,13408,3321,3841,490,199
buffalo.bill_tt0036677,1944,1,0,0,0,21674,0,652,245,6645,4651,7974,1507,0
bugonia_tt12300742,2025,0,1,0,0,28346,5,1713,8019,7538,2950,6395,1461,265
bugsy.malone_tt0074256,1976,0,1,0,0,22488,0,415,3931,9505,2474,5584,253,326
bugsy_tt0101516,1991,1,1,0,0,34972,41,893,4865,17564,4644,5384,942,639
bull_durham,1988,1,0,0,0,25846,27,365,3257,12576,5195,3735,229,462
bullet.train_tt12593682,2022,1,0,0,0,30337,40,1252,8889,14103,1778,3244,1019,12
bullets.or.ball_tt0027407,1936,1,0,0,0,19582,0,284,432,12483,4808,1360,172,43
bullitt_tt0062765,1968,1,1,0,0,27266,12,681,6101,11377,1804,6555,669,67
bulworth_tt0118798,1998,0,1,0,0,25949,207,849,5914,13101,2280,3016,195,387
bumblebee_tt4701182,2018,1,0,0,0,27311,0,842,5014,9833,2044,7737,1782,59
burbs_tt0096734,1989,1,0,0,0,24287,13,476,3173,11571,3677,4335,527,515
burn.after.read_tt0887883,2008,1,0,0,0,23003,10,1205,4636,11417,2403,2549,748,35
burning_tt7282468,2018,0,1,0,0,38055,56,285,3239,22072,4023,7117,1199,64
burnt.by.the.su_tt0111579,1994,0,1,0,0,34740,4,1052,10270,9406,4103,8509,1273,123
bus.stop_tt0049038,1956,1,1,0,0,22556,0,55,2779,11785,3519,4240,178,0
bustin_loose,1981,1,0,0,0,22299,1,632,2011,12241,3200,3819,184,211
but.im.a.cheerl_tt0179116,1999,0,0,1,0,20332,7,284,5846,8672,2129,2009,269,1116
butch.cassidy.a_tt0064115,1969,1,1,0,0,26419,0,443,5432,9343,2903,6974,1281,43
butler,2013,1,0,0,0,31677,162,914,9335,13866,2906,3067,1076,351
butterfield.8_tt0053622,1960,1,1,0,0,27815,2,133,5095,14705,5662,2093,90,35
by.candlelight_tt0023860,1933,0,1,0,0,16679,0,119,586,7085,5838,2785,88,178
by.the.light.of_tt0045586,1953,1,0,0,0,24447,0,238,245,12664,7512,3631,53,104
bye.bye.birdie_tt0056891,1963,1,1,0,0,26813,42,61,2060,10297,6672,7311,370,0
cabaret_tt0068327,1972,1,1,0,0,29635,9,315,9627,12915,2510,3574,166,519
cable_guy_fs,1996,1,0,0,0,23605,67,954,4017,12466,2860,2515,460,266
cach.hidden_tt0387898,2005,0,1,0,0,28369,0,189,3520,11774,5545,7300,41,0
caddyshack,1980,1,0,0,0,23490,0,396,1988,7738,5741,6829,518,280
cadillac.man_tt0099204,1990,1,0,0,0,23246,53,642,6438,11592,2594,1156,504,267
caesar.and.cleo_tt0038390,1945,1,0,0,0,31634,65,239,2072,10892,9564,8184,485,133
caine.mutiny_tt0046816,1954,1,1,0,0,29861,0,220,3569,16395,4396,3017,2177,87
calamity.jane_tt0045591,1953,1,0,0,0,24267,0,47,212,10413,8234,5124,237,0
calcutta_tt0039235,1946,1,0,0,0,19967,0,173,1428,11898,3770,2259,344,95
california.split_tt0071269,1974,1,0,0,0,27830,14,465,6795,14212,3845,2417,81,1
california.suit_tt0077289,1978,1,1,0,0,26358,7,291,2153,12004,8325,2653,905,20
call.me.by.your_tt5726616,2017,0,1,0,0,31650,6,735,3300,14538,6559,5684,726,102
call.me.madam_tt0045592,1953,1,1,0,0,27499,0,118,73,13262,7827,5817,278,124
call.me.mister_tt0043370,1951,1,0,0,0,22991,0,126,395,10855,5287,5983,295,50
call.of.the.wil_tt0026164,1935,1,0,0,0,19385,63,148,1246,9550,2758,5182,340,98
call_of_the_wild,2020,1,0,0,0,23900,18,806,3470,7023,1617,8620,2229,117
camelot_tt0061439,1967,1,1,0,0,43221,44,327,14583,12767,3962,9118,2212,208
camille_tt0028683,1936,1,0,0,0,26130,0,138,2922,14189,5811,2645,165,260
campaign,2012,1,0,0,0,20492,0,890,2829,10309,4011,1977,439,37
cancan_tt0053690,1960,1,0,0,0,33567,0,17,66,15426,9784,8068,206,0
candyman_tt9347730,2021,1,0,0,0,21823,12,530,3759,10387,1113,4897,1000,125
cannonball.run._tt0087032,1984,1,0,0,0,26041,0,228,5410,10420,3623,4904,1456,0
cannonball_run,1981,1,0,0,0,22919,0,304,3373,11114,3242,4048,825,13
canoa.a.shamefu_tt0131335,1976,0,1,0,0,27617,0,404,2697,11480,4323,7895,633,185
cant.buy.me.lov_tt0092718,1987,1,0,0,0,22563,0,585,1913,10269,4759,4612,117,308
canyon.passage_tt0038395,1946,1,0,0,0,22019,0,126,227,8503,6344,6290,396,133
cape.fear_tt0055824,1962,1,0,0,0,25392,0,287,2975,15750,2790,3234,356,0
cape_fear,1991,1,1,0,0,32815,203,1844,12941,13155,1414,2200,956,102
capitalism.a.lo_tt1232207,2009,0,0,1,0,30525,164,1503,6740,10480,4425,4511,1783,919
capote_tt0379725,2005,0,1,0,0,27422,0,1502,9440,11479,1676,2027,1080,218
captain.blood_tt0026174,1935,1,1,0,0,28562,4,326,3023,9551,6570,7654,916,518
captain.from.ca_tt0039243,1947,1,0,0,0,33816,0,211,2796,14225,7304,8118,920,242
captain.horatio_tt0043379,1951,1,0,0,0,30001,0,267,1116,11229,8356,6479,2554,0
captain.newman._tt0056903,1963,1,0,0,0,30295,0,92,3984,18694,4324,2851,344,6
captain.underpa_tt2091256,2017,1,0,0,1,21261,2,1438,1589,6502,2247,8815,659,9
captain_america,2011,1,0,0,0,29769,53,2506,5219,11821,2507,5999,1617,47
captain_america_civil_war,2016,1,0,0,0,35409,6,1310,10524,13427,1913,6037,2170,22
captain_america_winter_soldier,2014,1,0,0,0,32581,3,1814,9433,11055,2545,5116,2571,44
captain_marvel,2019,1,0,0,0,29656,54,1781,6778,12263,1656,4540,2572,12
captain_phillips,2013,1,1,0,0,32144,5,1686,15694,8704,643,2322,2931,159
captains.courag_tt0028691,1937,1,1,0,0,27982,11,164,1350,15847,5941,3992,580,97
captains.of.the_tt0034578,1942,1,1,0,0,27191,0,166,1485,11776,6319,4102,2938,405
capturing.the.f_tt0342172,2003,0,1,1,0,27732,89,1235,12024,8610,1774,2561,604,835
car.wash_tt0074281,1976,1,1,0,0,23125,0,324,3235,11707,4042,3434,276,107
cardinal_tt0027422,1936,0,1,0,0,17713,0,187,729,7533,5792,2771,214,487
cardinal_tt0056907,1963,1,1,0,0,43079,0,144,2366,20566,10243,7821,1906,33
care.bears.movi_tt0088885,1985,1,0,0,1,18173,38,890,686,4205,2587,8588,533,646
carefree_tt0029971,1938,1,0,0,0,19897,0,398,256,7134,5752,6134,174,49
carlitos.way_tt0106519,1993,1,0,0,0,34538,81,706,6777,16842,4258,4963,814,97
carlos_tt1321865,2010,0,1,0,0,25057,0,997,4683,14575,1775,1990,778,259
carmen.jones_tt0046828,1954,1,1,0,0,25104,0,49,534,15184,5888,2987,207,255
carnal.knowledg_tt0066892,1971,1,0,0,0,23436,3,229,6459,10632,2773,2582,368,390
carnival.of.sou_tt0055830,1962,0,0,1,0,21195,31,412,3380,7391,4075,5307,580,19
carol_tt2402927,2015,0,1,0,0,28404,8,968,4838,14284,3709,3501,1043,53
carousel_tt0049055,1956,1,0,0,0,30838,0,8,187,12031,8688,9490,250,184
carpetbaggers_tt0057917,1964,1,0,0,0,35972,0,137,1319,20431,8780,4001,1286,18
carrie_tt0074285,1976,1,0,0,0,23439,67,509,6581,9317,2353,4125,174,313
cars.2_tt1216475,2011,1,0,0,1,25481,7,2009,66,590,772,19235,2800,2
cars.3_tt3606752,2017,1,0,0,1,23904,23,700,196,628,1058,19653,1618,28
cars_tt0317219,2006,1,1,0,1,27932,2,528,120,349,606,23747,2557,23
cartel.land_tt4126304,2015,0,1,0,0,24033,3,1071,4963,8048,3338,4827,1549,234
casablanca_tt0034583,1942,1,1,0,0,24616,0,101,4035,14084,3671,2086,522,117
casanova.brown_tt0036699,1944,1,0,0,0,21928,0,228,1256,13352,5698,1129,69,196
casino.royale_tt0061452,1967,1,0,0,0,31441,24,451,5286,14885,3518,6217,894,166
casino_royale,2006,1,1,0,0,34574,78,2271,11316,11189,2412,6268,1029,11
casino_tt0112641,1995,1,1,0,0,42760,10,1899,6939,22990,4382,4962,1155,423
casper,1995,1,0,0,0,24010,3,1072,4512,9107,2009,5301,931,1075
cass.timberlane_tt0039250,1947,1,0,0,0,28468,3,199,2570,17141,5520,2768,133,134
cast.a.giant.sh_tt0060218,1966,1,0,0,0,35500,0,274,4413,17391,4964,6856,1498,104
castaway,2000,1,0,0,0,34478,18,3148,8350,10856,2296,6900,1995,915
cat.ballou_tt0059017,1965,1,1,0,0,24686,0,504,3114,12168,4962,3662,223,53
cat.in.the.hat_tt0312528,2003,1,0,0,0,21024,47,961,1795,9110,3588,3808,1093,622
cat.on.a.hot.ti_tt0051459,1958,1,1,0,0,25901,0,34,2452,15446,5270,2440,59,200
catch.me.if.you_tt0264464,2002,1,0,0,0,36148,167,1302,2797,16926,6494,7530,533,399
catch22_tt0065528,1970,1,1,0,0,29180,4,577,7456,12825,2185,4760,1086,287
cats_and_dogs,2001,1,0,0,0,20920,47,2636,3626,4874,1528,6738,537,934
cats_tt5697572,2019,1,0,0,0,26366,0,687,4163,10237,1009,8422,1667,181
caught.in.the.d_tt0033455,1941,1,0,0,0,19633,2,126,410,8874,5445,4297,352,127
cavalcade_tt0023876,1933,1,1,0,0,26868,0,181,432,12074,6745,5964,1142,330
celebration_tt0154420,1998,0,1,0,0,25297,5,482,12902,6686,1037,3329,543,313
cell_tt0209958,2000,1,0,0,0,25721,33,1755,7656,7568,1774,5466,1133,336
central_intelligence,2016,1,0,0,0,25806,55,1255,7379,12510,2113,1567,843,84
chained_tt0024963,1934,1,0,0,0,19524,0,436,1753,9802,3517,3543,283,190
chalk.garden_tt0057933,1964,1,1,0,0,27309,18,276,5571,16294,2385,2609,156,0
challengers_tt16426418,2024,1,0,0,0,31454,28,861,3690,14007,4318,7596,839,115
champ_tt0021730,1931,0,1,0,0,20702,0,122,437,10187,5877,3882,162,35
champ_tt0078950,1979,1,0,0,0,29431,0,346,9163,9362,3857,5762,781,160
change.of.heart_tt0024965,1934,1,0,0,0,18455,0,146,1860,9582,4391,1828,352,296
changeling_tt0824747,2008,0,1,0,0,34024,15,495,9096,18063,1606,3693,416,640
changing.lanes_tt0264472,2002,1,0,0,0,23587,5,1365,10851,7244,1861,1809,376,76
chant.of.jimmie_tt0077318,1978,0,1,0,0,29223,69,1115,6783,8289,4743,7004,1150,70
chapman.report_tt0055841,1962,1,1,0,0,29993,0,301,2656,19445,4203,3251,111,26
charade_tt0056923,1963,1,0,0,0,27239,0,495,1823,16390,4087,4052,358,34
charge.of.the.l_tt0027438,1936,1,0,0,0,27656,0,569,2814,10054,5298,7116,1177,628
chariots_of_fire,1981,1,1,0,0,29753,73,623,3742,13404,4190,7076,571,74
charleys.aunt_tt0033457,1941,1,0,0,0,19603,98,158,139,6997,7280,4713,83,135
charlie_and_the_chocolate_factory,2005,1,0,0,0,27544,66,1694,8884,7065,1409,6655,1647,124
charlies.angels_tt0305357,2003,1,0,0,0,27508,42,2277,7070,8954,2953,5530,627,55
charlies_angels,2000,1,0,0,0,25277,43,2292,6028,8537,2419,4810,976,172
charulata_tt0057935,1964,0,1,0,0,28663,168,1390,5101,13433,5532,2800,148,91
che.part.one_tt0892255,2008,0,0,1,0,32179,46,1331,2838,10394,7588,7547,1513,922
che.part.two_tt0374569,2008,0,0,1,0,32409,1,2191,3608,8937,6639,9277,1309,447
cheap.detective_tt0077321,1978,1,0,0,0,22113,2,420,2162,15127,3005,1116,99,182
cheaper.by.the._tt0042327,1950,1,0,0,0,20628,0,117,325,8373,6435,5070,247,61
cheaper_by_the_dozen,2003,1,0,0,0,23681,16,1006,2621,11436,4504,3474,436,188
cheech_and_chongs_next_movie,1980,1,0,0,0,24308,19,274,2112,8733,5354,7090,447,279
cheyenne.autumn_tt0057940,1964,1,0,0,0,37742,0,87,141,9511,9598,14902,3445,58
chicago,2002,1,1,0,0,29137,64,1316,5677,13431,2530,5240,536,343
chicken.little_tt0371606,2005,1,0,0,1,19393,195,507,2087,4679,1503,8827,1044,551
chicken.run_tt0120630,2000,1,1,0,1,20229,29,1309,4179,7255,1968,4659,664,166
childhood.of.a._tt2815902,2015,0,1,0,0,27787,0,1099,2751,13988,2956,5817,964,212
children.of.a.l_tt0090830,1986,1,1,0,0,28399,5,408,7026,14692,2687,2742,339,500
children.of.men_tt0206634,2006,0,1,0,0,26193,0,1253,735,11030,3261,8099,1494,321
children.of.par_tt0037674,1945,0,1,0,0,24405,0,8,458,11867,5680,5801,236,355
children.underg_tt0264476,2001,0,1,0,0,27742,3,268,9214,10540,3398,2754,258,1307
childs.play.2_tt0099253,1990,1,0,0,0,21567,259,1741,4060,6998,2393,5227,413,476
childs.play_tt0094862,1988,1,0,0,0,20997,43,762,4242,8128,3217,3885,350,370
china.seas_tt0026205,1935,1,1,0,0,20864,0,204,1318,12420,4614,1946,287,75
china.syndrome_tt0078966,1979,1,1,0,0,31432,28,1779,8103,11465,3762,5446,652,197
china_tt0035735,1943,1,0,0,0,18929,0,64,2398,8058,2996,4831,445,137
chinatown_tt0071315,1974,1,1,0,0,31293,0,916,8136,15492,2289,3734,570,156
chitty.chitty.b_tt0062803,1968,1,0,0,0,34882,0,54,650,10837,7204,13865,2228,44
chocolat_tt0241303,2000,1,1,0,0,29156,44,1113,8476,11406,2454,4146,916,601
choose.me_tt0087054,1984,0,0,1,0,25601,11,803,7230,12610,2302,2325,212,108
chorus_tt0372824,2004,0,1,0,0,23213,16,713,5480,10971,1858,3677,421,77
christmas.in.co_tt0037595,1945,1,0,0,0,24306,0,421,347,14523,6585,2320,69,41
christmas.with._tt0388419,2004,1,0,0,0,25406,4,1304,6047,11846,2376,3386,317,126
christmas_vacation,1989,1,0,0,0,23306,2,505,5370,8881,3216,4875,290,167
christopher.rob_tt4575576,2018,1,0,0,0,24917,30,1070,7765,8032,1175,5762,1036,47
chronicle_tt1706593,2012,1,0,0,0,20108,0,1044,2574,8226,1973,4356,1729,206
chronicles.of.n_tt0980970,2010,1,0,0,0,27018,43,1571,3489,9221,2039,8655,1997,3
chronicles_of_narnia_prince_caspian,2008,1,0,0,0,35955,0,1724,5888,11467,4260,8906,2927,783
chungking.expre_tt0109424,1994,0,1,0,0,24667,3,1282,3679,15372,1576,2021,449,285
cider.house.rul_tt0124315,1999,1,1,0,0,32210,11,620,8883,13032,3060,4915,940,749
cimarron_tt0021746,1931,1,1,0,0,29626,0,364,552,8827,8001,10905,556,421
cincinnati.kid_tt0059037,1965,1,0,0,0,24640,22,307,2986,13892,3740,3479,178,36
cinderella,2015,1,0,0,0,25264,0,599,5213,8032,2522,6489,2300,109
cinderella.libe_tt0069883,1973,1,0,0,0,27988,2,240,8381,15110,1804,1833,618,0
cinderella.man_tt0352248,2005,1,0,0,0,37087,105,1110,10470,17528,1790,4185,771,1128
cinderella_tt0042332,1950,1,1,0,1,18002,0,155,338,5396,2051,9061,680,321
cinerama.holida_tt0047939,1955,1,0,0,0,31008,0,284,12,1594,2332,24305,2257,224
cineramas.russi_tt0219592,1966,1,0,0,0,30646,0,132,266,988,1362,25557,2168,173
circus.world_tt0057952,1964,1,0,0,0,35403,0,188,71,15623,4704,14005,765,47
citadel_tt0029995,1938,1,1,0,0,29029,104,317,530,13441,9750,4401,244,242
citizen.kane_tt0033467,1941,1,1,0,0,28628,39,744,1450,12842,5043,7085,1027,398
citizenfour_tt4044364,2014,0,1,0,0,27207,31,1577,10754,8473,1342,1743,1597,1690
city.for.conque_tt0032342,1940,1,0,0,0,24998,4,277,1929,13385,4987,3535,867,14
city.heat_tt0087062,1984,1,0,0,0,23375,4,412,3917,12760,2192,3751,123,216
city.ligihts_tt0021749,1931,1,1,0,0,20808,0,249,208,5231,5278,7716,482,1644
city.of.god_tt0317248,2002,0,1,0,0,31101,44,1921,6423,11029,3079,7975,618,12
city.slickers.i_tt0109439,1994,1,0,0,0,27733,139,1294,8617,11270,2074,3258,979,102
city.streets_tt0021750,1931,1,0,0,0,21318,7,427,1176,9805,3518,6023,343,19
city_of_angels,1998,1,0,0,0,27393,138,979,12348,7767,919,2936,1148,1158
city_slickers,1991,1,0,0,0,27239,16,467,6527,10701,3843,4399,812,474
civil.war_tt17279496,2024,1,0,0,0,26080,0,1371,4067,8918,3390,6798,1495,41
claires.knee_tt0065772,1970,0,1,0,0,25476,0,98,830,14333,5696,3654,505,360
clash.by.night_tt0044502,1952,1,0,0,0,25137,0,58,1006,10591,7960,4964,474,84
clash_of_the_titans,2010,1,0,0,0,25444,22,849,4773,9164,1167,5711,3581,177
class.of.1984_tt0083739,1982,0,0,1,0,23547,0,176,3520,10768,3716,4469,774,124
class.of.44_tt0069888,1973,1,0,0,0,22690,0,214,5234,12064,2205,2799,174,0
class_tt0085346,1983,1,0,0,0,25256,34,434,5164,10921,5274,2939,390,100
class_tt1068646,2008,0,1,0,0,31096,174,501,13093,15340,842,818,233,95
claudine_tt0071334,1974,1,0,0,0,22199,0,111,3625,11697,4597,2025,144,0
clear_and_present_danger,1994,1,0,0,0,33859,21,2107,10278,10568,4345,4244,2186,110
cleopatra.jones_tt0069890,1973,1,0,0,0,21263,10,335,4510,8183,3207,4681,337,0
cleopatra_tt0024991,1934,1,1,0,0,24225,80,203,1654,8617,6354,6687,376,254
cleopatra_tt0056937,1963,1,1,0,0,59628,9,379,1844,22432,13907,18070,2968,19
clerks_tt0109445,1994,0,1,1,0,22006,27,642,1018,14597,3525,1481,118,598
click,2006,1,0,0,0,25779,83,1164,3963,13556,2931,3352,703,27
client,1994,1,0,0,0,28969,4,956,7363,13586,2540,3483,559,478
cliffhanger,1993,1,0,0,0,28955,18,1895,7661,8104,883,6107,3673,614
clifford.the.bi_tt2397461,2021,1,0,0,0,23120,18,1263,3884,9641,2526,5066,716,6
clo.from.5.to.7_tt0055852,1962,0,1,0,0,21769,0,463,2787,8980,3844,5124,421,150
cloak.and.dagge_tt0038417,1946,1,0,0,0,25548,12,497,705,11964,5411,6339,305,315
clock_tt0037604,1945,1,0,0,0,21633,1,142,887,9984,6403,3930,211,75
close.encounters_tt0075860,1977,1,1,0,0,32901,25,1028,5332,10996,2851,9118,3438,113
closely.watched_tt0060802,1966,0,1,0,0,24022,10,807,3465,9836,4325,5207,367,5
closeup_tt0100234,1990,0,1,0,0,23493,0,150,11932,5466,2174,3641,130,0
cloudy.with.a.c_tt0844471,2009,1,0,0,1,21548,39,887,2738,7051,1072,6396,3317,48
cloudy.with.a.c_tt1985966,2013,1,0,0,1,22738,62,732,2568,6557,2032,7360,3369,58
cloverfield_tt1060277,2008,1,0,0,0,20300,21,2491,3486,8368,847,3578,1368,141
clueless,1995,1,0,0,0,23306,11,275,5067,11439,3818,2067,230,399
coach.carter_tt0393162,2005,1,0,0,0,32688,5,971,7795,15892,2720,4387,458,460
coal_miners_daughter,1980,1,1,0,0,29803,0,243,4384,13284,5908,5252,546,186
cobra,1986,1,0,0,0,20862,241,914,6142,5558,2507,4963,409,128
cocaine.bear_tt14209916,2023,1,0,0,0,22894,21,201,3844,10089,3039,3204,2372,124
cocktail,1988,1,0,0,0,24819,0,273,4527,14685,1754,2444,479,657
coco_tt2380307,2017,1,1,0,1,25184,0,532,2246,8834,3268,7448,2818,38
cocoon,1985,1,0,0,0,28096,27,859,2402,11428,4353,7170,1337,520
code.of.silence_tt0088936,1985,1,0,0,0,24105,6,530,6067,9141,2603,4660,494,604
coffy_tt0069897,1973,1,0,1,0,21617,0,53,2060,11161,4068,4148,105,22
cold.mountain_tt0159365,2003,1,1,0,0,39652,40,2123,12628,11926,4137,7313,1141,344
cold.turkey_tt0066927,1971,1,0,0,0,24504,13,595,6824,9145,3776,2992,1140,19
cold.war_tt6543652,2018,0,1,0,0,21303,28,1428,2286,11007,2191,3280,887,196
collateral,2004,1,1,0,0,28755,0,970,12948,8415,700,3543,2044,135
collector_tt0061495,1967,0,1,0,0,20799,0,544,1988,8503,3384,5874,426,80
color.of.a.bris_tt0115925,1996,0,1,0,0,21868,27,1312,1817,6802,3788,5983,1716,423
color.of.pomegr_tt0063555,1969,0,1,0,0,19217,30,1182,1870,2113,291,11754,704,1273
color_of_money,1986,1,0,0,0,28688,13,1431,8531,11554,3501,2556,537,565
color_purple,1985,1,1,0,0,36869,1,1110,7728,13196,4806,9005,547,476
colors,1988,1,0,0,0,28718,15,132,5175,12958,4579,5139,531,189
comancheros_tt0054757,1961,1,0,0,0,25744,0,64,1216,9180,6722,6907,1632,23
come.and.see_tt0091251,1985,0,1,0,0,34361,31,480,5633,7381,7299,12664,837,36
come.back.littl_tt0044509,1952,1,1,0,0,22994,0,110,1088,12498,6522,2438,99,239
come.blow.your._tt0056940,1963,1,0,0,0,26884,0,160,1056,15825,6969,2630,217,27
come.play_tt8004664,2020,1,0,0,0,23141,5,1639,5257,10441,1420,3309,559,511
come.september_tt0054759,1961,1,0,0,0,27211,0,146,1368,13607,6960,4425,677,28
come.to.the.sta_tt0041257,1949,1,1,0,0,22660,0,68,1105,8964,6929,5265,147,182
comedians_tt0061502,1967,1,0,0,0,36385,9,373,5346,19210,4824,5675,553,395
coming.home_tt0077362,1978,1,1,0,0,30685,0,519,6116,13433,6166,3754,232,465
coming_to_america,1988,1,0,0,0,28003,171,718,4972,12671,4013,4497,795,166
commando,1985,1,0,0,0,21632,29,853,4258,7299,3449,4667,1077,0
commandos.strik_tt0035746,1942,1,0,0,0,25667,0,160,1797,8270,5389,9127,743,181
commitments_tt0101605,1991,0,1,0,0,28166,0,410,5502,13318,4028,3799,239,870
committed_tt0144142,2000,0,1,0,0,25123,0,935,3666,11870,3440,4126,715,371
competition_tt0080556,1980,1,0,0,0,32267,17,482,4360,14876,7091,4914,168,359
compulsion_tt0052700,1959,1,1,0,0,24730,0,109,3365,13642,4804,2584,77,149
comradeship_tt0022017,1931,0,1,0,0,21601,5,530,415,7046,4216,8709,512,168
con_air,1997,1,0,0,0,27669,271,1553,11357,7652,1356,4072,938,470
conan_the_barbarian,1982,1,0,0,0,31253,38,1002,5367,11349,3150,8658,1325,364
conan_the_destroyer,1984,1,0,0,0,24249,20,706,3492,8562,2946,7222,1146,155
conclave_tt20215234,2024,1,1,0,0,28888,0,1273,7784,10965,2908,4000,1941,17
confessions.of._tt0031173,1939,1,1,0,0,24959,18,723,2446,12786,5212,2760,788,226
confessions.of._tt0270288,2002,0,0,1,0,29140,130,1542,10560,11083,1626,3284,320,595
conflict_tt0037611,1945,1,0,0,0,20505,15,307,761,12199,4288,2726,138,71
conformist_tt0065571,1970,0,1,0,0,27061,14,212,4779,10161,4613,6459,577,246
congo,1995,1,0,0,0,25946,31,1466,4066,8279,4969,5133,1563,439
conjuring,2013,1,0,0,0,26842,96,1493,5259,11442,2965,4846,526,215
conjuring.last._tt22898462,2025,1,0,0,0,32479,59,1781,9911,13384,2257,4445,422,220
conjuring.the.d_tt7069210,2021,1,0,0,0,26822,56,2138,6988,9957,1910,4652,905,216
conjuring_2,2016,1,0,0,0,32100,24,1557,7466,12612,4382,5334,513,212
conqueror_tt0049092,1956,1,0,0,0,26640,0,31,1271,9897,4455,9030,1796,160
conquest.of.the_tt0068408,1972,1,0,0,0,20793,11,368,4396,8831,2861,4068,152,106
conspiracy_theory,1997,1,0,0,0,32452,51,1443,12459,11297,1450,4552,1109,91
constant.garden_tt0387131,2005,0,1,0,0,33050,51,2826,9761,10632,2657,5619,1293,211
constantine,2005,1,0,0,0,28958,78,1703,10874,9160,1305,4554,924,360
contact,1997,1,0,0,0,35900,91,2630,10530,13877,2352,3275,2211,934
contagion_tt1598778,2011,1,0,0,0,25517,0,1231,7249,9538,2488,3849,756,406
contempt_tt0057345,1963,0,1,0,0,26533,0,296,3091,6278,8494,7398,933,43
continental_divide,1981,1,0,0,0,26398,15,396,3982,11540,4357,5278,821,9
contraband_tt1524137,2012,1,0,0,0,26296,1,1384,8212,10490,800,3548,1848,13
conversation_tt0071360,1974,0,1,0,0,27221,24,1549,6059,10651,3321,4922,695,0
cool.hand.luke_tt0061512,1967,1,1,0,0,30337,20,547,4372,14006,2514,8535,211,132
cooley.high_tt0072820,1975,1,0,0,0,25756,0,121,2094,12044,5185,5415,543,354
cop.land_tt0118887,1997,1,0,0,0,25074,25,1958,7998,8536,2191,2919,1207,240
coraline_tt0327597,2009,1,1,0,1,25848,119,1885,1879,9433,1792,9546,913,281
corn.is.green_tt0037614,1945,1,0,0,0,27273,0,176,3401,14695,5395,3426,61,119
cornbread.earl._tt0072822,1975,1,0,0,0,22949,0,278,9560,8063,2813,1670,268,297
corpse.bride_tt0121164,2005,1,1,0,1,18500,42,1221,3019,8633,1518,3495,386,186
cotton.club_tt0087089,1984,0,1,0,0,30876,28,347,6611,13642,3911,5463,267,607
cotton.comes.to_tt0065579,1970,1,0,0,0,23168,0,34,3356,8363,5327,5763,108,217
count.of.monte._tt0245844,2002,1,0,0,0,31462,49,938,9703,11292,2004,6148,887,441
counterfeit.tra_tt0055871,1962,1,0,0,0,31415,0,332,2397,16410,5111,6496,652,17
counterfeiters_tt0813547,2007,0,1,0,0,23711,219,1287,5033,12811,1608,2471,178,104
country.girl_tt0046874,1954,0,1,0,0,24965,0,40,662,14068,6430,3425,245,95
couples_retreat,2009,1,0,0,0,27255,0,823,2682,18021,3369,1753,602,5
courage_under_fire,1996,1,0,0,0,27918,0,985,9362,11612,2338,2434,681,506
court.jester_tt0049096,1955,1,0,0,0,24196,0,37,70,7869,8491,7491,226,12
cove_tt1313104,2009,0,1,1,0,21894,48,893,2792,5249,2375,8108,1831,598
cover.girl_tt0036723,1944,1,1,0,0,25669,2,369,1749,10401,4388,8579,161,20
cowboys_and_aliens,2011,1,0,0,0,28353,67,1170,6047,11591,1882,5381,2102,113
cowboys_tt0068421,1972,1,0,0,0,32222,0,169,3170,12263,6099,8549,1784,188
coyote.ugly_tt0200550,2000,1,0,0,0,24153,11,1062,8085,10567,1997,1849,273,309
cra.cuervos_tt0074360,1976,0,1,0,0,26417,0,326,5980,12365,4053,2780,829,84
crash.dive_tt0035763,1943,1,0,0,0,25415,0,322,887,11077,6116,5450,1492,71
crash_tt0375679,2004,1,1,1,0,26964,4,1374,9858,9460,1815,3730,522,201
crazy.stupid.lo_tt1570728,2011,1,0,0,0,28311,20,625,7058,16215,1462,1691,537,703
crazy_rich_asians,2018,1,0,0,0,28928,49,838,4919,15698,2878,2475,1904,167
creed,2015,1,0,0,0,31927,31,1142,11919,11807,3477,2590,952,9
creed.iii_tt11145118,2023,1,0,0,0,27875,4,1037,8190,12886,2834,2021,892,11
creed_2,2018,1,0,0,0,31170,11,1227,10546,13547,2531,2376,910,22
creepshow_tt0083767,1982,1,0,0,0,28858,148,1874,8155,10358,2678,4607,854,184
cries..whispers_tt0069467,1972,1,1,0,0,21997,0,1690,10718,4954,2170,2083,193,189
crime.of.padre._tt0313196,2002,0,1,0,0,28480,122,730,11953,9289,1908,3551,524,403
crimes.and.misd_tt0097123,1989,0,1,0,0,25008,33,295,3074,14892,3272,2315,299,828
crimes.of.the.h_tt0090886,1986,0,1,0,0,27001,10,708,6107,8579,4498,6308,355,436
crimson.pirate_tt0044517,1952,1,0,0,0,25052,0,109,648,6273,7074,9920,953,75
crimson_tide,1995,1,0,0,0,27784,49,1157,13896,8457,1036,1454,1033,702
crocodile_dundee,1986,1,0,0,0,23396,0,273,5285,9975,2869,3712,940,342
crocodile_dundee_2,1988,1,0,0,0,26756,0,596,6505,11735,3486,3629,667,138
croods.a.new.ag_tt2850386,2020,1,0,0,1,22836,11,303,3467,9507,1411,5465,2672,0
croods_tt0481499,2013,1,0,0,1,23645,128,730,2532,9251,855,8056,1718,375
cross.of.lorrai_tt0035769,1943,0,1,0,0,21686,0,97,846,10849,5588,4092,159,55
crossed.swords_tt0077381,1977,1,0,0,0,31213,0,629,3317,12937,5240,8422,436,232
crossfire_tt0039286,1947,0,1,0,0,20531,35,118,1781,12315,4184,1844,106,148
crossroads_tt0034622,1942,1,0,0,0,19976,0,88,812,12462,3557,2776,246,35
crouching_tiger_hidden_dragon,2000,1,1,0,0,28833,83,838,10120,8833,1660,5459,1550,290
crow,1994,1,0,1,0,24368,30,1378,7500,8051,993,4553,1464,399
crowd.roars_tt0022792,1932,1,0,0,0,16865,39,477,691,8418,3884,2976,290,90
crowd.roars_tt0030031,1938,1,0,0,0,21589,0,222,1762,11774,4788,2734,184,125
cruella_tt3228774,2021,1,0,0,0,32111,69,1562,3574,16606,3064,6093,1138,5
crumb_tt0109508,1994,0,1,1,0,28906,106,3412,7622,9737,3824,3483,303,419
crusades_tt0026249,1935,0,1,0,0,30140,0,75,1835,10456,7980,8457,609,728
cry.freedom_tt0092804,1987,0,1,0,0,37823,114,1054,12512,11513,3102,6744,2376,408
cry.uncle_tt0066960,1971,1,0,0,0,22607,0,236,994,10923,5488,3966,931,69
crying_game,1992,1,1,0,0,26855,4,725,6540,11334,3164,4141,665,282
cujo_tt0085382,1983,1,0,0,0,22330,75,786,5739,7961,2729,4150,470,420
curious.case.of_tt0421715,2008,1,1,0,0,39811,46,1163,8697,16588,3979,7285,1339,714
curly.sue_tt0101635,1991,1,0,0,0,24460,10,889,10357,6277,3046,3669,208,4
curly.top_tt0026252,1935,1,1,0,0,18306,17,98,2464,7652,3802,3790,308,175
cutie.and.the.b_tt2355540,2013,0,1,0,0,19601,19,1399,5305,6799,1506,4126,327,120
cyrano.de.berge_tt0099334,1990,0,1,0,0,35550,191,895,2725,13802,9564,7552,457,364
d2.the.mighty.d_tt0109520,1994,1,0,0,0,25563,4,667,5912,9241,2958,5743,828,210
daddy.long.legs_tt0047969,1955,1,0,0,0,30348,0,262,104,7440,13007,9184,341,10
daddy_day_care,2003,1,0,0,0,22182,0,342,2735,11247,4088,3496,152,122
daddys.gone.ahu_tt0064209,1969,1,0,0,0,25819,36,764,4538,11601,4375,4022,368,115
daddys.home.2_tt5657846,2017,1,0,0,0,23901,0,1335,4033,12127,2215,3888,279,24
daddys.home_tt1528854,2015,1,0,0,0,23020,0,1059,2739,12378,4145,2349,326,24
daisies_tt0060959,1966,0,1,0,0,18442,12,1198,2112,9101,2300,3408,231,80
dallas_tt0042372,1950,1,0,0,0,22589,0,293,102,7145,8133,6621,292,3
dames_tt0025028,1934,1,0,0,0,21708,35,211,1340,10666,4882,4210,239,125
damn.yankees_tt0051516,1958,1,0,0,0,26469,0,173,163,10070,7997,7911,141,14
damned.dont.cry_tt0042376,1950,1,0,0,0,24737,0,205,2283,13828,4651,3367,227,176
dance.fools.dan_tt0021778,1931,1,0,0,0,20685,0,289,405,10122,6034,3645,79,111
dances_with_wolves_fs,1990,1,1,0,0,46511,88,2468,14819,12282,5298,9824,1476,256
dancing.lady_tt0023926,1933,1,0,0,0,21995,0,112,1386,11128,3359,5794,161,55
dancing.years_tt0040266,1950,0,1,0,0,23620,0,265,351,9930,5716,6675,488,195
dangerous.liais_tt0094947,1988,1,1,0,0,28753,48,697,12463,9657,2386,3000,343,159
dangerous_minds,1995,1,0,0,0,23701,83,340,9107,9241,2165,2171,391,203
dantes.inferno_tt0026262,1935,0,1,0,0,21317,56,396,1577,9562,3801,5060,826,39
dantes_peak,1997,1,0,0,0,25973,176,1208,8520,7511,1245,4939,1945,429
daredevil,2003,1,0,0,0,24839,92,2445,8573,7514,971,3162,1972,110
darjeeling.limi_tt0838221,2007,0,0,1,0,21895,10,156,1714,12291,2627,4895,195,7
dark.crystal_tt0083791,1982,1,0,0,0,22325,63,663,3589,5718,828,9397,2035,32
dark.passage_tt0039302,1947,1,0,0,0,25463,0,852,4958,13212,3140,2918,337,46
dark.shadows_tt1077368,2012,1,0,0,0,27113,60,1148,4721,12310,1772,5767,1335,0
dark.victory_tt0031210,1939,1,1,0,0,24950,100,211,2190,12967,6557,2624,83,218
dark_knight,2008,1,1,0,0,36483,29,1916,12966,13923,1512,4001,1945,191
dark_knight_rises,2012,1,0,0,0,39451,139,1274,10613,16649,2288,5992,2295,201
darkest.hour_tt4555426,2017,0,1,0,0,29949,49,1538,8205,11263,3061,4204,1382,247
darkman_tt0099365,1990,1,0,0,0,22839,135,2254,6906,6091,1706,4465,1251,31
darling.lili_tt0065611,1970,1,0,0,0,27421,0,171,3941,10731,4343,6060,2175,0
darling_tt0059084,1965,1,1,0,0,30557,74,650,5264,15178,3973,4717,664,37
date_night,2010,1,0,0,0,21052,0,730,4749,11778,1068,2348,339,40
daughter.of.ros_tt0042382,1950,1,0,0,0,25103,0,79,192,10120,7489,7020,83,120
daughters.coura_tt0031212,1939,1,0,0,0,25569,0,193,1109,12825,8152,3118,107,65
daughters.of.th_tt0104057,1991,0,1,0,0,26917,117,1380,4691,6509,5052,7584,569,1015
dave,1993,1,0,0,0,26354,36,359,5244,10942,4621,3858,752,542
david.and.baths_tt0043455,1951,1,0,0,0,27741,0,64,1858,10440,5225,9556,275,323
david.copperfie_tt0026266,1935,1,1,0,0,31209,0,369,2328,15568,7637,4563,529,215
david.harum_tt0025035,1934,1,0,0,0,20212,4,29,361,9441,6947,2988,275,167
davinci_code,2006,1,0,0,0,35679,17,2549,12202,13469,980,4492,1349,621
dawn.of.the.dea_tt0077402,1978,1,0,0,0,32861,8,906,8944,11356,3785,7434,412,16
dawn.patrol_tt0030044,1938,1,0,0,0,24612,0,86,1786,12613,4680,3841,1527,79
dawn_of_the_planet_of_the_apes,2014,1,0,0,0,31269,80,1389,7848,9292,2480,7658,2282,240
day.of.the.dolp_tt0069946,1973,1,0,0,0,25123,43,546,4465,9191,3256,6383,888,351
day.of.the.jack_tt0069947,1973,1,1,0,0,34165,4,1271,5076,13854,6420,6731,764,45
day.of.the.locu_tt0072848,1975,1,1,0,0,34568,70,971,6875,15648,3760,6481,649,114
day.the.earth.s_tt0043456,1951,1,0,0,0,22097,0,252,1121,11533,3602,5154,402,33
day.the.earth.s_tt0970416,2008,1,0,0,0,24832,13,1994,7998,7663,954,4158,2018,34
day_after_tomorrow,2004,1,0,0,0,29653,130,2084,6877,10653,1702,4878,3080,249
days.of.glory_tt0444182,2006,0,1,0,0,29715,0,1326,8182,10529,1987,6177,1423,91
days.of.heaven_tt0077405,1978,0,1,0,0,22483,1,411,3460,5540,1827,9692,959,593
days.of.wine.an_tt0055895,1962,1,1,0,0,28123,56,211,5471,17225,2212,2709,107,132
days_of_thunder,1990,1,0,0,0,25719,46,1025,11978,6349,1551,3908,800,62
dazed.and.confu_tt0106677,1993,0,0,1,0,24544,10,576,2505,11128,6252,3498,359,216
dc.league.of.su_tt8912936,2022,1,0,0,1,25275,102,1520,3455,6664,1562,10239,1726,7
dead.again_tt0101669,1991,1,0,0,0,25827,27,1459,8999,10714,2010,1692,405,521
dead.end_tt0028773,1937,1,1,0,0,23615,61,291,1656,10510,5843,5006,128,120
dead.man.walkin_tt0112818,1995,1,1,0,0,29312,8,1312,11400,9916,3674,1641,387,974
dead.man_tt0112817,1995,0,1,0,0,31182,27,1120,6297,10280,4346,6849,1593,670
dead.men.dont.w_tt0083798,1982,1,0,0,0,21259,37,1125,7386,9333,1220,1523,515,120
dead.presidents_tt0112819,1995,0,0,1,0,28605,32,1602,11518,9204,2237,3124,724,164
dead.reckoning_tt0039305,1946,1,0,0,0,25822,43,571,2681,15362,3721,3079,351,14
dead.ringers_tt0094964,1988,0,1,0,0,27689,48,1347,10802,9542,2982,2379,295,294
dead.zone_tt0085407,1983,1,0,0,0,24873,1,636,8047,8608,2980,3359,554,688
dead_poets_society,1989,1,1,0,0,30866,51,1149,8868,12769,2666,4709,441,213
dead_pool,1988,1,0,0,0,21870,3,717,4108,9511,1862,4278,1379,12
dead_tt0092843,1987,0,1,0,0,19937,15,431,2467,11359,2278,2120,314,953
deadly.affair_tt0061556,1967,0,1,0,0,25629,0,141,4661,12266,3567,4717,133,144
deadpool,2016,1,0,0,0,25921,13,1625,10467,8927,1226,2901,726,36
deadpool.and.wolverine_tt6263850,2024,1,0,0,0,30671,4,1282,8324,11497,3099,5569,892,4
deadpool_2,2018,1,0,0,0,28605,63,1611,9339,9513,2243,4803,1000,33
dear.heart_tt0057999,1964,1,0,0,0,27369,0,0,314,16857,6766,3282,103,47
dear.john_tt0989757,2010,1,0,0,0,25827,82,1666,7516,10023,1749,3921,492,378
death.in.venice_tt0067445,1971,0,1,0,0,31405,51,364,5946,11298,4696,7807,888,355
death.on.the.ni_tt0077413,1978,1,1,0,0,33645,0,381,4848,15580,7119,4939,722,56
death.on.the.ni_tt7657566,2022,1,0,0,0,30440,0,580,9539,10409,2090,4817,2858,147
death.race.2000_tt0072856,1975,0,0,1,0,19149,5,260,3663,6597,2391,5397,788,48
death.takes.a.h_tt0025037,1934,0,1,0,0,19177,0,129,1184,8155,4843,4463,235,168
death.wish_tt0071402,1974,1,0,0,0,22406,9,363,2730,6557,4567,7781,262,137
death_becomes_her,1992,1,0,0,0,24809,204,1088,3247,10855,3810,4452,558,595
deathtrap_tt0083806,1982,1,0,0,0,27838,9,507,4506,9144,5432,7539,269,432
decameron_tt0065622,1971,0,1,0,0,26649,0,774,11421,4928,1872,7024,527,103
deceived_tt0101694,1991,1,0,0,0,25949,147,1338,7095,10098,2334,3967,417,553
deception_tt0038461,1946,1,0,0,0,26854,15,90,1267,14090,6312,4516,411,153
decision.before_tt0043459,1951,1,1,0,0,28682,10,220,1850,11747,6690,7118,636,411
decline.of.the._tt0090985,1986,0,1,0,0,24353,15,286,5924,13389,1914,2468,279,78
deep.in.my.hear_tt0046896,1954,1,0,0,0,31602,0,226,261,11937,8314,10509,283,72
deep_blue_sea,1999,1,0,0,0,25176,9,1803,6978,6506,1359,6654,1783,84
deep_impact,1998,1,0,0,0,29047,141,2195,9336,9625,1890,3197,2012,651
deep_tt0075925,1977,1,1,0,0,29853,18,888,7139,10369,3412,6940,821,266
deer.hunter_tt0077416,1978,1,1,0,0,44041,0,311,8876,16157,5055,10087,2658,897
defiant.ones_tt0051525,1958,1,1,0,0,23076,0,329,3790,12079,2994,3478,268,138
deja.vu_tt0453467,2006,1,0,0,0,30304,101,1952,13689,7364,1442,3629,1014,1113
delicate.delinq_tt0050301,1957,1,0,0,0,24216,0,38,316,15393,5699,2628,138,4
deliverance_tt0068473,1972,1,1,0,0,26161,0,334,6893,8634,5347,3753,1186,14
demetrius.and.t_tt0046899,1954,1,0,0,0,24251,0,162,1071,6116,4979,11655,268,0
demolition_man,1993,1,0,0,0,27567,40,1736,7614,10601,2013,4468,854,241
dennis_the_menace,1993,1,0,0,0,23015,165,1426,6790,7772,2217,3845,736,64
departed,2006,1,1,0,0,36272,0,1902,10630,18200,2286,2312,545,397
der.groe.knig_tt0034814,1942,0,1,0,0,27923,0,390,2566,13222,4796,6001,698,250
descendants_tt1033575,2011,0,1,0,0,27577,0,316,7979,10958,3004,3074,1420,826
desert.fox.the._tt0043461,1951,1,0,0,0,21151,0,59,506,9722,3921,5898,789,256
desert.hearts_tt0089015,1985,0,1,0,0,21990,14,349,6125,8235,3136,3018,453,660
desert.song_tt0036755,1943,1,0,0,0,22761,0,105,505,9325,5538,6356,819,113
designing.woman_tt0050306,1957,1,0,0,0,28234,0,308,738,11448,11332,4315,83,10
desire.under.th_tt0051534,1958,0,1,0,0,26666,0,47,1838,12022,4981,7647,131,0
desk.set_tt0050307,1957,1,0,0,0,24836,0,426,12,10567,10608,3103,96,24
desperate.hours_tt0047985,1955,1,0,0,0,26915,0,73,1256,12564,7525,5197,218,82
desperately.see_tt0089017,1985,1,0,1,0,24843,66,650,4142,12155,4574,2782,204,270
despicable.me.2_tt1690953,2013,1,1,0,1,23521,7,552,2000,7707,2708,9173,1332,42
despicable.me.3_tt3469046,2017,1,0,0,1,21504,4,711,1577,6477,2900,7131,2664,40
despicable.me.4_tt7510222,2024,1,0,0,1,22632,27,792,2366,7816,2739,7803,1055,34
despicable.me_tt1323594,2010,1,1,0,1,22736,16,903,1812,7973,1784,8809,1421,18
destination.tok_tt0035799,1943,1,0,0,0,32344,3,1188,3957,16497,4216,4715,1636,132
detective.story_tt0043465,1951,1,1,0,0,24780,0,36,912,15149,7014,1491,158,20
detective_pikachu,2019,1,0,0,0,25049,13,1846,4448,8673,1940,6184,1938,7
deuce.bigalow.m_tt0205000,1999,1,0,0,0,21213,15,739,5215,10137,2141,2245,318,403
devil.in.the.fl_tt0038476,1947,0,1,0,0,31152,2,218,2914,17732,4013,5424,519,330
devil.is.a.woma_tt0026276,1935,0,1,0,0,19081,0,136,2119,8192,4179,4036,149,270
devil.probably_tt0075938,1977,0,1,0,0,23918,14,1280,696,12883,5313,3056,561,115
devil_wears_prada,2006,1,0,0,0,26222,20,871,5660,14669,2587,1770,298,347
devils.advocate_tt0118971,1997,1,0,0,0,34516,71,599,13328,13923,2174,2971,1035,415
devils.rejects_tt0395584,2005,0,0,1,0,26589,89,715,11875,7672,1725,3031,1321,161
devils_tt0066993,1971,1,1,0,0,27870,27,386,14032,7259,2513,3363,166,124
diabolique_tt0046911,1955,1,0,0,0,28100,19,465,253,12669,7887,6388,192,227
dial.m.for.murd_tt0046912,1954,1,0,0,0,25265,0,348,399,14111,8278,1979,111,39
diamond.head_tt0055905,1962,1,0,0,0,27474,4,36,2045,16192,5893,2443,861,0
diamonds.are.fo_tt0066995,1971,1,0,0,0,28805,41,1304,3194,11873,3190,7479,1524,200
diary.of.a.mad._tt0065636,1970,1,0,0,0,22836,76,493,8291,10771,2595,537,70,3
diary.of.a.teen_tt3172532,2015,0,1,0,0,24490,41,1294,10013,8234,2013,2421,457,17
diary.of.a.wimp_tt1196141,2010,1,0,0,0,22193,45,1411,2237,10744,2878,4724,102,52
diary.of.anne.f_tt0052738,1959,1,1,0,0,43037,0,537,3984,20803,9725,4943,2941,104
dick_tracy,1990,1,1,0,0,25198,111,1083,6400,9342,2039,5016,798,409
die.mommie.die_tt0322023,2003,0,1,0,0,21587,7,780,6735,9835,2701,1361,139,29
die_another_day,2002,1,0,0,0,31783,61,2129,10305,10007,1703,5900,1649,29
die_hard_2,1990,1,0,0,0,29573,23,1405,10175,10396,1089,4121,1728,636
die_hard_vengeance,1995,1,0,0,0,30815,15,1729,12753,8550,1425,4841,1291,211
diehard,1988,1,0,0,0,31957,31,1197,9928,13484,1118,4631,1236,332
dinner.at.eight_tt0023948,1933,1,0,0,0,26600,0,137,726,12587,11303,1678,54,115
dinner.for.schm_tt0427152,2010,1,0,0,0,27361,1,1388,6844,13147,3016,2345,593,27
dinosaur_tt0130623,2000,1,0,0,1,21082,131,1128,3942,4155,489,8968,1910,359
dirty.dozen_tt0061578,1967,1,0,0,0,35869,11,211,6416,14997,4529,8788,891,26
dirty.harry_tt0066999,1971,1,0,0,0,24567,47,599,5407,9280,1888,5748,1531,67
dirty.rotten.sc_tt0095031,1988,1,0,0,0,28351,17,524,4200,13113,6033,3670,538,256
dirty_dancing_fs,1987,1,0,0,0,24065,10,291,4504,10593,2840,5070,483,274
disclosure_tt0109635,1994,1,0,0,0,30750,41,1112,10284,12159,3251,3316,491,96
dishonored_tt0021800,1931,1,0,0,0,21830,0,243,1183,9711,5492,4685,110,406
distant.drums_tt0043469,1951,1,0,0,0,25847,0,421,333,7519,8169,8593,732,80
distinguished.g_tt0104114,1992,1,0,0,0,26947,10,368,7295,13118,4005,1447,296,408
district_9,2009,1,1,0,0,26918,22,1797,7090,8010,1760,6162,1869,208
disturbia_tt0486822,2007,1,0,0,0,25067,30,1438,6802,10343,1864,3790,509,291
diva_tt0082269,1981,0,1,0,0,28224,7,760,3893,10305,4346,8182,719,12
dive.bomber_tt0033537,1941,1,1,0,0,34009,1,1221,2802,12854,7367,4666,4761,337
divergent,2014,1,0,0,0,33492,26,2168,14456,10562,997,4263,989,31
divine.madness_tt0080634,1980,1,0,0,0,20560,0,63,2425,9804,2593,5313,362,0
divine.secrets._tt0279778,2002,1,0,0,0,27957,2,709,8986,10800,3319,2546,885,710
diving.bell.and_tt0401383,2007,0,1,0,0,26884,425,2771,11063,5642,1713,3872,1244,154
divorce.italian_tt0055913,1961,1,1,0,0,26923,23,710,2488,15773,3168,4113,538,110
django.unchaine_tt1853728,2012,1,1,0,0,39647,62,1035,6271,17199,6572,7392,1020,96
do.the.right.th_tt0097216,1989,1,1,0,0,28745,61,994,4548,13579,4273,4205,454,631
doc_hollywood_fs,1991,1,0,0,0,26551,4,481,3041,11873,5711,4857,475,109
doctor.bull_tt0023955,1933,1,0,0,0,19003,0,66,123,6634,6477,4846,531,326
doctor.strange._tt9419884,2022,1,0,0,0,30316,202,949,7575,9684,2141,6829,2901,35
doctor.zhivago_tt0059113,1965,1,1,0,0,28682,0,333,4696,12904,3693,5887,1025,144
doctor_strange,2016,1,0,0,0,27567,29,1905,7059,9747,1292,5246,2255,34
doctor_tt0101746,1991,1,0,0,0,29480,11,379,9067,14610,2638,2015,272,488
dodge.city_tt0031235,1939,1,0,0,0,26722,0,373,905,10171,8400,6367,345,161
dodgeball,2004,1,0,0,0,22067,0,864,4065,11919,2642,2217,317,43
dodsworth_tt0027532,1936,1,1,0,0,24344,0,328,512,11034,6608,5443,328,91
dog.day.afterno_tt0072890,1975,1,1,0,0,32015,0,168,8117,10964,5627,6327,748,64
dog.man_tt10954718,2025,1,0,0,1,21400,7,1688,1271,5532,2154,9097,1612,39
dog_tt11252248,2022,1,0,0,0,24304,0,1731,4008,11154,2691,4048,628,44
dogtown.and.zbo_tt0275309,2001,0,1,1,0,23373,35,1052,5579,4325,1794,9086,716,786
dolittle,2020,1,0,0,0,24310,32,2175,5552,8713,1686,4842,1306,4
dolly.sisters_tt0037651,1945,1,0,0,0,27409,0,380,1876,12684,4986,6623,706,154
dolphin.tale_tt1564349,2011,1,0,0,0,27018,30,1435,2217,11913,3398,7458,478,89
donnie.darko_tt0246578,2001,0,0,1,0,27153,86,785,4349,13999,2414,3606,714,1200
dont.breathe.2_tt6246322,2021,1,0,0,0,23559,11,1406,6471,9435,801,3895,1487,53
dont.go.near.th_tt0050327,1957,1,0,0,0,25675,0,33,1024,12894,6685,4508,371,160
dont.look.now_tt0069995,1973,0,1,0,0,26465,5,628,5199,10144,3647,5952,856,34
dont.say.a.word_tt0260866,2001,1,0,0,0,27231,30,1707,10747,9619,1311,2621,1068,128
dont.worry.darl_tt10731256,2022,1,0,0,0,29420,179,936,8714,13310,1340,3580,1216,145
dont_breathe,2016,1,0,0,0,21228,107,1831,6858,7503,850,3471,577,31
doom.generation_tt0112887,1995,0,0,1,0,20083,92,878,9024,6944,734,1354,1022,35
doors_tt0101761,1991,1,0,0,0,36086,73,1180,10329,15584,2331,4702,1017,870
dora.and.the.lo_tt7547410,2019,1,0,0,0,24564,0,1194,3344,10407,2842,5588,1100,89
double.impact_tt0101764,1991,1,0,0,0,26282,49,1111,5814,11309,2771,3831,1171,226
double.indemnity_tt0036775,1944,1,1,0,0,25862,0,112,2024,15245,4636,3563,177,105
double.life.of._tt0101765,1991,0,1,0,0,23525,137,1115,6320,9481,1169,4319,793,191
double.or.nothi_tt0028806,1937,1,0,0,0,23382,10,268,1363,11023,4109,6117,251,241
double_jeopardy,1999,1,0,0,0,25227,18,1582,8187,8966,1640,3879,726,229
down.argentine._tt0032410,1940,0,1,0,0,21283,0,137,925,8843,4849,5883,437,209
down.by.law_tt0090967,1986,0,1,0,0,25629,0,440,43,10042,9132,5218,456,298
down.in.the.val_tt0398027,2005,0,0,1,0,30163,14,696,5695,13702,4354,3841,1260,601
down.to.earth_tt0039337,1947,1,0,0,0,25899,0,353,1282,9937,7019,6812,411,85
down.to.earth_tt0231775,2001,1,0,0,0,20871,10,1000,4146,10496,1971,2411,623,214
down.to.the.bon_tt0363579,2004,0,1,0,0,26015,3,845,7736,12207,2331,2079,418,396
down_and_out_in_beverly_hills,1986,1,1,0,0,24760,0,179,5607,9070,4633,5124,135,12
downhill_tt4558376,2020,1,0,0,0,20664,16,1034,4452,9073,1544,3516,881,148
downton.abbey.a_tt11703710,2022,1,0,0,0,29860,8,935,770,19305,3939,3670,1185,48
downton.abbey.t_tt31888477,2025,1,0,0,0,29620,0,773,5028,15034,3132,4780,869,4
downton_abbey,2019,1,0,0,0,29184,36,1037,2945,16309,3066,4680,1079,32
dr..jekyll.and._tt0022835,1931,1,1,0,0,23009,79,286,2246,10195,5215,4505,126,357
dr..jekyll.and._tt0033553,1941,1,1,0,0,27054,0,903,8730,11130,2372,3652,146,121
dr..no_tt0055928,1962,1,0,0,0,26336,32,814,688,10806,6455,6671,866,4
dr.strangelove_tt0057012,1964,1,1,0,0,22773,10,1230,3326,8362,4366,3082,2181,216
dr_dolittle_2_fs,2001,1,0,0,0,20956,179,1102,6526,6070,2492,3973,401,213
dr_dolittle_fs,1998,1,0,0,0,20457,33,1019,2800,9899,2700,3334,210,462
dracula,1992,1,0,0,0,30581,195,1541,7671,9545,2759,6494,1443,933
dracula_tt0021814,1931,1,0,0,0,17850,0,213,473,4981,5766,5961,305,151
dracula_tt0079073,1979,1,0,0,0,26179,42,1053,6673,10394,1593,4962,1343,119
dragnet,1987,1,0,0,0,27230,3,1245,4776,12395,2963,5368,442,38
dragnet_tt0046931,1954,1,0,0,0,21320,0,1129,3006,8815,5094,2885,129,262
dragon.seed_tt0036777,1944,1,1,0,0,35468,5,390,917,17210,6930,8999,864,153
dragon.the.bruc_tt0106770,1993,1,0,0,0,30426,0,823,5211,14534,2732,5696,971,459
dragonheart_tt0116136,1996,1,0,0,0,24649,69,550,5168,6657,2181,6992,1930,1102
dragonslayer,1981,1,0,0,0,26257,13,735,4893,10656,1380,6343,1781,456
dragonwyck_tt0038492,1946,1,0,0,0,24659,0,33,1037,12969,6227,3949,442,2
dream.team_tt0097235,1989,1,0,0,0,28852,39,691,4246,13285,5615,4109,325,542
dreamgirls_tt0443489,2006,1,0,0,0,31218,19,605,9295,12084,2431,5552,881,351
dreams.that.mon_tt0039340,1947,0,1,0,0,22186,330,2524,3880,9966,1836,2901,258,491
driller.killer_tt0079082,1979,0,0,1,0,24268,105,808,4621,12388,2519,3149,543,135
drive.my.car_tt14039582,2021,0,1,0,0,43035,134,943,10135,17796,3294,8737,1845,151
drive_tt0780504,2011,0,1,1,0,24171,10,601,5194,11944,1360,3178,1225,659
driving_miss_daisy,1989,1,1,0,0,23729,16,414,5686,8703,2673,5397,381,459
drugstore.cowbo_tt0097240,1989,0,1,1,0,24319,98,1257,5824,10179,3388,2781,545,247
drum_tt0030082,1938,1,1,0,0,23976,0,145,1371,9214,4951,7487,615,193
drums.along.the_tt0031252,1939,1,0,0,0,24940,88,65,375,8338,5481,9887,562,144
du.barry.was.a._tt0035829,1943,1,0,0,0,24145,0,55,715,9965,7597,5710,103,0
duchess.of.idah_tt0042417,1950,1,0,0,0,23602,0,42,216,10419,7174,5519,191,41
duck.soup_tt0023969,1933,1,1,0,0,16516,0,151,86,4277,6691,4853,249,209
due_date,2010,1,0,0,0,22838,0,1265,7199,10389,963,2230,790,2
duel.in.the.sun_tt0038499,1946,1,1,0,0,34605,0,366,3219,14697,5097,10451,532,243
duellists_tt0075968,1977,0,1,0,0,24101,0,461,7277,6107,2941,6321,650,344
dukes_of_hazzard_fs,2005,1,0,0,0,24930,1,922,2971,12791,3568,4403,273,1
dumb.and.dumber_tt2096672,2014,1,0,0,0,26256,1,256,1908,13774,6087,3485,745,0
dumb_and_dumber,1994,1,0,0,0,25563,42,1023,6527,10427,3201,3741,453,149
dumbo,2019,1,0,0,0,26839,114,1626,3264,10133,2043,8126,1337,196
dune.part.two_tt15239678,2024,1,1,0,0,39756,163,2800,15861,7586,1302,9519,2472,53
dune_tt0087182,1984,1,0,0,0,32708,281,1363,9425,10185,1412,8627,1339,76
dune_tt1160419,2021,1,1,0,0,37271,43,3304,11664,9927,1415,8248,2555,115
dungeons..drago_tt2906216,2023,1,0,0,0,32161,110,1332,3988,13772,3107,7717,2135,0
dunkirk,2017,1,1,0,0,25568,0,1535,4899,9863,1008,4488,3580,195
dying.young_tt0101787,1991,1,0,0,0,26703,7,525,8938,8599,3807,3781,469,577
each.dawn.i.die_tt0031260,1939,1,0,0,0,21984,0,408,1553,13596,3840,2481,103,3
eagle.has.lande_tt0074452,1976,1,0,0,0,36271,0,39,1390,16646,7847,8223,1787,339
eagle_eye,2008,1,0,0,0,28188,85,2092,12367,7180,855,3619,1795,195
earrings.of.mad_tt0046022,1953,0,1,0,0,24074,0,480,551,12246,5639,4548,182,428
earthquake_tt0071455,1974,1,1,0,0,29203,1,352,2548,13324,5402,6155,1245,176
easiest.way_tt0021825,1931,1,0,0,0,17615,0,51,94,8585,5278,3367,189,51
east.is.east_tt0166175,1999,0,1,0,0,24888,13,781,7084,10739,3591,2186,188,306
east.of.eden_tt0048028,1955,1,1,0,0,28217,0,69,2956,15335,3965,4923,892,77
easter.parade_tt0040308,1948,1,0,0,0,24768,0,86,56,9756,6823,7988,39,20
eastern.promise_tt0765443,2007,0,1,0,0,24111,20,1166,5987,11500,2312,2555,537,34
eastwest_tt0181530,1999,0,1,0,0,32083,240,499,7156,14198,3808,5018,735,429
easy.rider_tt0064276,1969,1,1,1,0,22953,7,551,7012,5882,2765,5212,1488,36
easy_money,1983,1,0,0,0,22922,0,1351,1225,12016,4443,3540,325,22
eat.pray.love_tt0879870,2010,1,0,0,0,33591,36,1701,9558,14727,1818,4481,1022,248
ecstasy_tt0022867,1933,0,1,0,0,21117,0,498,2192,7336,2973,7726,248,144
ed.wood_tt0109707,1994,0,1,0,0,30345,4,875,3096,16782,3142,5635,605,206
eddie.cantor.st_tt0045720,1953,1,0,0,0,27924,0,468,1881,14243,6777,4494,26,35
eddie.murphy.ra_tt0092948,1987,1,0,0,0,21675,0,65,6849,6854,3059,4569,139,140
eddy.duchin.sto_tt0049170,1956,1,0,0,0,29493,0,65,2190,12965,7046,6619,603,5
edge.of.darknes_tt0034694,1943,1,0,0,0,28608,5,550,1512,14441,6978,4246,741,135
edge.of.the.wor_tt0028818,1937,0,1,0,0,17963,6,275,1162,5906,2152,7313,733,416
edge_of_tomorrow,2014,1,0,0,0,27212,95,896,6388,11858,884,4304,2785,2
edison.the.man_tt0032432,1940,1,0,0,0,27541,5,1191,2945,14289,4875,4015,166,55
educating.rita_tt0085478,1983,0,1,0,0,28509,0,150,3459,14975,4950,4809,127,39
edward.my.son_tt0041329,1949,1,0,0,0,27061,0,112,365,14518,9422,2299,173,172
edward.scissorh_tt0099487,1990,1,0,0,0,25112,18,649,4527,8696,2979,6413,914,916
egg.and.i_tt0039349,1947,1,0,0,0,27698,0,167,55,12554,9607,5047,136,132
el.cid_tt0054847,1961,1,1,0,0,46035,1,19,7620,12619,4475,17707,3594,0
electra_tt0055950,1962,0,1,0,0,26976,29,312,5302,9781,2003,8803,625,121
elemental_tt15789038,2023,1,1,0,1,24320,80,355,2130,7183,1568,9761,3178,65
elephant.boy_tt0028827,1937,0,1,0,0,21135,10,604,2461,6874,4039,6522,386,239
elephant.man_tt0080678,1980,0,1,0,0,29603,142,664,5502,14798,2583,4113,1104,697
elf,2003,1,0,0,0,24841,18,785,2464,11938,3424,4859,298,1055
elio_tt4900148,2025,1,1,0,1,23465,89,489,2188,9179,928,5388,5161,43
elizabeth_tt0127536,1998,0,1,0,0,29622,11,707,8828,10386,2447,5653,1001,589
elle_tt3716530,2016,0,1,0,0,31453,28,793,7664,16349,2292,3197,1088,42
ellie.parker_tt0436262,2005,0,0,1,0,24483,40,460,9828,9237,2267,1601,555,495
elmer.gantry_tt0053793,1960,1,1,0,0,35206,0,466,6627,19819,4214,3813,138,129
elvira.madigan_tt0061620,1967,1,1,0,0,23214,10,1031,7320,6197,3289,4757,418,192
elvis_tt3704428,2022,1,1,0,0,38187,62,948,10361,13213,3714,6110,3418,361
elysium_tt1535108,2013,1,0,0,0,26262,53,2274,10910,6279,1057,3142,2400,147
emerald.forest_tt0089087,1985,1,0,0,0,27330,22,497,3287,10198,4606,6043,2524,153
emma._tt9214832,2020,1,0,0,0,29817,0,875,5974,14082,3435,4575,396,480
emmanuelle_tt0071464,1974,1,0,0,0,31542,200,1868,11918,9621,3196,4022,338,379
emoji.movie_tt4877122,2017,1,0,0,1,20708,54,939,2533,1976,2512,10377,2228,89
emperor.waltz_tt0040317,1948,1,0,0,0,25484,0,125,901,9167,7073,7789,242,187
empire.of.the.s_tt0092965,1987,0,1,0,0,36641,92,2000,6245,11888,3961,9911,1823,721
empire_strikes_back,1980,1,0,0,0,30539,0,590,7172,10356,1919,7990,2275,237
enamorada_tt0038510,1946,0,1,0,0,24148,58,77,3261,10562,3060,6696,367,67
encanto_tt2953050,2021,1,1,0,1,24484,3,706,2902,9551,2593,6676,2044,9
enchanted_tt0461770,2007,1,0,0,1,25758,125,536,6459,10513,2393,4309,966,457
enchantment_tt0040321,1948,1,0,0,0,24291,0,131,575,12997,7438,2839,201,110
encino.man_tt0104187,1992,1,0,0,0,21175,28,911,5133,9673,2175,2710,297,248
end.of.days_tt0146675,1999,1,0,0,0,29310,56,1490,9658,9288,1529,5714,1422,153
end.of.the.affa_tt0048034,1955,0,1,0,0,27172,0,265,3460,15433,3650,3610,407,347
end.of.the.affa_tt0172396,1999,0,1,0,0,26092,31,1111,8609,11072,1872,2583,359,455
end_tt0077504,1978,1,0,0,0,24108,4,206,6028,11857,2450,3059,292,212
endless.love_tt0082329,1981,1,0,0,0,27877,2,837,7154,11400,4063,3195,629,597
endless.summer_tt0060371,1966,1,0,0,0,21946,13,221,991,1453,1487,16276,1382,123
enemies.a.love._tt0097276,1989,0,1,0,0,28727,19,799,6065,15123,3617,2214,725,165
enemy.at.the.ga_tt0215750,2001,1,0,0,0,31429,50,1652,11520,9281,1075,6482,1300,69
enemy_of_the_state,1998,1,0,0,0,31681,222,1752,13600,8757,1724,4297,1094,235
enforcer_tt0074483,1976,1,0,0,0,23151,10,211,5161,9856,2858,4283,577,195
english.patient_tt0116209,1996,1,1,0,0,38780,130,2459,11697,13374,3017,6452,1074,577
enigma.of.kaspa_tt0071691,1974,0,1,0,0,26277,0,749,3274,10658,4637,5984,704,271
enron.the.smart_tt1016268,2005,0,1,0,0,28122,148,2128,8166,8856,3118,2367,2145,1194
enter.the.drago_tt0070034,1973,1,0,0,0,24582,0,359,7235,8198,3242,4843,667,38
entrapment,1999,1,0,0,0,27066,28,1820,9263,8166,1420,3994,2197,178
entre.nous_tt0085370,1983,0,1,0,0,26529,0,263,3895,12372,4317,4991,410,281
eo_tt19652910,2022,0,1,0,0,21183,125,1323,2560,5516,1585,7576,2455,43
epic_tt0848537,2013,1,0,0,1,24572,17,1433,2913,10011,2039,6306,1774,79
equalizer,2014,1,0,0,0,31661,134,2403,10512,10966,1434,4915,1143,154
equalizer.2_tt3766354,2018,1,0,0,0,29001,55,1639,7502,10732,2723,5087,1170,93
equalizer.3_tt17024450,2023,1,0,0,0,26124,37,1690,4123,11053,2451,5378,1308,84
eraser,1996,1,0,0,0,27453,20,1996,9113,10283,1650,2955,956,480
eraserhead_tt0074486,1977,0,1,0,0,21407,15,1217,3800,7805,2527,4707,789,547
erin_brockovich,2000,1,1,0,0,31476,23,1027,9628,14002,3082,2841,413,460
ernest.goes.to._tt0092974,1987,1,0,0,0,23634,0,614,3190,10115,5161,4295,197,62
ernest.saves.ch_tt0095107,1988,1,0,0,0,21937,6,707,7173,8673,2499,2111,388,380
escape.from.alc_tt0079116,1979,1,0,0,0,26821,16,1020,5945,10568,4278,4307,603,84
escape.from.the_tt0067065,1971,1,0,0,0,23373,0,219,2275,11560,3467,5035,792,25
escape.room.tou_tt9844522,2021,1,0,0,0,21112,3,1908,3951,9714,720,3996,801,19
escape.room_tt5886046,2019,1,0,0,0,23888,2,1889,4768,11751,1199,3629,617,33
escape_tt0032447,1940,1,0,0,0,24888,0,76,1135,15279,5535,2609,110,144
et,1982,1,1,0,0,27479,27,1445,4737,9185,3007,7392,1192,494
eternal.sunshin_tt0338013,2004,0,1,1,0,27687,48,1562,5222,13298,3073,4169,232,83
eternals_tt9032400,2021,1,0,0,0,37361,3,1151,10997,13043,1458,7151,3298,260
europa.europa_tt0099776,1990,0,1,0,0,29184,18,262,8111,10514,3134,5836,450,859
europe.51_tt0043511,1952,0,1,0,0,26319,4,283,3642,14532,4266,3145,165,282
european_vacation,1985,1,0,0,0,22544,0,458,2695,9594,4320,4707,768,2
evan_almighty,2007,1,0,0,0,22941,59,1106,4444,9268,2659,4119,1194,92
evelyn.prentice_tt0025091,1934,1,0,0,0,18863,0,243,2114,9228,5223,1753,144,158
ever.after.a.ci_tt0120631,1998,1,0,0,0,29020,53,596,9490,10832,2433,4148,1111,357
everest_tt0120661,1998,1,0,0,0,10973,0,270,350,625,467,7630,1556,75
everlasting.mom_tt0961066,2008,0,1,0,0,31509,256,1644,11143,11835,2304,3809,373,145
every.days.a.ho_tt0028843,1937,1,0,0,0,18941,0,300,587,6304,4963,6263,252,272
every.girl.shou_tt0040331,1948,1,0,0,0,20288,1,62,1203,13680,3908,1355,66,13
every.man.for.h_tt0079854,1980,0,1,0,0,21169,0,65,5846,6760,2833,4972,655,38
every.which.way_tt0077523,1978,1,0,0,0,27482,29,125,5101,12016,4166,5034,668,343
everybodys.woma_tt0025791,1934,0,1,0,0,21488,0,783,1299,8333,5766,4347,447,513
everything.ever_tt6710474,2022,1,1,0,0,33405,70,1710,7870,16364,2802,3081,772,736
everything.you._tt0068555,1972,1,0,0,0,21113,66,441,5657,9492,1969,2402,192,894
evil.dead.rise_tt13345606,2023,1,0,0,0,23126,91,2343,7317,8401,841,3378,726,29
evil.dead_tt0083907,1981,0,0,1,0,21939,144,1405,5484,8061,1884,4247,388,326
evil.does.not.e_tt28490044,2023,0,1,0,0,25541,71,701,2769,5901,4096,10723,1221,59
evita_tt0116250,1996,1,1,0,0,32327,41,580,5118,14333,2802,7283,1103,1067
excalibur,1981,1,1,0,0,33744,4,448,6609,11054,4115,8946,1923,645
executioner_tt0057643,1963,0,1,0,0,22067,0,168,47,12149,5184,3979,458,82
executive.actio_tt0070046,1973,1,0,0,0,21770,38,962,3158,9968,3488,2798,1029,329
executive.suite_tt0046963,1954,1,1,0,0,25033,0,183,365,14845,6394,2824,421,1
executive_decision,1996,1,0,0,0,31853,12,2915,12465,9845,1624,2379,2041,572
exit.wounds_tt0242445,2001,1,0,0,0,24303,0,937,8921,9310,1600,3012,504,19
exodus_tt0053804,1960,1,1,0,0,53353,0,141,3726,27997,8168,11418,1685,218
exorcism.of.emi_tt0404032,2005,1,0,0,0,29194,33,1622,11077,11907,1898,1997,471,189
exorcist.ii.the_tt0076009,1977,1,0,0,0,28211,15,611,6091,12532,3225,4114,911,712
exorcist_tt0070047,1973,1,1,0,0,33998,30,918,7927,12735,5160,5768,731,729
exorcist_tt12921446,2023,1,0,0,0,26645,28,743,8594,10476,1495,3624,1354,331
exotica_tt0109759,1994,0,1,0,0,24837,54,506,2860,13909,2896,4043,193,376
expendables,2010,1,0,0,0,24810,60,1272,9321,7164,953,3558,2450,32
expendables.2_tt1764651,2012,1,0,0,0,26372,16,1015,6284,8830,1996,5459,2759,13
exterminating.a_tt0056732,1962,0,1,0,0,22400,0,185,339,12134,4456,4901,356,29
eyes.of.laura.m_tt0077530,1978,1,0,0,0,26546,1194,757,5503,11054,3521,4279,223,15
eyes.wide.shut_tt0120663,1999,1,0,0,0,38140,0,556,4309,15265,8576,8380,378,676
f1.the.movie_tt16311594,2025,1,0,0,0,37236,12,2414,11376,12549,2113,6590,2182,0
f9.the.fast.sag_tt5433138,2021,1,0,0,0,34251,32,1730,9676,11365,1471,6819,3158,0
fabelmans_tt14208870,2022,0,1,0,0,36147,41,1878,4916,18519,4487,5390,556,360
faceoff,1997,1,0,0,0,33300,178,2376,15649,8987,1365,3465,925,355
faces_tt0062952,1968,1,1,1,0,33436,213,766,12962,13055,3632,2661,146,1
facts.of.life_tt0053810,1960,1,1,0,0,24916,0,308,2328,15398,3624,2791,384,83
fahrenheit.451_tt0060390,1966,0,1,0,0,28888,2,1489,5842,11817,3129,6026,530,53
fahrenheit.911_tt0361596,2004,1,0,1,0,31432,132,1124,8588,11717,4076,3471,1423,901
failure_to_launch,2006,1,0,0,0,23098,25,984,7752,10728,1209,1639,493,268
fall.guy_tt1684562,2024,1,0,0,0,30304,0,1544,5617,14039,2484,5875,695,50
fall.of.the.rom_tt0058085,1964,1,0,0,0,44438,16,193,6422,12550,4642,16394,4212,9
falling.down_tt0106856,1993,1,0,0,0,26993,31,928,8302,11644,2454,2962,364,308
fame,1980,1,1,0,0,32026,89,404,8155,13441,3641,5426,318,552
family.plot_tt0074512,1976,1,0,0,0,28814,75,540,6556,12894,3680,4448,621,0
fancy.pants_tt0042447,1950,1,0,0,0,22102,0,294,251,6570,10020,4716,148,103
fanfan.la.tulip_tt0044602,1952,0,1,0,0,23977,0,186,788,8891,5633,7847,505,127
fanny.and.alexa_tt0083922,1982,0,1,0,0,45400,208,974,12953,13396,5058,12127,216,468
fanny_tt0054866,1961,1,1,0,0,32112,0,165,7643,14375,4465,4266,1081,117
fantasia.2000_tt0120910,1999,1,0,0,1,17859,50,666,580,3052,828,9755,2916,12
fantasia_tt0032455,1940,1,0,0,1,29841,4,152,349,3488,1775,18069,5970,34
fantastic.beast_tt4123432,2022,1,0,0,0,34212,40,829,3543,17114,2065,7552,3028,41
fantastic.four._tt10676052,2025,1,0,0,0,27509,5,1903,4263,10740,1778,5643,3116,61
fantastic.mr..f_tt0432283,2009,0,1,0,1,20804,156,1036,1498,6433,1942,8771,863,105
fantastic.voyag_tt0060397,1966,1,0,0,0,24022,180,870,1613,13148,1692,4736,1644,139
fantastic_beasts,2016,1,0,0,0,31858,29,1141,3454,15919,2037,7054,2132,92
fantastic_beasts_grindelwald,2018,1,0,0,0,32088,27,1216,5471,14549,2447,5884,2469,25
fantastic_four,2005,1,0,0,0,25391,41,2336,5422,10674,1675,3393,1821,29
fantastic_four_rise_of_the_silver_surfer,2007,1,0,0,0,22028,6,1566,7203,6932,971,2907,2430,13
fantasy_island,2020,1,0,0,0,26233,37,1415,8293,11464,2290,1861,860,13
far.from.heaven_tt0297884,2002,0,1,0,0,27576,1,438,1580,13185,5594,5859,281,638
far.from.the.ma_tt0061648,1967,1,1,0,0,40918,7,826,7921,15679,4461,10935,928,161
far_and_away,1992,1,0,0,0,33538,64,830,6822,12556,4582,6590,1201,893
farewell.my.con_tt0106332,1993,0,1,0,0,44046,0,527,6704,15141,6163,15048,380,83
farewell_tt8637428,2019,0,1,0,0,23957,4,925,3044,11216,4218,3193,1019,338
fargo_tt0116282,1996,0,1,1,0,23529,2,650,5045,10585,2149,4435,518,145
farmers.daughte_tt0039370,1947,1,0,0,0,23302,11,272,429,11871,5678,4617,359,65
fast..furious_tt1013752,2009,1,0,0,0,25598,0,2295,8347,7920,1079,4857,1098,2
fast.and.the.fu_tt0463985,2006,1,0,0,0,24992,15,1134,8938,8404,1122,4290,1077,12
fast.times.at.r_tt0083929,1982,1,0,0,0,23030,14,520,3232,11818,3937,3173,112,224
fast.x_tt5433140,2023,1,0,0,0,33768,13,2003,7726,12203,1926,6654,3234,9
fast_and_furious_6,2013,1,0,0,0,31237,0,1318,7248,11887,1670,6632,2473,9
fast_and_furious_hobbs_and_shaw,2019,1,0,0,0,32777,0,2158,9271,12253,1872,5059,2164,0
fast_and_the_furious,2001,1,0,0,0,27445,5,1026,6787,10073,1491,6534,1161,368
fast_five,2011,1,0,0,0,31587,0,1511,7994,12292,2004,5927,1845,14
fatal_attraction,1987,1,1,0,0,28633,21,898,7843,12008,3272,3878,252,461
fate_of_the_furious,2017,1,0,0,0,32597,17,2108,10861,10098,1006,5551,2956,0
father.goose_tt0058092,1964,1,0,0,0,27913,4,278,1099,14921,6667,4049,881,14
father.of.the.b_tt0042451,1950,1,0,0,0,22243,0,146,381,7095,10134,4347,50,90
father.of.the.b_tt0113041,1995,1,0,0,0,27290,21,572,4630,12658,4277,4049,414,669
father_of_the_bride,1991,1,0,0,0,25219,4,398,5464,11395,3399,3651,289,619
father_tt10272386,2020,0,1,0,0,23256,2,1124,6040,9681,4249,1788,265,107
fathers.little._tt0043526,1951,1,0,0,0,20281,3,101,145,8082,9462,2409,30,49
fault_in_our_stars,2014,1,0,0,0,30198,36,1247,9927,13471,2501,2466,312,238
favourite_tt5083738,2018,0,1,0,0,28647,33,783,4602,8408,5050,8480,516,775
fbi.story_tt0052792,1959,1,0,0,0,35737,20,396,1328,16431,8886,8085,488,103
female.trouble_tt0072979,1974,0,0,1,0,23491,3,174,1983,8414,10216,2353,124,224
ferris_bueller,1986,1,0,0,0,24690,45,677,9528,7466,2906,3330,715,23
festival_tt0061658,1967,0,1,0,0,25039,0,1006,10003,7273,3388,2915,387,67
few_good_men,1992,1,1,0,0,35452,20,711,11391,16021,3909,2651,418,331
fiddler.on.the._tt0067093,1971,1,1,0,0,43429,39,155,6389,19820,5103,10940,941,42
field_of_dreams,1989,1,0,0,0,25320,0,514,5046,11032,3665,3436,676,951
fiendish.plot_tt0080731,1980,1,0,0,0,23904,0,297,1801,9866,5156,5695,551,538
fifth.avenue.gi_tt0031302,1939,1,0,0,0,19944,0,139,8,7006,8301,4214,115,161
fifth_element,1997,1,0,0,0,32443,24,2902,12321,11162,1201,3346,1269,218
fifty.shades.fr_tt4477536,2018,1,0,0,0,26444,39,2163,6145,13108,2267,2137,573,12
fifty_shades_darker,2017,1,0,0,0,28257,26,2205,9043,13595,1215,1565,591,17
fifty_shades_of_grey,2015,1,0,0,0,30049,23,2178,10572,11964,1903,1862,1266,281
fighter_tt0964517,2010,0,1,0,0,27727,6,1124,8087,13381,2470,2106,447,106
fighting.69th_tt0032467,1940,1,0,0,0,21537,0,171,1293,10818,4352,4581,177,145
fighting.lady_tt0036823,1944,0,1,0,0,15661,2,602,739,3182,2078,5873,3135,50
final.analysis_tt0104265,1992,1,0,0,0,29897,5,1360,9199,13013,2275,3355,564,126
final.destinati_tt0195714,2000,1,0,0,0,23498,6,2107,6021,9341,1855,2704,638,826
final.destinati_tt9619824,2025,1,0,0,0,26328,64,1669,5895,10346,2658,3998,1668,30
finding.dory_tt2277860,2016,1,0,0,1,23265,70,326,1775,2434,2679,13556,2343,82
finding.nemo_tt0266543,2003,1,1,0,1,24109,48,477,1958,1574,1926,14225,3577,324
finding.neverla_tt0308644,2004,0,1,0,0,24234,1,723,6324,10505,2311,3641,268,461
finians.rainbow_tt0062974,1968,1,1,0,0,34778,0,72,2366,13881,5959,10861,1555,84
firefly_tt0028873,1937,1,0,0,0,31157,0,87,3669,14121,5997,6537,536,210
firefox,1982,1,0,0,0,32677,45,1515,9435,12558,1562,4736,2381,445
fireman.save.my_tt0022890,1932,1,0,0,0,15783,3,203,855,8141,3456,2766,199,160
firm_fs,1993,1,0,0,0,37051,73,1354,13560,13792,3606,3940,558,168
first.cow_tt9231040,2019,0,1,0,0,29176,62,1481,2227,12258,4841,6743,1312,252
first.family_tt0080739,1980,1,0,0,0,23953,76,609,4147,8914,4857,4599,617,134
first.knight_tt0113071,1995,1,0,0,0,32125,0,660,8611,9812,3849,6965,1321,907
first.love_tt0065703,1970,0,1,0,0,22908,45,755,6546,4383,2182,8319,521,157
first.purge_tt6133466,2018,1,0,0,0,23359,56,1638,6864,9438,1315,2973,967,108
first_wives_club,1996,1,0,0,0,24532,12,628,4054,12275,4331,2672,301,259
fish.tank_tt1232776,2009,0,1,0,0,29497,16,1434,4076,16603,3145,3528,671,24
fish_called_wanda,1988,1,1,0,0,25943,72,757,6889,12384,3040,2555,188,58
fisher.king_tt0101889,1991,1,1,0,0,35366,37,1382,9187,14105,4104,5793,654,104
fist.of.fury_tt0068767,1972,1,0,0,0,25577,51,224,3418,11778,3079,6756,166,105
fist_tt0077531,1978,1,0,0,0,37322,0,290,4997,18872,4836,7535,771,21
fitzcarraldo_tt0083946,1982,0,1,0,0,37702,0,923,5295,12296,4899,8497,5655,137
five.easy.piece_tt0065724,1970,1,1,1,0,23596,0,203,5721,10023,3333,4044,249,23
five.fingers.of_tt0070800,1972,1,0,0,0,24932,55,321,5122,10395,3292,5626,100,21
five.graves.to._tt0035884,1943,1,1,0,0,23132,0,311,1635,12945,3564,4083,219,375
five.minutes.of_tt1238291,2009,0,1,0,0,21442,24,1008,7786,7366,1801,2419,714,324
five.nights.at._tt30274401,2025,1,0,0,0,24962,111,1203,5020,12197,1439,4529,463,0
five.nights.at._tt4589218,2023,1,0,0,0,26232,53,1170,5503,12130,2252,4757,367,0
five.pennies_tt0052809,1959,1,1,0,0,28140,0,547,334,13835,7927,5028,357,112
five.star.final_tt0021873,1931,1,1,0,0,21332,0,228,921,12519,6688,934,42,0
flamingo.kid_tt0087265,1984,1,0,0,0,23904,0,445,4133,11083,3825,4108,299,11
flash_gordon,1980,1,0,0,0,26695,54,891,5342,9343,2238,6775,1702,350
flash_tt0439572,2023,1,0,0,0,34544,20,1917,6288,12721,2751,8488,2359,0
flashdance,1983,1,1,0,0,22706,27,1212,4126,7836,1894,6834,528,249
flatliners,1990,1,0,0,0,27381,100,700,10962,8624,1637,4759,556,43
flee_tt8430054,2021,0,1,0,1,21351,8,1404,4263,7122,2612,4084,1617,241
flesh.gordon_tt0068595,1974,1,0,0,0,23069,59,660,3577,7134,3139,6286,1865,349
fletch,1985,1,0,0,0,23547,0,313,5963,10734,3019,2991,233,294
fletch.lives_tt0097366,1989,1,0,0,0,24407,0,345,8206,8627,3406,3319,401,103
flight,2012,1,0,0,0,33232,131,1810,8218,15356,3846,2519,1074,278
flight.of.the.n_tt0091059,1986,1,0,0,0,21475,53,858,5959,6524,1947,4355,1773,6
flight.of.the.p_tt0059183,1965,0,1,0,0,34020,5,897,8065,13486,4465,6609,422,71
flightplan,2005,1,0,0,0,23506,41,1141,9840,7476,996,2801,1141,70
flintstones,1994,1,0,0,0,21731,0,359,4026,9565,2392,3873,919,597
flirtation.walk_tt0025124,1934,1,1,0,0,23377,0,375,1957,10644,5821,3611,700,269
flirting.with.d_tt0116324,1996,0,0,1,0,23844,25,1057,2868,13499,3307,2285,389,414
florida.project_tt5649144,2017,0,1,0,0,26747,17,324,2698,12328,3462,7044,772,102
flow_tt4772188,2024,0,1,0,1,20508,46,447,338,3132,773,13770,1995,7
flower.drum.son_tt0054885,1961,1,1,0,0,31436,0,91,1494,13767,4732,10504,848,0
flowers.of.shan_tt0156587,1998,0,1,0,0,29165,259,224,101,13982,8781,4712,568,538
flubber,1997,1,0,0,0,22542,0,2202,5477,7900,1469,4094,1329,71
flushed.away_tt0424095,2006,1,0,0,1,20287,156,804,1385,8039,2734,5812,947,410
fly,1986,1,0,0,0,22936,51,1181,8828,7035,2760,2527,519,35
flying.down.to._tt0024025,1933,1,0,0,0,21429,2,314,789,8747,5645,4751,943,238
flying.leathern_tt0043547,1951,1,0,0,0,24518,0,327,2259,10196,4404,4296,2905,131
flying.tigers_tt0034742,1942,1,0,0,0,24345,0,350,2615,11398,3415,4404,1880,283
fog.of.war_tt0317910,2003,0,1,0,0,25671,252,3018,5984,5976,1550,4201,2471,2219
fog_tt0080749,1980,0,0,1,0,23089,0,1048,3081,10526,2185,4185,1561,503
follow.the.flee_tt0027630,1936,1,0,0,0,26393,0,247,370,10828,7059,7582,230,77
fools.gold_tt0770752,2008,1,0,0,0,26960,0,845,7966,10697,1597,3969,1663,223
footlight.parad_tt0024028,1933,1,0,0,0,24800,0,451,822,12654,4181,6307,376,9
footlight.seren_tt0034745,1942,1,0,0,0,19393,0,141,226,8669,5320,4620,406,11
footloose,1984,1,0,0,0,25709,8,348,4425,12260,3662,4521,208,277
footnote_tt1445520,2011,0,1,0,0,25432,103,2151,12061,7178,1507,1596,321,515
for.all.mankind_tt0097372,1989,0,1,0,0,19209,107,1144,1225,2776,1195,9516,2930,316
for.me.and.my.g_tt0034746,1942,1,0,0,0,24884,0,185,1811,10895,6564,4979,342,108
for.petes.sake_tt0071514,1974,1,0,0,0,23115,0,274,1839,11547,5234,4024,170,27
for.whom.the.be_tt0035896,1943,1,1,0,0,39621,2,535,10013,15695,3683,6512,2877,304
for_your_eyes_only,1981,1,0,0,0,30679,9,1472,4474,11280,3248,8377,1599,220
force_awakens,2015,1,0,0,0,33107,0,463,9176,9649,1878,7029,4599,313
forces.of.natur_tt0141098,1999,1,0,0,0,27219,17,1408,7289,11055,2913,3930,587,20
ford_v_ferrari,2019,1,0,0,0,36582,0,1806,8392,17270,2950,5189,912,63
foreign.corresp_tt0032484,1940,1,1,0,0,28805,0,430,3209,16627,4419,3542,366,212
forever.purge_tt10327252,2021,1,0,0,0,24816,23,1699,5984,9759,1825,3946,1508,72
forgetting.sara_tt0800039,2008,1,0,0,0,28237,90,662,4781,16291,3384,2317,516,196
forgotten.villa_tt0033623,1941,0,1,0,0,16704,0,288,2106,7768,1906,4081,312,243
forgotten_tt0356618,2004,1,0,0,0,23386,20,1548,7327,7792,1878,3785,961,75
formula_tt0080754,1980,1,0,0,0,28092,0,335,2316,16297,4212,3963,893,76
forrest_gump,1994,1,1,0,0,34068,22,1413,5331,13325,6124,5633,1692,528
fort.apache_tt0040369,1948,1,0,0,0,30661,0,15,286,6219,9864,12038,2204,35
foul.play_tt0077578,1978,1,0,0,0,27836,4,575,4871,11909,4684,4811,886,96
four.brothers_tt0430105,2005,1,0,0,0,26078,17,769,4941,12556,2496,4690,607,2
four.daughters_tt0030149,1938,1,1,0,0,21658,0,278,1543,10337,6353,2992,103,52
four.feathers_tt0031334,1939,1,1,0,0,29594,0,337,1591,9434,5788,10361,1582,501
four.horsemen.o_tt0054890,1962,1,0,0,0,39409,103,96,992,17439,10340,9209,760,470
four.musketeers_tt0073012,1974,1,0,0,0,25566,7,264,3765,6719,3544,10693,574,0
four_christmases,2008,1,0,0,0,21226,13,428,5200,9870,2367,1935,603,810
four_seasons,1981,1,0,0,0,25890,87,345,2373,12570,4439,5175,632,269
four_weddings_and_a_funeral,1994,1,1,0,0,28191,14,429,8906,12262,2940,2777,394,469
fox.and.the.hou_tt0082406,1981,1,0,0,1,19815,0,88,1236,4913,1125,12076,271,106
fox_tt0062990,1967,1,1,0,0,26394,74,561,7627,10387,2365,5212,138,30
foxcatcher_tt1100089,2014,0,1,0,0,32232,146,1374,5840,13823,3111,6323,1137,478
foxes_tt0080756,1980,1,0,0,0,25285,1,285,8669,9316,2902,3343,267,502
frances.ha_tt2347569,2012,0,1,0,0,20637,1,1148,1419,11962,2943,2932,221,11
francis.of.assi_tt0054892,1961,1,0,0,0,25307,0,142,1773,8834,7167,6603,616,172
frankenstein_tt0021884,1931,1,0,0,0,17998,28,216,1416,4798,3693,7212,323,312
frankenweenie_tt1142977,2012,0,1,0,1,20850,55,1703,1684,8366,772,7075,1100,95
freakier.friday_tt31956415,2025,1,0,0,0,26534,5,1063,2556,15285,3679,2879,1019,48
freaky.friday_tt0076054,1976,1,0,0,0,23560,0,301,6138,9324,4020,3300,454,23
freaky_friday,2003,1,0,0,0,23251,0,731,6193,9964,3222,2365,198,578
freaky_tt10919380,2020,1,0,0,0,24472,34,1357,6310,12528,1571,2185,487,0
fred.claus_tt0486583,2007,1,0,0,0,27703,5,1127,8941,9582,1795,4145,1852,256
freddy.vs..jaso_tt0329101,2003,1,0,0,0,24992,135,2065,4241,10441,2387,4335,955,433
freddys.dead.th_tt0101917,1991,1,0,0,0,22939,32,1191,3679,9118,2911,5234,537,237
free_willy,1993,1,0,0,0,26784,9,680,4494,10685,2324,7580,923,89
french.connecti_tt0067116,1971,1,1,0,0,24890,0,658,3773,8799,2848,8156,336,320
french.connecti_tt0073018,1975,1,0,0,0,28595,6,469,4301,13526,4039,5057,850,347
french.kiss_tt0113117,1995,1,0,0,0,26571,38,697,6572,12918,2967,2189,657,533
french.lieutena_tt0082416,1981,0,1,0,0,29680,5,477,2952,15989,4362,5197,449,249
frenchmans.cree_tt0036840,1944,1,0,0,0,28888,0,328,1290,7550,8919,9348,1316,137
frenzy_tt0068611,1972,1,1,0,0,27782,21,902,6061,14205,2921,2929,714,29
freud_tt0055998,1962,1,1,0,0,33727,100,676,10140,18712,1219,2351,430,99
friday.night.li_tt0390022,2004,1,0,0,0,30225,80,1977,13773,6843,2239,3528,1021,764
friday_the_13_6_jason_lives,1986,1,0,0,0,22390,104,1016,4144,10173,1898,4083,515,457
friday_the_13th,1980,1,0,0,0,24529,24,525,2668,9007,4923,6034,957,391
friday_the_13th_2,1981,1,0,0,0,20856,1,725,3144,8854,3002,4264,504,362
friday_the_13th_3,1982,1,0,0,0,22838,0,753,2617,11812,2574,4312,488,282
friday_the_13th_final_chapter,1984,1,0,0,0,21907,8,948,4400,8496,3300,3918,519,318
friday_the_13th_new_beginning,1985,1,0,0,0,22122,26,1180,5998,8244,2343,3477,379,475
fried_green_tomatoes,1991,1,0,0,0,32724,152,955,9132,13112,3106,5454,490,323
friendly.persua_tt0049233,1956,1,1,0,0,33023,0,83,1783,12543,7843,10148,611,12
fright.night_tt0089175,1985,1,0,0,0,27360,48,1119,9256,11323,2147,2940,345,182
frogmen_tt0043565,1951,1,0,0,0,23120,0,361,575,10293,4322,6063,1192,314
from.here.to.et_tt0045793,1953,1,1,0,0,30317,0,132,3210,13450,7329,5676,501,19
from.mao.to.moz_tt0080762,1979,0,1,0,0,21353,5,162,5340,7298,3997,3916,601,34
from.russia.wit_tt0057076,1963,1,0,0,0,27622,3,788,2150,12938,4372,5997,1299,75
from.the.terrac_tt0053841,1960,1,0,0,0,34540,0,108,4024,20051,7085,2794,381,97
front.page_tt0071524,1974,1,1,0,0,25110,20,570,548,14366,6091,3279,70,166
front_tt0074554,1976,1,0,0,0,22726,0,172,3255,13765,3554,1767,129,84
frostnixon_tt0870111,2008,0,1,0,0,29221,32,942,10872,12742,2264,1319,616,434
frozen.ii_tt4520988,2019,1,0,0,1,24741,64,796,1539,8426,2916,6695,3967,338
frozen.river_tt0978759,2008,0,1,1,0,23232,89,375,9454,5368,2352,4596,582,416
frozen_tt2294629,2013,1,1,0,1,24505,73,461,1590,8386,2806,7650,2995,544
fruitvale.stati_tt2334649,2013,0,1,0,0,20388,88,1023,7432,7952,1329,1646,644,274
fugitive,1993,1,1,0,0,31232,7,1022,9187,12647,2739,4360,1103,167
fugitive.kind_tt0052832,1960,1,0,0,0,31151,0,68,5716,15679,3566,5889,205,28
fugitive_tt0039402,1947,0,1,0,0,23866,0,174,1894,10174,3230,7790,528,76
full.monty_tt0119164,1997,0,1,0,0,21994,0,498,2953,10381,3904,3775,352,131
full_metal_jacket,1987,1,0,0,0,27931,0,208,3699,8163,6104,8641,1012,104
fun.with.dick.a_tt0076059,1977,1,0,0,0,24563,11,1291,2246,11238,5208,4414,63,92
fun.with.dick.a_tt0369441,2005,1,0,0,0,23197,0,1043,2484,11423,3650,4198,293,106
funeral.in.berl_tt0060437,1966,1,0,0,0,24489,0,250,2525,12291,2556,6357,510,0
funhouse_tt0082427,1981,1,0,0,0,24432,40,519,3891,10946,3390,4991,234,421
funny.face_tt0050419,1957,1,1,0,0,24764,0,146,375,6140,6568,10963,572,0
funny.farm_tt0095188,1988,1,0,0,0,24294,15,387,1149,10954,6204,4526,911,148
funny.girl_tt0062994,1968,1,1,0,0,37231,44,281,5349,17382,4447,7051,2529,148
funny.lady_tt0073026,1975,1,1,0,0,35456,66,294,3342,17662,7485,5126,1269,212
furiosa_tt12037194,2024,1,0,0,0,35536,37,2253,4391,10378,2931,12609,2816,121
furious_7,2015,1,0,0,0,32954,21,1699,8502,10476,1236,7228,3783,9
fury_road,2015,1,1,0,0,28864,0,1832,5440,8892,1216,9313,2012,159
fury_tt0077588,1978,1,0,0,0,28284,100,413,4368,11042,4943,5975,597,846
fury_tt2713180,2014,1,0,0,0,32284,1,1803,10107,11155,2258,5493,1320,147
fuzz_tt0068617,1972,1,0,0,0,22341,0,491,3401,10555,3667,3934,289,4
fx_tt0089118,1986,1,0,0,0,25970,10,373,3632,12296,3374,5374,485,426
g.i..jane_tt0119173,1997,1,0,0,0,32202,7,1503,13734,8822,2034,4421,1234,447
g.men_tt0026393,1935,1,0,0,0,20695,9,679,669,12591,3757,2722,190,78
gabriel.over.th_tt0024044,1933,1,0,0,0,20600,0,170,1221,8166,6775,3667,496,105
galaxy.quest_tt0177789,1999,1,0,0,0,24488,29,1404,5589,11613,1845,2918,1008,82
gambit_tt0060445,1966,1,0,0,0,26012,0,658,4323,14621,3222,2803,344,41
game.night_tt2704998,2018,1,0,0,0,24000,43,1227,5836,11417,2426,2575,442,34
game_plan,2007,1,0,0,0,26440,22,747,7031,12516,2148,3283,693,0
game_tt0119174,1997,1,0,0,0,30621,4,1102,6177,14767,1879,5376,564,752
gandhi,1982,1,1,0,0,45849,424,1025,11356,15756,3780,10043,2888,577
gangs.all.here_tt0035916,1943,1,0,0,0,24764,0,280,1076,9621,6743,6364,508,172
gangs.of.new.yo_tt0217505,2002,0,1,0,0,39943,110,2275,6186,17334,4107,8242,953,736
garfield_tt0356634,2004,1,0,0,0,19221,33,743,1982,7053,1516,7693,125,76
garfield_tt5779228,2024,1,0,0,1,24217,10,579,2371,7742,2533,9267,1515,200
gasland_tt1558250,2010,0,1,0,0,24659,148,2127,6024,5436,1896,5747,2456,825
gaslight_tt0036855,1944,1,1,0,0,27282,0,363,3333,16459,3589,3249,126,163
gate.of.hell_tt0045935,1953,1,1,0,0,21449,0,554,287,6702,2875,10522,456,53
gay.divorcee_tt0025164,1934,1,1,0,0,27060,17,104,248,11178,7746,7393,271,103
general.died.at_tt0027664,1936,1,0,0,0,23550,6,242,2364,14786,3852,1835,339,126
general_tt0017925,1926,0,1,0,0,19299,1,53,29,1211,2878,13402,306,1419
generals_daughter,1999,1,0,0,0,27901,16,1063,10221,9463,1435,4501,759,443
genevieve_tt0045808,1953,0,1,0,0,22170,0,356,649,8981,6785,4710,499,190
gentlemans.agre_tt0039416,1947,1,1,0,0,28359,0,41,2272,18657,4698,2330,147,214
gentlemen,2019,1,0,0,0,27253,0,1707,7189,13064,2475,2303,507,8
gentlemen.prefe_tt0045810,1953,1,0,0,0,21919,0,62,312,12151,6013,2948,252,181
george_of_the_jungle_fs,1997,1,0,0,0,22019,19,1005,4576,7579,3660,4019,1014,147
georgy.girl_tt0060453,1966,1,1,0,0,25389,0,174,2669,14696,3830,3874,141,5
get.out.your.ha_tt0078122,1978,0,1,0,0,26069,0,41,3682,11861,5001,5256,228,0
get_hard,2015,1,0,0,0,24050,29,907,5021,12880,2481,2169,501,62
get_out,2017,1,1,0,0,24955,5,1209,9041,9238,2541,2289,622,10
get_shorty,1995,1,1,0,0,25128,0,392,4663,13690,2685,2467,573,658
get_smart_fs,2008,1,0,0,0,26358,4,1251,3875,13895,1744,4356,1115,118
getaway_tt0068638,1972,1,0,0,0,29448,0,619,3756,14958,3448,6270,268,129
gforce_tt0436339,2009,1,0,0,1,21161,87,2141,6897,5142,431,5543,901,19
ghost,1990,1,1,0,0,30366,57,1111,10195,12302,2835,2967,304,595
ghost.and.mrs.._tt0039420,1947,1,1,0,0,25039,0,16,992,13926,6554,3245,218,88
ghost.and.the.d_tt0116409,1996,1,0,0,0,26358,125,760,7655,8445,2018,4979,1490,886
ghost.breakers_tt0032520,1940,1,0,0,0,20343,0,202,496,9534,6173,3547,190,201
ghost.story_tt0082449,1981,1,0,0,0,28451,14,541,9148,9090,3463,5017,383,795
ghost.world_tt0162346,2001,0,0,1,0,26727,10,1158,1881,14461,5668,3113,305,131
ghost.writer_tt1139328,2010,0,1,0,0,30806,6,2363,5682,15298,2578,4311,465,103
ghost_rider,2007,1,0,0,0,26429,157,1773,8267,8760,1091,4524,1696,161
ghostb_tt21235248,2024,1,0,0,0,27597,15,2010,6103,11632,1488,4424,1754,171
ghostbusters.afterlife_tt4513678,2021,1,0,0,0,29708,0,1989,6109,12671,1598,5350,1942,49
ghostbusters_1984,1984,1,0,0,0,27007,15,401,7264,9012,4040,4764,997,514
ghostbusters_2,1989,1,0,0,0,27827,38,802,6769,10551,3316,4539,941,871
ghostbusters_2016,2016,1,0,0,0,27953,78,690,2366,14370,3417,5327,1692,13
gi_joe_retaliation,2013,1,0,0,0,26438,58,1710,7088,8780,1095,4971,2727,9
gi_joe_the_rise_of_cobra,2009,1,0,0,0,28286,20,2209,5618,9893,1667,6018,2843,18
gigi_tt0051658,1958,1,1,0,0,27684,0,163,18,10526,11770,5064,62,81
gilda_tt0038559,1946,1,0,0,0,26417,0,274,1283,16771,4301,3483,121,184
gilded.lily_tt0026409,1935,1,0,0,0,19988,32,228,952,13131,3187,1854,341,263
gimme.shelter_tt0065780,1970,1,0,0,0,23562,42,318,6168,8270,4512,3433,618,201
girl.cant.help._tt0049263,1956,1,0,0,0,23400,0,145,335,10249,8060,4341,224,46
girl.crazy_tt0035942,1943,1,0,0,0,23660,0,73,851,10897,5364,6246,229,0
girl.in.my.soup_tt0066449,1970,1,0,0,0,24574,27,319,4075,13513,3642,2396,499,103
girl.of.the.gol_tt0030182,1938,1,0,0,0,28993,0,269,2011,15328,6392,4547,210,236
girl.on.the.tra_tt3631112,2016,1,0,0,0,26874,41,1706,14309,6717,1544,1594,812,151
girl.with.a.pea_tt0335119,2003,0,1,0,0,24028,0,2063,7300,9655,1905,2555,325,225
girl.with.green_tt0058142,1964,0,1,0,0,22140,68,243,4408,11602,2948,2473,353,45
girl.with.the.d_tt1568346,2011,0,1,0,0,37914,21,3068,8171,19880,2338,3806,588,42
girlfight_tt0210075,2000,0,1,0,0,28481,24,948,5238,12630,5047,3710,355,529
girlfriend.expe_tt1103982,2009,0,0,1,0,19765,3,447,2658,9565,1532,4817,410,333
girls_trip,2017,1,0,0,0,29265,4,465,4127,17913,4224,1813,719,0
gladiator,2000,1,1,0,0,39810,31,1506,16651,10426,2255,5858,2070,1013
gladiator.2_tt9218128,2024,1,0,0,0,35447,51,2774,7388,12933,2748,7839,1484,230
glass,2019,1,0,0,0,30934,112,1352,9159,10791,3694,5027,694,105
glass.bottom.bo_tt0060463,1966,1,0,0,0,26409,0,375,1232,16080,4523,3610,548,41
glass.slipper_tt0048124,1955,1,0,0,0,22554,0,94,827,7150,4279,9598,602,4
glenn.miller.st_tt0047030,1954,1,0,0,0,26976,0,427,1949,12024,6443,5257,790,86
glory_tt0097441,1989,1,1,0,0,31380,17,1011,9295,10581,4247,5077,691,461
gnomeo..juliet_tt0377981,2011,1,0,0,1,20106,180,856,2484,4973,1016,9443,693,461
go.west.young.m_tt0027684,1936,1,0,0,0,20375,11,148,198,11059,5515,2942,179,323
go_tt0139239,1999,0,0,1,0,24437,17,487,9047,10909,1526,2056,183,212
god.is.my.copil_tt0037746,1945,1,0,0,0,21119,0,401,3041,8165,2915,3229,3307,61
god.told.me.to_tt0075930,1976,0,0,1,0,21541,44,467,6857,8579,1972,2773,440,409
godfather.part._tt0071562,1974,1,1,0,0,48452,0,501,3995,23661,7950,10903,665,777
godfather.part._tt0099674,1990,1,1,0,0,40817,25,1282,5252,16757,6719,8752,1607,423
godfather_tt0068646,1972,1,1,0,0,42479,12,659,6993,21366,4507,7684,733,525
gods.and.monste_tt0120684,1998,0,1,1,0,25279,46,735,9467,10515,2056,1837,252,371
gods.little.acr_tt0051666,1958,1,1,0,0,30262,0,85,1092,10970,8808,9009,232,66
gods.must.be.cr_tt0080801,1980,0,1,0,0,27958,0,539,2566,7634,5883,9904,1422,10
gods.own.countr_tt5635086,2017,0,1,0,0,25195,9,1499,10019,8805,1540,2783,470,70
godzilla,1998,1,0,0,0,35627,21,2437,8581,11568,1638,7757,3531,94
godzilla.and.ko_tt14539740,2024,1,0,0,0,27496,58,2363,6105,7832,1014,5128,4985,11
godzilla.vs..ko_tt5034838,2021,1,0,0,0,27129,47,2604,6173,8165,709,4373,5026,32
godzilla2014,2014,1,0,0,0,29523,64,1857,5702,10984,1008,5786,4097,25
godzilla_king_of_the_monsters,2019,1,0,0,0,31581,37,3100,7482,9756,1415,4903,4877,11
goin.to.town_tt0026419,1935,1,0,0,0,18130,14,96,279,8756,5885,2774,129,197
going.hollywood_tt0024067,1933,0,1,0,0,18661,0,58,994,10760,3986,2608,170,85
going.in.style_tt0079219,1979,0,1,0,0,23572,0,439,2770,11259,5986,2372,320,426
going.my.way_tt0036872,1944,1,1,0,0,30345,0,10,63,17761,7689,4406,297,119
gold.diggers.of_tt0024069,1933,1,0,0,0,23397,3,461,1781,12237,5069,3680,159,7
gold.rush_tt0015864,1925,1,1,0,0,21398,0,346,219,4933,3581,9488,177,2654
golden.compass_tt0385752,2007,1,0,0,0,27147,20,2327,8120,7864,1188,5263,2248,117
golden.door_tt0465188,2006,0,1,0,0,28296,50,1157,8960,11552,1269,3632,1248,428
golden.voyage.o_tt0071569,1973,1,0,0,0,25177,84,298,2290,8814,2922,9502,1111,156
golden_child,1986,1,0,0,0,22410,5,614,7097,7170,1948,4044,954,578
goldeneye,1995,1,0,0,0,33328,115,1780,11195,9404,1587,6529,2626,92
goldfinger_tt0058150,1964,1,0,0,0,26379,15,1471,2187,9719,4579,6994,1364,50
goldmember,2002,1,0,0,0,24276,3,1487,5783,10623,2198,3597,553,32
goldwyn.follies_tt0030194,1938,1,1,0,0,27644,0,267,876,11540,7835,6744,331,51
gomorrah_tt0929425,2008,0,1,0,0,32944,5,769,11238,11406,2030,5711,1369,416
gone.with.the.w_tt0031381,1939,1,1,0,0,55898,11,309,6134,28324,8293,10164,1641,1022
gone_girl,2014,1,1,0,0,35730,0,1801,5938,20038,4025,3467,430,31
gone_in_60_seconds,2000,1,0,0,0,28284,54,1691,7604,11627,1318,5069,898,23
good.boys_tt6977338,2019,1,0,0,0,21488,13,1388,4476,10850,2099,2082,473,107
good.bye.lenin_tt0301357,2003,0,1,0,0,31112,2,1519,6377,14168,4380,3867,790,9
good.dinosaur_tt1979388,2015,1,0,0,1,22452,20,424,1629,4217,1077,12018,2811,256
good.earth_tt0028944,1937,1,1,0,0,33125,1,796,1258,15668,5742,8629,737,294
good.hair_tt1213585,2009,0,1,0,0,22927,17,544,9287,8148,2323,2059,370,179
good.neighbor.s_tt0058153,1964,1,0,0,0,31213,8,171,2457,15095,6454,6830,198,0
good.news_tt0039431,1947,1,0,0,0,22331,0,58,290,9075,7714,5028,64,102
good.night.and._tt0433383,2005,0,1,0,0,23865,12,1072,9543,9402,1648,1360,293,535
good.sam_tt0040395,1948,1,0,0,0,27542,120,159,817,17377,6760,1972,172,165
good.son_tt0107034,1993,1,0,0,0,20778,18,1000,4903,6694,2133,4877,858,295
good.the.bad.an_tt0060196,1966,1,1,0,0,42824,32,942,12495,13443,3446,11116,1233,117
good_morning_vietnam,1987,1,0,0,0,28968,13,1127,8142,12704,2800,2841,930,411
good_will_hunting,1997,1,1,0,0,30355,27,843,8412,14351,2767,2744,1175,36
goodbye.childre_tt0092593,1987,0,1,0,0,25157,29,419,1579,12744,4189,5914,110,173
goodbye.columbu_tt0064381,1969,1,0,0,0,24386,28,53,3502,10694,5191,4456,248,214
goodbye.dragon._tt0377556,2003,0,1,0,0,19700,92,141,1199,5035,3136,9303,677,117
goodbye.girl_tt0076095,1977,1,1,0,0,26519,0,143,1959,12313,7831,4020,84,169
goodbye.mr..chi_tt0031385,1939,1,1,0,0,27380,0,97,1660,14544,6324,4003,590,162
goodbye.to.lang_tt2400275,2014,0,1,0,0,16676,20,1041,1329,4551,2866,3926,2715,228
goodfellas_tt0099685,1990,1,1,0,0,34912,61,1461,6731,17721,3963,3750,587,638
goonies,1985,1,0,0,0,27323,26,1009,5216,12509,1911,5041,843,768
goosebumps_tt1051904,2015,1,0,0,0,24760,36,1507,6302,9627,1220,4775,1246,47
gorgeous.hussy_tt0027690,1936,1,1,0,0,24724,8,184,926,12368,6103,4660,233,242
gorillas.in.the_tt0095243,1988,1,1,0,0,30977,16,933,9296,9997,4251,5270,1016,198
gosford.park_tt0280707,2001,0,1,0,0,32848,8,481,1789,20315,5023,4757,294,181
gospel.accordin_tt0058715,1964,0,1,0,0,34438,206,474,14614,5713,1693,10174,1438,126
gothika_tt0348836,2003,1,0,0,0,23490,49,1128,8600,7252,1133,4413,585,330
grace.is.gone_tt0772168,2007,0,0,1,0,20432,73,588,5133,6980,2987,3882,460,329
grace.of.my.hea_tt0116442,1996,0,0,1,0,29760,80,843,4884,16154,4395,2360,304,740
graduate_tt0061722,1967,1,1,0,0,25428,0,167,5616,13074,2521,3207,843,0
graduation_tt4936450,2016,0,1,0,0,30615,0,280,4190,21783,1802,2017,195,348
gran_torino,2008,1,0,0,0,27932,0,223,4624,16417,3506,2894,168,100
grand.budapest._tt2278388,2014,0,1,0,0,25665,54,1367,821,10767,3142,8051,810,653
grand.canyon_tt0101969,1991,1,0,0,0,32179,15,792,9381,13795,2718,4084,860,534
grand.hotel_tt0022958,1932,1,1,0,0,26990,0,133,1606,15900,6977,2197,126,51
grand.illusion_tt0028950,1937,0,1,0,0,27136,0,261,816,13357,6235,5893,197,377
grand.prix_tt0060472,1966,1,0,0,0,25129,12,594,3084,10345,3534,4421,3073,66
grapes.of.wrath_tt0032551,1940,1,1,0,0,30900,75,246,2855,12169,4476,10445,487,147
grass.is.greene_tt0053877,1960,1,0,0,0,26893,0,69,592,10348,12810,2669,399,6
gravity,2013,1,1,0,0,21815,19,2547,2785,7737,270,3450,4837,170
grease_tt0077631,1978,1,1,0,0,26484,0,326,2406,11876,4805,6784,277,10
greased.lightni_tt0076106,1977,1,0,0,0,23083,0,108,4350,9489,3938,4874,300,24
great.beauty_tt2358891,2013,0,1,0,0,33916,15,370,10618,11525,1942,6890,2435,121
great.caruso_tt0043599,1951,1,0,0,0,26195,0,795,604,10872,8304,5464,156,0
great.dictator_tt0032553,1940,1,1,0,0,30113,0,204,1411,11609,7370,8747,475,297
great.escape_tt0057115,1963,1,0,0,0,41279,0,130,548,20310,8716,10320,1172,83
great.expectati_tt0038574,1946,1,1,0,0,28337,0,479,1401,14124,5929,5753,467,184
great.gatsby_tt0041428,1949,1,0,0,0,21888,73,110,792,8323,7227,4866,326,171
great.gatsby_tt0071577,1974,1,0,0,0,34398,96,960,8348,14344,4822,5210,597,21
great.lie_tt0033677,1941,1,0,0,0,25808,0,113,986,11354,9163,3684,286,222
great.mouse.det_tt0091149,1986,1,0,0,1,17799,58,505,1018,6117,1319,7900,800,82
great.race_tt0059243,1965,1,1,0,0,38356,0,784,910,13827,8169,12769,1873,24
great.train.rob_tt0079240,1978,1,0,0,0,26587,0,265,2351,11437,3275,8569,585,105
great.waldo_tt0073075,1975,1,0,0,0,25842,2,409,2986,11260,2601,4651,3841,92
great.waltz_tt0030202,1938,0,1,0,0,24857,137,350,4290,10976,3391,5129,440,144
great.white.hop_tt0065797,1970,1,0,0,0,24664,0,90,4508,10039,4516,4869,617,25
great.ziegfeld_tt0027698,1936,1,1,0,0,44483,0,349,2144,19507,8781,13035,371,296
great_gatsby,2013,1,0,0,0,34071,258,2386,7901,13426,1985,4846,3179,90
great_muppet_caper,1981,1,0,0,0,25149,2,459,2813,12780,3541,4829,524,201
great_outdoors,1988,1,0,0,0,21705,9,444,5871,8481,2818,3297,681,104
greatest.show.o_tt0044672,1952,1,1,0,0,36571,0,201,971,13728,5533,15755,373,10
greatest.story._tt0059245,1965,1,0,0,0,47753,0,1203,6832,10254,3397,21124,4919,24
greatest_showman,2017,1,0,0,0,25137,58,656,5604,9552,2154,6006,851,256
greatest_tt0076111,1977,1,0,0,0,24361,0,118,3980,9287,6090,4344,468,74
greek.tycoon_tt0077636,1978,1,0,0,0,26802,1,74,7796,9699,4442,3105,1572,113
green.berets_tt0063035,1968,1,0,0,0,34033,0,218,2350,13829,5470,9988,2078,100
green.book_tt6966692,2018,0,1,0,0,31188,2,1780,3044,17404,4140,4195,586,37
green.card_tt0099699,1990,1,1,0,0,25672,8,1348,6091,11055,3913,2766,178,313
green.dolphin.s_tt0039437,1947,1,1,0,0,33885,0,319,3230,15168,7987,6155,676,350
green.knight_tt9243804,2021,1,0,0,0,31117,50,1471,8664,9725,1724,6834,2240,409
green.mansions_tt0052864,1959,1,0,0,0,25023,0,150,5015,6339,4459,7364,1581,115
green.mile_tt0120689,1999,1,0,0,0,45234,74,1840,23570,11594,2433,4161,410,1152
green.pastures_tt0027700,1936,1,0,0,0,22259,13,256,1838,9013,5101,5444,449,145
green.years_tt0038578,1946,1,1,0,0,29930,40,156,1998,15063,8013,4359,216,85
green_hornet,2011,1,0,0,0,30540,42,1132,6237,14143,2626,5468,836,56
green_lantern,2011,1,0,0,0,27335,240,720,10486,7851,755,4071,3103,109
gregorys.girl_tt0082477,1980,0,1,0,0,21861,0,217,3492,12601,2233,2966,76,276
gremlins,1984,1,0,0,0,25472,31,705,4754,10424,2941,6219,382,16
gremlins.2.the._tt0099700,1990,1,0,0,0,25516,146,1071,3672,12219,2815,4563,808,222
gretel..hansel_tt9086228,2020,1,0,0,0,20938,13,646,1360,11782,1282,4631,1168,56
greystoke,1984,1,1,0,0,32842,60,937,7697,8963,4194,8560,2159,272
gridlockd_tt0119225,1997,0,0,1,0,21806,14,1576,2316,10129,3610,3902,130,129
grifters_tt0099703,1990,0,1,1,0,28287,3,1051,7238,12790,3090,3256,422,437
grinch_tt2709692,2018,1,0,0,1,20579,150,1318,1739,4312,988,10279,1610,183
grizzly.man_tt0427312,2005,0,1,0,0,24971,39,906,5571,6654,6269,4146,1223,163
groove.tube_tt0071583,1974,1,0,0,0,17516,0,1058,1730,6256,3750,3221,589,912
groundhog_day,1993,1,0,0,0,25955,47,654,4421,13568,2796,3700,520,249
grown_ups,2010,1,0,0,0,24536,12,565,1260,12140,4690,4566,626,677
grown_ups_2,2013,1,0,0,0,24212,207,540,1723,11635,4628,4494,723,262
grudge,2004,1,0,0,0,23488,53,1757,4664,10334,2417,3247,832,184
grudge_2020,2019,1,0,0,0,22476,7,1491,5272,9479,1190,4236,748,53
grumpier.old.me_tt0113228,1995,1,0,0,0,24223,29,462,2931,13306,4106,2397,352,640
grumpy_old_men_fs,1993,1,0,0,0,24793,49,421,5982,11275,2323,4339,149,255
guadalcanal.dia_tt0035957,1943,1,0,0,0,22308,0,522,1893,7429,4132,7144,1074,114
guardians.of.th_tt6791350,2023,1,0,0,0,35975,187,1378,10289,9829,3225,9515,1512,40
guardians_of_the_galaxy,2014,1,0,0,0,28973,5,1575,5426,10138,1900,6647,3251,31
guardians_of_the_galaxy_2,2017,1,0,0,0,32546,24,1053,8081,9602,2635,7909,3226,16
guarding.tess_tt0109951,1994,1,0,0,0,22905,29,336,4017,10495,3693,3199,613,523
guess.who_tt0372237,2005,1,0,0,0,26999,0,384,5288,13551,4286,2852,499,139
guess.whos.comi_tt0061735,1967,1,1,0,0,25929,0,20,2632,16753,4523,1785,216,0
guillermo.del.t_tt1488589,2022,0,1,0,1,28234,24,1659,2317,9823,1993,10991,1379,48
guilty_tt6742252,2018,0,1,0,0,22716,154,808,15339,4970,92,420,912,21
gullivers.trave_tt0031397,1939,1,0,0,1,19637,16,331,214,2327,1447,14397,617,288
gummo_tt0119237,1997,0,0,1,0,21387,16,1271,4519,8458,3037,3782,262,42
gunfight.at.the_tt0050468,1957,1,0,0,0,29409,0,87,136,9721,9342,9512,577,34
gung.ho_tt0091159,1986,1,0,0,0,26863,3,490,2447,14597,4164,4677,421,64
gunga.din_tt0031398,1939,1,0,0,0,28068,0,142,2053,10592,4731,9365,1141,44
guns.of.navaron_tt0054953,1961,1,1,0,0,40237,0,622,4771,17691,3971,9811,2990,381
guys.and.dolls_tt0048140,1955,1,1,0,0,35771,0,55,496,20840,7335,6718,253,74
gypsy_tt0056048,1962,1,1,0,0,34321,0,48,251,12353,9615,11590,464,0
hacksaw.ridge_tt2119532,2016,1,1,0,0,33684,4,1688,12045,11454,1763,4957,1682,91
hair_tt0079261,1979,1,0,0,0,31061,89,363,7385,10014,3748,8532,839,91
hairspray,2007,1,0,0,0,27837,224,546,2419,13703,4091,5691,1133,30
half.nelson_tt0468489,2006,0,0,1,0,25586,10,947,12512,7611,1898,1277,303,1028
hallelujah.trai_tt0059250,1965,1,0,0,0,37273,0,132,1197,10416,9903,11782,3713,130
halloween.ends_tt10665342,2022,1,0,0,0,26576,42,1303,6625,11659,1712,4073,935,227
halloween.h20.2_tt0120694,1998,1,0,0,0,20577,20,1582,5246,8272,1564,3500,269,124
halloween_2,1981,1,0,0,0,23760,1,625,3366,11171,2427,4957,415,798
halloween_tt0077651,1978,1,0,1,0,21804,50,413,2470,8197,4152,5615,682,225
halloween_tt0373883,2007,1,0,0,0,26390,108,1367,9696,8520,1197,4315,687,500
halloween_tt1502407,2018,1,0,0,0,25364,51,1004,6535,11710,1540,3377,1029,118
halls.of.montez_tt0042539,1951,1,0,0,0,27093,0,239,497,11416,8319,5688,716,218
hamlet_tt0040416,1948,1,1,0,0,36819,4,199,1550,15026,5802,13131,627,480
hamnet_tt14905854,2025,0,1,0,0,30052,7,1600,8685,9381,1593,7256,1182,348
hancock,2008,1,0,0,0,22114,141,1890,10354,5834,682,2071,958,184
hand_that_rocks_the_cradle,1992,1,0,0,0,26466,12,522,5940,10758,4817,3708,664,45
hand_tt0082497,1981,1,0,0,0,25026,191,1394,8375,8714,2483,3209,403,257
hands.across.th_tt0026452,1935,1,0,0,0,20606,39,175,2196,9751,6791,1393,160,101
hang.em.high_tt0061747,1968,1,0,0,0,27525,10,290,7394,8752,5174,5328,468,109
hangover_2,2011,1,0,0,0,24410,5,773,4685,12299,2830,2835,968,15
hangover_3,2013,1,0,0,0,25724,0,604,5350,11044,2723,4319,1645,39
hangover_fs,2009,1,0,0,0,23917,10,708,3502,12205,3706,3170,608,8
hannah.and.her._tt0091167,1986,1,1,0,0,25635,0,225,3033,11317,5211,4299,312,1238
hannah.montana._tt1114677,2009,1,0,0,0,24532,15,902,2451,11285,3907,5151,820,1
hannah.montana._tt1127884,2008,1,0,0,0,19760,0,648,384,4246,4373,8357,1645,107
hannibal,2001,1,0,0,0,31536,96,2486,10926,9199,2553,5097,943,236
hans.christian._tt0044685,1952,1,1,0,0,26944,4,86,203,9087,7040,10113,291,120
happening_tt0949731,2008,1,0,0,0,21667,5,672,4927,7735,2466,4109,1667,86
happening_tt13880104,2021,0,1,0,0,23959,59,1078,7363,13182,892,340,559,486
happiest.millio_tt0061749,1967,1,0,0,0,44314,0,425,1999,20604,10857,9320,1096,13
happiness_tt0147612,1998,0,0,1,0,33553,149,797,9298,16487,4358,1653,404,407
happy.death.day_tt5308322,2017,1,0,0,0,23063,7,1098,8355,9538,1468,1826,757,14
happy.feet_tt0366548,2006,1,1,0,1,26010,17,1365,1801,3612,427,16154,2624,10
happy.gilmore_tt0116483,1996,1,0,0,0,22015,62,594,961,8652,5054,5875,374,443
happygolucky_tt1045670,2008,0,1,0,0,28423,0,310,7834,11897,3174,3652,827,729
hard.candy_tt0424136,2005,0,0,1,0,24976,114,1819,16293,4633,732,773,413,199
hard.target_tt0107076,1993,1,0,0,0,23062,81,1310,6214,6660,2400,5441,442,514
hard.times_tt0073092,1975,1,0,0,0,22393,0,106,2935,10760,3380,4834,257,121
hard.way_tt0034828,1943,1,0,0,0,26150,69,202,2033,15015,5166,3484,115,66
hard_to_kill,1990,1,0,0,0,22946,197,988,4381,9449,3350,4046,297,238
hardcore_tt0079271,1979,1,0,0,0,25825,0,448,3412,13102,4188,3977,554,144
harlan.county.u_tt0074605,1976,0,1,0,0,25075,1,307,10829,7907,2235,2949,236,611
harlem_nights,1989,1,0,0,0,27745,27,421,7679,11929,2867,3231,1333,258
harold.and.maud_tt0067185,1971,0,0,1,0,21913,0,207,2258,8114,3008,7603,722,1
harper_tt0060490,1966,1,0,0,0,28985,0,181,5229,14043,3651,5060,696,125
harry.and.the.h_tt0093148,1987,1,0,0,0,26585,97,1003,6448,11357,3086,4140,326,128
harry.and.tonto_tt0071598,1974,0,1,0,0,27665,0,208,7175,9498,5607,4806,346,25
harry.and.walte_tt0074608,1976,1,0,0,0,26742,0,397,3466,16561,2837,3358,62,61
harry_potter_azkaban,2004,1,0,0,0,33964,299,2373,2199,14141,3231,9207,2458,56
harry_potter_chamber_of_secrets,2002,1,0,0,0,38591,112,2251,12133,13796,1716,6203,1773,607
harry_potter_deathly_hallows_1,2010,1,0,0,0,37527,53,2659,6413,15400,3190,6821,2413,578
harry_potter_deathly_hallows_2,2011,1,0,0,0,31273,72,1660,4684,12069,1793,6915,3491,589
harry_potter_goblet_of_fire,2005,1,0,0,0,37657,510,1884,10102,13736,1812,5873,2445,1295
harry_potter_half_blood_prince,2009,1,0,0,0,36800,8,1898,5238,16691,3142,7513,2127,183
harry_potter_phoenix,2007,1,0,0,0,33139,53,1575,4256,16102,2470,5737,2600,346
harry_potter_sorcerers_stone,2001,1,0,0,0,36530,32,1940,12542,11984,1784,6235,1566,447
harvey.girls_tt0038589,1946,1,0,0,0,24232,0,53,788,9916,6995,6154,146,180
harvey_tt0042546,1950,1,1,0,0,25028,0,55,169,11930,8769,3938,45,122
hatari_tt0056059,1962,1,0,0,0,37716,0,62,249,10222,12267,13880,979,57
haunted.mansion_tt0338094,2003,1,0,0,0,21116,22,1154,3086,9219,2245,4061,1151,178
haunted.mansion_tt1695843,2023,1,0,0,0,29485,236,1883,4107,14733,1592,5456,1431,47
haunting,1999,1,0,0,0,27021,9,1405,8066,8361,1505,5407,1547,721
hawaii_tt0060491,1966,1,1,0,0,41490,0,120,2206,21306,7186,9476,1195,1
he.knows_tt0080850,1980,1,0,0,0,22465,119,685,3365,10537,3684,3760,197,118
he.who.must.die_tt0050237,1957,0,1,0,0,30646,0,9,1449,11499,4188,13196,279,26
heartbeeps_tt0082507,1981,1,0,0,0,18625,78,1035,2435,5589,2887,5391,681,529
heartbreak.ridg_tt0091187,1986,1,0,0,0,31148,0,123,7075,13632,4541,4979,798,0
heartburn_tt0091188,1986,1,0,0,0,26230,6,241,4080,15107,4296,1620,345,535
hearts.and.mind_tt0071604,1974,0,1,0,0,26858,0,617,11484,8513,2050,3059,1030,105
heat.and.dust_tt0084058,1983,0,1,0,0,31277,0,150,3700,14369,6077,5806,423,752
heat_2013,2013,1,0,0,0,28065,0,302,5214,16164,3396,2530,433,26
heat_tt0113277,1995,1,1,0,0,40888,14,1430,16976,14170,2060,5113,1081,44
heathers_tt0097493,1989,0,1,1,0,24700,19,674,4586,12843,3537,2736,148,157
heaven.can.wait_tt0035979,1943,1,1,0,0,26888,0,241,867,14752,7794,2842,198,194
heaven.can.wait_tt0077663,1978,1,1,0,0,24244,0,138,1717,9054,6308,6265,744,18
heaven.is.for.r_tt1929263,2014,1,0,0,0,23857,33,1783,2786,11073,3121,3149,1431,481
heaven.knows.mr_tt0050490,1957,1,0,0,0,25451,0,421,4646,13063,2566,3399,1239,117
heavenly.creatu_tt0110005,1994,0,1,0,0,27950,45,1147,9248,9545,2613,3624,870,858
hedwig.and.the._tt0248845,2001,0,1,0,0,21954,155,1164,7824,6797,2942,2649,241,182
heiress_tt0041452,1949,1,1,0,0,27685,0,259,706,17717,5632,3177,151,43
helen.of.troy_tt0049301,1956,1,0,0,0,28945,0,142,2785,9888,4299,10557,1052,222
hell.or.high.wa_tt2582782,2016,0,1,0,0,24518,0,326,2668,11982,4284,4595,649,14
hellboy.ii.the._tt0411477,2008,1,0,0,0,28719,12,1506,4612,12051,2286,6198,1846,208
hellboy_tt0167190,2004,1,0,0,0,31332,23,2767,6880,11795,1469,6552,1643,203
hello.dolly_tt0064418,1969,1,1,0,0,35593,0,13,1647,11921,8777,11639,1507,89
hello.frisco.he_tt0035982,1943,1,1,0,0,23689,0,386,1667,10226,4533,6388,332,157
help,2011,1,1,0,0,35067,64,1415,2374,19387,6487,4741,527,72
henry.v_tt0097499,1989,0,1,0,0,33037,79,376,13051,11763,2995,3986,426,361
her.highness.an_tt0037769,1945,1,0,0,0,26516,0,67,2735,14147,6266,3018,254,29
her_tt1798709,2013,0,1,0,0,30174,58,1827,13247,8775,2262,2810,1042,153
herbie.fully.lo_tt0400497,2005,1,0,0,0,24190,7,1587,5653,8423,1786,5062,1102,570
herbie.goes.to._tt0076137,1977,1,0,0,0,25146,0,344,3011,10346,3496,6093,1856,0
herbie.rides.ag_tt0071607,1974,1,0,0,0,21192,0,227,3086,9495,2296,5189,856,43
hercules_tt0050381,1958,1,0,0,0,26211,0,185,1373,10915,4275,8498,828,137
hercules_tt1267297,2014,1,0,0,0,23521,13,1325,6190,8155,1485,4789,1553,11
here.come.the.w_tt0036912,1944,1,0,0,0,23819,0,152,306,12046,4209,6029,908,169
here.comes.mr.._tt0033712,1941,1,1,0,0,22569,4,55,383,11713,6901,2894,216,403
here.is.my.hear_tt0025239,1934,1,0,0,0,18386,0,304,712,10803,4440,1542,202,383
hero.at.large_tt0080863,1980,1,0,0,0,23480,0,141,2943,14717,2642,2932,105,0
hero_tt0299977,2002,0,1,0,0,23777,239,1751,8539,3703,752,6192,2087,514
heroes_tt0076138,1977,1,0,0,0,27028,3,230,5139,12800,4074,4299,472,11
hes.just.not.th_tt1001508,2009,1,0,0,0,31001,0,1223,6689,17628,2837,1575,341,708
hester.street_tt0073107,1975,1,0,0,0,21444,43,143,2867,12393,3717,1926,107,248
hi.mom_tt0065836,1970,0,0,1,0,22334,1,583,3836,12730,2881,1771,369,163
hidalgo_tt0317648,2004,1,0,0,0,32702,61,1169,10070,9125,2116,7800,1300,1061
hidden.fortress_tt0051808,1958,0,1,0,0,33327,0,503,1257,8569,4838,16969,1020,171
hidden_figures,2016,1,0,0,0,30383,38,1939,3602,12988,3636,7055,1057,68
high.and.low_tt0057565,1963,0,1,0,0,34450,0,451,2456,18259,7690,4921,649,24
high.and.the.mi_tt0047086,1954,1,0,0,0,35333,0,444,6232,20023,4910,2317,1353,54
high.anxiety_tt0076141,1977,1,0,0,0,22473,44,562,3849,9627,3388,4176,771,56
high.art_tt0139362,1998,0,1,0,0,24473,29,1353,8043,12304,1426,805,328,185
high.noon_tt0044706,1952,1,1,0,0,20327,0,130,2875,7893,5056,4138,235,0
high.plains.dri_tt0068699,1973,1,0,0,0,25176,0,68,6244,10117,2773,5537,414,23
high.road.to.ch_tt0085678,1983,1,0,0,0,25296,26,264,4430,12777,2741,2803,2230,25
high.society_tt0049314,1956,1,0,0,0,26768,0,100,508,9655,10184,5768,325,228
high.treason_tt0018996,1929,0,1,0,0,17278,0,1097,1313,5001,4729,3596,1399,143
high_school_musical_3,2008,1,0,0,0,26774,0,794,1513,12100,3798,8054,511,4
higher.learning_tt0113305,1995,1,0,0,0,32859,89,905,8292,14084,4030,4361,640,458
hills.have.eyes_tt0077681,1977,0,0,1,0,21584,18,583,6696,7161,2470,3983,325,348
hilo.country_tt0120699,1998,0,1,0,0,27433,16,926,10798,9411,1858,3967,357,100
hindenburg_tt0073113,1975,1,1,0,0,30088,0,1365,2859,13876,2714,6540,2657,77
hiroshima.mon.a_tt0052893,1959,0,1,0,0,21697,30,876,3611,9905,1415,4794,987,79
history_of_the_world_part_1,1981,1,0,0,0,22126,0,145,2140,7796,3713,6993,885,454
hitch,2005,1,0,0,0,28356,19,1074,10036,12337,1773,2434,452,231
hitlers.childre_tt0034856,1943,1,0,0,0,19729,0,167,1411,9122,4390,4176,362,101
hitmans.bodygua_tt1959563,2017,1,0,0,0,28361,20,1308,7693,10800,1567,4476,2492,5
hitmans.wifes.b_tt8385148,2021,1,0,0,0,23905,0,1296,6240,9945,1682,2720,2022,0
hobbit_battle_of_the_five_armies,2014,1,0,0,0,34639,252,971,9481,8847,1480,9636,3753,219
hobbit_desolation_of_smaug,2013,1,0,0,0,37295,45,1749,8990,11307,1395,10180,3178,451
hobbit_unexpected_journey,2012,1,0,0,0,40666,28,1808,9674,12528,2319,9838,3940,531
hobsons.choice_tt0047094,1954,0,1,0,0,25934,0,211,440,13193,5411,6232,284,163
hocus.pocus_tt0107120,1993,1,0,0,0,23050,241,747,2771,11389,3375,4062,404,61
hoffa_tt0104427,1992,0,1,0,0,33569,59,1245,7788,14359,3376,5159,993,590
hold.your.man_tt0024130,1933,1,0,0,0,20757,0,188,1245,10191,6149,2808,111,65
holdovers_tt14849194,2023,0,1,0,0,31993,17,934,3542,16617,4608,5517,697,61
holes_tt0311289,2003,1,0,0,0,28148,10,863,9022,10099,2060,4839,506,749
holiday.in.mexi_tt0038606,1946,1,0,0,0,30550,0,253,2170,18380,5765,3637,345,0
holiday.inn_tt0034862,1942,1,0,0,0,24224,0,390,314,8614,5566,8873,292,175
holiday_tt0030241,1938,1,0,0,0,22996,0,105,228,11287,7829,3210,145,192
hollow_man,2000,1,0,0,0,28937,120,2689,8482,11117,1714,3605,634,576
hollywood.cante_tt0036922,1944,1,0,0,0,29714,0,87,1481,16139,5158,6338,499,12
hollywood.caval_tt0031433,1939,1,0,0,0,23265,101,732,2292,9359,5385,4869,241,286
hollywood.shuff_tt0093200,1987,0,0,1,0,19500,1,518,3793,9359,4072,1123,232,402
hollywoodland_tt0427969,2006,0,0,1,0,30271,9,689,5390,17273,2784,2361,395,1370
hombre_tt0061770,1967,1,0,0,0,26522,13,61,3267,12157,4569,5836,451,168
home.and.the.wo_tt0087328,1984,0,1,0,0,33170,10,757,5826,15993,5953,3878,202,551
home.before.dar_tt0051732,1958,1,1,0,0,32769,8,26,2834,19546,6610,3599,101,45
home.from.the.h_tt0053917,1960,1,0,0,0,35958,0,145,1226,13806,12890,7764,42,85
home.of.the.bra_tt0041481,1949,1,0,0,0,20626,0,438,1898,9916,5234,2839,204,97
home_alone,1990,1,0,0,0,24657,82,962,5218,9159,2504,6069,352,311
home_alone_2,1992,1,0,0,0,28775,39,1657,4713,11234,3174,7239,669,50
home_tt2224026,2015,1,0,0,1,22491,126,908,3594,6075,1959,6442,3382,5
homecoming_tt0040446,1948,1,0,0,0,28985,21,81,1665,15802,7174,3768,271,203
homeward.bound._tt0107131,1993,1,0,0,0,20289,156,1263,1656,6246,1793,7628,1320,227
homeward.bound._tt0116552,1996,1,0,0,0,21265,37,1557,3202,3889,1701,9439,846,594
homicide_tt0102048,1991,0,1,1,0,24306,3,1197,5172,13070,2128,1906,410,420
honest.thief_tt1838556,2020,1,0,0,0,23837,11,1244,4226,12869,1494,2420,1411,162
honey_i_blew_up_the_kid_fs,1992,1,0,0,0,21428,14,556,2081,9118,3061,5598,820,180
honey_i_shrunk_the_kids_fs,1989,1,0,0,0,22420,47,1386,2549,9196,2541,6283,271,147
honeymoon.in.ba_tt0031440,1939,1,0,0,0,25625,0,144,1837,15433,6180,1738,123,170
honeymoon.in.ve_tt0104438,1992,1,1,0,0,23130,37,550,3390,9132,4445,4450,767,359
honeymoon.kille_tt0064437,1970,0,0,1,0,25892,141,638,5092,15041,3176,1509,184,111
honeysuckle.ros_tt0080888,1980,1,0,0,0,28651,0,129,8174,11059,4512,4324,453,0
honky.tonk.free_tt0082525,1981,1,0,0,0,25639,1,423,3663,10737,3382,5715,1559,159
honky.tonk_tt0033726,1941,1,0,0,0,26968,0,38,2382,18213,4579,1586,59,111
hook,1991,1,0,0,0,36425,99,1186,9204,12545,3637,7774,1348,632
hoop.dreams_tt0110057,1994,0,1,1,0,44321,42,1807,9444,15783,7464,8312,521,948
hooper_tt0077696,1978,1,0,0,0,23852,0,503,2203,9030,6034,5435,617,30
hoosiers_tt0091217,1986,1,0,0,0,27541,21,723,2804,11810,3888,7339,499,457
hop_tt1411704,2011,1,0,0,1,22843,71,517,3420,7920,2766,7454,622,73
hope.and.glory_tt0093209,1987,0,1,0,0,28920,0,493,3449,11409,5719,7431,411,8
hope.floats_tt0119313,1998,1,0,0,0,27448,6,405,6449,12443,4254,2724,467,700
hope.springs_tt1535438,2012,1,0,0,0,23948,0,371,4768,12270,4661,1517,340,21
horrible_bosses,2011,1,0,0,0,23430,0,991,4339,14498,1420,1744,392,46
horse.soldiers_tt0052902,1959,1,0,0,0,28753,0,92,761,8818,8751,9782,478,71
horse_whisperer,1998,1,1,0,0,40581,119,2304,16211,12277,2999,4595,1698,378
horton.hears.a._tt0451079,2008,1,0,0,1,20660,168,431,3100,4654,2500,7738,1972,97
hospital_tt0067217,1971,1,1,0,0,24700,0,40,7589,13545,2019,1249,256,2
hot.dog....the._tt0087425,1984,1,0,0,0,22939,17,486,3226,7956,3212,7071,603,368
hot.millions_tt0063094,1968,1,0,0,0,25562,8,925,3968,12272,4892,3134,311,52
hot.rock_tt0068718,1972,1,0,0,0,24123,0,361,5001,10056,3060,4769,795,81
hot.shots.part._tt0107144,1993,1,0,0,0,21228,2,1094,6624,7656,2616,2387,474,375
hot_shots,1991,1,0,0,0,20311,3,1032,5187,7964,2222,2141,1443,319
hotel.for.dogs_tt0785006,2009,1,0,0,0,23968,0,1479,3386,8958,2576,7262,291,16
hotel.rwanda_tt0395169,2004,0,1,0,0,29213,0,1031,9129,11016,3342,3420,729,546
hotel.transylva_tt0837562,2012,1,0,0,1,21943,113,817,3003,7617,2089,6872,1356,76
hotel.transylva_tt2510894,2015,1,0,0,1,21407,18,1540,1905,7810,2182,6593,1319,40
hotel.transylva_tt5220122,2018,1,0,0,1,23351,169,1654,2591,6790,2104,7461,2565,17
hours_tt0274558,2002,0,1,0,0,27525,6,1503,8817,10884,2911,2930,317,157
house.calls_tt0077699,1978,1,0,0,0,23422,0,83,2911,13966,4171,2179,97,15
house.of.1000.c_tt0251736,2003,0,0,1,0,21359,69,976,5831,7963,1917,3234,1122,247
house.of.games_tt0093223,1987,0,1,1,0,26054,24,1369,5864,11496,3396,3042,286,577
house.of.mirth_tt0200720,2000,0,1,0,0,34689,0,637,11567,15318,2875,3032,1067,193
house.of.wax_tt0045888,1953,1,0,0,0,21214,0,101,993,9064,5443,5464,122,27
house.on.92nd.s_tt0037795,1945,1,0,0,0,21059,0,1102,221,12248,4175,2479,482,352
house.party_tt0099800,1990,1,1,0,0,26754,41,1457,6765,12702,2896,2519,189,185
house.with.a.cl_tt2119543,2018,1,0,0,0,25190,12,1350,3216,12679,2247,5005,643,38
house_tt0091223,1985,1,0,0,0,22148,0,448,6964,8497,2637,2542,816,244
houseboat_tt0051745,1958,1,0,0,0,26298,0,37,348,10058,8836,6528,491,0
housesitter_tt0104452,1992,1,0,0,0,24334,7,402,3233,12337,4850,2506,781,218
how.green.was.m_tt0033729,1941,1,1,0,0,28545,32,224,1262,9648,6164,10471,457,287
how.the.west.was.won_tt0056085,1962,1,1,0,0,39484,0,32,37,9441,7610,18913,3385,66
how.to.marry.a._tt0045891,1953,1,0,0,0,22895,0,55,122,8472,6901,6455,793,97
how.to.murder.y_tt0058212,1965,1,0,0,0,30455,69,513,1962,13265,8789,5452,349,56
how.to.steal.a._tt0060522,1966,1,0,0,0,29590,11,656,2760,13699,4962,7063,347,92
how.to.succeed._tt0061791,1967,1,0,0,0,29141,0,47,3362,15278,5343,4522,589,0
how.to.train.yo_tt0892769,2010,1,1,0,1,23457,229,2063,1809,9474,1888,6431,1532,31
how.to.train.yo_tt1646971,2014,1,1,0,1,24434,502,1433,3387,7741,2292,6326,2509,244
how.to.train.yo_tt2386490,2019,1,1,0,1,24959,146,747,1407,8069,2622,7890,3919,159
how.to.train_tt26743210,2025,1,0,0,0,30052,187,1590,5311,10915,1999,7428,2581,41
how_the_grinch_stole_christmas,2000,1,0,0,0,25189,109,828,4887,7687,1286,8062,1217,1113
how_to_lose_a_guy_in_10_days,2003,1,0,0,0,27683,0,525,5249,16703,2711,1651,341,503
howards.end_tt0104454,1992,0,1,0,0,34173,11,879,2509,18826,5363,5148,752,685
howards.of.virg_tt0032612,1940,1,0,0,0,27778,123,345,1304,12592,8032,4791,356,235
howl_tt1049402,2010,0,1,0,0,20256,72,1350,6512,7456,1533,2090,856,387
howling_tt0082533,1981,0,0,1,0,21785,158,1194,5118,9053,2887,2535,783,57
hucksters_tt0039477,1947,1,0,0,0,27683,0,56,2302,16676,6352,1623,568,106
hud_tt0057163,1963,1,1,0,0,26783,6,35,1398,12434,6136,6175,510,89
hugo_tt0970179,2011,0,1,0,0,30295,81,2106,4781,12788,2085,7199,1229,26
hulk,2008,1,0,0,0,26986,84,1656,6965,9750,1336,5061,2089,45
hulk_2003_fs,2003,1,0,0,0,35503,340,3164,12280,8080,2240,6757,2530,112
human.comedy_tt0036022,1943,1,1,0,0,27964,0,205,1679,15221,5651,4968,194,46
humoresque_tt0038622,1946,1,0,0,0,29850,0,1077,5170,14470,5483,3482,168,0
hunchback.of.no_tt0031455,1939,1,0,0,0,28033,3,467,3864,11172,4221,7018,1003,285
hunchback.of.no_tt0116583,1996,1,0,0,1,21778,202,1095,2117,7745,1975,7087,1412,145
hunger.games.th_tt10545296,2023,1,0,0,0,37685,0,1220,7704,16954,2672,6763,2252,120
hunger_games,2012,1,0,0,0,34175,62,1572,17434,7183,1728,3355,2455,386
hunger_games_catching_fire,2013,1,0,0,0,35061,127,767,15975,9074,1459,4356,3058,245
hunger_games_mockingjay_1,2014,1,0,0,0,29454,0,2251,9991,9895,1088,4169,1884,176
hunger_games_mockingjay_2,2015,1,0,0,0,32841,0,1419,11399,10867,1666,4951,2338,201
hunger_tt0986233,2008,0,1,0,0,23075,183,1638,6257,6488,5223,2329,746,211
hunt_for_red_october,1990,1,0,0,0,32404,10,1394,13360,12205,1091,2456,1364,524
hunt_tt2106476,2012,0,1,0,0,27719,48,1062,12230,10089,1128,2702,440,20
hunt_tt8244784,2020,1,0,0,0,21589,4,1103,6682,8893,2306,1794,541,266
hurricane_tt0029030,1937,1,0,0,0,24869,0,586,1914,9271,3624,8382,1088,4
hurricane_tt0174856,1999,1,1,0,0,34826,21,2020,9815,16210,2388,3322,390,660
hurt.locker_tt0887912,2008,0,1,1,0,31333,51,1486,11033,10502,1721,5692,673,175
hush...hush.swe_tt0058213,1964,1,0,0,0,31830,0,169,3351,15769,6689,5771,81,0
hustle..flow_tt0410097,2005,0,1,1,0,27894,2,755,8860,13383,2296,1516,910,172
hustle_tt0073133,1975,1,0,0,0,28742,0,326,9235,11979,3933,2796,473,0
hustler_tt0054997,1961,1,1,0,0,32307,0,177,1903,22083,4330,3747,66,1
hustlers,2019,1,0,0,0,26400,0,696,8306,12020,2728,1684,878,88
i.am.a.fugitive_tt0023042,1932,1,1,0,0,22200,76,918,991,11135,3795,4530,501,254
i.am.curious.bl_tt0063149,1968,1,0,0,0,25731,0,743,8831,9155,2178,3631,834,359
i.am.love_tt1226236,2009,0,1,0,0,30688,76,1986,4732,10706,5030,6934,1151,73
i.am.not.your.n_tt5804038,2016,0,1,0,0,22500,28,645,5954,5884,2852,4196,2031,910
i.can.only.imag_tt6450186,2018,1,0,0,0,26456,0,1784,10050,8480,2167,2334,1452,189
i.confess_tt0045897,1953,1,0,0,0,22680,0,27,2762,13122,2819,3198,694,58
i.cover.the.wat_tt0024151,1933,1,0,0,0,18588,0,439,995,10415,3369,3029,177,164
i.daniel.blake_tt5168192,2016,0,1,0,0,24081,0,911,4167,12966,3109,2130,530,268
i.know.where.im_tt0037800,1945,0,1,0,0,22208,3,459,966,9639,3418,6677,663,383
i.live.my.life_tt0026417,1935,1,0,0,0,23361,0,51,2158,13376,4859,2605,282,30
i.love.trouble_tt0110093,1994,1,0,0,0,29425,32,1803,10598,10054,1832,3978,786,342
i.love.you.agai_tt0032617,1940,1,0,0,0,23750,0,57,1071,15247,4863,2326,119,67
i.love.you.alic_tt0063115,1968,1,0,0,0,22438,0,229,4437,10688,2888,3923,133,140
i.love.you.man_tt1155056,2009,1,0,0,0,25119,11,554,4313,13621,3595,2330,305,390
i.love.you.phil_tt1045772,2009,0,0,1,0,23334,0,852,6017,10668,2337,2029,597,834
i.remember.mama_tt0040458,1948,1,0,0,0,32195,1,157,1944,15406,7748,6654,203,82
i.remember_tt0071129,1973,0,1,0,0,29705,0,478,1125,10185,4126,13287,486,18
i.still.believe_tt9779516,2020,1,0,0,0,27929,0,1089,11314,10202,1326,1965,1991,42
i.still.know.wh_tt0130018,1998,1,0,0,0,25835,0,938,9169,9356,1666,3044,808,854
i.vitelloni_tt0046521,1953,0,1,0,0,26106,0,196,613,13218,4654,7251,146,28
i.want.to.live_tt0051758,1958,1,1,0,0,29078,23,1310,4267,16294,3968,2649,166,401
i.was.a.male.wa_tt0041498,1949,1,0,0,0,25264,0,152,278,11907,8837,3716,341,33
i.you.he.she_tt0071690,1974,0,1,0,0,20726,0,159,1119,8809,5130,4872,440,197
i_am_legend,2007,1,0,0,0,24078,82,1986,7143,7655,1305,4292,1257,358
i_know_what_you_did_last_summer,1997,1,0,0,0,25912,35,1195,4640,10909,2508,5381,931,313
i_now_pronounce_you_chuck_and_larry,2007,1,0,0,0,27656,9,1562,2190,16284,3790,3378,423,20
i_robot,2004,1,0,0,0,27522,9,1000,9894,8585,1506,4912,1373,243
ia.1928-ramona-edwin-carewe_tt0019305,1928,1,0,0,0,20038,0,107,1264,7051,2541,5386,383,3306
ia.1929-the-iron-mask#202506_tt0020030,1929,1,0,0,0,26723,0,323,58,3513,5490,13564,334,3441
ia.A+Woman+of+Paris%2C+A+Drama+of+Fate+(1923)+by+Charlie+Chaplin.webm_tt0014624,1923,1,0,0,0,19522,0,188,75,7346,4060,4445,124,3284
ia.AFarewllToArms720p1932_tt0022879,1932,1,1,0,0,20123,5,590,2293,10019,3296,3338,430,152
ia.AStarIsBorn_tt0029606,1937,1,1,0,0,28483,0,662,2878,16390,4996,2698,423,436
ia.BLOODANDSAND1922RudolphValentinoNitaNaldiLilaLee_tt0012952,1922,1,0,0,0,27882,0,273,228,5706,4762,10993,87,5833
ia.BeckySharp1935_tt0026104,1935,0,1,0,0,20851,110,434,1054,10831,4184,4043,17,178
ia.BillSpragueCollectionBehindTheFront1926_tt0016638,1926,1,0,0,0,17416,0,133,386,4591,3916,5496,29,2865
ia.BillSpragueCollectionDancingMothersAliceJoyceAndClaraBow_tt0016762,1926,1,0,0,0,16187,3,112,433,5443,3019,3764,43,3370
ia.BillSpragueCollectionKIDBOOTS-1926EddieCantorAndClaraBow_tt0017028,1926,1,0,0,0,15465,0,284,237,3830,3292,5129,107,2586
ia.CanaryMurderCase_tt0019745,1929,1,0,0,0,19761,0,293,320,11530,6269,965,102,282
ia.ClassicCinemaOnline#CheckAndDoubleCheck_tt0020758,1930,1,0,0,0,18325,0,95,6,5750,5919,6416,57,82
ia.CyranoMoviePowder_tt0042367,1950,1,1,0,0,28994,41,121,541,14042,8841,4992,101,315
ia.Fine+Manners+(Paramount%2C+1926).avi_tt0016871,1926,1,0,0,0,17742,0,199,1403,8298,3632,1139,120,2951
ia.FourHorsemenOfTheApocalypse_tt0012190,1921,1,0,0,0,32864,0,284,1898,8538,4779,8916,783,7666
ia.HisGirlFriday_tt0032599,1940,1,1,0,0,22050,0,190,92,14405,6011,1260,28,64
ia.Irene#201511_tt0016999,1926,1,0,0,0,23177,0,105,1071,6928,3921,6576,59,4517
ia.LittleAnnieRooney#_tt0016028,1925,1,0,0,0,21304,0,74,711,6667,4384,6362,35,3071
ia.Manslaughter#1922_tt0013372,1922,1,0,0,0,25672,8,505,43,9567,7030,3132,110,5277
ia.Martha#Ivers#movie_tt0038988,1946,1,0,0,0,29753,0,120,1374,16802,8733,2616,43,65
ia.Mclintock.avi_tt0057298,1963,1,0,0,0,30356,0,99,1901,14602,7622,5971,94,67
ia.MyFavoriteBrunette720p1947_tt0039645,1947,1,0,0,0,22461,0,192,216,8775,8754,4256,162,106
ia.MyMovie#20180328_tt0014440,1923,1,0,0,0,31548,0,250,1631,6015,4440,11087,803,7322
ia.NurseEdithCavell_tt0031737,1939,1,0,0,0,24792,0,496,822,9509,9104,4128,357,376
ia.OrphansOfTheStorm#201312_tt0012532,1921,1,0,0,0,38455,0,307,2094,7239,6759,15914,37,6105
ia.RageofParis_tt0030652,1938,0,1,0,0,19867,5,308,1278,11028,5372,1698,40,138
ia.ReachingForTheMoondecember291930_tt0021287,1930,1,0,0,0,15904,0,20,0,7034,3945,4568,244,93
ia.Rosita1923MaryPickfordErnstLubitsch_tt0014416,1923,1,0,0,0,22425,0,12,164,3816,2571,11369,41,4452
ia.SilentSherlockHolmesFilmStarringJohnBarrymore1922_tt0013597,1922,1,0,0,0,20494,0,462,328,4920,5197,3842,245,5500
ia.SoulsForSale1923_tt0014497,1923,1,0,0,0,21444,0,186,720,5776,3363,5535,248,5616
ia.Sparrows#(1926)+by+William+Beaudine.webm_tt0017423,1926,1,0,0,0,22159,0,396,196,4578,2353,10664,567,3405
ia.StageDoorCanteen1943_tt0036384,1943,1,0,0,0,31464,0,55,1263,14294,11359,4153,184,156
ia.StreetScene1931_tt0022436,1931,1,0,0,0,18833,0,70,608,8722,5051,4105,271,6
ia.SunnysideUp#201512_tt0020466,1929,1,0,0,0,27372,0,83,910,12024,9354,4691,73,237
ia.SvengaliJohnBarrymoreBKCap1931_tt0022454,1931,0,1,0,0,20844,0,481,2850,10779,3444,2993,294,3
ia.THEDUCHESSOFBUFFALO1926ConstanceTalmadge_tt0016812,1926,1,0,0,0,19133,0,280,1274,6792,4095,4245,91,2356
ia.THESONOFTHESHEIK1926RudolphValentinoVilmaBanky_tt0017416,1926,1,0,0,0,17655,12,67,1417,6337,1515,5877,71,2359
ia.THETRESPASSER_tt0020514,1929,1,0,0,0,22973,0,318,882,13834,4851,2311,71,706
ia.The+Unknown+(1927)+(Full+Length).mkv_tt0018528,1927,1,0,0,0,17491,0,151,1294,5524,3244,3568,185,3525
ia.TheBelovedRogue#201312_tt0017667,1927,1,0,0,0,25201,3,109,1091,6820,3318,9336,350,4174
ia.TheBlackPirate1926DouglasFairbanksSRAndy_tt0016654,1926,1,0,0,0,21277,2,301,12,3945,4355,10125,322,2215
ia.TheDevilsCircus_tt0016783,1926,1,0,0,0,18924,0,106,545,9410,3070,2973,82,2738
ia.TheFrontPage1931AdolpheMenjouPatOBrienLewismiles_tt0021890,1931,1,1,0,0,25674,0,338,352,13407,10805,695,2,75
ia.TheHunchbackOfNotreDame1923#201312_tt0014142,1923,1,0,0,0,29919,0,148,415,7259,4245,11788,597,5467
ia.TheInspectorGeneral_tt0041509,1949,1,0,0,0,24439,2,92,888,8687,10388,4204,71,107
ia.TheNorthStar_tt0036217,1943,0,1,0,0,26402,91,271,1853,11021,7116,5590,302,158
ia.ThePatentLeatherKid1927.3gp_tt0018253,1927,1,0,0,0,33139,0,207,3484,14178,3192,7435,172,4471
ia.ThePerilsofPauline_tt0039698,1947,1,0,0,0,20818,0,140,1366,8141,6620,4078,115,358
ia.ThePhantomOfTheOpera#364_tt0016220,1925,1,0,0,0,27362,0,328,483,7097,4086,9995,237,5136
ia.TheVagabondKing1930_tt0021511,1930,1,0,0,0,26796,0,24,750,14601,5139,5876,165,241
ia.alibi#1929_tt0019630,1929,1,1,0,0,19909,11,166,1675,8543,4300,4926,171,117
ia.all.-quiet.-on.-the.-western.-front.-1930_tt0020629,1930,1,0,0,0,31989,0,341,1763,13216,5606,9848,843,372
ia.anybodys-woman#1930_tt0020645,1930,1,0,0,0,20630,0,128,45,8113,9536,2496,10,302
ia.beau-geste_tt0016634,1926,1,0,0,0,25017,7,320,1075,6692,2669,9286,316,4652
ia.behind-that-curtain#1929_tt0019684,1929,1,0,0,0,21783,0,264,197,8816,8633,3149,463,261
ia.beneath#the#12-mile#reef_tt0045551,1953,1,1,0,0,25832,0,8,958,3418,9411,10849,1087,101
ia.beverly-of-graustark-1926-by-sidney-franklin_tt0016646,1926,1,0,0,0,18726,0,276,409,6341,3854,4133,376,3337
ia.beyond-the-rocks_tt0012938,1922,1,0,0,0,19888,0,211,12,3928,3442,7931,196,4168
ia.bulldog-drummond#1929_tt0019735,1929,1,0,0,0,21391,0,421,916,10804,4878,4066,162,144
ia.call-of-the-flesh#1930_tt0020724,1930,1,0,0,0,25692,0,96,1003,9794,8294,6274,107,124
ia.caseyatthebat_tt0017738,1927,1,0,0,0,15713,0,170,458,6688,3324,2102,42,2929
ia.chang-a-drama-of-the-wilderness#1927_tt0017743,1927,1,0,0,0,17829,0,907,311,2278,758,9230,1092,3253
ia.condemned-1929-_tt0019785,1929,1,0,0,0,20608,0,166,1114,8747,4650,5626,132,173
ia.coquette#1929_tt0019788,1929,1,0,0,0,18161,0,216,598,8147,5085,3907,45,163
ia.dangerous-curves#1929_tt0019800,1929,1,0,0,0,19736,6,86,950,7979,6279,4344,39,53
ia.devilmaycare#1929_tt0019815,1929,1,0,0,0,23269,0,177,182,6643,9063,6887,190,127
ia.disraeli#1929_tt0019823,1929,1,0,0,0,22301,0,107,845,13418,5563,2151,69,148
ia.don-juan#1927_tt0016804,1926,1,0,0,0,26877,59,182,1226,8548,3556,8561,123,4622
ia.fazil#1928_tt0018879,1928,1,0,0,0,20626,6,398,1156,8281,1268,5316,870,3331
ia.feet-first#1930_tt0020876,1930,1,0,0,0,21897,5,711,213,5914,7070,7449,379,156
ia.flesh-and-the-devil-1926-by-clarence-brown_tt0016884,1926,1,0,0,0,27735,14,185,2350,10839,3386,6006,659,4296
ia.foolish-wives-1922_tt0013140,1922,1,0,0,0,34406,0,383,994,10947,5225,10729,634,5494
ia.for-heavens-sake-1926-by-sam-taylor_tt0016895,1926,1,0,0,0,14063,0,302,236,3108,2966,4696,272,2483
ia.four-sons#1928_tt0018909,1928,1,0,0,0,23131,6,216,845,8579,4297,6719,329,2140
ia.general-crack#1930_tt0020915,1929,1,0,0,0,20822,0,94,128,7608,3387,4135,345,5125
ia.girlshy_tt0014945,1924,1,0,0,0,9349,0,194,306,2766,2209,2517,20,1337
ia.go-for-broke-with-van-johnson-1951-1080p-hd-film_tt0043590,1951,1,0,0,0,21740,0,478,1043,9142,5283,5419,183,192
ia.happy-days#1930_tt0020949,1929,1,0,0,0,19506,0,207,33,2885,6978,9056,305,42
ia.he-who-gets-slapped-1924-dvd-mkv-18fps_tt0014972,1924,1,0,0,0,25850,0,314,410,9423,5512,5857,296,4038
ia.high-society-blues-1930-silent-version_tt0020973,1930,1,0,0,0,15320,40,209,167,4244,3742,3174,43,3701
ia.honey#1930_tt0020986,1930,1,0,0,0,19132,0,0,410,7483,6482,4624,12,121
ia.hula-1927_tt0018016,1927,1,0,0,0,16189,0,164,1998,6032,2379,2368,101,3147
ia.humanbondage_tt0025586,1934,1,0,0,0,21228,3,643,2887,11420,4496,1486,68,225
ia.in.-old.-arizona.-1928.1080p.-blu-ray.x-264.-aac-yts.-mx_tt0020018,1928,1,1,0,0,23718,0,175,333,12890,5666,3668,854,132
ia.interference-1929_tt0019035,1928,1,0,0,0,23635,0,98,84,14318,4288,2412,2298,137
ia.it-comedy-1927_tt0018033,1927,1,0,0,0,19756,0,146,1593,6668,3494,3239,173,4443
ia.je4449004441124_tt0021013,1930,1,0,0,0,29844,0,77,120,18025,8649,2712,53,208
ia.just-imagine#1930_tt0021016,1930,1,0,0,0,28058,10,398,731,13370,6308,6417,432,392
ia.l.-e.-a.-l.-e.-1926_tt0017082,1926,1,0,0,0,17043,0,109,368,7416,3795,2156,19,3180
ia.la-boheme#202512_tt0016669,1926,1,0,0,0,22418,88,145,783,8230,2463,7373,126,3210
ia.laughter#1930_tt0021053,1930,1,0,0,0,18230,0,90,148,8196,5845,3784,99,68
ia.let-us-be-gay#1930_tt0021060,1930,1,0,0,0,18854,0,122,266,7570,6359,4379,111,47
ia.lights-of-new-york#1928_tt0019096,1928,1,0,0,0,14583,0,69,28,8058,3185,2620,110,513
ia.lilac-t-1928_tt0019098,1928,1,0,0,0,23358,4,318,2294,8866,2450,5100,1330,2996
ia.little#lord#fauntleroy_tt0027893,1936,1,0,0,0,25873,0,227,2104,14953,4644,3555,32,358
ia.lost#world_tt0016039,1925,1,0,0,0,17491,0,174,316,3427,1684,8309,130,3451
ia.love#1928_tt0018107,1927,1,0,0,0,19515,0,99,2918,7225,2391,3776,157,2949
ia.madame-x#1929_tt0020126,1929,1,1,0,0,22772,0,55,348,13116,6234,2798,202,19
ia.madefor#each#other_tt0031602,1939,1,0,0,0,23246,23,601,3446,15178,2622,949,334,93
ia.mantrap-1926_tt0017119,1926,1,0,0,0,18165,0,141,825,4644,4319,4496,459,3281
ia.mare-nostrum-1926_tt0017120,1926,1,0,0,0,24416,4,438,938,6033,2890,8382,985,4746
ia.martin-luther-1953-niall-mac-ginnis-hd#202308_tt0046051,1953,1,1,0,0,27326,3,334,2449,10062,6630,6895,883,70
ia.merry-go-round-1923-by-erich-von-stroheim_tt0013386,1923,1,0,0,0,28287,21,126,2209,8811,5578,7535,252,3755
ia.metropolis-1927-bdrip-1080p-x-265-dts-hd-ma-5.1-d-0ct-0r-lew-sev_tt0017136,1927,1,1,0,0,35990,12,984,1019,9067,4242,13911,1308,5447
ia.min-and-bill#1930_tt0021148,1930,1,0,0,0,15677,34,70,1136,5856,4715,3215,633,18
ia.mjd445878820_tt0033891,1941,1,0,0,0,29420,0,294,1630,17625,5681,3686,436,68
ia.mockery#1927_tt0018166,1927,1,0,0,0,17933,0,242,1367,6403,3859,2968,62,3032
ia.monsieur-beaucaire-paramount-1924_tt0015145,1924,1,0,0,0,27035,0,67,772,8215,5283,4735,76,7887
ia.montana-moon#1930_tt0021152,1930,1,0,0,0,21444,0,57,252,7098,7195,6535,217,90
ia.mr-wu#1927_tt0018179,1927,1,0,0,0,23247,6,311,884,8969,3808,5727,126,3416
ia.my-movie#202006_tt0015310,1924,1,0,0,0,31529,0,125,230,6550,9742,7067,1130,6685
ia.my-movie#202111_tt0015863,1925,1,0,0,0,17499,0,212,29,1569,2350,12321,89,929
ia.my-movie#202212_tt0016630,1926,1,0,0,0,19601,11,304,1,2656,5091,9636,55,1847
ia.mymovie#202004_tt0015163,1924,1,0,0,0,15331,0,368,46,2604,2318,8246,637,1112
ia.noahs.-ark.-1928_tt0020223,1928,1,0,0,0,23783,6,315,4125,6642,2601,4897,1132,4065
ia.old-ironsides-1926-by-james-cruze_tt0017226,1926,1,0,0,0,27550,0,278,1462,4719,3600,10386,1567,5538
ia.oliver#twist_tt0011532,1922,1,0,0,0,18216,2,248,285,6562,5622,5171,131,195
ia.on-with-the-show#1929_tt0020238,1929,1,0,0,0,24908,0,3,876,11385,5201,7277,102,64
ia.our-blushing-brides#1930_tt0021223,1930,1,0,0,0,23833,1,242,1236,9426,7186,5301,226,215
ia.our-dancing-daughters#1928_tt0019237,1928,1,1,0,0,20054,0,151,2010,7829,2219,4449,132,3264
ia.our-modern-maidens#1929_tt0020247,1929,1,0,0,0,18092,0,209,733,8494,2060,3424,183,2989
ia.playboy-of-paris#1930_tt0021261,1930,1,0,0,0,17354,0,21,501,11964,3539,1115,85,129
ia.ptp#the-ten-commandments#cecil-b-demille#m2ts#bd50#1080p#221534_tt0014532,1923,1,0,0,0,32662,0,417,137,11142,4528,8890,637,6911
ia.ptp#the-white-sister#henry-king#dvd#x264#mkv#716x480#252423_tt0014605,1923,1,0,0,0,34652,0,524,590,9420,3757,13947,1418,4996
ia.raffles-1930_tt0021281,1930,1,0,0,0,17006,0,155,51,7457,5082,4048,154,59
ia.rain1932_tt0023369,1932,1,0,0,0,24055,0,337,1008,12547,7006,2925,168,64
ia.redskin#1929_tt0020320,1929,1,0,0,0,19604,0,138,1108,4783,2994,6323,480,3778
ia.rio-rita-1929#202505_tt0020332,1929,1,0,0,0,24544,0,22,0,5737,10005,8559,143,78
ia.romance#1930_tt0021310,1930,1,0,0,0,18260,0,165,942,10036,4359,2374,279,105
ia.royal#wedding_tt0043983,1951,1,0,0,0,23537,0,169,181,10231,4940,7730,267,19
ia.sadie-thompson_tt0019344,1928,1,1,0,0,21899,9,182,1672,8792,2680,3941,120,4503
ia.sally-1929_tt0020358,1929,1,0,0,0,24206,0,46,523,12774,3106,7234,372,151
ia.sarah-and-son#1930_tt0021335,1930,1,0,0,0,19603,1,596,298,8933,6720,2750,172,133
ia.say-it-with-songs#1930_tt0020366,1929,1,0,0,0,20601,10,137,379,14002,3180,2596,286,11
ia.show-of-shows#1929_tt0020403,1929,1,0,0,0,29589,0,106,854,11072,4833,11916,764,44
ia.shsl0096766_tt0029626,1937,1,0,0,0,21004,0,188,1771,11639,5620,1543,71,172
ia.silent-america_tt0014672,1924,1,0,0,0,8504,0,0,381,1574,1101,2797,32,2619
ia.silent-ashes-of-vengeance_tt0013841,1923,1,0,0,0,26839,25,17,584,6441,5315,9136,301,5020
ia.silent-beau-brummel_tt0014702,1924,1,0,0,0,30482,0,130,1153,12233,7016,5614,258,4078
ia.silent-ben-hur-a-tale-of-the-christ-1925_tt0016641,1925,1,0,0,0,33840,0,107,709,7112,4554,12567,1286,7505
ia.silent-black-cyclone_tt0015627,1925,1,0,0,0,16760,0,182,243,1953,869,10912,121,2480
ia.silent-black-oxen_tt0014721,1923,1,0,0,0,15018,0,338,216,4235,3226,3802,135,3066
ia.silent-brass_tt0013886,1923,1,0,0,0,14381,5,33,666,6003,2682,1590,6,3396
ia.silent-dorothy-vernon-of-haddon-hall_tt0014854,1924,1,0,0,0,35369,0,282,462,6171,6487,14673,768,6526
ia.silent-down-to-the-sea-in-ships_tt0013085,1922,1,0,0,0,22775,0,212,673,4418,2493,9712,836,4431
ia.silent-dr-jack_tt0013075,1922,1,0,0,0,14885,0,436,550,4127,4019,3971,141,1641
ia.silent-forbidden-paradise_tt0014925,1924,1,0,0,0,12907,0,151,28,5775,3069,3411,19,454
ia.silent-grandmas-boy_tt0013201,1922,1,0,0,0,14037,0,160,199,2715,3231,6309,59,1364
ia.silent-greed_tt0015881,1924,1,1,0,0,33913,1,745,1860,10885,6254,8043,234,5891
ia.silent-hot-water_tt0015002,1924,1,0,0,0,14934,11,374,329,4708,3148,4238,107,2019
ia.silent-lady-of-the-night_tt0016005,1925,1,0,0,0,4899,0,77,339,1780,824,1012,47,820
ia.silent-little-old-new-york_tt0014205,1923,1,0,0,0,27125,0,1,1051,6000,7342,6700,473,5558
ia.silent-manhandled_tt0015116,1924,1,0,0,0,15103,10,382,190,6484,2594,2717,52,2674
ia.silent-monte-cristo_tt0013402,1922,1,0,0,0,25515,0,212,1689,6528,1481,8717,199,6689
ia.silent-one-exciting-night_tt0013458,1922,1,0,0,0,36922,0,425,2594,7152,4729,16445,204,5373
ia.silent-peter-pan_tt0015224,1924,1,0,0,0,24399,0,175,543,4566,2924,11918,267,4006
ia.silent-robin-hood_tt0013556,1922,1,0,0,0,31878,0,44,137,2921,6533,15646,713,5884
ia.silent-romola_tt0015289,1924,1,0,0,0,27173,25,44,453,6381,4869,8876,591,5934
ia.silent-safety-last_tt0014429,1923,1,0,0,0,18979,1,526,118,4129,3785,7876,353,2191
ia.silent-secrets_tt0015312,1924,1,0,0,0,20385,0,41,757,5932,688,8480,219,4268
ia.silent-seven-chances_tt0016332,1925,1,0,0,0,13706,0,440,20,1355,3460,6591,235,1605
ia.silent-the-big-parade_tt0015624,1925,1,0,0,0,36293,2,281,1532,11384,4991,12045,1355,4703
ia.silent-the-covered-wagon_tt0013951,1923,1,0,0,0,25166,0,93,838,3855,4186,10733,202,5259
ia.silent-the-freshman_tt0015841,1925,1,0,0,0,18451,0,646,317,4009,3168,6784,321,3206
ia.silent-the-lady_tt0016006,1925,1,0,0,0,16720,0,167,1731,7392,899,4336,38,2157
ia.silent-the-pony-express_tt0016235,1925,1,0,0,0,15924,0,55,263,3169,1964,6920,106,3447
ia.silent-the-prisoner-of-zenda_tt0013515,1922,1,0,0,0,27133,0,210,2395,6452,2719,7861,761,6735
ia.silent-the-white-rose_tt0014604,1923,1,0,0,0,26645,0,177,1378,7644,4045,8340,769,4292
ia.silent-the-young-rajah_tt0013802,1922,1,0,0,0,13781,0,312,994,3013,2697,2136,269,4360
ia.slide-kelly-slide-m-g-m-1927_tt0018413,1927,1,0,0,0,21369,9,170,356,7388,4532,4160,198,4556
ia.son-of-the-gods#1930_tt0021400,1930,1,0,0,0,21587,0,173,185,14078,3107,3557,222,265
ia.song-o-my-heart#1930_tt0021401,1930,1,0,0,0,20955,0,201,191,6365,5508,8146,518,26
ia.speedy#1928_tt0019412,1928,1,0,0,0,21493,0,332,213,5264,4337,8099,384,2864
ia.spring-fever#1927_tt0018440,1927,1,0,0,0,20123,11,338,1046,6470,3568,3650,295,4745
ia.street-angel#1928_tt0019429,1928,1,1,0,0,24328,0,103,1560,10014,4756,5178,341,2376
ia.street-of-chance#1930_tt0021420,1930,1,0,0,0,18094,25,695,277,11649,4077,1201,52,118
ia.sweetie#1929_tt0020469,1929,1,0,0,0,23815,26,252,3,8748,7446,7108,62,170
ia.tell-it-to-the-marines#1927_tt0018471,1926,1,0,0,0,27253,0,300,2445,8392,4571,6451,422,4672
ia.the-better-ole-1926-dvd-mkv_tt0016643,1926,1,0,0,0,24460,0,255,219,5608,3956,11111,216,3095
ia.the-big-trail#1930_tt0020691,1930,1,0,0,0,29184,0,14,148,5100,5666,15815,1926,515
ia.the-broadway-melody-1929-by-harry-beaumont_tt0019729,1929,1,1,0,0,24049,0,206,318,10861,4406,7737,394,127
ia.the-circus-1928-by-charles-chaplin_tt0018773,1928,1,0,0,0,17437,0,259,59,3313,2801,9010,234,1761
ia.the-cocoanuts#1929_tt0019777,1929,1,0,0,0,23954,0,60,393,8823,8194,6243,225,16
ia.the-cossacks#1928_tt0018795,1928,1,0,0,0,21940,0,159,2333,7146,2174,6056,257,3815
ia.the-dance-of-life#1929_tt0019798,1929,1,0,0,0,26754,0,655,327,7513,8147,9628,176,308
ia.the-dawn-patrol#1930_tt0020815,1930,1,0,0,0,25856,0,166,277,13774,3657,5728,1905,349
ia.the-divorcee#1930_tt0020827,1930,1,0,0,0,19724,38,236,256,11053,4907,2859,353,22
ia.the-fair-coed#1927_tt0017860,1927,1,0,0,0,17827,0,450,856,2609,2280,8406,49,3177
ia.the-four-feathers#1929_tt0018908,1929,1,0,0,0,20742,23,263,531,6800,2385,6812,307,3621
ia.the-gaucho#1928_tt0017918,1927,1,0,0,0,22922,0,165,247,5116,5064,8144,351,3835
ia.the-hollywood-revue-of-1929#1929_tt0019993,1929,1,1,0,0,30297,0,132,418,5080,8602,15889,76,100
ia.the-iron-horse-1924-john-ford_tt0015016,1924,1,0,0,0,35884,0,253,725,8487,5227,12042,675,8475
ia.the-jazz-singer#1927_tt0018037,1927,1,0,0,0,23066,0,149,2379,7984,4044,2246,175,6089
ia.the-kid-brother#1927_tt0018051,1927,1,0,0,0,19734,0,196,294,4837,4465,7676,266,2000
ia.the-king-of-kings#1927_tt0018054,1927,1,0,0,0,37789,0,206,728,11858,6300,10378,599,7720
ia.the-last-command_tt0019071,1928,1,0,0,0,22777,0,266,2155,8334,3307,5531,154,3030
ia.the-letter#1929_tt0020092,1929,1,0,0,0,14578,0,102,936,7568,3177,2515,63,217
ia.the-love-of-sunya#1927_tt0018113,1927,1,0,0,0,20064,20,545,577,8420,3447,2983,60,4012
ia.the-loves-of-carmen#1927_tt0018118,1927,1,0,0,0,20124,24,118,1015,9591,1569,5779,119,1909
ia.the-loves-of-pharaoh-1922-by-ernst-lubitsch_tt0013741,1922,1,0,0,0,23880,0,225,1289,5014,3124,9125,845,4258
ia.the-mark-of-zorro_tt0015758,1925,1,0,0,0,27509,0,127,121,2762,4105,13308,182,6904
ia.the-mysterious-dr-fu-manchu#1929_tt0020197,1929,1,0,0,0,20775,0,263,166,6367,5806,7620,127,426
ia.the-night-of-love-samuel-goldwyn-1927_tt0018203,1927,1,0,0,0,21210,0,114,1757,7617,1890,6186,302,3344
ia.the-office-wife#1930_tt0021197,1930,1,0,0,0,14026,0,330,1243,8708,2089,1408,99,149
ia.the-pilgrim-1923-directed-by-charlie-chaplin_tt0014358,1923,1,0,0,0,9920,0,122,19,2149,2612,4176,83,759
ia.the-red-mill#1927_tt0018311,1927,1,0,0,0,17683,0,237,677,4748,2504,6336,174,3007
ia.the-scarlet-letter#1927_tt0017350,1926,1,0,0,0,25029,95,283,637,9508,4885,6237,176,3208
ia.the-sea-beast-1926_tt0017354,1926,1,0,0,0,34211,23,545,661,14472,4537,7625,287,6061
ia.the-singing-fool-1928_tt0019388,1928,1,0,0,0,26251,0,148,1989,13998,4202,3976,184,1754
ia.the-single-standard#1929_tt0020410,1929,1,0,0,0,16984,0,171,1455,7082,2497,3094,158,2527
ia.the-spanish-dancer-1923-by-herbert-brenon_tt0014499,1923,1,0,0,0,25559,16,127,1263,4169,2537,11649,524,5274
ia.the-student-prince-in-old-heidelberg-1927-ernst-lubitsch_tt0018451,1927,1,0,0,0,27268,72,415,803,11246,6027,5790,330,2585
ia.the-taming-of-the-shrew#1929_tt0020479,1929,1,0,0,0,16267,0,6,422,5402,3178,7122,83,54
ia.the-unholy-three_tt0016473,1925,1,0,0,0,22095,0,99,143,6398,6408,4477,101,4469
ia.the-wedding-march#1928_tt0019558,1928,1,0,0,0,29062,0,127,4421,9619,5018,5294,528,4055
ia.the-wild-party#1929_tt0020590,1929,1,0,0,0,18094,5,53,780,8752,4627,3467,169,241
ia.the-winning-of-barbara-worth-king-1926-1080p-hd_tt0017567,1926,1,0,0,0,21327,0,115,1313,5417,1906,6922,893,4761
ia.the-woman-disputed#1928_tt0019589,1928,1,0,0,0,26163,0,687,4816,8739,3278,4763,90,3790
ia.the.-crowd.-1928.-king.-vidor-drama.-720p.x-264-classics_tt0018806,1928,1,1,0,0,22358,59,268,945,10033,3802,3280,424,3547
ia.the.big.house.1930_tt0020686,1930,1,0,0,0,20860,28,179,1492,9429,5426,3765,387,154
ia.they-had-to-see-paris#1929_tt0020490,1929,1,0,0,0,19889,0,17,58,7352,6058,5900,383,121
ia.thunderbolt-1929_tt0020499,1929,1,0,0,0,21884,0,122,202,9149,7973,4037,257,144
ia.till#the#clouds#roll#by_tt0039035,1946,1,0,0,0,34716,0,314,2217,13157,11007,7518,239,264
ia.tsc88777512_tt0038119,1945,1,0,0,0,25257,0,43,748,15754,6477,2099,32,104
ia.turner#video#18224_tt0044955,1952,0,1,0,0,17417,0,167,1396,4780,1804,8966,207,97
ia.twelve-miles-out-1927#202508_tt0018513,1927,1,0,0,0,15215,39,90,729,6589,1543,2652,122,3451
ia.two-arabian-knights-1927_tt0018515,1927,1,0,0,0,21946,0,205,674,8840,3798,5402,137,2890
ia.underworld#202108_tt0018526,1927,1,0,0,0,20940,0,323,1876,7954,2702,5309,207,2569
ia.variety-1925-by-ewald-andre-dupont_tt0016481,1925,1,0,0,0,22701,16,447,2019,10595,2175,5066,457,1926
ia.vidtb_tt0015400,1924,1,0,0,0,38835,0,325,333,4245,7600,19328,575,6429
ia.weary-river#1929_tt0019557,1929,1,1,0,0,22936,12,105,1192,12234,3233,3380,270,2510
ia.welcome-danger#1929_tt0020572,1929,1,0,0,0,28234,0,454,364,8601,8629,9111,690,385
ia.west-point#1928_tt0017534,1927,1,0,0,0,22722,62,228,1840,6881,3571,4614,674,4852
ia.what-price-glory-1926_tt0017540,1926,1,0,0,0,30981,26,381,470,12272,5180,8113,264,4275
ia.when-a-man-loves#1927_tt0018566,1927,1,0,0,0,26961,0,359,1741,8033,3467,7865,300,5196
ia.white-shadows-in-the-south-seas#1928_tt0019574,1928,1,1,0,0,20396,0,864,2457,5401,1945,6280,566,2883
ia.whoopee#1930_tt0021549,1930,1,0,0,0,22268,0,154,71,8094,5616,8024,270,39
ia.wings#1929_tt0018578,1927,1,0,0,0,33173,0,513,1794,10170,3549,8956,2735,5456
ia.youtube-dPrd9YyknXw_tt0018379,1927,1,0,0,0,38788,0,185,702,12320,7616,9581,522,7862
ice.age.collisi_tt3416828,2016,1,0,0,1,22664,25,409,3991,3825,1125,9347,3909,33
ice.age.contine_tt1667889,2012,1,0,0,1,21048,29,226,4536,3257,803,10561,1636,0
ice.age.dawn.of_tt1080016,2009,1,0,0,1,22550,37,366,3865,3951,725,12521,1078,7
ice.age.the.mel_tt0438097,2006,1,0,0,1,21720,119,901,4300,3828,642,10836,1032,62
ice.age_tt0268380,2002,1,0,0,1,19450,37,801,3695,5231,354,8751,567,14
ice.station.zeb_tt0063121,1968,1,0,0,0,36387,0,852,500,16158,4168,10275,4434,0
ida_tt2718492,2013,0,1,0,0,19701,74,672,3610,7061,2651,5219,283,131
identity_thief,2013,1,0,0,0,26730,6,1391,7496,12741,2283,2143,647,23
ides.of.march_tt1124035,2011,0,1,0,0,25988,16,787,11213,8997,1816,1784,406,969
idiots.delight_tt0031473,1939,1,0,0,0,27431,12,285,1435,12645,8183,4564,264,43
if...._tt0063850,1968,1,1,0,0,26795,111,314,2376,11236,4384,7343,728,303
if.a.man.answer_tt0056093,1962,0,1,0,0,26157,16,451,3105,14168,5294,2725,192,206
if.beale.street_tt7125860,2018,0,1,0,0,28553,14,1194,10486,12406,1389,2126,702,236
if.i.were.king_tt0030265,1938,1,0,0,0,24231,97,64,1309,10261,7566,4496,225,213
if.its.tuesday._tt0064471,1969,1,0,0,0,23661,3,367,4104,11759,3135,3031,1199,63
ikiru_tt0044741,1952,0,1,0,0,34311,0,429,3487,19615,5241,5049,270,220
il.postino_tt0110877,1994,0,1,0,0,25967,0,778,5948,10612,3490,4108,418,613
ill.be.seeing.y_tt0036940,1944,1,0,0,0,21883,239,322,2373,10373,4931,3329,155,161
illicit_tt0021992,1931,1,0,0,0,19023,1,120,955,11695,4062,1796,132,262
im.all.right.ja_tt0052911,1959,1,0,0,0,25204,4,172,1144,15844,4847,2877,253,63
im.no.angel_tt0024166,1933,1,0,0,0,22408,0,179,943,9736,8104,3017,183,246
im.not.there_tt0368794,2007,0,0,1,0,32496,317,2382,5580,13380,4698,5125,673,341
imaginary.frien_tt11152168,2024,1,0,0,1,24966,18,1116,2195,11789,4320,4370,1131,27
imitation.game_tt2084970,2014,1,1,0,0,27301,0,1857,6459,12778,2083,3416,593,115
imitation.of.li_tt0025301,1934,0,1,0,0,26605,0,13,773,15427,7382,2487,330,193
imitation.of.li_tt0052918,1959,1,1,0,0,29868,0,83,4911,16775,4233,3353,281,232
immortals_tt1253864,2011,1,0,0,0,26491,57,738,4872,7906,1621,8339,2779,179
impossible.year_tt0063128,1968,1,0,0,0,23459,0,36,1997,12458,6233,2652,83,0
impractical.jok_tt9208444,2020,1,0,0,0,22164,0,322,1717,10168,4816,3765,1305,71
in.a.lonely.pla_tt0042593,1950,0,1,0,0,22442,0,144,1439,14495,4066,2150,122,26
in.cold.blood_tt0061809,1967,1,1,0,0,34543,12,413,5008,20725,2591,5189,563,42
in.god.we.trust_tt0080917,1980,1,0,0,0,25020,6,607,3659,8024,3390,7742,1397,195
in.harms.way_tt0059309,1965,1,1,0,0,40068,0,208,1746,22279,6619,5278,3782,156
in.like.flint_tt0061810,1967,1,0,0,0,27503,85,643,1262,11351,6892,6294,976,0
in.name.only_tt0031477,1939,1,0,0,0,22669,1,180,3301,13685,3611,1506,153,232
in.old.chicago_tt0029047,1938,1,1,0,0,22878,0,196,1533,8753,5387,6005,647,357
in.old.kentucky_tt0026524,1935,1,0,0,0,20610,0,34,99,8124,6297,5575,312,169
in.search.of.th_tt0056095,1962,1,0,0,0,25306,0,110,4674,11578,2875,5028,826,215
in.the.army.now_tt0110123,1994,1,0,0,0,23698,4,521,5590,10029,2453,4298,689,114
in.the.bedroom_tt0247425,2001,0,1,0,0,31422,12,899,8994,12936,3627,3244,953,757
in.the.company._tt0119361,1997,0,1,0,0,24905,0,41,1746,14056,4771,2892,646,753
in.the.good.old_tt0041507,1949,1,0,0,0,24644,0,66,663,10706,7997,5082,83,47
in.the.heat.of.the.night_tt0061811,1967,1,1,0,0,26456,18,591,4938,11609,3799,4821,435,245
in.the.mood.for_tt0118694,2000,0,1,0,0,23661,0,1287,3859,11792,2269,2863,1102,489
in.the.name.of._tt0107207,1993,0,1,0,0,31868,62,829,7959,16155,2414,3011,492,946
in.the.shadow.o_tt0102114,1991,0,1,0,0,23746,24,307,6996,7922,4286,3827,160,224
in.this.our.lif_tt0034890,1942,1,0,0,0,23210,0,94,1069,13391,5261,3123,191,81
in.this.world_tt0310154,2002,0,1,0,0,23152,6,754,2989,8666,2005,7182,1095,455
in.vandas.room_tt0139500,2000,0,1,0,0,43916,0,1059,2147,17250,11716,11033,399,312
in.which.we.ser_tt0034891,1942,1,1,0,0,29392,263,654,1939,15843,3816,5006,1498,373
in_and_out,1997,1,0,0,0,21694,2,468,2704,10711,3903,3111,377,418
in_the_line_of_fire,1993,1,0,0,0,33039,57,2085,11152,9871,3448,4593,1221,612
inception,2010,1,1,0,0,35517,87,1604,11901,14162,1484,4687,1431,161
incredible_shrinking_woman,1981,1,0,0,0,21139,39,709,5820,7052,3328,3481,176,534
incredibles.2_tt3606756,2018,1,1,0,1,28251,44,951,1968,12942,2302,8213,1774,57
incredibles_tt0317705,2004,1,1,0,1,27676,83,1595,4831,10258,1520,7280,2038,71
indecent_proposal,1993,1,0,0,0,28038,2,1579,7701,12925,1645,2786,683,717
independence_day,1996,1,0,0,0,36812,33,2266,10906,11865,2871,4992,3581,298
independence_day_resurgence,2016,1,0,0,0,28708,12,1320,7057,8869,1238,5344,4727,141
india.song_tt0073166,1975,0,1,0,0,28618,14,1024,165,2666,6078,17495,1123,53
indian.in.the.c_tt0113419,1995,1,0,0,0,24703,13,2237,4681,8857,3092,5041,182,600
indian.runner_tt0102116,1991,0,0,1,0,30326,81,649,9784,10754,2296,5290,1142,330
indiana.jones.dial_tt1462764,2023,1,0,0,0,37039,69,2816,7443,17240,2075,5881,1378,137
indiana_jones_crystal_skull,2008,1,0,0,0,29387,59,1554,2558,12858,3036,7890,1345,87
indiscreet_tt0051773,1958,1,1,0,0,25900,0,436,1285,10537,9067,4164,281,130
indochine_tt0104507,1992,0,1,0,0,40573,36,1081,7768,12770,7853,8756,2032,277
informer_tt0026529,1935,0,1,0,0,21956,0,138,1293,12989,3682,3593,127,134
inglourious_basterds,2009,1,1,1,0,36682,169,1194,6013,21583,2586,4058,810,269
inherit.the.win_tt0053946,1960,1,1,0,0,30738,0,121,5223,18001,3910,3368,115,0
inland.empire_tt0460829,2006,0,0,1,0,43205,201,1736,20119,8897,2633,8200,1337,82
inlaws_tt0079336,1979,1,0,0,0,24651,0,120,1170,13290,3584,6002,474,11
inn.of.the.sixt_tt0051776,1958,1,0,0,0,37847,0,168,1146,17399,7139,10995,887,113
innerspace_tt0093260,1987,1,0,0,0,28705,44,1532,6484,11892,3214,4183,1317,39
innocence.unpro_tt0063342,1968,0,1,0,0,19146,0,1245,1012,6005,3688,6426,541,229
innocents_tt0055018,1961,0,1,0,0,24025,30,395,5547,13139,1892,2246,540,236
inside.daisy.cl_tt0059314,1965,1,0,0,0,30812,3,249,4234,12925,5633,7254,490,24
inside.llewyn.d_tt2042568,2013,0,1,0,0,25133,54,1163,5308,12594,1938,3225,593,258
inside.out.2_tt22022452,2024,1,1,0,1,23131,108,279,2050,6678,2199,8111,2668,1038
inside.out_tt2096673,2015,1,1,0,1,22743,166,346,1670,5739,2718,9168,2086,850
inside_man,2006,1,0,0,0,30878,32,959,9955,12480,2324,4534,584,10
insider_tt0140352,1999,0,1,0,0,37828,8,1400,17386,13374,2358,2493,682,127
insidious.5_tt13405778,2023,1,0,0,0,25688,31,1367,9093,10250,1521,2230,1123,73
insidious.chapt_tt2226417,2013,1,0,0,0,25383,90,1227,6107,10597,2367,3740,1194,61
insidious.the.l_tt5726086,2018,1,0,0,0,24793,52,1789,9145,9277,1223,2468,826,13
insomnia_tt0278504,2002,1,0,0,0,28350,7,1753,14171,8217,723,2044,1127,308
inspector_gadget,1999,1,0,0,0,18796,14,1801,5265,5651,1450,2896,1608,111
instant.family_tt7401588,2018,1,0,0,0,28316,0,573,5927,14859,3557,3173,171,56
insurgent,2015,1,0,0,0,28526,15,2443,6362,11618,1775,4603,1551,159
interiors_tt0077742,1978,1,1,0,0,22023,0,491,4584,8858,3934,3580,128,448
intern_tt2361509,2015,1,0,0,0,29141,21,1494,4079,17992,2900,2269,301,85
internal.affair_tt0099850,1990,1,0,0,0,27507,71,310,6352,14650,2499,2723,447,455
international.h_tt0024183,1933,1,0,0,0,17563,1,406,165,5965,6073,4391,403,159
interns_tt0056101,1962,1,0,0,0,28751,0,42,6533,17439,2706,1864,128,39
interpreter_tt0373926,2005,1,0,0,0,32989,16,1938,10083,12093,2904,4352,940,663
interrupted.mel_tt0048210,1955,1,0,0,0,27140,4,473,207,11228,9025,5931,246,26
interstellar,2014,1,1,0,0,40535,79,2467,15405,13722,1517,5088,2059,198
interview_with_a_vampire,1994,1,1,0,0,29373,0,1022,10059,9335,1568,5937,1301,151
into.the.wild_tt0758758,2007,0,0,1,0,35503,135,2440,11434,9237,2194,7085,2163,815
into.the.woods_tt2180411,2014,1,0,0,0,29912,38,1418,3711,14549,2587,5794,1630,185
intolerance_tt0006864,1916,0,1,0,0,50650,0,1377,721,9417,8829,19801,761,9744
invasion.of.the_tt0077745,1978,1,0,0,0,27756,26,772,8412,9982,1402,6131,767,264
invasion.u.s.a._tt0089348,1985,1,0,0,0,27647,9,652,6502,6500,4800,8103,1011,70
invisible.man_tt0024184,1933,0,1,0,0,17156,0,290,914,7387,3480,4666,177,242
invisible_man,2020,1,0,0,0,29820,0,1942,6084,13660,1513,4481,1865,275
invitation_tt12873562,2022,1,0,0,0,25192,53,1604,5952,11999,1195,3116,1146,127
ipcress.file_tt0059319,1965,1,1,0,0,25844,43,1152,6719,12732,1051,3893,177,77
iraq.in.fragmen_tt0492466,2006,0,1,0,0,22400,104,1140,5766,6637,1697,6193,699,164
irish.eyes.are._tt0036961,1944,1,0,0,0,21459,0,403,243,8531,5887,6129,89,177
irishman_tt1302006,2019,0,1,0,0,50128,32,2094,6367,26944,4080,8522,1709,380
irma.la.douce_tt0057187,1963,1,1,0,0,34284,5,56,2331,17715,7723,5480,628,346
iron.eagle_tt0091278,1986,1,0,0,0,29962,55,1226,8423,8229,3381,3678,4742,228
iron.mistress_tt0044753,1952,1,0,0,0,26246,0,472,2360,10920,7268,5058,117,51
iron_man,2008,1,0,0,0,30215,16,2863,7115,11519,1868,5034,1765,35
iron_man_2,2010,1,0,0,0,29882,3,2717,6769,11688,2170,4671,1840,24
iron_man_3,2013,1,0,0,0,31300,26,1453,9480,11419,1290,4936,2680,16
isadora_tt0063141,1968,1,1,0,0,33512,89,120,5492,13867,4193,8895,458,398
island.in.the.s_tt0045919,1953,1,0,0,0,26291,0,654,1889,13166,2740,5073,2719,50
island_tt0080934,1980,1,0,0,0,27357,80,691,5566,11658,3582,3687,1822,271
islands.in.the._tt0076211,1977,0,1,0,0,25123,0,144,5174,9153,3516,5574,1546,16
isle.of.dogs_tt5104604,2018,0,1,0,1,24246,43,1878,4393,4110,1619,10525,1592,86
it,2017,1,0,0,0,32298,127,1728,6512,13572,3166,5910,1113,170
it.came.from.ou_tt0045920,1953,1,0,0,0,19227,27,247,647,9324,2929,5126,911,16
it.could.happen_tt0110167,1994,1,0,0,0,24341,183,732,3886,12761,3901,2276,449,153
it.ends.with.us_tt10655524,2024,1,0,0,0,31281,2,1285,16103,9143,2019,1022,1485,222
it.happened.on._tt0039502,1947,0,1,0,0,27540,0,55,945,13978,7220,4934,270,138
it.happened.one.night_tt0025316,1934,1,1,0,0,25243,0,225,676,13872,6599,3560,275,36
it.happens.ever_tt0041514,1949,1,0,0,0,20793,0,378,223,10595,5506,3868,83,140
it.started.in.n_tt0053957,1960,1,1,0,0,24006,0,40,264,10266,6026,6388,1020,2
it.started.with_tt0033766,1941,1,0,0,0,23220,0,83,1780,9601,6617,4737,71,331
it.started.with_tt0052934,1959,1,0,0,0,24861,0,550,986,12899,6310,3597,451,68
it_2,2019,1,0,0,0,40613,114,1810,8873,19515,2092,6392,1781,36
italian.for.beg_tt0243862,2000,0,1,0,0,24347,5,705,11064,9463,1804,1151,152,3
italian.job_tt0064505,1969,0,1,0,0,23848,0,275,2058,8463,2221,9249,1560,22
italian_job,2003,1,0,0,0,26502,46,2361,8395,8380,943,4845,1498,34
its.a.mad.mad.m_tt0057193,1963,1,1,0,0,38241,0,421,1769,19749,3608,9243,3343,108
its.alive_tt0071675,1974,0,0,1,0,21818,0,335,3982,9917,2148,4935,476,25
its.always.fair_tt0048216,1955,1,0,0,0,24312,6,110,176,11993,4930,6774,188,135
its.complicated_tt1230414,2009,1,0,0,0,28835,0,806,4346,17416,3017,2161,926,163
ivanhoe_tt0044760,1952,1,1,0,0,25580,0,284,2192,8465,5651,8430,487,71
ivans.xtc._tt0238321,2000,0,0,1,0,22221,26,308,6466,9185,2696,2758,504,278
ive.loved.you.s_tt1068649,2008,0,1,0,0,28060,51,1090,7583,11717,3482,3423,293,421
jack,1996,1,0,0,0,27147,37,849,4318,11818,4296,4713,325,791
jack.and.jill_tt0810913,2011,1,0,0,0,21779,0,140,1180,12648,4312,3288,211,0
jackal_tt0119395,1997,1,0,0,0,29826,12,1887,8234,11198,2473,4481,1349,192
jackass.3d_tt1116184,2010,1,0,0,0,23916,5,331,986,7341,6421,7870,868,94
jackass.number._tt0493430,2006,1,0,0,0,22413,63,427,2270,6055,4978,7731,798,91
jackass.present_tt3063516,2013,1,0,0,0,22032,3,230,1106,9412,6113,4489,624,55
jackass.the.mov_tt0322802,2002,1,0,0,0,22696,15,455,2770,7185,5394,5814,940,123
jacobs.ladder_tt0099871,1990,1,0,0,0,27135,212,1311,10715,8194,1705,3491,844,663
jagged_edge,1985,1,0,0,0,27922,0,437,6174,14261,3477,2623,357,593
jane.eyre_tt0036969,1943,1,0,0,0,23112,0,715,4625,8773,2600,5591,433,375
jane_tt7207238,2017,0,1,0,0,21562,37,1328,3293,4888,3448,6276,1039,1253
janie_tt0036970,1944,1,0,0,0,24457,0,86,815,12062,8742,2637,115,0
jarhead_tt0418763,2005,1,0,0,0,29457,1,550,5981,13507,2507,4617,520,1774
jason_bourne,2016,1,0,0,0,29537,3,1983,12835,8538,736,3922,1432,88
jaws.2_tt0077766,1978,1,0,0,0,29862,0,906,5675,10095,2727,8023,2028,408
jaws.3d_tt0085750,1983,1,0,0,0,23604,22,708,2509,9973,2481,6306,1588,17
jaws_tt0073195,1975,1,1,0,0,29743,8,832,4921,11980,2746,7829,1306,121
jazz_singer,1980,1,0,0,0,27766,3,478,6943,11939,3329,4021,734,319
jean.de.florett_tt0091288,1986,0,1,0,0,29077,68,1276,5012,11243,3864,6697,660,257
jeanne.dielman_tt0073198,1975,0,1,0,0,48388,0,216,556,19698,17078,10318,200,322
jeffrey_tt0113464,1995,0,0,1,0,22524,47,383,4795,10574,2981,2406,830,508
jeremiah.johnso_tt0068762,1972,1,1,0,0,27819,42,294,6517,7855,4048,7807,1172,84
jerry_maguire,1996,1,1,0,0,35623,48,798,11451,16126,3718,2362,374,746
jesse.james_tt0031507,1939,1,0,0,0,25474,97,347,1880,9490,6431,6421,370,438
jesus.camp_tt0486358,2006,0,1,0,0,21771,2,1046,5740,7751,2475,3418,688,651
jesus.christ.su_tt0070239,1973,1,1,0,0,25558,27,300,4949,8215,2143,8133,1432,359
jesus.revolutio_tt10098448,2023,1,0,0,0,28753,19,1064,7853,12506,2432,3785,1039,55
jet.pilot_tt0050562,1957,1,0,0,0,28927,0,355,4254,13047,4713,1890,4636,32
jewel_of_the_nile,1985,1,0,0,0,25396,0,629,6968,7679,2952,6030,907,231
jezebel_tt0030287,1938,1,1,0,0,24993,0,114,1409,11953,6021,5264,106,126
jfk_tt0102138,1991,1,1,0,0,49325,82,1650,18182,19530,3443,4480,881,1077
jimmy.neutron.b_tt0268397,2001,0,1,0,1,19681,8,1082,628,4326,1262,11095,1035,245
jingle_all_the_way,1996,1,0,0,0,22993,24,577,6523,8078,2090,4038,1148,515
joan.of.arc_tt0040491,1948,1,1,0,0,34934,0,324,4757,11733,7577,9554,815,174
joe.versus.the._tt0099892,1990,1,0,0,0,24481,1,436,8458,8449,1663,4174,1101,199
joe_tt0065916,1970,1,0,0,0,25650,7,491,9742,10746,1347,2778,473,66
john.and.mary_tt0064513,1969,1,0,0,0,22165,0,124,6824,10536,2464,1778,137,302
john.carter_tt0401729,2012,1,0,0,0,31655,24,2077,6660,11417,1689,7304,2457,27
john.q_tt0251160,2002,1,0,0,0,29812,39,1348,11566,11082,2300,2456,692,329
john.wick.4_tt10366206,2023,1,0,0,0,40593,0,2451,5991,15548,2936,11793,1858,16
john.wick.chapt_tt4425200,2017,1,0,0,0,29453,0,2056,6684,10691,1846,6863,1305,8
john_wick_3,2019,1,0,0,0,31353,2,2518,3794,12805,1885,9395,954,0
johnny.belinda_tt0040495,1948,1,1,0,0,24525,0,261,2063,13323,3551,4778,448,101
johnny.guitar_tt0047136,1954,0,1,0,0,26470,0,21,326,11590,7412,5935,1186,0
jojo.rabbit_tt2584384,2019,1,0,0,0,25988,4,1426,4567,11079,3930,4465,447,70
joker,2019,1,1,0,0,29205,23,1159,7737,10910,2707,5508,989,172
joker.folie..de_tt11315808,2024,1,0,0,0,33089,0,824,9310,14213,1957,5008,1630,147
jolson.sings.ag_tt0041530,1949,1,1,0,0,24546,63,1092,3627,10839,5501,2891,233,300
jolson.story_tt0038661,1946,1,1,0,0,31069,0,407,1558,16158,7545,5050,226,125
journey.of.the._tt0070820,1973,0,1,0,0,21726,0,561,720,3829,3214,12114,1078,210
journey.to.ital_tt0046511,1954,0,1,0,0,20543,0,332,1404,9830,3409,4738,532,298
journey_2_the_mysterious_island,2012,1,0,0,0,22580,91,808,1840,9368,3797,4494,2087,95
journey_to_the_center_of_the_earth,2008,1,0,0,0,22193,42,1370,3889,9146,1549,4317,1750,130
journey_tt0052950,1959,1,0,0,0,30118,0,257,343,14919,7843,6300,366,90
joy.luck.club_tt0107282,1993,1,0,0,0,35703,5,1217,13696,13493,2509,3625,513,645
joyeux.noel_tt0424205,2005,0,1,0,0,27825,16,1320,9469,10756,1122,4191,725,226
juarez_tt0031516,1939,1,0,0,0,28974,0,774,3327,14995,5106,4343,81,348
judas.and.the.b_tt9784798,2021,0,1,0,0,30076,80,1011,10064,13692,1723,2100,915,491
judge.dredd_tt0113492,1995,1,0,0,0,22969,20,1803,9351,6293,1517,3003,763,219
judge.priest_tt0025335,1934,1,0,0,0,19304,0,30,258,7190,6733,4699,71,323
judgment.at.nur_tt0055031,1961,1,1,0,0,44725,0,172,7604,28535,4033,2335,1994,52
juke.girl_tt0034926,1942,1,0,0,0,21557,0,150,779,11485,5097,3784,87,175
julia.misbehave_tt0040498,1948,1,0,0,0,23839,0,66,777,12617,5973,4129,235,42
julie..julia_tt1135503,2009,1,0,0,0,29519,95,1811,1793,15871,5619,3726,162,442
juliet.of.the.s_tt0059229,1965,1,1,0,0,34862,7,342,12317,9896,3862,7459,494,485
julius.caesar_tt0045943,1953,1,1,0,0,29078,0,8,1154,15323,6568,5052,576,397
jumanji_the_next_level,2019,1,0,0,0,29531,16,2247,4819,12649,2674,5541,1552,33
jumanji_tt0113497,1995,1,0,0,0,24960,30,1769,7538,7618,2695,4410,315,585
jumanji_welcome_to_the_jungle,2017,1,0,0,0,28544,42,1979,6981,11487,2722,3932,1364,37
jumper_tt0489099,2008,1,0,0,0,21208,41,1269,7011,8174,1055,2825,833,0
jumpin.jack.fla_tt0091306,1986,1,0,0,0,25252,93,851,7098,10924,3257,2620,124,285
junebug_tt0418773,2005,0,1,1,0,25564,170,624,5197,11826,4762,2351,503,131
jungle.2.jungle_tt0119432,1997,1,0,0,0,25138,2,897,4388,11866,4013,2599,1031,342
jungle.book_tt0061852,1967,1,0,0,1,18834,0,71,2466,5628,1318,8914,352,85
jungle.fever_tt0102175,1991,1,0,0,0,31649,68,451,8680,14105,3192,4064,721,368
jungle.fighters_tt0054037,1961,0,1,0,0,25363,0,919,2664,14170,2855,4273,440,42
jungle_book,2016,1,0,0,1,25390,109,1306,2362,6004,2375,11342,1854,38
junior_tt0110216,1994,1,0,0,0,26370,3,688,6397,9561,5852,3436,289,144
juno,2007,1,1,0,0,23037,10,1077,4456,12482,2379,2193,305,135
jurassic.world._tt8041270,2022,1,0,0,0,35234,8,2477,6221,14560,2290,7678,1851,149
jurassic.world.rebirth_tt31036941,2025,1,0,0,0,32048,0,1275,3110,13671,2649,7366,3763,214
jurassic_park,1993,1,0,0,0,30324,30,1645,5894,9459,4880,6342,1814,260
jurassic_park_3,2001,1,0,0,0,22143,3,715,4351,7716,2494,4104,2381,379
jurassic_world,2015,1,0,0,0,29845,25,2000,5977,11197,2651,5750,2146,99
jurassic_world_fallen_kingdom,2018,1,0,0,0,30761,92,1294,5277,11546,950,7244,4249,109
just.cause_tt0113501,1995,1,0,0,0,24517,85,918,10612,7739,1778,2359,880,146
just_go_with_it,2011,1,0,0,0,27940,35,307,2935,16911,3343,3014,974,421
just_mercy,2019,1,0,0,0,32855,12,1363,11273,14614,2549,2159,518,367
justice_league,2017,1,0,0,0,28782,47,1781,4767,10652,1857,7017,2611,50
justin.bieber.n_tt1702443,2011,1,0,0,0,27012,1,406,3833,8671,5257,7141,1622,81
k9_tt0097637,1989,1,0,0,0,24207,29,514,7669,7530,2142,5450,800,73
kagemusha_tt0080979,1980,0,1,0,0,46387,0,298,646,7326,10345,25823,1899,50
kanal_tt0050585,1957,0,1,0,0,23596,2,365,1534,10514,2260,8195,700,26
kangaroo.jack_tt0257568,2003,1,0,0,0,21354,42,1084,6528,7893,1234,3055,1504,14
karate.kid.2_tt1674782,2025,1,0,0,0,22564,0,1466,1478,13240,2278,3412,614,76
karate.kid.part2.movie_tt0091326,1986,1,0,0,0,29092,8,1207,6481,12876,2431,5042,650,397
karate.kid.part_tt0097647,1989,1,0,0,0,28873,72,655,6409,11491,3143,5933,629,541
karate_kid,1984,1,0,0,0,30434,6,670,3549,14515,3301,7515,327,551
karate_kid_2010,2010,1,0,0,0,33575,56,733,8312,13872,2767,6902,917,16
keeper.of.the.f_tt0034936,1942,1,0,0,0,24114,0,232,1359,13841,5328,2786,453,115
kentucky.fried._tt0076257,1977,1,0,0,0,19996,23,694,2320,9436,3990,2547,362,624
kes_tt0064541,1969,0,1,0,0,26645,0,238,3159,16214,1855,4710,269,200
key.largo_tt0040506,1948,1,0,0,0,24064,0,160,2371,13981,4708,2420,272,152
key.to.the.city_tt0042634,1950,1,0,0,0,24165,6,147,2008,12255,6517,2846,255,131
keys.of.the.kin_tt0036983,1944,1,1,0,0,32850,0,149,1142,14661,7715,8378,544,261
khadak_tt0475241,2006,0,1,0,0,26637,13,720,4025,6779,3169,10871,920,140
khartoum_tt0060588,1966,1,0,0,0,32651,0,292,2469,14834,3282,7449,3977,348
kicking..scream_tt0384642,2005,1,0,0,0,22741,0,433,5783,9142,2576,3932,340,535
kid.galahad_tt0029080,1937,0,1,0,0,24382,45,223,2747,13378,5028,2805,156,0
kid.with.a.bike_tt1827512,2011,0,1,0,0,20991,94,503,1946,12287,3280,2422,390,69
kid_tt0219854,2000,1,0,0,0,26722,0,888,9188,10163,2207,2872,909,495
kids.are.all.ri_tt0842926,2010,0,1,0,0,25507,0,1058,4854,14090,3103,2180,150,72
kids_tt0113540,1995,0,1,1,0,21960,12,329,7724,10995,1419,981,281,219
kill.bill.vol.._tt0266697,2003,1,1,0,0,26546,411,2607,5797,9698,2047,4391,823,772
kill.bill.vol.._tt0378194,2004,1,0,0,0,32832,122,1989,9418,13681,1982,4020,1026,594
killer.of.sheep_tt0076263,1978,0,1,1,0,19619,0,419,2050,7949,3921,4538,292,450
killers.of.the._tt5537002,2023,1,1,0,0,49450,124,972,9320,24261,4845,7338,2120,470
killers_tt0038669,1946,1,1,0,0,24612,0,136,1392,14549,5690,2584,155,106
killing.of.a.ch_tt0074749,1976,0,0,1,0,27958,22,479,10616,10552,1914,3993,366,16
killing.zoe_tt0110265,1993,0,0,1,0,24646,16,704,7340,9668,3207,2786,287,638
killing_fields,1984,1,1,0,0,34023,1,1591,6989,11907,4981,7327,1077,150
kim_tt0042644,1950,1,0,0,0,28947,0,301,1736,9749,8297,8328,485,51
kind.hearts.and_tt0041546,1949,0,1,0,0,25455,0,435,699,10034,7533,5812,709,233
kindergarten_cop_fs,1990,1,0,0,0,26664,11,494,3672,11654,3725,6377,500,231
king..country_tt0058263,1964,0,1,0,0,21267,11,493,3816,11567,2062,3044,118,156
king.and.i_tt0049408,1956,1,1,0,0,31959,0,6,55,10003,10122,11101,344,328
king.kong_tt0024216,1933,1,1,0,0,25036,9,213,385,6440,3519,11884,2306,280
king.kong_tt0074751,1976,1,1,0,0,32230,29,397,6174,10789,3093,8339,3407,2
king.of.comedy_tt0085794,1982,0,1,0,0,27954,0,255,2045,17967,3732,3055,424,476
king.of.kings_tt0055047,1961,1,0,0,0,40994,27,206,4818,13926,4724,12455,4620,218
king.of.kings_tt7967302,2025,1,0,0,1,24289,4,1474,1690,8751,2568,8827,922,53
king.of.kong.a._tt0923752,2007,0,0,1,0,21380,32,526,5415,9115,2502,2911,510,369
king.of.the.khy_tt0045961,1953,1,0,0,0,23954,0,13,220,7734,6692,8350,870,75
king.of.the.mou_tt0082619,1981,1,0,0,0,21742,0,593,4110,8478,3008,4109,1397,47
king.of.the.zom_tt0033787,1941,0,0,1,0,14867,0,81,208,4883,7557,2045,13,80
king.ralph_tt0102216,1991,1,0,0,0,23135,0,252,2700,10217,3384,5304,1269,9
king.richard_tt9620288,2021,0,1,0,0,34688,50,894,7319,14472,4114,6771,869,199
king.solomons.m_tt0029081,1937,0,1,0,0,19265,0,466,1135,8217,2204,6289,758,196
king.solomons.m_tt0042646,1950,1,1,0,0,24581,0,210,1106,8446,6405,7640,616,158
king_kong,2005,1,0,0,0,44928,95,1027,14490,13211,1750,9481,4436,438
kingdom.of.the._tt11389872,2024,1,0,0,0,34714,106,1306,6208,12391,2379,9409,2766,149
kings.go.forth_tt0051819,1958,1,0,0,0,26448,0,31,4104,11538,3613,6118,1041,3
kings.man_tt6856242,2021,1,0,0,0,31322,0,943,4593,13593,2949,5853,2951,440
kings.row_tt0034946,1942,1,1,0,0,32623,0,297,3388,18261,6322,3944,202,209
kings_speech,2010,1,1,0,0,28404,1,1243,8791,9824,3290,4202,642,411
kingsman,2014,1,0,0,0,30868,13,1075,4596,13432,2743,5966,2995,48
kingsman.the.go_tt4649466,2017,1,0,0,0,33809,12,1261,5065,13785,3152,7753,2571,210
kismet_tt0036984,1944,1,1,0,0,23945,0,696,1746,8943,6383,5895,256,26
kiss.me.kate_tt0045963,1953,1,0,0,0,26298,0,25,137,7692,8663,9714,61,6
kiss.of.the.spi_tt0089424,1985,0,1,0,0,28926,0,215,2359,17036,4158,4564,269,325
kiss.the.girls_tt0119468,1997,1,0,0,0,27638,9,1233,11260,9600,1721,2616,646,553
kiss.tomorrow.g_tt0042648,1950,1,0,0,0,26334,0,158,478,13570,8570,3436,94,28
kite.runner_tt0419887,2007,0,1,0,0,30656,12,1224,8568,12187,2432,4528,896,809
kitty.foyle_tt0032671,1940,1,1,0,0,25804,0,387,5149,12690,4318,2542,283,435
kitty_tt0037849,1945,1,0,0,0,26618,0,464,676,7876,9945,7271,223,163
klumps,2000,1,0,0,0,25608,36,1044,7206,10371,2025,3869,711,346
klute_tt0067309,1971,1,0,0,0,27329,6,1263,8074,11140,2398,4040,127,281
knack....and.ho_tt0059362,1965,1,1,0,0,20423,6,658,3249,8571,3327,4509,77,26
knave.of.hearts_tt0047243,1954,0,1,0,0,25570,0,254,3014,14287,4794,2824,264,133
knife.in.the.wa_tt0056291,1962,0,1,0,0,22665,31,274,1573,13142,2993,3757,808,87
knight.and.day_tt1013743,2010,1,0,0,0,26258,10,1731,11797,8578,1130,2445,514,53
knights.of.the._tt0045966,1953,1,1,0,0,27760,0,117,1096,8365,8695,8456,1002,29
knives_out,2019,1,0,0,0,31225,0,1482,8453,13254,2340,4786,817,93
knock.on.wood_tt0047152,1954,1,0,0,0,24896,0,205,209,13876,5444,4392,569,201
knocked_up,2007,1,0,0,0,30919,0,664,7895,17069,3078,1870,315,28
knowing_tt0448011,2009,1,0,0,0,29129,127,2103,5643,11778,1625,5470,2315,68
knute.rockne.al_tt0032676,1940,1,0,0,0,23489,7,653,517,9606,5435,6183,791,297
kong_skull_island,2017,1,0,0,0,28386,106,1337,7234,9575,2011,4093,3988,42
kotch_tt0067314,1971,1,1,0,0,29311,0,218,6531,13466,5410,3398,221,67
krakatoa.east.o_tt0064555,1968,1,0,0,0,25418,0,548,3606,12118,2175,4521,2361,89
kramer_v_kramer,1979,1,1,0,0,26927,0,679,6607,11570,4801,2547,284,439
krull_tt0085811,1983,1,0,0,0,28978,172,763,4241,8453,2607,9632,2986,124
kubo.and.the.tw_tt4302938,2016,0,1,0,1,24361,87,1415,5396,6777,571,8154,1932,29
kung.fu.panda.2_tt1302011,2011,1,0,0,1,21674,66,341,2161,6247,1363,9302,2174,20
kung.fu.panda.3_tt2267968,2016,1,0,0,1,22757,254,884,2715,6967,2095,7818,1859,165
kung.fu.panda.4_tt21692408,2024,1,0,0,1,22452,16,392,1735,6099,1948,9946,2288,28
kung.fu.panda_tt0441773,2008,1,1,0,1,22053,44,410,1819,5899,1862,10156,1822,41
kwaidan_tt0058279,1964,0,1,0,0,43940,61,1570,4867,7486,3986,24701,1241,28
l.a..confidenti_tt0119488,1997,0,1,0,0,33050,12,1810,13106,12971,2083,2891,162,15
l.a..story_tt0102250,1991,1,0,0,0,22675,48,1420,7052,6977,2734,3375,798,271
l.i.e._tt0242587,2001,0,1,1,0,22983,27,1125,8635,7228,2124,2798,794,252
la.cage.aux.fol_tt0077288,1978,1,1,0,0,23256,0,71,2749,14443,3801,2011,120,61
la.crmonie_tt0112769,1995,0,1,0,0,26898,0,411,4356,11943,5959,3797,412,20
la.dolce.vita_tt0053779,1960,1,1,0,0,42108,10,592,1030,26750,2723,9879,805,319
la.fin.du.jour_tt0031309,1939,0,1,0,0,25556,0,128,4299,12418,4281,4098,77,255
la.haine_tt0113247,1995,0,1,0,0,23461,110,600,3998,10052,3349,4733,431,188
la.jete_tt0056119,1962,0,1,0,0,6741,18,263,2353,1958,139,1157,773,80
la.llorona_tt10767168,2019,0,1,0,0,23206,7,880,5928,9108,2892,2882,1264,245
la.notte_tt0054130,1961,0,1,0,0,29323,0,486,2093,15279,2638,8223,604,0
la.ronde_tt0042906,1950,0,1,0,0,23901,0,354,591,10111,6937,5599,220,89
la.strada_tt0047528,1954,1,1,0,0,26135,0,167,233,12514,3817,8639,380,385
la_bamba,1987,1,0,0,0,26033,0,531,6344,11281,3975,3350,362,190
la_la_land,2016,1,1,0,0,30642,3,1394,5354,12457,2880,6898,1373,283
lacombe.lucien_tt0071733,1974,0,1,0,0,33069,0,457,4675,15058,6454,5396,803,226
ladder.49_tt0349710,2004,1,0,0,0,27589,65,927,3403,13057,2790,5789,1188,370
ladies.of.the.b_tt0022042,1931,1,0,0,0,18220,3,304,840,10905,3271,2419,259,219
lady.and.the.tr_tt0048280,1955,1,0,0,1,18183,3,116,878,2684,732,13372,283,115
lady.bird_tt4925292,2017,0,1,0,0,23529,9,1548,2255,10914,3828,3115,1408,452
lady.eve_tt0033804,1941,1,0,0,0,22643,0,255,1578,14277,3880,2145,331,177
lady.for.a.day_tt0024240,1933,1,1,0,0,22104,0,198,941,13520,5175,2000,179,91
lady.in.cement_tt0063210,1968,1,0,0,0,22443,3,165,1041,11378,6072,3086,565,133
lady.of.burlesq_tt0036094,1943,1,0,0,0,23189,0,115,444,10606,4360,7527,89,48
lady.sings.the._tt0068828,1972,1,0,0,0,34528,0,85,6100,18694,5603,3866,180,0
ladyhawke_tt0089457,1985,1,0,0,0,29024,102,703,4338,9931,3136,8650,1548,616
ladykillers_tt0048281,1955,1,1,0,0,21685,0,346,469,5952,9065,5500,291,62
land.before.tim_tt0095489,1988,1,0,0,1,17671,21,263,470,1272,466,13583,762,834
lara.croft.tomb_tt0325703,2003,1,0,0,0,28122,21,1908,8562,8747,1012,4478,3385,9
lara_croft_tomb_raider,2001,1,0,0,0,24112,111,1828,5567,7652,1350,5664,1452,488
largent_tt0085180,1983,0,1,0,0,20343,43,1864,330,9268,4688,3978,90,82
lassie.come.hom_tt0036098,1943,1,1,0,0,21401,0,92,757,5887,4854,9309,312,190
last.boy.scout_tt0102266,1991,1,0,0,0,25267,9,798,11610,6425,2024,3294,358,749
last.days.of.di_tt0120728,1998,0,0,1,0,27313,29,454,3712,16298,3639,2253,407,521
last.detail_tt0070290,1973,1,1,0,0,26726,0,225,2678,13897,5362,4002,212,350
last.dragon_tt0089461,1985,1,0,0,0,25977,45,671,7820,10652,2904,3334,226,325
last.house.on.t_tt0068833,1972,0,0,1,0,20243,44,481,4205,8449,4008,2514,376,166
last.king.of.sc_tt0455590,2006,0,1,0,0,29499,0,1259,13757,9017,1411,2732,1176,147
last.married_tt0081032,1980,1,0,0,0,24455,0,46,4176,12062,3954,4087,128,2
last.metro_tt0080610,1980,0,1,0,0,31683,1,682,3872,16965,5262,4393,352,156
last.of.mrs..ch_tt0029120,1937,1,0,0,0,23569,68,95,859,15044,5344,1973,96,90
last.of.sheila_tt0070291,1973,1,0,0,0,28590,0,1081,4537,14553,4904,2779,663,73
last.of.the.red_tt0068835,1972,1,0,0,0,23454,12,95,1487,12310,7446,2017,87,0
last.picture.sh_tt0067328,1971,1,1,1,0,32452,0,463,6808,16607,3590,3966,652,366
last.remake.of._tt0076297,1977,1,0,0,0,20212,12,963,5066,6470,2081,5093,377,150
last.samurai_tt0325710,2003,1,0,0,0,36962,75,1212,8503,13060,5144,6412,1719,837
last.seduction_tt0110308,1994,0,0,1,0,28459,21,1251,6818,10988,3953,4592,327,509
last.starfighte_tt0087597,1984,1,0,0,0,24107,18,870,8033,7569,1437,4122,1446,612
last.tango.in.p_tt0070849,1972,1,1,0,0,31066,4,492,9233,11427,3930,5688,271,21
last.temptation_tt0095497,1988,0,1,0,0,39239,9,1442,11615,14155,3885,6565,565,1003
last.time.i.saw_tt0047162,1954,1,0,0,0,29723,0,56,1716,18840,5603,2959,488,61
last_action_hero_fs,1993,1,0,0,0,33673,68,1965,11044,11279,2920,5060,932,405
last_airbender,2010,1,0,0,0,24752,108,891,4984,7530,1361,6572,3029,277
last_crusade,1989,1,0,0,0,30422,5,1423,5550,11367,2881,6791,2045,360
last_emperor,1987,1,1,0,0,39109,14,966,10108,11608,3974,11266,1035,138
last_jedi,2017,1,0,0,0,36406,45,1446,12045,10116,1401,8099,2945,309
last_of_the_mohicans,1992,1,0,0,0,28008,17,523,8877,7655,3307,5067,2006,556
latalante_tt0024844,1934,0,1,0,0,21397,0,198,668,8281,6184,5140,412,514
late.show_tt0076301,1977,1,0,0,0,22321,0,306,2690,12321,3765,3080,134,25
late.spring_tt0041154,1949,0,1,0,0,25977,0,531,660,9826,4368,9907,654,31
laura_tt0037008,1944,1,1,0,0,20889,0,45,723,12176,5959,1839,95,52
lavender.hill.m_tt0044829,1951,0,1,0,0,19484,3,304,408,11068,3105,3848,474,274
lavventura_tt0053619,1960,0,1,0,0,34312,0,305,3529,17510,3575,7816,1198,379
law.abiding.cit_tt1197624,2009,1,0,0,0,27957,9,2510,8785,10606,1127,3325,1289,306
lawnmower.man_tt0104692,1992,1,0,0,0,25920,116,1849,5892,7950,2739,5909,1080,385
lawrence.of.ara_tt0056172,1962,1,1,0,0,54450,60,592,4419,15906,9098,18404,5781,190
le.amiche_tt0047821,1955,0,1,0,0,25423,0,537,26,12084,7440,4638,658,40
le.bonheur_tt0058985,1965,0,1,0,0,19214,30,880,2400,8873,3239,3605,163,24
le.mans_tt0067334,1971,1,0,0,0,26062,46,1238,6006,7088,1953,6738,2969,24
le.million_tt0022150,1931,0,1,0,0,19524,18,221,29,4939,8143,5780,390,4
league.of.extra_tt0311429,2003,1,0,0,0,26401,47,1732,3874,9276,2185,7375,1623,289
league_of_their_own,1992,1,0,0,0,31329,0,466,3142,14089,5367,7570,336,359
lean.on.me_tt0097722,1989,1,0,0,0,26032,0,448,2148,13219,5093,4631,202,291
leave.her.to.he_tt0037865,1945,1,1,0,0,26373,0,304,661,11948,7393,5226,737,104
leaving.las.veg_tt0113627,1995,0,1,0,0,26850,0,991,9091,11059,2654,1977,906,172
leclisse_tt0056736,1962,0,1,0,0,30231,0,936,3637,14326,3459,6496,1342,35
left.hand.of.go_tt0048291,1955,1,0,0,0,22463,0,76,1404,13152,2916,4340,431,144
legal_eagles,1986,1,0,0,0,29713,6,403,5376,13553,4408,5686,272,9
legally.blonde._tt0333780,2003,1,0,0,0,22689,2,1299,3566,12168,2682,2100,474,398
legally.blonde_tt0250494,2001,1,0,0,0,23019,0,276,4008,12883,3077,2062,462,251
legend_of_tarzan,2016,1,0,0,0,26370,127,1537,6743,8229,2131,4540,2693,370
legend_of_the_lone_ranger_fs,1981,1,0,0,0,23436,2,357,5215,7293,2849,7194,478,48
legends_of_the_fall,1994,1,1,0,0,34120,8,412,10887,11065,3749,6141,902,956
lego.batman.mov_tt4116284,2017,1,0,0,1,25056,20,1447,960,3940,5287,9755,3583,64
lego.movie.2.th_tt3513498,2019,1,0,0,1,25691,2,2362,1697,5957,3961,8846,2836,30
lego.movie_tt1490017,2014,1,1,0,1,24110,22,1675,1303,4659,4117,10447,1863,24
lego.ninjago.mo_tt3014284,2017,1,0,0,1,24322,30,1632,2824,6394,3907,7623,1892,20
lemon.drop.kid_tt0043733,1951,1,0,0,0,21917,0,112,534,11283,6357,3288,137,206
lemon.popsicle_tt0079118,1978,0,1,0,0,23162,4,377,6590,10802,2945,2301,92,51
lemony_snicket,2004,1,0,0,0,25887,185,2717,4160,10360,2076,5372,931,86
lenny_tt0071746,1974,1,1,0,0,26642,193,595,11033,8766,1604,3635,154,662
les.girls_tt0050631,1957,1,1,0,0,27412,0,183,1057,13833,7286,4866,114,73
les.misrables_tt0026725,1935,1,1,0,0,26238,56,218,4944,12630,3939,4019,205,227
les.misrables_tt1707386,2012,1,1,0,0,37863,140,641,18590,11792,1286,3177,1905,332
let.him.go_tt9340860,2020,1,0,0,0,27242,2,841,4095,16223,1918,2846,1178,139
let.the.right.o_tt1139797,2008,0,1,0,0,27477,101,2154,9414,6741,2355,6049,652,11
lethal_weapon,1987,1,0,0,0,28077,19,590,8721,9655,2464,5180,1324,124
lethal_weapon_2,1989,1,0,0,0,28293,0,441,7335,11380,2510,4953,1526,148
lethal_weapon_3,1992,1,0,0,0,29005,7,455,10791,10362,2766,3794,579,251
lethal_weapon_4,1998,1,0,0,0,30552,17,669,9740,12936,2158,4440,588,4
lets.be.cops_tt1924435,2014,1,0,0,0,25053,133,1097,6128,12016,2925,2401,293,60
lets.do.it.agai_tt0073282,1975,1,0,0,0,27031,10,155,6564,11723,4537,3802,213,27
lets.make.love_tt0054022,1960,1,1,0,0,28356,0,300,1284,18725,4204,3411,329,103
letter.from.an._tt0040536,1948,0,1,0,0,20957,0,161,864,9304,4607,5505,414,102
letter.of.intro_tt0030359,1938,1,0,0,0,26067,0,237,270,11559,9003,4683,20,295
letter_tt0032701,1940,1,1,0,0,22815,2,194,1580,12581,5114,3082,78,184
letters.from.iw_tt0498380,2006,0,1,0,0,33700,22,1476,7205,16542,1207,5834,1178,236
leviathan_tt2802154,2014,0,1,0,0,33863,0,671,6126,14923,4109,6118,1746,170
liar_liar,1997,1,0,0,0,22223,7,501,4478,12401,2713,1246,340,537
libeled.lady_tt0027884,1936,1,0,0,0,23559,56,375,446,13800,6096,2474,167,145
licence.to.kill_tt0097742,1989,1,0,0,0,31968,5,1324,6036,12299,3884,6400,1941,79
license.to.driv_tt0095519,1988,1,0,0,0,21537,121,663,3921,9663,2426,4122,260,361
licorice.pizza_tt11271038,2021,0,1,0,0,31992,0,301,8316,14891,3075,5002,141,266
life.and.times._tt0208261,1998,0,1,0,0,24411,28,754,6902,7301,2674,4990,441,1321
life.begins.for_tt0033832,1941,1,0,0,0,25994,6,148,1532,18127,3820,2115,118,128
life.is.beautif_tt0118799,1997,1,1,0,0,28267,2,486,2732,11653,3934,8468,924,68
life.is.sweet_tt0100024,1990,0,1,0,0,24836,0,412,6986,11749,2505,2820,146,218
life.itself_tt2382298,2014,0,1,0,0,28944,116,1914,8203,10794,3059,3115,1187,556
life.of.brian_tt0079470,1979,1,0,0,0,24070,1,221,2410,9274,4341,7051,643,129
life.of.emile.z_tt0029146,1937,1,1,0,0,27841,39,651,2727,12974,7322,3563,357,208
life.of.pi_tt0454876,2012,1,1,0,0,30446,40,1540,6854,8424,3857,7025,2635,71
life.with.fathe_tt0039566,1947,1,1,0,0,28198,0,86,559,10156,11343,5954,81,19
life_tt0123964,1999,1,0,0,0,25859,58,421,4270,13069,3437,3498,371,735
lifeboat_tt0037017,1944,0,1,0,0,23361,0,267,3259,14785,3521,1125,404,0
lights.out_tt4786282,2016,1,0,0,0,19410,24,1025,5387,8942,965,1968,1020,79
lightyear_tt10298810,2022,1,0,0,1,25183,23,2430,2296,8825,1859,7038,2637,75
like.crazy_tt1758692,2011,0,1,0,0,21588,5,1190,7576,8347,2514,1384,313,259
like.father.lik_tt0093418,1987,1,0,0,0,25575,24,472,5662,11531,3294,3818,257,517
like.mike_tt0308506,2002,1,0,0,0,23988,56,1187,6330,9859,2298,3877,348,33
like.water.for._tt0103994,1992,0,1,0,0,25195,19,1222,8618,8932,2548,3264,332,260
like_a_boss,2020,1,0,0,0,20003,16,777,3090,12512,1793,1395,392,28
lili_tt0046000,1953,1,1,0,0,19397,0,44,960,7006,5438,5771,157,21
lilies.of.the.f_tt0057251,1963,1,1,0,0,22591,0,74,598,10393,5875,5262,337,52
lilith_tt0058294,1964,1,0,0,0,27314,25,555,5652,13444,2876,4423,305,34
lillian.russell_tt0032710,1940,1,0,0,0,30561,206,254,3215,15544,5563,5571,206,2
lilo..stitch_tt0275847,2002,1,0,0,1,20445,39,944,1178,6691,1979,8808,585,221
limey_tt0165854,1999,0,0,1,0,22800,13,1084,7186,9384,1590,2988,487,68
limit_tt0022080,1931,0,1,0,0,3641,0,119,1268,1227,201,650,150,26
limitless_tt1219289,2011,1,0,0,0,25119,88,1509,8062,10113,1367,2441,1408,131
lincoln,2012,1,1,0,0,35952,50,727,4167,18637,5088,5040,894,1349
lion.in.winter_tt0063227,1968,1,1,0,0,32255,0,256,8565,14866,2162,5599,742,65
lion.king_tt0110357,1994,1,1,0,1,21188,6,883,3135,5247,349,10373,1057,138
lion.king_tt6105098,2019,1,0,0,1,28350,7,687,2532,2357,953,17846,3804,164
lion_tt3741834,2016,0,1,0,0,28421,11,1487,12367,7633,926,3686,1994,317
lipstick_tt0074802,1976,1,0,0,0,21394,58,405,7597,7471,2604,2934,280,45
list.of.adrian._tt0057254,1963,1,0,0,0,25187,17,624,3460,14949,2280,3084,706,67
little.amlie.or_tt29313285,2025,0,1,0,1,18511,393,1941,4676,5170,772,4088,1379,92
little.big.man_tt0065988,1970,1,0,0,0,33439,37,226,8450,11301,3369,8421,1502,133
little.caesar_tt0021079,1931,1,0,0,0,18810,0,237,865,9322,4462,3570,122,232
little.colonel_tt0016029,1935,1,0,0,0,19541,0,83,470,4862,7285,6607,153,81
little.fockers_tt0970866,2010,1,0,0,0,23452,0,953,3872,13575,2221,2045,351,435
little.foxes_tt0033836,1941,1,1,0,0,27911,0,89,911,12549,9835,4204,147,176
little.man_tt0430304,2006,1,0,0,0,23416,13,1044,5667,9862,3540,2511,474,305
little.mermaid_tt0097757,1989,1,1,0,1,19745,45,241,3045,6681,1025,7943,739,26
little.mermaid_tt5971474,2023,1,0,0,0,32422,65,421,7650,9819,2227,7686,4509,45
little.minister_tt0025409,1934,1,0,0,0,26342,0,108,2166,11558,6739,5276,206,289
little.miss.mar_tt0025410,1934,1,0,0,0,19016,0,147,1011,8821,5948,2707,297,85
little.miss.mar_tt0081063,1980,1,0,0,0,24540,0,142,142,10117,6781,7174,184,0
little.miss.sun_tt0449059,2006,1,1,0,0,24592,28,629,7043,9923,2460,3384,521,604
little.shop.of._tt0091419,1986,1,0,0,0,22511,13,1056,3276,9980,3111,4207,474,394
little.things_tt10016180,2021,1,0,0,0,30650,3,552,5625,14492,1683,6550,699,1046
little.women_tt0024264,1933,1,1,0,0,27702,0,206,1678,9853,10946,4682,181,156
little_rascals,1994,1,0,0,0,19745,22,959,5807,6312,1406,4584,588,67
little_women,1994,1,0,0,0,30437,18,1564,8331,9856,4791,5528,271,78
little_women_2020,2019,1,1,0,0,32345,32,1186,2552,16162,5854,5504,814,241
littlest.rebel_tt0026641,1935,1,0,0,0,17645,0,226,1062,6895,4115,5129,186,32
live.and.let.di_tt0070328,1973,1,0,0,0,29160,30,957,3865,12257,4674,5882,1415,80
live_free_or_die_hard,2007,1,0,0,0,30847,1,1790,13529,8581,747,4362,1750,87
lives.of.a.beng_tt0026643,1935,1,1,0,0,26178,0,218,720,12046,5359,7014,501,320
lives.of.others_tt0405094,2006,0,1,0,0,33021,22,1717,6421,18296,2714,3015,491,345
living.in.obliv_tt0113677,1995,0,1,1,0,23163,29,1159,6263,13165,1219,1155,134,39
living_daylights,1987,1,0,0,0,31380,20,990,5529,12671,2597,8158,1329,86
lloyds.of.londo_tt0027902,1936,1,1,0,0,28258,244,191,2421,14226,5219,5302,335,320
local.hero_tt0085859,1983,0,1,0,0,26820,164,451,2336,14467,3939,4457,921,85
lodger_tt0037024,1944,1,0,0,0,20085,0,133,882,8081,5869,4907,139,74
logan,2017,1,0,0,0,32937,24,2054,9941,12768,2631,4634,843,42
logans.run_tt0074812,1976,1,0,0,0,28471,0,334,4451,10226,3416,8685,1173,186
lolita_tt0056193,1962,1,1,0,0,36837,0,439,3161,22053,6631,3649,556,348
lone.ranger_tt1210819,2013,1,0,0,0,35851,50,999,8951,12233,2225,7997,3058,338
lone.star_tt0043751,1952,1,0,0,0,22682,0,95,820,8254,6773,5677,709,354
lone.star_tt0116905,1996,0,0,1,0,32453,23,1355,6185,18592,3083,2390,734,91
lone_survivor,2013,1,0,0,0,29077,149,1878,12288,7539,1713,3173,2180,157
lonesome.jim_tt0385056,2005,0,0,1,0,21992,4,625,3204,11363,2863,3344,276,313
long.days.journ_tt0056196,1962,1,0,0,0,40932,0,75,4507,23998,9268,2625,216,243
long.gray.line_tt0048312,1955,1,0,0,0,35203,0,150,62,13238,12961,7969,757,66
long.hot.summer_tt0051878,1958,1,0,0,0,27907,0,5,1829,13570,6980,4780,731,12
long.kiss.goodn_tt0116908,1996,1,0,0,0,28913,98,2278,11903,8307,1113,4274,822,118
long.long.trail_tt0047191,1954,1,0,0,0,23002,6,61,61,8897,7766,5652,469,90
long.riders_tt0081071,1980,1,0,0,0,23844,4,284,7285,7959,2585,4711,469,547
long.voyage.hom_tt0032728,1940,0,1,0,0,25312,125,245,1037,11468,4578,6958,531,370
longest.day_tt0056197,1962,1,1,0,0,42766,0,347,3746,20153,6240,10135,1907,238
longest.yard_tt0071771,1974,1,1,0,0,29043,0,467,6593,9759,4867,7084,113,160
longest_yard,2005,1,0,0,0,27211,2,1670,6356,10847,2330,5400,578,28
longlegs_tt23468450,2024,1,0,0,0,24142,13,893,3439,12787,1198,4494,1112,206
look.back.in.an_tt0051879,1959,0,1,0,0,23901,0,201,6361,14154,1413,1444,139,189
look.for.the.si_tt0041599,1949,1,1,0,0,26211,0,213,635,9218,7277,8679,143,46
look.of.silence_tt3521134,2014,0,1,0,0,24798,11,1187,12195,3829,3115,3876,416,169
look_whos_talking,1989,1,0,0,0,22981,50,1307,4263,11805,2966,1863,654,73
looking.for.mr.goodbar_tt0076327,1977,1,0,0,0,34988,2,278,4873,20996,5664,2854,285,36
lookout_tt0427470,2007,0,0,1,0,23644,139,785,8537,8966,1320,2846,401,650
looper_tt1276104,2012,1,0,0,0,28496,57,2691,8951,8954,1848,4772,1010,213
lorax_tt1482459,2012,1,0,0,1,20697,4,374,2283,6383,2367,8182,1077,27
lord.jim_tt0059399,1965,1,1,0,0,39604,0,109,3640,19357,5880,9178,1416,24
lord.of.the.fli_tt0057261,1963,1,1,0,0,21773,2,1101,2652,7058,2006,7535,1229,190
lord.of.the.rin_tt0077869,1978,1,0,0,1,31957,14,211,2932,9221,2862,15380,831,506
lord.of.war_tt0399295,2005,0,0,1,0,31282,11,2297,9777,9469,2560,5748,1374,46
lords.of.flatbu_tt0071772,1974,1,0,0,0,21590,10,67,4935,10853,2183,3067,126,349
lost.boundaries_tt0041600,1949,1,1,0,0,25497,0,186,1238,12993,5487,5057,419,117
lost.boys_tt0093437,1987,1,0,0,0,23349,60,1102,7976,8637,1150,3234,927,263
lost.highway_tt0116922,1997,0,0,1,0,32258,188,1416,10739,11073,1847,4758,1903,334
lost.horizon_tt0029162,1937,1,1,0,0,34209,0,391,3200,17066,5113,6770,857,812
lost.horizon_tt0070337,1973,1,0,0,0,35848,6,192,3330,16385,4642,9911,1380,2
lost.in.transla_tt0335266,2003,0,1,0,0,24398,13,1296,4298,11700,1974,3908,888,321
lost.squadron_tt0023151,1932,1,0,0,0,18961,0,245,578,8765,4178,3983,1086,126
lost.weekend_tt0037884,1945,1,1,0,0,24076,55,513,1939,14035,4525,2706,242,61
lost_in_space,1998,1,0,0,0,31208,7,2003,7652,11780,1800,4905,2823,238
lost_world,1997,1,0,0,0,30866,57,917,4210,10778,4284,8270,2094,256
lotr_fellowship,2001,1,1,0,0,45815,20,3401,18314,9048,2135,8034,4354,509
lotr_return_of_the_king,2003,1,1,0,0,48181,239,2541,20818,9504,1517,8649,4500,413
lotr_two_towers,2002,1,1,0,0,43005,13,1728,17572,8880,1135,8126,5137,414
louisiana.purch_tt0033851,1941,1,1,0,0,25320,0,364,1088,11627,7172,4728,173,168
louisiana.story_tt0040550,1948,0,1,0,0,20138,1,1480,259,4663,5684,6814,724,513
love.actually_tt0314331,2003,1,1,0,0,34655,9,440,8632,18290,3660,2794,655,175
love.affair_tt0031593,1939,1,0,0,0,22327,0,313,1520,10316,6938,3015,204,21
love.and.death_tt0073312,1975,1,0,0,0,20354,32,153,5587,7989,2947,2855,266,525
love.at.first.b_tt0079489,1979,1,0,0,0,24665,2,452,2924,13196,3816,3457,326,492
love.bug_tt0064603,1968,1,0,0,0,25810,12,509,5386,11746,2322,4432,1381,22
love.in.the.aft_tt0050658,1957,1,0,0,0,31167,0,378,2371,15685,7720,4653,360,0
love.is.a.manys_tt0048316,1955,1,1,0,0,24360,0,28,125,11170,6479,5600,748,210
love.letters_tt0037885,1945,1,0,0,0,25971,0,138,3172,11750,6423,3943,433,112
love.me.or.leav_tt0048317,1955,1,0,0,0,29232,76,186,359,17726,4957,5513,175,240
love.me.tender_tt0049452,1956,1,0,0,0,21479,0,7,395,8480,5798,6405,180,214
love.me.tonight_tt0023158,1932,1,0,0,0,22749,0,92,867,7327,6647,7288,303,225
love.on.the.run_tt0027914,1936,1,0,0,0,20660,0,380,1940,8433,5696,3959,210,42
love.parade_tt0020112,1929,1,0,0,0,25796,0,178,229,12169,6061,6452,582,125
love.story_tt0066011,1970,0,1,0,0,24045,0,44,5348,10564,2404,5175,466,44
love.with.the.p_tt0057263,1963,1,1,0,0,24053,0,72,2655,13766,3397,3882,281,0
loved.one_tt0059410,1965,1,0,0,0,29032,0,280,5203,14197,4280,4516,354,202
lovely.to.look._tt0044855,1952,1,0,0,0,24432,30,199,226,9243,6548,8104,51,31
lover.come.back_tt0055100,1961,1,0,0,0,25624,0,116,3457,15439,4299,1814,269,230
lovers.and.othe_tt0066016,1970,1,1,0,0,25005,0,103,1890,14383,6418,1616,109,486
loves.of.a.blon_tt0059415,1965,0,1,0,0,21855,0,544,4865,11972,2376,1501,263,334
loves.of.carmen_tt0040552,1948,1,0,0,0,23171,0,176,803,11321,5220,5265,205,181
loving.vincent_tt3262342,2017,0,1,0,1,22704,117,1516,3083,9017,2651,5343,751,226
lshaped.room_tt0057239,1962,1,1,0,0,30226,5,239,5807,19231,2510,2056,355,23
lucky.lady_tt0073317,1975,1,0,0,0,28198,0,101,6811,12161,2409,5412,1294,10
lucky.one_tt1327194,2012,1,0,0,0,24193,65,853,5911,10022,2364,3648,1135,195
lucy,2014,1,0,0,0,21449,139,1472,9068,6131,643,1876,1917,203
lullaby.of.broa_tt0043762,1951,1,0,0,0,22126,0,120,709,10461,4943,5568,242,83
lust.for.life_tt0049456,1956,1,1,0,0,29325,61,303,965,8800,10346,7934,430,486
lyle.lyle.croco_tt14668630,2022,1,0,0,0,25568,88,1028,2468,13046,2767,5737,420,14
m2046_tt0212712,2004,0,1,0,0,30794,14,1348,13597,12930,253,1418,1055,179
m3gan_tt8760708,2022,1,0,0,0,24418,42,1852,5936,11978,1554,2073,853,130
ma.vie.en.rose_tt0119590,1997,0,1,0,0,22907,5,863,5586,9788,3375,2633,458,199
macarthur_tt0076342,1977,1,0,0,0,33310,0,449,8915,11600,4667,6636,860,183
machine.gun.mcc_tt0065895,1969,0,1,0,0,22948,0,272,5725,10625,2155,3699,445,27
mack_tt0070350,1973,1,0,0,0,26281,6,267,13087,8789,1562,2172,154,244
mackennas.gold_tt0064615,1969,1,0,0,0,30708,74,309,3599,8794,5380,9617,2812,123
mad_max_thunderdome,1985,1,0,0,0,25625,15,1046,5552,7410,1193,8312,960,1137
madagascar.3.eu_tt1277953,2012,1,0,0,1,22395,74,517,3371,4316,2913,7973,3040,191
madagascar.esca_tt0479952,2008,1,0,0,1,21426,67,1073,2680,3933,3853,8008,1530,282
madagascar_tt0351283,2005,1,0,0,1,20600,77,897,2089,2275,4276,9905,979,102
madame.butterfl_tt0023169,1932,1,0,0,0,22243,0,99,2677,13492,3527,1888,302,258
madame.curie_tt0036126,1943,1,1,0,0,29717,0,601,1051,14680,6580,5927,639,239
madame.rosa_tt0076348,1977,1,1,0,0,25370,1,398,4901,12885,4612,1584,205,784
madame.web_tt11057302,2024,1,0,0,0,27865,70,1723,3393,15177,2982,3249,1232,39
made_in_america_fs,1993,1,0,0,0,26537,8,388,4067,11368,6081,4080,289,256
madea.goes.to.j_tt1142800,2009,1,0,0,0,26807,16,526,6421,10862,4282,2572,2113,15
madeas.family.r_tt0455612,2006,1,0,0,0,26263,8,690,6442,10895,4353,3088,598,189
madeas.witness._tt2215285,2012,1,0,0,0,27465,8,206,3430,14722,5514,2933,652,0
mademoiselle_tt0060648,1966,0,1,0,0,24640,45,825,3433,7719,2526,8914,1160,18
madness.of.king_tt0110428,1994,0,1,0,0,26529,0,531,7602,9968,3930,3737,410,351
magic.flute_tt0073822,1975,0,1,0,0,33106,5,1651,14159,9417,2419,4487,260,708
magic.mike.xxl_tt2268016,2015,1,0,0,0,27640,35,405,1804,13563,4078,6837,625,293
magic.mike_tt1915581,2012,1,0,0,0,26485,15,551,4800,11855,3619,4864,374,407
magic_tt0077889,1978,1,0,0,0,25638,50,649,7968,10929,2804,2530,322,386
magician_tt0051365,1958,0,1,0,0,24365,79,141,3751,12820,3039,4128,185,222
magnificent.amb_tt0035015,1942,0,1,0,0,21138,0,233,1767,11674,2685,4209,533,37
magnificent.obs_tt0026667,1935,1,0,0,0,24503,19,51,440,12750,8313,2356,400,174
magnificent.obs_tt0047203,1954,1,0,0,0,25892,15,447,3447,15860,2893,2645,445,140
magnificent_seven,2016,1,0,0,0,31849,28,523,7413,10050,3010,9469,1330,26
magnolia_tt0175880,1999,0,1,1,0,45245,5,846,16591,17626,3566,4026,833,1752
magnum.force_tt0070355,1973,1,0,0,0,29382,0,813,6586,12004,3057,6019,891,12
magus_tt0063260,1968,0,1,0,0,27872,27,554,7614,13149,3045,2852,550,81
mahogany_tt0073335,1975,1,0,0,0,26066,85,254,7077,11003,3063,3755,802,27
maid.in.manhatt_tt0252076,2002,1,0,0,0,27050,5,1176,5765,13961,3263,1836,603,441
maid.of.salem_tt0029190,1937,1,0,0,0,20669,0,102,732,11332,4033,3818,285,367
main.event_tt0079510,1979,1,0,0,0,26196,0,195,4317,12234,4951,4194,305,0
major.and.the.m_tt0035019,1942,1,0,0,0,24115,0,40,514,15257,4897,3050,169,188
major.barbara_tt0033868,1941,0,1,0,0,29012,9,118,1967,16733,5580,4025,254,326
major.league.ii_tt0110442,1994,1,0,0,0,25170,86,568,1580,11525,4768,5748,417,478
major_league,1989,1,0,0,0,25556,126,996,2609,10853,4059,5949,513,451
mala.noche_tt0089537,1986,0,0,1,0,18703,11,661,2932,8330,2456,3404,593,316
malaya_tt0041622,1949,1,0,0,0,24403,3,147,379,12332,7277,3474,595,196
malcolm.x_tt0104797,1992,1,1,0,0,48371,219,1156,13346,17655,6313,8027,1120,535
maleficent,2014,1,0,0,0,23366,16,1747,4468,7828,1209,5193,2589,316
maleficent_mistress_of_evil,2019,1,0,0,0,28494,185,1938,6587,8811,1551,6517,2896,9
malena_tt0213847,2000,0,1,0,0,22045,103,1006,3400,7564,2551,6531,652,238
malice,1993,1,0,0,0,25618,3,672,7290,10672,2753,3360,246,622
mallrats_tt0113749,1995,0,0,1,0,22862,0,446,2215,11195,5283,3217,256,250
maltese.falcon_tt0033870,1941,0,1,0,0,24093,0,366,1430,13800,6845,1307,110,235
mama_tt2023587,2013,1,0,0,0,24002,102,1596,5457,9317,1897,4710,806,117
mame_tt0071803,1974,1,0,0,0,31482,0,131,945,13949,7352,8409,573,123
mamma_mia,2008,1,1,0,0,26080,83,507,5165,12977,2457,3916,774,201
mamma_mia_2,2018,1,0,0,0,27252,5,219,1741,13347,4504,5015,2380,41
man.from.larami_tt0048342,1955,1,0,0,0,24533,20,97,1358,8562,5430,8205,733,128
man.in.the.gray_tt0049474,1956,1,0,0,0,36608,0,61,944,20926,10027,4223,405,22
man.in.the.iron_tt0120744,1998,1,0,0,0,31573,0,918,9945,11361,3855,3797,704,993
man.in.the.whit_tt0044876,1951,1,1,0,0,20440,36,679,1084,8626,4293,5363,210,149
man.of.aran_tt0025456,1934,0,1,0,0,19665,13,205,175,3345,2835,11499,764,829
man.of.la.manch_tt0068909,1972,1,0,0,0,30935,1,234,7246,13451,3010,6103,393,497
man.of.the.hous_tt0113755,1995,1,0,0,0,23143,3,535,359,10892,5537,5081,542,194
man.on.fire_tt0328107,2004,1,0,0,0,35033,107,2878,17440,7238,1751,4145,1288,186
man.on.the.moon_tt0125664,1999,0,1,0,0,28452,0,909,6086,13575,3697,3143,795,247
man.on.wire_tt1155592,2008,0,1,0,0,24210,75,1707,6305,5027,1695,5967,2857,577
man.who.came.ba_tt0022114,1931,1,0,0,0,20890,0,30,1600,11894,4415,2716,86,149
man.who.came.to_tt0033874,1941,1,0,0,0,26990,57,316,611,11236,10945,3688,62,75
man.who.could.w_tt0029201,1936,0,1,0,0,19718,0,28,956,10316,4166,3908,201,143
man.who.fell.to_tt0074851,1976,1,1,0,0,33346,23,1315,7528,14619,3137,4752,1842,130
man.who.knew.to_tt0025452,1934,0,1,0,0,20285,2,251,1146,9670,6652,2447,98,19
man.who.knew.to_tt0049470,1956,1,0,0,0,28844,18,337,1369,15212,5668,5384,785,71
man.who.played._tt0023181,1932,1,0,0,0,19177,0,59,19,12012,4724,2123,130,110
man.who.shot.li_tt0056217,1962,0,1,0,0,29571,0,167,367,12252,10006,6518,156,105
man.who.thought_tt0064631,1969,0,1,0,0,23886,0,484,1805,10495,4482,5886,619,115
man.who.wasnt.t_tt0243133,2001,0,1,1,0,29778,17,1720,6031,15202,2900,3120,519,269
man.who.would.b_tt0073341,1975,1,1,0,0,17550,0,197,3030,8486,1220,3778,599,240
man.with.a.movie.camera_tt0019760,1929,0,1,0,0,16160,65,1651,1346,3767,884,7251,827,369
man.with.the.go_tt0048347,1955,1,0,0,0,28592,91,262,1182,21672,3639,1660,57,29
man.with.the.go_tt0071807,1974,1,0,0,0,30015,45,838,4568,12848,3793,6142,1688,93
man.without.a.p_tt0311519,2002,0,1,0,0,24930,72,730,3056,10324,5485,4163,886,214
man_of_steel,2013,1,0,0,0,34298,312,2567,12521,8987,969,5041,3737,164
manchester.by.t_tt4034228,2016,0,1,0,0,32789,16,362,1815,17741,6571,4658,1499,127
manchurian.cand_tt0056218,1962,1,1,0,0,32501,0,650,7784,15994,4564,3075,379,55
manchurian.cand_tt0368008,2004,1,0,0,0,31135,93,2278,13699,8708,2646,2645,974,92
manda.bala.send_tt0912590,2007,0,1,0,0,20495,360,2200,5386,5618,1638,2874,2212,207
mandingo_tt0073349,1975,1,0,0,0,30488,3,83,4175,12376,7216,6450,185,0
manhattan.melod_tt0025464,1934,1,0,0,0,21665,28,428,2187,11952,4482,2249,275,64
manhattan_tt0079522,1979,1,1,0,0,24710,0,180,4447,11928,2556,3971,1058,570
maniac_tt0081114,1980,0,0,1,0,21130,8,615,5851,7638,3100,3424,469,25
manito_tt0298050,2002,0,1,0,0,19429,217,582,7254,7558,1148,1933,148,589
mannequin,1987,1,0,0,0,21516,13,290,3609,8734,3890,4627,153,200
mannequin_tt0030413,1937,1,0,0,0,24378,57,329,2248,14084,4964,2398,239,59
mans.favorite.s_tt0058324,1964,1,0,0,0,28796,4,129,552,17375,8190,2380,166,0
marathon.man_tt0074860,1976,1,1,0,0,30062,37,833,7642,10908,3698,6564,315,65
march.of.the.pe_tt0428803,2005,1,1,0,0,19235,98,788,2310,1850,187,12509,1420,73
maria.full.of.g_tt0390221,2004,0,1,0,0,25916,8,984,8551,13463,1217,1054,483,156
marie.antoinett_tt0030418,1938,1,1,0,0,37711,0,344,4210,14329,9156,8141,726,805
mark.of.zorro_tt0032762,1940,1,0,0,0,22470,0,363,1335,7659,5561,7160,272,120
marked.woman_tt0029217,1937,1,1,0,0,23156,0,254,961,14387,4732,2672,101,49
marked_for_death,1990,1,0,0,0,22373,14,948,5348,9151,2293,4127,161,331
marley..me_tt0822832,2008,1,0,0,0,27709,5,612,3659,15153,2888,4347,917,128
marquise.of.o_tt0074870,1976,0,1,0,0,24611,0,388,295,9226,10344,3391,269,698
marriage.italia_tt0058335,1964,1,1,0,0,24353,49,369,3401,12608,3957,3490,219,260
marriage.of.mar_tt0079095,1979,0,1,0,0,28952,79,532,3929,10563,5814,7768,141,126
marriage.story_tt7653254,2019,0,1,0,0,32858,206,573,4862,17009,6663,2947,581,17
married.to.the._tt0095593,1988,1,0,0,0,26659,5,474,9240,9760,3470,3009,342,359
martha.marcy.ma_tt1441326,2011,0,1,0,0,24436,0,212,5568,11770,2980,2240,1586,80
martian,2015,1,1,0,0,33941,0,2684,10047,10298,1764,6498,2593,57
marty_tt0048356,1955,1,1,0,0,21491,0,17,1327,12827,4373,2833,68,46
marvels_tt10676048,2023,1,0,0,0,25112,8,1198,3413,9557,2357,4697,3870,12
mary.of.scotlan_tt0027948,1936,1,1,0,0,29607,14,85,2540,9421,5979,10444,474,650
mary.poppins_tt0058331,1964,1,1,0,0,33364,0,130,5567,12314,5027,8788,1470,68
mary.queen.of.s_tt0067402,1971,1,0,0,0,31445,22,130,6867,14519,3385,4780,1562,180
mary_poppins_returns,2018,1,0,0,0,31286,239,628,2993,12815,3852,8362,2174,223
mash_tt0066026,1970,1,1,0,0,27791,118,288,3359,13468,3993,6043,516,6
mask.of.zorro_tt0120746,1998,1,0,0,0,32993,31,947,11115,10903,2423,5614,743,1217
mask_1985,1985,1,0,0,0,32546,0,529,8684,15109,3593,3553,659,419
mask_1994,1994,1,0,0,0,24273,15,768,5267,10870,2592,3359,225,1177
master.and.comm_tt0311113,2003,1,1,0,0,33171,77,2037,11328,10139,1726,3749,2562,1553
master_tt1560747,2012,0,1,0,0,32968,53,881,9608,10701,4680,5616,812,617
mata.hari_tt0023196,1931,1,0,0,0,21262,16,206,1468,9783,5069,4366,247,107
match.point_tt0416320,2005,0,1,0,0,29870,0,329,4215,15267,5507,3564,332,656
matilda_tt0117008,1996,1,0,0,0,23533,115,1681,5355,7474,2599,5474,282,553
mating.game_tt0053054,1959,1,0,0,0,24807,0,109,123,8596,9842,5928,209,0
matrix.resurrec_tt10838180,2021,1,0,0,0,35464,17,806,19729,7696,1195,4072,1845,104
matrix_reloaded,2003,1,0,0,0,33158,39,780,16165,7749,1340,5041,2042,2
matrix_revolutions,2003,1,0,0,0,30987,0,512,16168,5651,953,3623,4058,22
matrix_tt0133093,1999,1,1,0,0,32694,44,1456,15644,9735,1211,3281,1095,228
mauritanian_tt4761112,2021,0,1,0,0,31102,143,1335,8796,14067,2664,2940,932,225
maverick,1994,1,0,0,0,30351,76,1500,7176,11465,3299,5728,916,191
mayerling_tt0027951,1936,0,1,0,0,22558,0,167,701,10817,5348,4548,687,290
maytime_tt0029222,1937,1,0,0,0,31574,0,107,3884,13358,4349,9117,616,143
maze.runner.the_tt4046784,2015,1,0,0,0,31581,0,1404,7100,14683,1182,5082,2086,44
maze_runner,2014,1,0,0,0,27210,24,1462,6907,11670,1130,4615,1097,305
mccabe..mrs..mi_tt0067411,1971,1,0,0,0,29058,77,366,5335,13166,1712,7605,577,220
mcqueen_tt6510332,2018,0,1,0,0,26692,296,1593,9314,7036,2975,3803,1086,589
me.and.you.and._tt0415978,2005,0,1,0,0,21963,48,1294,5666,8673,2916,2535,442,389
me_myself_and_irene,2000,1,0,0,0,27954,0,502,5570,11445,5495,3618,1124,200
mean.girls_tt11762114,2024,1,0,0,0,26904,5,1127,3934,15681,3217,2376,540,24
mean.streets_tt0070379,1973,0,0,1,0,26848,53,450,3938,14144,3697,4048,444,74
mean_girls,2004,1,0,0,0,23217,0,407,6736,9225,3845,2252,361,391
meaning.of.life_tt0085959,1983,1,1,0,0,23988,10,219,1436,10106,4151,7319,247,500
meatballs_tt0079540,1979,1,0,0,0,24078,0,416,3468,7366,5928,6332,568,0
medicine.man_tt0104839,1992,1,0,0,0,25251,1,780,5448,10354,3128,4481,518,541
mediterraneo_tt0102426,1991,0,1,0,0,24493,0,534,2034,13741,3084,4506,376,218
medium.cool_tt0064652,1969,0,0,1,0,26533,0,378,5415,10626,3874,5563,487,190
meet.joe.black_tt0119643,1998,1,0,0,0,46323,81,870,10351,25911,3906,3697,881,626
meet.me.in.las._tt0049490,1956,1,0,0,0,26899,0,502,324,12419,5517,7909,142,86
meet.me.in.st.._tt0037059,1944,1,1,0,0,27074,0,91,319,10585,9437,6261,144,237
meet.the.robins_tt0396555,2007,1,0,0,1,22663,42,827,2597,10747,1723,5245,1059,423
meet_the_fockers,2004,1,0,0,0,29613,5,1027,4837,16575,4663,2085,411,10
meet_the_parents,2000,1,0,0,0,25826,0,488,5781,13846,2606,2050,330,725
meg,2018,1,0,0,0,27149,95,2239,6858,8339,1078,4604,3824,112
meg.2.the.trenc_tt9224104,2023,1,0,0,0,27739,32,1908,5752,9298,1621,5651,3442,35
megamind_tt1001526,2010,1,0,0,1,22912,213,1097,3397,8775,1782,5463,2078,107
megiddo.the.ome_tt0263728,2001,0,0,1,0,27283,85,1079,7401,8311,2242,5591,1360,1214
melancholia_tt1527186,2011,0,1,0,0,32466,99,2188,13730,9581,1420,3614,1533,301
melinda_tt0068934,1972,1,0,0,0,26266,0,197,6599,11405,4310,3685,58,12
melody.time_tt0040580,1948,0,1,0,1,18023,20,529,587,1955,1168,12482,1042,240
melvin.and.howa_tt0081150,1980,0,1,0,0,22695,0,399,5391,9255,2602,4097,394,557
memento_tt0209144,2000,0,1,1,0,27205,70,2912,15333,6573,647,1143,146,381
memoirs.of.a.ge_tt0397535,2005,0,1,0,0,34800,28,1835,10013,14501,1498,5369,1187,369
memories.of.mur_tt0353969,2003,0,1,0,0,31485,55,1028,7014,11740,3929,6860,805,54
memories.of.und_tt0063291,1968,0,1,0,0,23712,17,1214,5414,11168,1621,2926,842,510
memphis.belle.a_tt0036152,1944,0,1,0,0,10211,4,601,520,1782,1220,3948,2045,91
memphis.belle_tt0100133,1990,1,0,0,0,25702,10,1218,7395,8352,1893,3016,2869,949
men.in.black.in_tt2283336,2019,1,0,0,0,27533,15,2421,4792,11303,2119,5385,1308,190
men.in.war_tt0050699,1957,1,0,0,0,25195,4,645,4295,8459,4756,6554,304,178
men.in.white_tt0025489,1934,1,0,0,0,18960,0,262,3404,10119,2987,2062,122,4
men.with.wings_tt0022139,1938,1,0,0,0,25947,0,397,780,6911,6884,8026,2613,336
men_in_black,1997,1,0,0,0,23489,164,1674,4166,9897,2152,4220,761,455
men_in_black_2,2002,1,0,0,0,22640,7,1497,4921,9406,1387,3892,1059,471
men_in_black_3,2012,1,0,0,0,25375,12,1862,4721,11661,1661,4139,1061,258
men_tt0042727,1950,1,1,0,0,20918,2,53,972,11073,5470,2952,139,257
menu_tt9764362,2022,1,0,0,0,25688,7,1832,4994,14783,1043,2013,755,261
merrily.we.go.t_tt0023213,1932,1,0,0,0,21320,55,328,939,11449,5717,2435,149,248
merry.widow_tt0025493,1934,1,0,0,0,23657,0,303,848,13004,4792,4452,250,8
message.in.a.bo_tt0139462,1999,1,0,0,0,31522,6,1313,7363,13358,3970,3359,1499,654
messenger_tt0790712,2009,0,0,1,0,27074,76,817,8821,13396,2013,1280,403,268
metropolitan_tt0100142,1990,0,0,1,0,23627,35,227,3414,10767,4879,3499,401,405
mexican_tt0236493,2001,1,0,0,0,31687,15,1101,10252,11965,2165,4943,623,623
miami.vice_tt0430357,2006,1,0,0,0,31745,11,783,12464,10718,2115,3502,2147,5
michael.clayton_tt0465538,2007,0,1,0,0,16791,1,687,5917,7519,976,1254,294,143
michael.collins_tt0117039,1996,0,1,0,0,25343,0,352,3102,13793,3514,3665,712,205
michael_fs,1996,1,0,0,0,25211,147,1198,2889,10968,3737,5592,665,15
mickey.17_tt12299608,2025,1,0,0,0,32835,82,2153,6846,14541,2311,5710,864,328
micki..maude_tt0087718,1984,1,1,0,0,30206,0,245,3777,15900,6406,3562,262,54
middle.of.the.n_tt0053065,1959,1,0,0,0,28162,0,0,763,17115,6887,3188,58,151
midnight.cowboy_tt0064665,1969,1,1,0,0,27169,16,642,9679,11221,2438,2545,419,209
midnight.expres_tt0077928,1978,1,1,0,0,29009,58,796,8819,11473,2186,4965,395,317
midnight.in.par_tt1605783,2011,0,1,0,0,22609,26,300,2004,10656,4391,3990,577,665
midnight.lace_tt0054084,1960,1,0,0,0,25896,0,339,4458,16057,1923,2701,417,1
midnight_run,1988,1,0,0,0,32446,0,766,4994,17801,3788,4163,498,436
midnight_tt0031647,1939,1,0,0,0,22576,0,119,763,11932,6040,3347,242,133
midway_tt0074899,1976,1,0,0,0,33775,0,950,6922,12723,3134,4996,4847,203
midway_tt6924650,2019,1,0,0,0,33184,0,1518,6740,13834,2144,3533,5222,193
mighty.ducks_tt0104868,1992,1,0,0,0,24825,24,675,4897,10442,1764,6236,533,254
mighty.morphin._tt0113820,1995,1,0,0,0,22922,123,1121,3135,5966,2796,7730,1345,706
migration_tt6495056,2023,1,0,0,1,19877,3,836,1890,5289,1087,8513,2249,10
mikado_tt0031650,1939,0,1,0,0,21846,0,138,259,6065,6925,7822,214,423
mildred.pierce_tt0037913,1945,1,1,0,0,26573,20,244,1320,12531,7421,4787,137,113
milk_tt1013753,2008,0,1,0,0,30763,68,1130,6991,13348,4247,3987,347,645
millie_tt0022149,1931,1,0,0,0,21622,16,245,540,10388,6296,3671,214,252
million.dollar._tt0044903,1952,1,1,0,0,26357,0,389,623,10245,6695,7204,1127,74
million_dollar_baby,2004,1,1,0,0,31775,0,443,7918,15837,3216,3288,687,386
minari_tt10633456,2020,0,1,0,0,27625,2,1125,5425,11306,3752,5119,821,75
minding.the.gap_tt7476236,2018,0,1,0,0,22413,71,808,5707,8357,1932,4898,484,156
minecraft_tt3566834,2025,1,0,0,0,24196,0,554,3194,8669,2732,7248,1780,19
minions.the.ris_tt5113044,2022,1,0,0,1,20958,12,483,1769,5162,3194,8125,2003,210
minions_tt2293640,2015,1,0,0,1,21811,15,622,978,4877,2899,10267,1810,343
minority_report,2002,1,1,0,0,37300,176,2532,9968,14252,2627,5778,1517,450
miracle.in.mila_tt0043809,1951,0,1,0,0,23221,0,282,808,6758,2645,11897,610,221
miracle.of.our._tt0044905,1952,1,0,0,0,24526,0,74,1257,8332,4833,8831,1095,104
miracle.of.the._tt0040594,1948,1,0,0,0,28852,0,451,2884,12594,7895,4538,451,39
miracle.on.34th_tt0039628,1947,1,1,0,0,23108,0,431,1112,13200,5727,2513,116,9
miracle.worker_tt0056241,1962,1,1,0,0,25617,27,194,2926,12193,5047,5028,152,50
miracle_tt0349825,2004,1,0,0,0,32584,3,1668,13809,9304,1966,5055,707,72
mirror.has.two._tt0117057,1996,1,0,0,0,30313,0,597,8104,12932,4541,3755,262,122
mirror.mirror_tt1667353,2012,1,0,0,0,25381,30,565,3293,9276,2787,7249,2170,11
mirror_tt0072443,1975,0,1,0,0,25637,0,1008,5177,8516,2718,7203,724,291
misery_tt0100157,1990,1,0,0,0,25569,3,1763,8733,8641,2740,2999,277,413
misfits_tt0055184,1961,1,0,0,0,29955,0,284,3325,20127,2233,3222,645,119
miss.congeniali_tt0212346,2000,1,0,0,0,26429,81,841,4129,14605,3003,2978,262,530
miss.julie_tt0043567,1951,0,1,0,0,21609,13,141,2944,8662,3270,6233,309,37
miss_peregrine,2016,1,0,0,0,30421,20,836,6392,11747,2333,6932,2105,56
missing.in.acti_tt0087727,1984,1,0,0,0,24318,0,392,5094,7360,3827,6095,1424,126
missing_tt0084335,1982,0,1,0,0,29407,56,264,1850,16119,5692,4841,153,432
mission.impossi_tt9603208,2025,1,0,0,0,40660,214,3049,19552,8588,683,4419,4154,1
mission.impossi_tt9603212,2023,1,0,0,0,39184,12,2963,17978,10387,1633,4451,1760,0
mission.to.mars_tt0183523,2000,1,0,0,0,27157,40,3172,7401,8859,1341,4882,1250,212
mission_impossible,1996,1,0,0,0,26426,69,2834,8672,9181,1733,2950,932,55
mission_impossible_2,2000,1,0,0,0,29619,88,2843,13272,6495,1179,4018,1628,96
mission_impossible_3,2006,1,0,0,0,30066,15,2417,13764,7951,1038,3234,1543,104
mission_impossible_4,2011,1,0,0,0,31872,61,2290,9002,12278,2820,3605,1814,2
mission_impossible_fallout,2018,1,0,0,0,35343,0,2555,9768,13658,1684,5409,2260,9
mission_tt0091530,1986,0,1,0,0,29984,6,1073,6914,9120,3993,7198,1402,278
mississippi.bur_tt0095647,1988,1,1,0,0,30417,0,473,7745,10869,3752,6552,584,442
mississippi_tt0026723,1935,1,0,0,0,17671,0,132,1181,9510,4348,2078,202,220
missouri.breaks_tt0074906,1976,1,0,0,0,32456,47,192,3666,11082,5780,10258,1152,279
mister.880_tt0042742,1950,1,0,0,0,21559,27,346,872,10780,6028,3326,117,63
mister.roberts_tt0048380,1955,1,0,0,0,29045,0,142,441,12110,9997,4886,1247,222
mo.money_tt0104897,1992,1,0,0,0,21521,0,452,4739,10579,2569,2873,165,144
moana_tt13622970,2024,1,0,0,1,23904,13,1626,1747,8363,2496,6473,2959,227
moana_tt3521164,2016,1,1,0,1,25701,77,2057,1736,9213,1949,8022,2418,229
moby.dick_tt0049513,1956,1,1,0,0,29581,38,414,7133,11684,1845,7061,1352,54
modern.romance_tt0082764,1981,1,0,0,0,24068,0,272,3391,13266,3707,2877,208,347
modern.times_tt0027977,1936,1,1,0,0,20929,0,416,155,5886,3392,9424,254,1402
modesty.blaise_tt0060708,1966,0,1,0,0,28695,35,391,2715,12383,4493,6990,1506,182
mogambo_tt0046085,1953,1,1,0,0,27830,0,132,1203,10409,8090,7426,435,135
mona.lisa_tt0091538,1986,0,1,0,0,24900,0,444,6307,9684,3498,4657,245,65
money.from.home_tt0046087,1953,1,0,0,0,24023,0,22,243,11449,7739,4144,392,34
money.pit_tt0091541,1986,1,0,0,0,23348,26,1061,3026,8446,4708,5158,735,188
money.train_tt0113845,1995,1,0,0,0,28247,2,1390,7869,12072,1272,4863,593,186
moneyball_tt1210166,2011,1,1,0,0,31940,287,1637,4777,16712,3735,3634,763,395
mongol.the.rise_tt0416044,2007,0,1,0,0,30120,47,1268,9620,8797,1644,6961,1435,348
monkey.business_tt0022158,1931,1,0,0,0,18661,0,168,27,5215,7214,5727,169,141
monsieur.beauca_tt0038747,1946,1,0,0,0,23986,0,30,354,8099,9743,5514,178,68
monsieur.vincen_tt0039632,1947,0,1,0,0,27325,11,509,2389,9513,5896,8435,406,166
monsoon.wedding_tt0265343,2001,0,1,0,0,27446,173,921,8526,11929,2862,2273,312,450
monster.house_tt0385880,2006,1,1,0,1,23279,96,1832,4082,8727,1271,5470,1333,468
monster_in_law,2005,1,0,0,0,24279,8,365,5511,12757,2240,2104,424,870
monsters.ball_tt0285742,2001,0,0,1,0,26798,15,1144,7322,11471,3413,2810,354,269
monsters.inc._tt0198781,2001,1,1,0,1,22098,27,801,491,5026,2140,13295,286,32
monsters.univer_tt1453405,2013,1,0,0,1,25006,192,1678,1191,6374,3223,11369,957,22
monsters.vs..al_tt0892782,2009,1,0,0,1,22616,210,973,2655,7242,1559,6966,2821,190
monte.carlo_tt0021153,1930,1,0,0,0,21668,0,284,147,11641,5729,3167,482,218
monty.python.an_tt0071853,1975,1,0,0,0,22083,14,615,2233,5890,3704,7373,1573,681
monuments.men_tt2177771,2014,1,0,0,0,28392,6,1774,3891,13818,2342,5590,948,23
moonlight_tt4975722,2016,0,1,0,0,26601,0,651,12409,9401,1310,1639,868,323
moonlighting_tt0084354,1982,0,1,0,0,23321,43,626,3685,10373,3390,4533,178,493
moonraker_tt0079574,1979,1,0,0,0,30322,37,1517,3851,10689,3313,7479,3387,49
moonrise.kingdo_tt1748122,2012,0,1,0,0,22507,0,609,2037,7463,3559,6440,2064,335
moonstruck,1987,1,1,0,0,26178,197,629,5531,12717,2654,4029,393,28
moontide_tt0035082,1942,0,1,0,0,22728,0,74,1367,11047,4812,5174,186,68
morbius_tt5108870,2022,1,0,0,0,24983,12,2001,8080,8091,1114,3258,2420,7
more.american.g_tt0079576,1979,1,0,0,0,26610,0,361,5650,11742,3607,4299,919,32
more.the.merrie_tt0036172,1943,1,1,0,0,24988,0,232,1549,10718,8298,3829,234,128
morgan_tt0060714,1966,1,1,0,0,23285,77,160,2944,11163,3830,4676,433,2
morning.glory_tt0024353,1933,1,0,0,0,17677,0,104,560,8396,5784,2466,142,225
morocco_tt0021156,1930,1,1,0,0,22064,0,201,799,9612,6217,4878,316,41
mortal.kombat_tt0293429,2021,1,0,0,0,26383,0,2175,5760,10878,1795,4528,1182,65
mortal.storm_tt0032811,1940,1,0,0,0,24057,25,154,1023,11894,5280,4683,820,178
mortal_kombat_fs,1995,1,0,0,0,26032,83,1404,4100,8159,2503,7341,1421,1021
moscow.on.the.h_tt0087747,1984,1,0,0,0,28121,0,697,4856,11573,5616,5063,249,67
motel.hell_tt0081184,1980,1,0,0,0,24348,38,593,5577,10066,2971,4389,428,286
mother.and.the._tt0070359,1973,0,1,0,0,52550,0,658,10179,31209,7581,2285,361,277
mother.jugs_tt0074923,1976,1,0,0,0,23573,0,231,2411,13649,3132,3819,101,230
mother.night_tt0117093,1996,0,0,1,0,29234,57,2165,7786,11627,2937,3744,419,499
mother.wore.tig_tt0039634,1947,1,1,0,0,25683,0,447,1010,10932,5425,7732,137,0
motorcycle.diar_tt0318462,2004,0,1,0,0,30244,6,1519,4101,14088,2395,5474,1843,818
mouchette_tt0061996,1967,0,1,0,0,19612,100,993,306,12653,2322,2667,292,279
moulin.rouge_tt0044926,1952,1,1,0,0,28632,4,222,4837,15611,3084,4409,307,158
moulin.rouge_tt0203009,2001,1,1,0,0,30642,165,1825,12314,7802,1469,5111,1548,408
move.over.darli_tt0057329,1963,1,0,0,0,24782,0,63,1966,14114,5658,2902,79,0
mr..blandings.b_tt0040613,1948,1,0,0,0,22535,0,553,558,13532,4855,2583,424,30
mr..deeds.goes._tt0027996,1936,1,1,0,0,29747,0,153,1611,18163,7309,2239,155,117
mr..hobbs.takes_tt0056255,1962,1,0,0,0,27979,0,135,1012,14361,6990,4468,799,214
mr..lucky_tt0036174,1943,1,0,0,0,25689,6,378,3034,18138,2135,1702,107,189
mr..peabody..sh_tt0864835,2014,1,0,0,1,22176,26,455,2276,6712,1638,8135,2889,45
mr..poppers.pen_tt1396218,2011,1,0,0,0,22618,124,1209,2401,10230,2674,5446,385,149
mr..skeffington_tt0037094,1944,1,0,0,0,35077,0,275,2761,19863,8630,3302,93,153
mr..smith.goes._tt0031679,1939,1,1,0,0,31092,2,411,1889,18603,6742,2582,614,249
mr..turner_tt2473794,2014,0,1,0,0,36006,127,1035,4813,16170,6446,6540,662,213
mr_deeds,2002,1,0,0,0,23169,32,767,3707,12460,2299,2459,723,722
mr_hollands_opus,1995,1,0,0,0,34300,6,988,10475,13448,3325,4460,356,1242
mr_mom_fs,1983,1,0,0,0,21901,72,412,483,9074,6290,5248,234,88
mr_mrs_smith,2005,1,0,0,0,30819,59,2652,8203,13112,1982,3593,1019,199
mrs..brown_tt0119280,1997,0,1,0,0,26878,76,656,7562,11105,2895,3494,760,330
mrs..miniver_tt0035093,1942,1,1,0,0,32035,23,146,1382,16474,6261,6527,987,235
mrs..parkington_tt0037096,1944,1,0,0,0,31817,107,96,2073,14996,8676,5592,43,234
mrs_doubtfire,1993,1,0,0,0,30010,14,624,10771,11586,3438,2631,199,747
much.ado.about._tt0107616,1993,0,1,0,0,26598,0,888,9807,9659,2678,2917,370,279
mufasa.the.lion_tt13186482,2024,1,0,0,1,28315,24,683,4672,3067,1160,14382,4120,207
mulan_tt0120762,1998,1,0,0,1,21063,64,678,2038,6423,2466,7866,991,537
mule_tt7959026,2018,1,0,0,0,27923,109,1237,4899,14398,2670,3141,1308,161
mulholland.driv_tt0166924,2001,0,1,1,0,35298,248,1930,9547,14608,3528,3943,1385,109
multiple.maniac_tt0067454,1970,0,0,1,0,23193,3,694,4167,12237,4326,1492,51,223
mummy,1999,1,0,0,0,29939,42,1653,4716,12104,2874,7574,959,17
mummy_returns_fs,2001,1,0,0,0,31103,9,1344,6114,11758,2516,7584,1515,263
mummy_tomb_of_the_dragon_emperor,2008,1,0,0,0,28715,16,1020,6824,9482,920,7327,3041,85
mummy_tt2345759,2017,1,0,0,0,26399,97,1416,6188,10458,578,5002,2580,80
munich_tt0408306,2005,0,1,0,0,39286,31,1589,8810,17166,3607,6161,1318,604
muppet.movie_tt0079588,1979,1,0,0,0,22816,10,117,2581,11246,2909,5197,732,24
muppet.treasure_tt0117110,1996,1,0,0,0,23876,50,1420,5269,9107,3269,3498,1032,231
muppets.take.ma_tt0087755,1984,1,0,0,0,22617,0,94,1284,12017,4509,2854,1846,13
muppets_tt1204342,2011,1,0,0,0,24629,1,999,2548,13972,2480,3739,849,41
murder.by.death_tt0074937,1976,1,0,0,0,24313,28,501,3790,12813,3011,3920,249,1
murder.on.the.o_tt0071877,1974,1,1,0,0,30678,12,769,7210,15161,2559,4150,692,125
murder.on.the.o_tt3402236,2017,1,0,0,0,27321,0,556,8856,11362,1338,3778,1389,42
murderball_tt0436613,2005,0,1,1,0,21992,26,1303,4625,7906,4336,2467,492,837
murderers.row_tt0060728,1966,1,0,0,0,25209,11,463,1563,11433,4525,5135,2029,50
murphys.romance_tt0089643,1985,1,0,0,0,25849,0,162,2399,11655,4410,6859,346,18
murphys.war_tt0067458,1971,1,0,0,0,25579,0,562,3689,7680,2749,6436,4324,139
music.and.lyric_tt0758766,2007,1,0,0,0,24958,0,789,1372,13794,5408,2998,572,25
music.for.milli_tt0037104,1944,1,0,0,0,28201,0,43,1173,11790,8338,6461,347,49
music.man_tt0056262,1962,1,1,0,0,36303,0,151,1296,13407,8882,12026,541,0
mutiny.on.the.b_tt0026752,1935,1,1,0,0,31817,23,232,1659,16524,7456,4070,1444,409
my.best.friends_tt0119738,1997,1,0,0,0,26940,7,602,12395,9107,1507,2410,312,600
my.blue.heaven_tt0042767,1950,1,0,0,0,23028,0,70,504,9182,7759,5296,98,119
my.cousin.vinny_tt0104952,1992,1,0,0,0,28608,50,636,4505,16612,3585,2543,299,378
my.darling.clem_tt0038762,1946,0,1,0,0,24770,0,144,1443,9196,5199,7924,671,193
my.fair.lady_tt0058385,1964,1,1,0,0,41470,12,357,1458,17685,12643,8930,108,277
my.favorite.blo_tt0035100,1942,1,0,0,0,18743,3,317,343,8246,5766,3619,303,146
my.favorite.spy_tt0043827,1951,1,0,0,0,22367,0,140,280,9837,6168,5601,118,223
my.favorite.wif_tt0029284,1940,1,0,0,0,21159,0,244,736,11641,5614,2699,115,110
my.favorite.yea_tt0084370,1982,1,1,0,0,22146,4,403,2107,10653,4656,3306,676,341
my.flesh.and.bl_tt0342804,2003,0,1,0,0,21653,27,788,6937,8824,2762,1657,362,296
my.foolish.hear_tt0041672,1949,1,0,0,0,23637,0,80,2648,14000,4536,1843,521,9
my.gal.sal_tt0035103,1942,1,0,0,0,24842,0,126,1083,10417,5697,7046,256,217
my.girl_tt0102492,1991,1,0,0,0,24524,34,489,5286,10017,4735,3297,206,460
my.left.foot_tt0097937,1989,0,1,0,0,24752,12,1701,4710,12516,2578,2898,220,117
my.life.as.a.do_tt0089606,1985,0,1,0,0,24445,0,214,4310,8239,3316,7879,404,83
my.life.as.a.zu_tt2321405,2016,0,1,0,1,16217,106,947,1808,6411,462,5324,986,173
my.man.godfrey_tt0028010,1936,1,0,0,0,22278,0,65,129,12614,7275,2066,28,101
my.night.at.mau_tt0064612,1969,0,1,0,0,26627,0,181,1831,14498,5887,3526,371,333
my.own.private._tt0102494,1991,0,1,1,0,24976,24,557,3836,10311,4003,3995,1401,849
my.reputation_tt0038765,1946,1,0,0,0,22526,21,381,104,9735,8213,3845,71,156
my.tutor_tt0085980,1983,1,0,0,0,23213,0,102,1824,9771,6018,5295,192,11
my.week.with.ma_tt1655420,2011,0,1,0,0,23714,3,653,8088,8738,2079,2687,1176,290
my_bodyguard,1980,1,0,0,0,23116,0,125,4161,10188,4756,3550,265,71
myra.breckinridge_tt0066115,1970,1,0,0,0,22576,21,240,6235,9803,2717,2992,366,202
mystery.of.pica_tt0049531,1956,0,1,0,0,18550,10,1107,1909,2466,4034,8969,38,17
mystic.river_tt0327056,2003,0,1,0,0,33054,0,358,9284,17258,2481,1900,1018,755
nacho_libre,2006,1,0,0,0,22088,19,811,1336,11487,2310,5688,430,7
naked.and.the.d_tt0051978,1958,1,0,0,0,31397,0,303,723,9911,8882,9730,1770,78
naked.city_tt0040636,1948,1,1,0,0,24602,4,253,398,10993,6847,5029,686,392
naked.gun_tt3402138,2025,1,0,0,0,20430,99,1420,6230,7336,1398,2843,1093,11
naked.island_tt0056049,1960,0,1,0,0,23164,0,608,1016,3687,1366,13307,3177,3
naked.lunch_tt0102511,1991,0,1,0,0,29693,221,2463,13113,8868,2325,2149,284,270
naked_gun,1988,1,0,0,0,20386,66,494,2938,9704,3032,3484,316,352
naked_gun_25,1991,1,0,0,0,20396,43,826,4000,8839,2509,2838,494,847
naked_gun_3313,1994,1,0,0,0,19794,46,975,3952,8841,1869,2696,366,1049
naked_tt0107653,1993,0,1,0,0,31599,6,425,7347,15361,3369,4699,157,235
nanny_tt0059496,1965,1,0,0,0,22311,68,287,5997,11169,2761,1911,75,43
napoleon.dynami_tt0374900,2004,0,0,1,0,22735,131,1231,2601,11138,2949,4034,414,237
narnia,2005,1,0,0,0,34288,18,2329,9925,10593,2050,7495,1511,367
nashville_tt0073440,1975,1,1,1,0,38330,12,407,3353,16626,8702,7683,1242,305
national.lampoo_tt0077975,1978,1,0,0,0,26080,0,241,3795,12539,3931,5284,213,77
national.velvet_tt0037120,1944,1,1,0,0,29644,0,107,829,13267,6076,8751,520,94
national_treasure,2004,1,0,0,0,31428,22,3567,10933,10119,1453,3896,1020,418
national_treasure_2,2007,1,0,0,0,29863,0,2723,9864,9806,2058,4242,912,258
natural,1984,1,0,0,0,35392,61,1408,9512,13331,4335,5763,497,485
natural.born.ki_tt0110632,1994,1,1,0,0,29252,163,1470,7458,12615,3380,3441,643,82
naughty.mariett_tt0026768,1935,1,1,0,0,24982,0,150,1659,11131,7496,4355,103,88
nebraska_tt1821549,2013,0,1,0,0,27514,0,828,4165,11918,3632,5066,1897,8
necessary.rough_tt0102517,1991,1,0,0,0,25857,11,835,3147,12667,4037,4584,471,105
negotiator_tt0120768,1998,1,0,0,0,33472,50,2324,14849,11171,1771,2156,802,349
neighbors,2014,1,0,0,0,23210,0,589,4834,12405,2624,1895,677,186
neighbors_tt0082801,1981,1,0,0,0,22808,4,585,3458,9734,5051,3082,297,597
net_tt0113957,1995,1,0,0,0,27513,57,2284,9274,9052,2104,3153,1007,582
network_tt0074958,1976,1,1,0,0,29081,0,142,5477,11983,5793,5433,169,84
never.been.kiss_tt0151738,1999,1,0,0,0,25757,5,479,4390,14028,2922,3350,337,246
never.cry.wolf_tt0086005,1983,1,1,0,0,27065,123,1495,7969,5167,1776,8190,1777,568
never.look.away_tt5311542,2018,0,1,0,0,45332,121,2160,5921,24661,4704,6828,724,213
never.on.sunday_tt0054198,1960,1,1,0,0,22257,0,76,2062,11246,4895,3493,288,197
never.rarely.so_tt7772582,2020,0,1,0,0,24204,95,1996,12301,6631,984,1550,461,186
never.so.few_tt0053108,1959,1,0,0,0,29836,0,63,1628,12568,8269,6174,1029,105
never_say_never_again,1983,1,0,0,0,31163,64,1132,4342,12401,3556,7663,1740,265
neverending.sto_tt0088323,1984,1,0,0,0,22547,106,1424,7729,5517,1307,4744,1514,206
new.age_tt0110649,1994,0,0,1,0,26792,17,1362,7772,11215,2892,3060,228,246
new.faces_tt0044963,1954,1,0,0,0,25008,0,124,302,8180,9467,6745,82,108
new.land_tt0069035,1972,0,1,0,0,48568,49,2536,19826,12161,3123,9190,1147,536
new.moon_tt0032840,1940,1,0,0,0,25133,0,47,2633,12354,4677,4984,295,143
new.york.i.love_tt0808399,2008,0,0,1,0,24768,248,1486,5670,9530,2688,3915,1131,100
new.york.new.yo_tt0076451,1977,1,0,0,0,41917,102,398,3495,21717,6908,8095,1085,117
new_jack_city,1991,1,0,0,0,24099,35,865,6251,9604,2760,3098,917,569
new_mutants,2020,1,0,0,0,22550,36,1380,3943,11378,1868,3059,813,73
news.from.home_tt0076452,1976,0,1,0,0,21429,0,134,3,1247,2144,15009,2717,175
next.friday_tt0195945,2000,1,0,0,0,25222,12,1022,7350,9024,3464,3126,573,651
niagara_tt0046126,1953,1,0,0,0,21300,15,197,1107,9522,3743,5173,1342,201
nicholas.and.al_tt0067483,1971,1,1,0,0,48416,104,654,7376,21928,7584,9034,1536,200
night.and.day_tt0038776,1946,1,0,0,0,30684,0,462,704,12820,7944,8368,209,177
night.at.the.mu_tt2692250,2014,1,0,0,0,23448,17,946,3483,10473,1830,5607,1036,56
night.flight_tt0024381,1933,1,0,0,0,20380,0,1860,1049,10571,2143,2796,1587,374
night.my.number_tt0047278,1955,0,1,0,0,22846,0,394,680,15045,3945,1282,1195,305
night.of.the.hunter_tt0048424,1955,0,1,0,0,22361,2,391,2404,9004,2838,6570,908,244
night.of.the.ig_tt0058404,1964,1,1,0,0,28228,0,80,5503,17757,1896,2657,297,38
night.of.the.li_tt0063350,1968,0,0,1,0,23163,0,193,2284,11129,4958,4139,279,181
night.of.the.sh_tt0084422,1982,0,1,0,0,27511,3,703,4773,5958,4410,10545,900,219
night.people_tt0047279,1954,1,0,0,0,22471,0,25,207,13108,6591,2170,313,57
night.school_tt6781982,2018,1,0,0,0,27820,11,1268,2470,19826,2261,1697,287,0
night.shift_tt0084412,1982,1,0,0,0,25511,0,231,3667,14172,3332,3075,1033,1
night.swim_tt9682428,2024,1,0,0,0,23584,23,1617,5263,7501,2034,4688,2375,83
night.to.remember_tt0051994,1958,0,1,0,0,29674,12,445,1620,15787,4194,5976,1333,307
night.watch_tt0070444,1973,1,0,0,0,23725,34,315,8082,12112,871,1684,194,433
night_at_the_museum,2006,1,0,0,0,26039,5,1195,4876,10710,2846,5919,452,36
night_at_the_museum_battle_of_the_smithsonian,2009,1,0,0,0,25111,117,1067,5653,10772,1814,4863,665,160
nighthawks,1981,1,0,0,0,25517,48,550,6373,10084,2021,5240,842,359
nightmare.alley_tt7740496,2021,0,1,0,0,35996,0,596,2984,20285,3869,6415,1778,69
nightmare.befor_tt0107688,1993,1,0,0,1,18379,14,706,566,5128,1914,8360,939,752
nightmare_on_elm_street_3,1987,1,0,0,0,24797,5,879,6244,10260,2724,3343,490,852
nightmare_on_elm_street_4,1988,1,0,0,0,23978,138,1966,6895,7635,2511,3809,872,152
nights.of.cabir_tt0050783,1957,0,1,0,0,28425,15,204,736,15963,2378,8274,594,261
nine_months,1995,1,0,0,0,24769,35,702,9050,9157,2149,2489,442,745
nine_to_five,1980,1,0,0,0,26226,20,474,3029,13640,5248,3290,247,278
ninotchka_tt0031725,1939,1,1,0,0,26488,0,121,1172,15692,7176,2027,174,126
no.bears_tt20205236,2022,0,1,0,0,25694,13,338,2951,8297,6015,7585,276,219
no.country.for._tt0477348,2007,0,1,0,0,29288,34,1924,6071,12801,2156,4817,999,486
no.greater.glor_tt0025569,1934,0,1,0,0,17692,0,129,2068,8069,2219,5009,135,63
no.hard.feeling_tt15671028,2023,1,0,0,0,24784,17,520,4991,12926,3093,2376,809,52
no.man.of.her.o_tt0023277,1932,1,0,0,0,19516,5,301,178,10020,6473,2063,229,247
no.mans.land_tt0283509,2001,0,1,0,0,23362,73,1045,5457,9060,3025,3321,1037,344
no.more.ladies_tt0026787,1935,1,0,0,0,19269,0,58,1310,9020,6731,2010,99,41
no.strings.atta_tt1411238,2011,1,0,0,0,25892,17,1063,5854,11802,3681,3004,432,39
no.time.for.com_tt0032846,1940,1,0,0,0,22209,90,303,680,13058,6201,1758,70,49
no.time.for.lov_tt0036208,1943,1,0,0,0,20044,0,471,397,6471,6834,5581,266,24
no.time.for.ser_tt0052005,1958,1,0,0,0,28525,0,75,901,17039,7274,3048,41,147
no.time.to.die_tt2382320,2021,1,1,0,0,39180,8,1692,8584,17289,2110,6287,3143,67
no.way.out_tt0093640,1987,1,0,0,0,29370,0,700,5580,14978,4033,2210,1690,179
no.way.to.treat_tt0063356,1968,1,0,0,0,25922,0,200,5422,13719,4047,2318,132,84
noah,2014,1,0,0,0,33065,82,1733,14848,6001,567,6823,2618,393
nobody_tt7888964,2021,1,0,0,0,21983,24,1724,4937,10488,1641,2401,768,0
nobodys.fool_tt0110684,1994,1,0,0,0,26433,0,347,4473,13189,2913,4376,247,888
nocturnal.anima_tt4550098,2016,0,1,0,0,27844,54,1585,13101,7286,739,3854,1149,76
nomadland_tt9770150,2020,0,1,0,0,25801,37,1161,9305,8447,1199,4179,1204,269
none.but.the.br_tt0059518,1965,1,0,0,0,25309,0,59,2431,9183,5775,6668,1068,125
none.but.the.lo_tt0037135,1944,0,1,0,0,27143,0,104,1836,16915,4481,3405,176,226
nonstop_tt2024469,2014,1,0,0,0,25565,6,2346,11943,8529,1137,799,756,49
nope_tt10954984,2022,1,1,0,0,31292,86,1658,3130,11281,4257,8837,1834,209
nora.prentiss_tt0039666,1947,1,0,0,0,26694,0,333,2279,14618,5672,3175,431,186
norbit,2007,1,0,0,0,24471,5,577,3982,10766,4170,4235,334,402
norma.rae_tt0079638,1979,1,1,0,0,27473,14,135,2752,18579,3644,2111,215,23
north.by.northw_tt0053125,1959,1,1,0,0,32708,0,456,2901,17825,4503,6006,1015,2
north.dallas.fo_tt0079640,1979,1,0,0,0,28286,0,61,3790,15665,5371,3313,86,0
north.to.alaska_tt0054127,1960,1,0,0,0,29259,0,39,564,15897,6349,5795,539,76
northfork_tt0322659,2003,0,0,1,0,24775,68,1382,6844,9278,1198,4765,893,347
northman_tt11138512,2022,1,0,0,0,32819,44,1688,5088,13404,2556,7839,1901,299
northwest.passa_tt0032851,1940,1,1,0,0,30340,0,310,449,9837,9619,9419,540,166
nosferatu.the.v_tt0079641,1979,0,1,0,0,25621,1,288,1926,9762,3806,7588,2183,67
nosferatu_tt5040012,2024,1,1,0,0,32589,93,2028,6491,13557,3166,5702,1238,314
nostalgia.for.t_tt1556190,2010,0,1,0,0,23056,11,3005,3466,5712,700,7893,1574,695
not.with.my.wif_tt0060760,1966,1,0,0,0,28513,5,227,4680,15103,4995,1782,1410,311
notebook_tt0332280,2004,1,0,0,0,31803,40,1169,11255,11508,3032,3783,739,277
nothing.but.the_tt0033963,1941,1,0,0,0,23159,0,107,364,11486,8428,2453,268,53
nothing.in.comm_tt0091653,1986,1,0,0,0,30549,46,364,5794,14244,6463,2812,464,362
nothing.sacred_tt0029322,1937,1,0,0,0,28508,0,666,1708,10277,5591,8416,516,1334
nothing.to.lose_tt0119807,1997,1,0,0,0,23426,0,717,6017,8918,2562,4003,230,979
notorious.betti_tt0404802,2005,0,0,1,0,23238,1,1183,2725,11558,3561,3609,396,205
notorious.landl_tt0056289,1962,1,0,0,0,29438,30,182,3120,15813,4766,5179,324,24
notorious_tt0038787,1946,1,1,0,0,24365,20,551,6127,11594,3112,2491,377,93
notting_hill,1999,1,1,0,0,29723,0,196,9049,14498,3411,1801,270,498
now.voyager_tt0035140,1942,1,0,0,0,28194,0,354,3567,16279,4790,2586,440,178
now.you.see.me._tt3110958,2016,1,0,0,0,31115,19,1481,6050,14607,1787,4459,2649,63
now_you_see_me,2013,1,0,0,0,27658,44,2603,6527,10452,1215,5020,1690,107
nowhere.in.afri_tt0161860,2001,0,1,0,0,36436,35,1073,10902,12418,3063,7608,1135,202
nowhere_tt0119809,1997,0,0,1,0,19805,38,601,11692,4882,833,1031,394,334
nude.bomb_tt0081249,1980,1,0,0,0,24147,1,417,4373,8809,4947,4723,819,58
nun,2018,1,0,0,0,23156,103,1575,5524,9176,1195,4080,1426,77
nun.2_tt10160976,2023,1,0,0,0,26304,29,2065,5588,10989,1245,5638,729,21
nuns.story_tt0053131,1959,1,1,0,0,36352,0,727,7162,14222,6331,7019,681,210
nut.job_tt1821658,2014,1,0,0,1,20598,23,945,1490,7757,1836,7757,676,114
nuts_tt0093660,1987,1,0,0,0,27754,31,667,6742,15104,2703,1805,137,565
nutty_professor,1996,1,0,0,0,22823,5,827,2563,13952,2520,2617,266,73
o.brother.where_tt0190590,2000,0,1,0,0,25702,3,832,6283,10233,2082,4244,1104,921
o.s.s._tt0038794,1946,1,0,0,0,27719,0,731,1961,12615,6265,5279,539,329
oasis_tt0320193,2002,0,1,0,0,34205,387,247,1273,19845,5665,6346,309,133
objective.burma_tt0037954,1945,1,0,0,0,34005,0,1033,3530,13805,4808,8295,2241,293
oblivion_tt1483013,2013,1,0,0,0,29899,41,2382,10282,7097,743,5546,3793,15
obsessed_tt1198138,2009,1,0,0,0,25994,0,665,9675,10702,1726,1974,738,514
obsession_tt0074991,1976,1,0,0,0,23535,75,639,6332,8689,2133,4708,920,39
oceans.eleven_tt0054135,1960,1,0,0,0,30551,0,841,621,16526,8440,3872,251,0
oceans_11_fs,2001,1,1,0,0,27947,61,1594,1014,15189,3991,5366,624,108
oceans_13,2007,1,0,0,0,29277,84,2251,4853,12940,3563,4102,1307,177
oceans_8,2018,1,0,0,0,26414,5,1450,4272,14171,2481,2687,1054,294
oceans_twelve,2004,1,0,0,0,30040,36,1523,7145,13673,2864,3989,620,190
octopussy,1983,1,0,0,0,33599,84,1374,4924,12008,4399,8971,1807,32
odd.couple_tt0063374,1968,1,1,0,0,25281,0,15,2458,14907,5819,1800,229,53
odd.man.out_tt0039677,1947,0,1,0,0,27885,0,149,2130,16005,3233,5578,618,172
ode.to.billy.jo_tt0074995,1976,1,0,0,0,25487,0,341,8808,9547,2218,3473,687,413
odessa.file_tt0071935,1974,1,0,0,0,30841,1,1027,4320,17466,3345,4154,392,136
of.gods.and.men_tt1588337,2010,0,1,0,0,29439,68,1032,6636,11130,2023,7607,725,218
of.mice.and.men_tt0031742,1939,0,1,0,0,27326,0,209,676,12939,8549,4531,235,187
officer_and_a_gentleman,1982,1,0,0,0,29779,0,167,5862,13912,4770,4738,330,0
official.story_tt0089276,1985,0,1,0,0,29251,0,567,9683,11009,4360,3394,236,2
oh.god.book.ii_tt0081268,1980,1,0,0,0,22521,0,274,4730,10160,3217,3511,604,25
oh.god_tt0076489,1977,1,0,0,0,23457,0,563,5879,11943,2654,2317,69,32
oh.god_tt0087835,1984,1,0,0,0,23053,0,668,5524,8824,3012,3907,934,184
oh.heavenly.dog_tt0081269,1980,1,0,0,0,24768,6,766,6662,9453,2236,5141,486,18
oh.sun_tt0062285,1970,0,1,0,0,24982,140,663,3596,8681,4900,6552,145,305
oklahoma_tt0048445,1955,1,0,0,0,38019,57,208,279,13424,11556,10324,1941,230
old.acquaintanc_tt0036230,1943,1,0,0,0,26453,14,224,619,12835,9347,3248,119,47
old.man.and.the_tt0052027,1958,0,1,0,0,19352,4,224,2777,8203,1768,5407,784,185
old.school_tt0302886,2003,1,0,0,0,22024,0,403,2959,10734,4468,3067,313,80
old.yeller_tt0050798,1957,1,0,0,0,20117,0,464,4185,7134,3172,4861,253,48
oldboy_tt0364569,2003,0,1,0,0,30822,142,2729,10990,8951,1232,6209,482,87
oliver..company_tt0095776,1988,1,0,0,1,18893,78,427,1266,5222,839,9743,987,331
oliver.twist_tt0040662,1948,0,1,0,0,27796,42,392,2225,13597,4228,6435,644,233
olympus.has.fal_tt2302755,2013,1,0,0,0,28676,0,2265,9832,8976,2219,3172,2103,109
omega.man_tt0067525,1971,1,0,0,0,23500,38,596,4434,9705,3514,4627,579,7
omen_3,1981,1,0,0,0,25955,31,772,4966,11317,2183,5397,1122,167
omen_tt0075005,1976,1,0,0,0,26623,54,656,7682,10094,2172,4941,529,495
on.a.clear.day._tt0066181,1970,1,0,0,0,31029,0,984,1675,17905,5667,4428,353,17
on.deadly.groun_tt0110725,1994,1,0,0,0,24389,4,1206,4765,8506,2813,5466,1423,206
on.her.majestys_tt0064757,1969,1,0,0,0,34120,20,1035,5656,11731,3710,10324,1600,44
on.moonlight.ba_tt0043880,1951,1,0,0,0,22761,0,114,361,8636,7641,5649,115,245
on.the.avenue_tt0029345,1937,1,0,0,0,21267,78,338,2491,6551,4116,7111,162,420
on.the.beach_tt0053137,1959,1,1,0,0,32316,2,271,7656,17790,1559,3492,1457,89
on.the.riviera_tt0043882,1951,1,0,0,0,21520,0,84,81,10932,6270,3701,403,49
on.the.town_tt0041716,1949,1,1,0,0,23446,0,77,88,9603,4954,8099,542,83
on.the.waterfront_tt0047296,1954,1,1,0,0,25873,0,343,3914,14639,3433,3245,294,5
on_golden_pond,1981,1,1,0,0,28004,0,287,5074,12841,5820,2412,1120,450
once.is.not.enough_tt0073190,1975,1,0,0,0,29219,29,258,3574,17783,4529,2610,308,128
once.upon.a.tim_tt0037150,1944,1,0,0,0,22749,2,186,508,13955,5812,1997,80,209
once.upon.a.tim_tt0064116,1968,0,1,0,0,39585,146,770,15281,10374,2920,9437,641,16
once.upon.a.tim_tt0285823,2003,1,0,0,0,26139,208,1380,7251,9535,2831,4216,504,214
once.upon.a.time.in.america_tt0087843,1984,0,1,0,0,54989,145,1090,18467,16999,4644,12365,778,501
once_upon_a_time_in_hollywood,2019,1,1,0,0,38720,17,1012,4956,16318,6438,8896,875,208
one.and.only_tt0078034,1978,1,0,0,0,25107,2,414,4033,12654,3185,4700,79,40
one.battle.afte_tt30144839,2025,1,1,0,0,38778,14,1524,12859,11770,3584,7448,1259,320
one.false.move_tt0102592,1991,0,0,1,0,25363,28,383,5712,10937,3807,3053,733,710
one.flew.over.t_tt0073486,1975,1,1,0,0,32013,0,360,10936,13241,3374,3093,399,610
one.hour.with.y_tt0023303,1932,1,1,0,0,19271,0,133,62,13241,2918,1866,858,193
one.hundred.and_tt0055254,1961,1,0,0,1,19123,0,172,830,5678,1087,10553,676,127
one.hundred.men_tt0029347,1937,1,1,0,0,21673,0,63,2288,10844,4030,3732,716,0
one.of.them.days_tt32221196,2025,1,0,0,0,23308,0,899,4826,12743,2231,2003,579,27
one.potato.two._tt0058429,1964,1,1,0,0,19279,35,38,5215,6918,2434,4140,208,291
one.two.three_tt0055256,1961,1,1,0,0,27891,0,190,722,15909,7092,3474,310,194
oneeyed.jacks_tt0055257,1961,1,0,0,0,36958,0,361,5930,17071,6386,6879,246,85
onion.field_tt0079668,1979,1,0,0,0,30282,0,281,5646,14239,5131,4449,224,312
only.angels.hav_tt0031762,1939,1,1,0,0,31097,0,224,975,15011,9642,3725,1387,133
onward_tt7146812,2020,1,1,0,1,24532,2,795,2634,8807,2276,7120,1961,937
open.range_tt0316356,2003,1,0,0,0,33296,0,632,7406,14580,3917,5384,666,711
open.season_tt0400717,2006,1,0,0,1,20680,32,650,2266,5818,1874,8556,1109,375
operation.pacif_tt0043887,1951,1,0,0,0,26222,8,419,1734,12483,5060,4670,1512,336
operation.petti_tt0053143,1959,1,0,0,0,30930,0,893,1019,17368,5979,4491,1137,43
operator.13_tt0025607,1934,1,1,0,0,20277,0,87,3666,8492,3239,4627,101,65
oppenheimer_tt15398776,2023,1,1,0,0,43244,7,1364,11208,22886,3184,3099,1295,201
orchestra.wives_tt0035157,1942,1,0,0,0,23437,0,167,703,11515,6961,3804,192,95
orders.to.kill_tt0052033,1958,0,1,0,0,26854,0,358,1814,19183,3216,1853,257,173
ordet_tt0048452,1955,0,1,0,0,32208,0,218,655,8091,16327,6519,345,53
ordinary_people,1980,1,1,0,0,29752,4,323,8262,13215,4710,2364,306,568
organization_tt0067535,1971,1,0,0,0,27732,3,253,5047,13831,3693,4525,338,42
orlando_tt0107756,1992,0,1,0,0,22437,173,885,5715,6955,2395,5169,511,634
orpheus_tt0041719,1950,0,1,0,0,23025,0,551,1963,12403,3679,3677,451,301
osama_tt0368913,2003,0,1,0,0,21364,12,820,5646,6039,2350,5297,573,627
oscar_tt0060801,1966,1,0,0,0,28956,0,56,4858,14718,5328,3524,406,66
ossos_tt0119844,1997,0,1,0,0,23492,19,653,2896,9431,4346,5730,258,159
other.side.of.m_tt0076507,1977,1,0,0,0,39832,0,389,5229,19148,7037,6835,1118,76
other.side_tt0073496,1975,1,0,0,0,26290,2,767,7694,7961,2232,6639,731,264
other.woman_tt2203939,2014,1,0,0,0,26170,5,227,1801,15694,4027,2757,596,1063
other_guys,2010,1,0,0,0,25765,0,1128,6759,11977,2178,2943,769,11
others,2001,1,0,0,0,26778,76,1269,5632,12972,2661,3576,379,213
our.man.flint_tt0059557,1966,1,0,0,0,25824,15,744,1176,11861,4840,6409,654,125
our.town_tt0032881,1940,0,1,0,0,22836,43,71,2689,12379,2765,4579,219,91
our.vines.have._tt0037963,1945,1,0,0,0,25319,0,57,1042,11619,5644,6573,272,112
out.for.justice_tt0102614,1991,1,0,0,0,21918,2,814,5311,9781,2817,3066,73,54
out.of.season_tt0073501,1975,0,1,0,0,21423,0,12,4233,11137,3111,2697,151,82
out.of.sight_tt0120780,1998,0,1,0,0,29453,56,1143,9916,11247,2540,3694,306,551
out.of.towners_tt0066193,1970,1,0,0,0,23367,0,94,1670,13636,2837,4273,762,95
out_of_africa,1985,1,1,0,0,41348,2,623,5181,16381,6703,9666,2335,457
outbreak,1995,1,0,0,0,30730,5,1315,11998,7661,2758,4058,2870,65
outcast.of.the._tt0045002,1951,0,1,0,0,23973,31,118,4523,11877,2416,4132,876,0
outfoxed.rupert_tt0418038,2004,0,0,1,0,19959,38,813,7388,6296,3243,475,519,1187
outland,1981,1,0,0,0,26216,1,987,7808,7497,2265,6417,1159,82
outlaw.josey.wa_tt0075029,1976,1,0,0,0,32574,13,273,8923,11112,4470,6180,1248,355
outlaw_tt0036241,1943,1,0,0,0,29732,5,235,1406,12526,9668,5663,177,52
outrage_tt0058437,1964,1,0,0,0,23037,35,291,4118,12005,1825,4484,268,11
outrageous_fortune,1987,1,0,0,0,23738,17,453,5488,11653,1982,3286,514,345
outsiders_tt0086066,1983,1,0,0,0,30011,39,690,7539,12295,3332,4599,598,919
over.the.hedge_tt0327084,2006,1,0,0,1,19966,37,715,1469,5622,3110,8058,847,108
overlord_tt0073502,1975,0,1,0,0,20025,49,668,4348,3573,1485,6156,3133,613
overnight_tt0390336,2003,0,0,1,0,20936,64,745,7020,8993,1234,1005,666,1209
oxbow.incident_tt0036244,1943,0,1,0,0,18097,0,10,1259,8583,3580,4141,372,152
oz_the_great_and_powerful,2013,1,0,0,0,31291,188,560,4555,12748,2367,8276,2514,83
pacific.heights_tt0100318,1990,1,0,0,0,24536,116,1374,5203,9914,2981,3942,648,358
pacific_rim,2013,1,0,0,0,31479,22,1571,3339,11979,1493,8434,4620,21
pacifier,2005,1,0,0,0,22863,0,1488,4121,10175,3017,3293,538,231
paddington.in.p_tt5822536,2024,1,0,0,0,25512,21,845,3776,9059,3091,5875,2816,29
paddington_tt1109624,2014,1,0,0,0,22898,28,848,3469,7714,1771,6514,2552,2
pagan.love.song_tt0042829,1950,1,0,0,0,18335,0,89,3,5259,6367,5998,612,7
paid_tt0021228,1930,1,0,0,0,20544,0,78,1041,11126,5578,2442,220,59
pain.and.glory_tt8291806,2019,0,1,0,0,27212,4,1279,7790,11175,3336,2659,596,373
paint.your.wago_tt0064782,1969,1,1,0,0,39419,0,94,5858,15059,4356,10112,2833,1107
paisan_tt0038823,1946,0,1,0,0,29002,2,247,1718,11335,4190,10195,1088,227
pajama.game_tt0050814,1957,1,0,0,0,25888,0,59,377,7610,9006,8656,99,81
pal.joey_tt0050815,1957,1,0,0,0,26169,0,161,1649,14495,4804,4667,370,23
pale_rider,1985,1,0,0,0,27771,194,472,6403,9535,4257,6247,613,50
paleface_tt0040679,1948,1,0,0,0,21796,19,195,555,6464,7073,7277,151,62
palmy.days_tt0022246,1931,1,0,0,0,18497,0,188,310,6318,5724,5786,61,110
pandoras.box_tt0018737,1929,0,1,0,0,33845,0,627,1688,16394,5804,5053,268,4011
panic_room,2002,1,0,0,0,26842,13,2120,6006,12895,1850,3383,544,31
pans.labyrinth_tt0457430,2006,0,1,0,0,30621,90,1737,5850,14656,1679,4719,1290,600
paper.moon_tt0070510,1973,1,1,0,0,24543,0,616,1537,13645,2501,4721,1386,137
paper_tt0110771,1994,1,0,0,0,26700,63,1211,5716,13893,3360,1697,193,567
papillon_tt0070511,1973,1,0,0,0,36146,19,574,7286,12254,4505,9783,1677,48
paradine.case_tt0039694,1947,1,0,0,0,29348,0,56,5261,16794,4019,2801,315,102
paradise.lost.t_tt0117293,1996,0,1,0,0,38938,0,1615,14535,15371,4370,1246,553,1248
paradise.now_tt0445620,2005,0,1,0,0,21897,899,243,6531,8330,1421,4158,301,14
parallax.view_tt0071970,1974,1,0,0,0,24488,11,901,4647,8262,2670,5852,2003,142
parallel.mother_tt12618926,2021,0,1,0,0,29460,3,2288,7472,12784,3701,2913,197,102
paranoid.park_tt0842929,2007,0,1,1,0,20243,107,656,4837,7904,2348,3847,408,136
paranormal.acti_tt1179904,2007,1,0,1,0,20700,10,843,1558,7259,4423,5868,594,145
paranormal.acti_tt1536044,2010,1,0,0,0,23032,0,1398,2287,4610,2079,9906,2382,370
paranormal.acti_tt1778304,2011,1,0,0,0,20168,81,909,1154,3373,4082,9663,593,313
paranorman_tt1623288,2012,0,1,0,1,22123,47,1604,4813,8515,863,5584,658,39
parasite,2019,1,1,0,0,31665,0,1420,7202,15130,1315,5751,701,146
parent.trap_tt0055277,1961,1,0,0,0,33171,0,226,2373,18082,6585,5687,149,69
parent_trap,1998,1,0,0,0,30749,9,1708,6078,14845,3444,3862,729,74
parenthood_tt0098067,1989,1,0,0,0,29641,9,881,6132,13626,4896,3459,240,398
paris.is.burnin_tt0100332,1990,0,1,0,0,18511,20,397,2306,9653,2058,3049,418,610
paris.texas_tt0087884,1984,0,1,0,0,34809,0,607,6179,14329,4422,8142,1039,91
parrish_tt0055279,1961,1,0,0,0,32992,0,350,5793,13046,5566,7236,834,167
party_tt0063415,1968,1,0,0,0,23709,0,232,1051,9927,5925,6260,310,4
passenger.57_tt0105104,1992,1,0,0,0,20085,212,648,6396,8127,1976,1662,981,83
passion.of.anna_tt0064793,1969,0,1,0,0,25861,121,2405,13398,4299,1456,3618,283,281
passion.of.joan_tt0019254,1928,0,1,0,0,19551,10,1292,9399,3821,556,1241,351,2881
passion_of_the_christ,2004,1,0,1,0,30346,71,1252,12066,9298,2075,3167,1173,1244
past.lives_tt13238346,2023,0,1,0,0,25288,0,860,5304,10147,1812,5034,1974,157
pat.and.mike_tt0045012,1952,1,0,0,0,22785,0,155,148,12139,4188,5827,199,129
patch_fs,1998,1,1,0,0,27665,41,1020,5924,13930,3051,2765,555,379
pather.panchali_tt0048473,1955,0,1,0,0,30179,3,1403,2934,12591,2209,9934,920,185
patriot,2000,1,0,0,0,42330,3,1461,14807,12180,4004,6703,1906,1266
patriot_games,1992,1,0,0,0,27992,109,1296,7961,9400,3187,4519,1066,454
patton_tt0066206,1970,1,1,0,0,41197,3,239,2803,11915,7844,15829,2230,334
paul.blart.mall_tt3450650,2015,1,0,0,0,22538,38,1224,1819,12220,3588,2911,541,197
paul_blart_mall_cop,2009,1,0,0,0,21830,0,998,3192,11660,2780,2835,309,56
paw.patrol.the._tt11832046,2021,1,0,0,1,20624,33,1091,1067,5015,1658,8802,2958,0
paw.patrol.the._tt15837338,2023,1,0,0,1,21028,75,462,1358,5253,1361,8838,3681,0
pawnbroker_tt0059575,1964,1,1,0,0,27655,0,83,4427,13304,2786,6860,188,7
payback,1999,1,0,0,0,24264,39,1164,7812,11142,1411,2313,300,83
payment.on.dema_tt0043910,1951,1,0,0,0,23152,38,212,19,11705,7406,3464,160,148
peanuts.movie_tt2452042,2015,1,0,0,1,21124,50,461,977,6138,1175,11326,956,41
pearl_harbor,2001,1,0,0,0,43989,111,2305,17153,11115,2699,5356,4211,1039
pee_wees_big_adventure,1985,1,0,0,0,21915,26,511,4434,7741,2591,5526,509,577
peggy_sue_got_married_fs,1986,1,1,0,0,26503,4,587,5059,10950,4774,4847,103,179
pelican_brief,1993,1,0,0,0,33865,32,2562,7736,13236,4246,4527,1348,178
pelle.the.conqu_tt0093713,1987,0,1,0,0,35979,19,351,6858,13460,3555,11174,531,31
penguins.of.mad_tt1911658,2014,0,0,0,1,22015,12,476,1610,3976,2920,9958,3041,22
pennies.from.heaven_tt0082894,1981,0,1,0,0,25817,0,418,5231,11352,2862,5147,631,176
penny.serenade_tt0034012,1941,1,0,0,0,30027,0,445,2433,13830,9074,3968,45,232
people.vs..larr_tt0117318,1996,0,1,0,0,31145,26,1345,8609,14477,3592,2555,448,93
people.will.tal_tt0043915,1951,1,0,0,0,26389,0,53,900,17909,4753,2231,151,392
percy.jackson.._tt0814255,2010,1,0,0,0,28440,125,1536,6413,11816,2149,5197,1149,55
perfect.days_tt27503384,2023,0,1,0,0,29906,6,1462,5699,10190,3114,8055,1290,90
perfect_murder,1998,1,0,0,0,25762,57,1324,9660,9329,1738,3073,260,321
perfect_storm,2000,1,0,0,0,31129,37,791,11303,7739,1124,3937,4854,1344
persepolis_tt0808417,2007,0,1,0,1,22904,51,1077,3118,9374,1968,6022,1144,150
persona_tt0060827,1966,0,1,0,0,20157,25,1701,9441,4640,1431,2315,362,242
pet_sematary,1989,1,0,0,0,24634,36,1097,6679,7803,3462,4766,612,179
pete.kellys.blu_tt0048484,1955,1,0,0,0,22874,0,124,991,11968,5704,3808,153,126
pete.tilly_tt0069080,1972,1,0,0,0,25819,0,56,3242,14515,5432,2076,238,260
peter_rabbit,2018,1,0,0,1,22710,49,1745,1551,8254,1871,8411,771,58
peter_rabbit_2,2021,1,0,0,1,22389,11,1339,2307,9552,1755,6287,1070,68
petes.dragon_tt0076538,1977,1,0,0,1,30885,12,101,5664,12990,3054,8275,740,49
petes.dragon_tt2788732,2016,1,0,0,0,24638,209,1900,7912,6155,1424,5032,1871,135
petite.maman_tt13204490,2021,0,1,0,0,17511,6,471,2214,9177,2249,3067,194,133
peyton.place_tt0050839,1957,1,1,0,0,37642,0,137,1290,19238,9585,6296,1008,88
phantasm_tt0079714,1979,1,0,0,0,22915,7,484,4141,8675,3182,4909,1128,389
phantom.of.the._tt0036261,1943,1,1,0,0,22213,0,79,1196,6180,6709,6921,730,398
phantom.of.the._tt0293508,2004,0,1,0,0,33827,243,930,6604,13128,3249,8055,902,716
phantom.thread_tt5776858,2017,0,1,0,0,31199,25,1665,7731,12632,4894,3551,197,504
phantom_menace,1999,1,0,0,0,32648,0,804,7196,9274,3618,9073,2437,246
phenomenon,1996,1,0,0,0,29642,33,887,8969,13002,2073,3691,386,601
philadelphia,1993,1,0,0,0,30733,27,1008,11468,11699,2580,2582,639,730
philadelphia.story_tt0032904,1940,1,1,0,0,26964,0,64,1185,16667,5906,2830,273,39
philomena_tt2431286,2013,0,1,0,0,23505,20,1058,8273,8980,1655,2651,779,89
phone.call.from_tt0045029,1952,1,1,0,0,22996,0,264,3018,12951,3955,2230,351,227
photograph,2020,1,0,0,0,25506,5,1158,6951,12221,1813,2390,958,10
pi_tt0138704,1998,0,1,1,0,20087,333,2742,8221,5142,656,2474,304,215
pianist_tt0253474,2002,0,1,0,0,38327,0,1311,3908,17708,5841,9243,250,66
piano_tt0107822,1993,0,1,0,0,29005,23,1301,9226,10934,2760,3868,699,194
piccadilly.jim_tt0028102,1936,1,0,0,0,22846,26,82,425,12659,6967,2507,129,51
piccadilly_tt0020269,1929,0,1,0,0,27979,0,512,1144,14070,4177,4103,255,3718
pickpocket_tt0053168,1959,0,1,0,0,18299,0,1022,263,13318,1638,1266,463,329
picnic_tt0048491,1955,0,1,0,0,29066,0,63,3748,13104,5979,5685,483,4
picture.of.dori_tt0037988,1945,1,1,0,0,26438,6,339,2085,9658,4647,9347,168,188
pierrot.le.fou_tt0059592,1965,0,1,0,0,26576,0,611,4960,6712,5044,7673,1341,235
pillow.talk_tt0053172,1959,1,1,0,0,24563,0,228,1779,15715,4991,1621,229,0
pineapple_express,2008,1,0,0,0,26859,29,1174,3708,14886,3183,3666,158,55
pink.flamingos_tt0069089,1972,0,1,1,0,22477,0,178,1529,9055,7878,3436,130,271
pink.floyd.the._tt0084503,1982,1,0,0,0,22817,93,1696,3274,6989,1778,7355,1207,425
pink.panther.st_tt0075066,1976,1,0,0,0,24792,32,215,2825,10365,5738,4720,871,26
pink.panther_tt0057413,1963,1,0,0,0,27603,7,370,1701,11392,7082,6674,296,81
pink_panther,2006,1,0,0,0,22228,3,505,3915,10413,2933,3437,438,584
pinky_tt0041746,1949,1,0,0,0,24374,0,31,579,13917,5363,4130,177,177
pinocchio_tt0032910,1940,1,0,0,1,21032,59,281,732,4766,835,13639,593,127
pirates_at_worlds_end,2007,1,0,0,0,40393,54,2160,14468,12343,1820,6426,2859,263
pirates_black_pearl,2003,1,0,0,0,34332,98,1132,11724,11690,1535,5214,1747,1192
pirates_dead_mans_chest,2006,1,0,0,0,36127,171,2188,11655,12053,1814,5867,1992,387
pirates_dead_men_tell_no_tales,2017,1,0,0,0,30957,18,2079,8195,9030,1592,6468,3409,166
pirates_of_the_caribbean_on_stranger_tides,2011,1,0,0,0,32706,84,1920,10146,10868,2084,5643,1698,263
pitch.perfect.3_tt4765284,2017,1,0,0,0,22310,11,836,1854,12068,3472,3051,1010,8
pitch.perfect_tt1981677,2012,1,0,0,0,26882,163,1233,2624,14673,3781,3797,408,203
pitch_perfect_2,2015,1,0,0,0,27518,14,542,2735,14113,4882,3963,1260,9
pixels_tt2120120,2015,1,0,0,0,25371,4,374,3177,11127,2741,5599,2331,18
pixote_tt0082912,1980,0,1,0,0,30529,187,555,4059,16005,4259,4654,293,517
places.in.the.h_tt0087921,1984,1,1,0,0,28582,163,770,2411,14025,4369,5866,707,271
plainsman_tt0028108,1936,1,0,0,0,27160,1,127,681,14133,5987,5412,500,319
planes.trains.._tt0093748,1987,1,0,0,0,22182,6,963,6896,7595,1641,4072,511,498
planes_tt1691917,2013,1,0,0,1,21736,21,2228,55,369,1808,11738,5464,53
planet.of.the.a_tt0063442,1968,1,0,0,0,26862,0,480,3633,8570,4003,8811,1178,187
planet_of_the_apes_2001,2001,1,0,0,0,28764,25,2307,11796,7488,765,4036,1706,641
platoon,1986,1,1,0,0,28679,103,565,8480,11327,2667,3624,1241,672
play.it.again.s_tt0069097,1972,1,0,0,0,20497,0,63,2875,11293,3743,2256,168,99
player_tt0105151,1992,0,1,1,0,29839,60,860,5133,14562,4416,4529,237,42
playtime_tt0062136,1967,0,1,0,0,29752,0,134,67,2658,2223,23674,855,141
plaza.suite_tt0067589,1971,1,0,0,0,27394,0,80,1988,15808,7901,1269,348,0
please.dont.eat_tt0054188,1960,1,0,0,0,26598,0,59,714,10832,8426,6247,101,219
pleasure.of.his_tt0055307,1961,1,1,0,0,29289,0,188,258,14026,9722,4419,641,35
plymouth.advent_tt0045039,1952,1,0,0,0,25066,0,91,1212,11729,5667,4940,1201,226
pocahontas_tt0114148,1995,1,0,0,1,19454,15,592,2820,6808,1696,5756,1382,385
pocketful.of.mi_tt0055312,1961,1,1,0,0,32797,0,55,2063,19419,6835,4279,119,27
poil.de.carotte_tt0023345,1932,0,1,0,0,22081,0,220,1748,9345,4228,5688,600,252
point.blank_tt0062138,1967,1,0,0,0,22018,20,229,2110,12175,2559,4456,415,54
point_break,1991,1,0,0,0,29247,15,887,11617,9581,1756,4089,1128,174
poison_tt0102687,1991,0,0,1,0,20418,278,1498,4815,8586,1474,2902,399,466
pokmon.the.firs_tt0190641,1998,1,0,0,1,17863,41,939,984,3718,2286,8668,1193,34
polar.express_tt0338348,2004,1,0,0,1,23963,92,1091,3184,8648,1411,6927,1792,818
police.academy._tt0093756,1987,1,0,0,0,20911,0,97,1367,8387,4416,4676,1956,12
police_academy_2,1985,1,0,0,0,20883,0,43,1755,10766,5680,2365,230,44
police_academy_3,1986,1,0,0,0,20068,0,167,1821,8755,5944,2888,489,4
police_academy_fs,1984,1,0,0,0,23114,0,139,1816,9630,6938,4306,168,117
politics_tt0022273,1931,1,0,0,0,17451,0,32,203,7706,4612,4542,162,194
polly.of.the.ci_tt0023349,1932,1,0,0,0,16605,0,63,1037,6010,4248,4882,326,39
poltergeist,1982,1,0,0,0,27437,72,857,6533,9865,4357,4788,847,118
poltergeist_2,1986,1,0,0,0,21762,54,701,8067,7135,2234,2988,534,49
ponette_tt0117359,1996,0,1,0,0,23920,2,783,9079,9551,2358,1844,32,271
poor.little.ric_tt0028118,1936,1,0,0,0,20568,26,234,1241,7600,6815,4330,109,213
poor.things_tt14230458,2023,0,1,0,0,32824,87,704,8195,11305,2358,9567,608,0
popeye,1980,1,0,0,0,27329,78,258,2818,10383,3550,8446,1376,420
popi_tt0064827,1969,1,0,0,0,29129,0,159,4175,13832,4029,6331,530,73
porkys,1981,1,0,0,0,23603,33,170,2167,14308,2957,3634,294,40
porkys.revenge_tt0089826,1985,1,0,0,0,22199,0,417,1115,10131,4729,5368,418,21
porkys_2,1983,1,0,0,0,23405,5,251,1780,13150,4410,3564,213,32
port.of.shadows_tt0030643,1938,0,1,0,0,22152,49,286,1436,10958,5195,3446,412,370
portnoys.compla_tt0069112,1972,1,0,0,0,24248,0,261,3411,14684,2880,2150,828,34
portrait.in.bla_tt0054197,1960,1,0,0,0,27024,0,447,5180,15692,2610,2629,412,54
portrait.of.a.l_tt8613070,2019,0,1,0,0,29188,6,1665,7938,13608,3152,2621,181,17
portrait.of.jen_tt0040705,1948,1,1,0,0,20683,0,242,1787,11509,2803,3004,929,409
poseidon.advent_tt0069113,1972,1,1,0,0,28051,37,476,3861,16153,2333,4343,690,158
poseidon_tt0409182,2006,1,0,0,0,23541,17,1635,6737,7522,752,4092,2179,607
posse_tt0073559,1975,0,1,0,0,22219,0,663,1945,8835,3783,6474,484,35
post_tt6294822,2017,1,1,0,0,27802,49,1248,2440,12477,6472,3789,922,405
postcards.from._tt0100395,1990,1,0,0,0,26117,0,18,7077,11704,5799,1446,70,3
postman.always._tt0038854,1946,1,0,0,0,27088,0,269,1404,16161,6074,2967,165,48
power.of.the.do_tt10293406,2021,0,1,0,0,30674,55,1999,5362,11587,4056,6075,1288,252
power.rangers_tt3717490,2017,1,0,0,0,31817,21,2381,7799,10345,1281,5513,4450,27
practical.magic_tt0120791,1998,1,0,0,0,24986,13,1183,6996,10401,2326,2981,492,594
precious_tt0929632,2009,0,1,0,0,26332,34,1135,8636,10250,3083,1905,465,824
predator,1987,1,0,0,0,25551,161,1297,8465,6447,3997,3648,1431,105
predator.2_tt0100403,1990,1,0,0,0,25895,45,1446,4208,8436,2437,6817,2154,352
presumed_innocent,1990,1,0,0,0,30438,0,877,4895,16529,4776,2919,197,245
pretty.baby_tt0078111,1978,1,1,0,0,26233,0,245,2983,12460,4826,5093,577,49
pretty_in_pink,1986,1,0,0,0,23186,12,602,8226,8935,2816,2087,138,370
pretty_woman,1990,1,1,0,0,29931,37,592,4558,15989,4714,3312,358,371
pride..prejudic_tt0414387,2005,0,1,0,0,32950,111,1302,8646,13626,3423,4414,1148,280
pride.and.preju_tt0032943,1940,1,0,0,0,30258,0,26,2138,13839,8611,5408,121,115
pride.and.the.p_tt0050858,1957,1,0,0,0,31675,0,415,2161,8200,4823,13599,2309,168
pride.of.the.ya_tt0035211,1942,1,1,0,0,33024,17,723,3328,17965,5442,4793,375,381
pride_tt3169706,2014,0,1,0,0,28889,0,789,5854,14923,2608,2732,1899,84
primal_fear,1996,1,0,0,0,31276,0,1205,12361,12162,2327,2498,447,276
primary.colors_tt0119942,1998,1,0,0,0,34329,1,1158,8020,16643,4579,2581,880,467
prime.cut_tt0069121,1972,1,0,0,0,20792,0,925,5133,7093,1415,5004,1118,104
prince.and.the._tt0029440,1937,1,0,0,0,28258,123,262,3582,13948,4463,5386,290,204
prince.and.the._tt0050861,1957,1,1,0,0,28010,26,200,1233,10553,9866,5054,943,135
prince.of.egypt_tt0120794,1998,1,0,0,1,23691,127,914,3291,6752,2295,8183,1217,912
prince.of.foxes_tt0041767,1949,1,0,0,0,25650,10,225,1838,10463,5474,6716,650,274
prince.of.the.c_tt0082945,1981,1,1,0,0,40144,1,357,6215,16526,8776,7868,144,257
prince.valiant_tt0047365,1954,1,0,0,0,24008,0,93,182,6404,5240,10776,1313,0
prince_of_persia,2010,1,0,0,0,27783,71,2094,10949,7502,952,4519,1323,373
prince_of_tides,1991,1,1,0,0,33870,55,508,8786,14724,4457,3811,800,729
princess.and.th_tt0037193,1944,1,0,0,0,24194,81,187,1165,12088,6167,3959,295,252
princess.and.th_tt0780521,2009,1,1,0,1,23374,29,391,1517,7450,1434,10295,2028,230
princess.bride_tt0093779,1987,1,0,0,0,23582,0,214,7124,7180,2982,4981,1024,77
princess_diaries_2,2004,1,0,0,0,29079,24,620,1839,13275,6456,5903,491,471
princess_diaries_fs,2001,1,0,0,0,27685,70,977,1544,12914,5961,5169,440,610
prisoner.of.the_tt0116754,1996,0,1,0,0,23802,0,870,2745,7802,2045,8536,1583,221
prisoner.of.zen_tt0029442,1937,1,1,0,0,24167,0,421,2392,12101,4043,4270,387,553
prisoner_tt0048512,1955,0,1,0,0,24092,0,486,2788,14208,3237,3086,146,141
prisoners_tt1392214,2013,0,1,0,0,36732,167,1502,3840,18093,4865,7028,728,509
private.life.of_tt0024473,1933,1,1,0,0,24049,12,91,1052,11595,4423,6047,296,533
private.lives.o_tt0031826,1939,0,1,0,0,25503,0,207,1634,10862,6629,5727,211,233
private.number_tt0028142,1936,1,0,0,0,19077,99,102,2930,8709,4226,2785,128,98
private.school_tt0086143,1983,1,0,0,0,21216,7,331,3532,10276,4003,2927,76,64
private_benjamin_fs,1980,1,0,0,0,26333,2,110,3713,10990,5402,5547,488,81
prize_tt0057426,1963,1,0,0,0,32381,0,108,2627,19253,5874,3977,540,2
prizzis.honor_tt0089841,1985,1,1,0,0,30926,0,740,7289,16457,2970,2346,853,271
problem_child,1990,1,0,0,0,19373,30,698,2494,8978,2895,3295,325,658
producers_tt0063462,1967,1,0,0,0,21402,0,85,3886,11772,3837,1710,112,0
professionals_tt0060862,1966,1,1,0,0,30184,0,72,2400,13257,5232,8550,648,25
prometheus,2012,1,0,0,0,29679,81,2040,7770,8718,1090,6044,3909,27
promise_tt0079756,1979,1,0,0,0,23220,10,446,8245,7997,2696,3365,391,70
promise_tt0117398,1996,0,1,0,0,22637,10,704,7001,9747,1828,2502,634,211
promising.young_tt9620292,2020,0,1,0,0,27205,21,1349,4823,15045,3081,2296,538,52
proposal,2009,1,0,0,0,25841,0,364,4639,14274,3672,2225,666,1
proud.and.profa_tt0049640,1956,1,0,0,0,26679,0,149,1077,13675,5600,5161,871,146
psycho_2,1983,1,0,0,0,27038,39,676,3640,13123,3890,4653,562,455
psycho_tt0054215,1960,1,1,0,0,26128,122,657,5696,14096,2111,2880,498,68
public.enemies_tt1152836,2009,1,0,0,0,33565,4,2108,13128,12210,1614,3677,607,217
pulp_fiction,1994,1,1,1,0,37012,36,806,8181,18574,4799,3028,1009,579
pump.up.the.vol_tt0100436,1990,0,0,1,0,26142,20,1625,5099,11848,3934,2969,578,69
pumpkin.eater_tt0058500,1964,0,1,0,0,26329,25,415,8723,11558,2947,2309,225,127
punchdrunk.love_tt0272338,2002,0,1,0,0,22857,0,508,3379,11362,2944,3002,1350,312
punchline_tt0095927,1988,1,0,0,0,31505,7,628,4139,19334,3434,3793,146,24
purge.anarchy_tt2975578,2014,1,0,0,0,24835,0,1347,9661,8248,1075,3294,1154,56
purge.election._tt4094724,2016,1,0,0,0,26088,2,626,8147,11501,1223,3068,1454,67
purple.heart_tt0037197,1944,1,0,0,0,23960,0,366,1500,13174,5258,3144,383,135
purple.plain_tt0047376,1954,0,1,0,0,26173,202,699,6450,8415,4247,5327,652,181
purple.rose.of._tt0089853,1985,0,1,0,0,21101,0,115,2130,10272,3859,3648,182,895
purple_rain_fs,1984,1,0,0,0,26681,12,727,5978,11805,3714,3777,344,324
pursued_tt0039737,1947,1,0,0,0,24313,0,125,1862,10628,4445,6521,539,193
pursuit.of.d.b._tt0082958,1981,1,0,0,0,24104,0,540,2584,9837,3408,5962,1748,25
pursuit_of_happyness,2006,1,0,0,0,28158,26,1139,7106,12443,3003,3333,502,606
puss.in.boots.t_tt3915174,2022,1,1,0,1,24540,97,1694,3169,6781,2160,7495,2906,238
puss.in.boots_tt0448694,2011,1,1,0,1,21629,579,2679,3078,5220,793,7745,1144,391
putney.swope_tt0064855,1969,1,0,0,0,21898,27,272,2831,12056,4292,2125,238,57
pygmalion_tt0030637,1938,1,1,0,0,24412,0,178,2625,12321,6067,3061,21,139
q.the.winged.se_tt0084556,1982,0,0,1,0,22247,21,615,3569,10437,2689,3333,1444,139
quantum_of_solace,2008,1,0,0,0,25469,6,1662,6518,9698,1290,5051,1191,53
queen.christina_tt0024481,1933,1,1,0,0,23800,3,113,3056,10320,3349,6580,188,191
queen.margot_tt0110963,1994,0,1,0,0,34459,133,1018,13240,13328,2337,3202,401,800
queen.of.spades_tt0041776,1949,0,1,0,0,22871,43,1050,2045,10499,4445,4376,154,259
queen_tt0436697,2006,0,1,0,0,24781,0,927,5733,8876,4420,3370,1040,415
quiet.man_tt0045061,1952,1,1,0,0,31106,0,106,288,11239,8967,9503,979,24
quiet.one_tt0040717,1948,0,1,0,0,16628,6,232,1437,6845,2628,5191,62,227
quiet.place.day.one_tt13433802,2024,1,0,0,0,23834,64,1906,7260,8087,737,3657,1865,258
quiet_place,2018,1,0,0,0,21636,178,1806,6725,7209,900,3439,884,495
quiz.show_tt0110932,1994,0,1,0,0,31824,0,1021,10770,13616,3276,2535,463,143
quo.vadis_tt0043949,1951,1,1,0,0,41829,0,1600,2854,16257,9958,10168,984,8
rachel.rachel_tt0063483,1968,1,1,0,0,24260,0,309,9565,9292,1615,3027,243,209
raggedy.man_tt0082969,1981,1,0,0,0,22665,0,193,1894,10424,3974,5576,414,190
raging_bull,1980,1,1,0,0,30944,66,820,6643,15694,3782,3022,548,369
ragtime_tt0082970,1981,0,1,0,0,37207,79,326,4867,20283,4927,5673,736,316
raiders_of_the_lost_ark,1981,1,1,0,0,27646,1,1025,4262,10647,2352,7773,1023,563
rainmaker_tt0049653,1956,1,1,0,0,29112,0,30,66,10948,12235,5512,229,92
rainmaker_tt0119978,1997,1,0,0,0,32491,0,865,2739,17489,6011,4171,395,821
rainman,1988,1,1,0,0,32085,4,1197,8010,12873,2935,5769,1174,123
rains.came_tt0031835,1939,1,0,0,0,24829,0,161,3705,9082,4867,6222,673,119
raising.arizona_tt0093822,1987,1,0,0,0,22506,14,664,4136,10997,1859,3726,433,677
rally.round.the_tt0052117,1958,1,0,0,0,25547,0,21,795,13188,7683,3502,354,4
ralph.breaks.th_tt5848272,2018,1,1,0,1,26971,40,769,1470,9806,4180,8330,2359,17
rambo_2,1985,1,0,0,0,24557,62,1554,7550,6006,2561,4212,2464,148
rambo_3,1988,1,0,0,0,24368,147,1205,7867,7101,1165,5008,1702,173
rambo_first_blood,1982,1,0,0,0,22336,6,186,3748,9488,2486,5544,865,13
rampage_tt2231461,2018,1,0,0,0,25721,83,1444,6239,9795,1581,3940,2623,16
ran_tt0089881,1985,0,1,0,0,38975,7,143,965,8583,10626,15348,2584,719
random.harvest_tt0035238,1942,1,1,0,0,30325,5,98,1266,17177,5959,5140,565,115
rango_tt1192628,2011,1,1,0,1,26804,142,1764,5945,8435,1019,8315,1177,7
ransom,1996,1,0,0,0,29118,14,1487,9854,10924,2200,3897,521,221
rashomon_tt0042876,1950,0,1,0,0,21249,0,400,2952,8875,2564,6165,197,96
rasputin.and.th_tt0023374,1932,1,0,0,0,31046,0,396,1700,14135,8702,5399,509,205
rat.race_tt0054230,1960,1,0,0,0,25245,0,7,1825,14334,6752,1996,284,47
rat.race_tt0250687,2001,1,0,0,0,26744,7,1126,5983,12085,2546,3738,1062,197
ratatouille_tt0382932,2007,1,1,0,1,26631,77,992,3646,12262,1039,7575,909,131
ray_tt0350258,2004,1,1,0,0,39161,65,1343,11872,15174,3868,5686,717,436
raya.and.the.la_tt5109280,2021,1,1,0,1,25768,134,1571,3838,8414,2049,6231,3523,8
razors.edge_tt0038873,1946,1,1,0,0,34752,0,15,2199,21652,6185,4315,306,80
rbg_tt7689964,2018,0,1,0,0,23552,8,1114,5616,10194,3488,1640,954,538
reader_tt0976051,2008,0,1,0,0,29720,105,2391,6924,14130,1877,3273,624,396
ready_player_one,2018,1,0,0,0,33556,22,2119,5027,12158,2365,8593,3054,218
real.women.have_tt0296166,2002,0,1,0,0,20706,7,560,6298,9177,2368,1815,315,166
real_steel,2011,1,0,0,0,30412,20,958,5759,11915,2803,7068,1862,27
reap.the.wild.w_tt0035244,1942,1,1,0,0,29599,20,131,1768,14465,6878,5689,415,233
rear.window_tt0047396,1954,1,1,0,0,26984,0,204,3382,12647,3938,6573,229,11
rebecca.of.sunn_tt0030657,1938,1,0,0,0,19383,0,47,1487,7919,4964,4771,78,117
rebecca_tt0032976,1940,1,1,0,0,31332,2,409,2208,17142,6071,4820,459,221
rebel.without.a_tt0048545,1955,1,1,0,0,26588,0,241,2697,16472,3564,3397,167,50
red.beard_tt0058888,1965,0,1,0,0,47610,0,187,3629,30352,6137,5387,1896,22
red.desert_tt0058003,1964,0,1,0,0,28129,23,734,3929,12599,2012,7786,924,122
red.dust_tt0023382,1932,1,0,0,0,19853,0,176,824,11970,4740,1879,152,112
red.eye_tt0421239,2005,1,0,0,0,20424,78,958,11126,5705,1064,1021,309,163
red.heat_tt0095963,1988,1,0,0,0,24933,16,1142,9607,8673,1092,3763,593,47
red.one_tt14948432,2024,1,0,0,0,29503,11,1450,8570,11032,1727,5150,1563,0
red.river_tt0040724,1948,1,0,0,0,31833,0,94,876,10464,9140,9576,1159,524
red.shoes_tt0040725,1948,1,1,0,0,32485,4,1128,3427,8396,4244,14335,446,505
red_dawn,1984,1,0,0,0,27318,0,448,3281,9421,3475,8897,1315,481
red_dragon,2002,1,0,0,0,31966,119,2254,14046,9791,1822,2686,607,641
red_tt1245526,2010,1,0,0,0,26656,55,2197,8796,9925,2069,3087,524,3
redacted_tt0937237,2007,0,1,1,0,21592,148,1009,2833,8338,3784,4213,530,737
reds,1981,1,1,0,0,46814,5,352,11471,21645,5008,6915,546,872
reflections.in._tt0062185,1967,1,0,0,0,26172,83,819,3418,15534,2278,3579,150,311
regarding_henry,1991,1,0,0,0,25768,3,323,2853,13206,4930,3898,426,129
regret.to.infor_tt0181786,1998,0,1,0,0,18575,43,738,5785,3203,2006,4689,1199,912
reincarnation.o_tt0073615,1975,1,0,0,0,25290,0,429,6926,10961,3023,2984,845,122
reluctant.debut_tt0052126,1958,1,0,0,0,22985,0,91,154,10936,9819,1574,411,0
remains.of.the._tt0107943,1993,0,1,0,0,34492,0,630,5676,17141,4905,4619,1140,381
rembrandt_tt0028167,1936,0,1,0,0,21768,0,120,3016,9554,2949,5205,564,360
remember.the.ni_tt0032981,1939,1,0,0,0,22580,4,195,1048,13251,5643,1920,313,206
remember_the_titans,2000,1,0,0,0,27226,0,1107,11214,10251,1390,2599,495,170
rendezvous_tt0026922,1935,1,0,0,0,22607,0,401,852,12815,5596,2662,139,142
report.from.the_tt0036301,1943,0,1,0,0,12048,0,441,848,2451,1225,4483,2468,132
repulsion_tt0059646,1965,0,1,0,0,25242,470,896,3943,13764,3116,2642,337,74
requiem.for.a.d_tt0180093,2000,0,0,1,0,24253,200,1924,12665,4688,1889,2151,297,439
rescuers_tt0076618,1977,1,0,0,1,18486,0,123,723,5141,945,10643,750,161
reservoir.dogs_tt0105236,1992,0,1,1,0,23757,0,360,6089,9178,2963,3996,252,919
resident.evil.e_tt0432021,2007,1,0,0,0,22562,68,1824,6422,6844,764,4498,1956,186
resident.evil.w_tt6920084,2021,1,0,0,0,25772,0,2103,6824,9424,1460,4593,1157,211
resisting.enemy_tt0037215,1944,0,1,0,0,16768,0,436,759,8466,5379,1503,211,14
respect_tt2452150,2021,1,0,0,0,34735,0,757,12051,15494,2848,2818,684,83
restrepo_tt1559549,2010,0,1,0,0,24069,10,2373,6533,7791,1774,3491,2010,87
return.pink.panther_tt0072081,1975,1,1,0,0,27099,0,647,3482,12085,5729,4386,662,108
return.to.parad_tt0046238,1953,1,0,0,0,22750,0,6,897,8323,7623,5388,361,152
return.to.peyto_tt0055370,1961,1,0,0,0,29349,0,1,1098,16540,6393,4831,459,27
return_of_the_jedi,1983,1,0,0,0,32320,24,479,9731,9050,3056,7339,2342,299
revenant,2015,1,1,0,0,37486,27,1674,9453,9486,3388,9542,3654,262
revenge.of.the._tt0078163,1978,1,0,0,0,23727,0,180,2436,9785,4927,5732,362,305
revenge.of.the._tt0088000,1984,1,0,0,0,21528,35,395,2273,7988,4761,5571,189,316
revenge.of.the._tt0093857,1987,1,0,0,0,21272,0,457,2412,8416,4685,4605,317,380
revenge_of_the_sith,2005,1,0,0,0,33592,26,590,8617,9040,2567,9202,3228,322
reversal.of.fortune_tt0100486,1990,0,1,0,0,26788,5,436,2807,12707,7480,2483,492,378
revolutionary.r_tt0959337,2008,0,1,0,0,28536,4,909,5806,14703,3590,2209,899,416
rhapsody.in.blu_tt0038026,1945,1,0,0,0,38595,0,655,2703,18179,6285,9858,700,215
rhapsody_tt0047408,1954,1,0,0,0,27753,0,151,2370,15575,6176,3199,280,2
rhinestone_tt0088001,1984,1,0,0,0,26713,0,45,5342,16642,1578,2724,379,3
rhythm.on.the.r_tt0028178,1936,1,0,0,0,21164,0,166,709,8117,6082,5539,392,159
rhythm.on.the.r_tt0032986,1940,1,0,0,0,22539,0,51,415,9858,9107,2797,204,107
rhythm.section_tt7134096,2020,1,0,0,0,26280,0,1742,11501,9316,848,1723,1131,19
rich.are.always_tt0023394,1932,1,0,0,0,17061,0,174,1233,9518,4331,1482,171,152
richard.iii_tt0049674,1955,0,1,0,0,37865,42,346,898,12263,9046,14039,695,536
richard.iii_tt0114279,1995,0,1,0,0,26848,30,576,5819,13185,2861,3527,626,224
richard.pryor.._tt0086194,1983,1,0,0,0,24335,1,28,2262,10259,1743,9826,77,139
richard.pryor.l_tt0084597,1982,1,0,0,0,19479,7,28,1692,11875,2270,3432,163,12
ride_along,2014,1,0,0,0,23893,4,389,9323,9086,1798,2445,848,0
ride_along_2,2016,1,0,0,0,24339,73,429,9029,9414,1865,2493,1025,11
rider_tt6217608,2017,0,1,0,0,24694,46,1978,11717,5537,2307,2129,865,115
riding.giants_tt0389326,2004,0,0,1,0,26031,1,460,5016,3649,1217,13137,2338,213
riding.high_tt0042893,1950,1,0,0,0,26776,21,8,909,16746,4945,3912,175,60
rififi_tt0048021,1955,0,1,0,0,28390,37,611,1005,13726,6499,6047,219,246
right.stuff_tt0086197,1983,0,1,0,0,46210,20,2558,14543,14363,4081,6412,3966,267
ring,2002,1,0,0,0,29606,56,2737,9451,8769,1549,4485,1141,1418
ring_2_fs,2005,1,0,0,0,26233,161,1436,8296,8137,2236,4048,1381,538
rio.2_tt2357291,2014,1,0,0,1,24253,74,420,3401,5605,4867,7282,2546,58
rio.bravo_tt0053221,1959,1,1,0,0,33816,0,44,302,16518,11431,5437,82,2
rio_tt1436562,2011,1,0,0,1,23004,67,1060,2560,7653,2674,7085,1900,5
riptide_tt0025720,1934,1,0,0,0,22130,0,100,1125,12211,5708,2912,48,26
rise.of.the.gua_tt1446192,2012,1,0,0,1,23300,48,1130,2009,7325,2662,7976,1746,404
rise_of_skywalker,2019,1,0,0,0,34018,44,937,9812,10799,1373,6018,4719,316
rise_of_the_planet_of_the_apes,2011,1,0,0,0,25157,85,1406,5962,9463,1450,5170,1592,29
rising_sun,1993,1,0,0,0,31027,141,1227,11609,11073,2440,3977,246,314
risky_business,1983,1,0,0,0,23765,68,843,3202,11385,3253,4163,509,342
ritz_tt0075144,1976,1,0,0,0,21775,0,206,3576,10518,2913,4325,65,172
river.of.no.ret_tt0047422,1954,1,0,0,0,21814,0,79,389,6620,8821,4464,1282,159
river.wild_tt0110997,1994,1,0,0,0,26619,6,742,7448,7873,3091,4404,2375,680
river_tt0043972,1951,1,1,0,0,23847,0,357,1949,6131,4195,10149,863,203
road.house_tt0098206,1989,1,0,0,0,27368,1,451,6934,12032,4124,3488,328,10
road.to.bali_tt0045094,1952,1,0,0,0,23341,0,170,268,4625,10303,7576,324,75
road.to.el.dora_tt0138749,2000,1,0,0,1,22980,59,698,2342,8803,2907,6121,1048,1002
road.to.hong.ko_tt0056417,1962,1,0,0,0,21941,0,443,1719,11610,4356,3358,413,42
road.to.life_tt0022289,1931,0,1,0,0,27335,42,1610,6190,8872,2424,7187,908,102
road.to.morocco_tt0035262,1942,1,0,0,0,19683,0,149,1074,8705,5332,4065,225,133
road.to.rio_tt0039776,1947,1,0,0,0,24219,0,179,413,7064,8991,7319,202,51
road.to.singapo_tt0032993,1940,1,0,0,0,20452,0,122,510,8511,6196,4638,448,27
road.to.utopia_tt0038032,1945,1,0,0,0,21564,0,120,259,7771,7336,5705,249,124
road.to.zanziba_tt0034116,1941,1,0,0,0,21896,0,108,82,8832,8159,4151,353,211
road.trip_tt0215129,2000,1,0,0,0,24197,21,817,6067,10365,3401,2663,606,257
road.warrior_tt0082694,1981,1,0,0,0,22835,33,705,5623,6419,1524,6918,1219,394
road_to_perdition,2002,1,1,0,0,30058,23,1793,4909,12946,2903,6212,981,291
road_tt0898367,2009,0,1,0,0,26705,32,2314,8834,8700,811,5047,766,201
roaring.twentie_tt0031867,1939,1,0,0,0,25554,0,158,897,15254,4920,3557,543,225
robe_tt0046247,1953,1,1,0,0,32004,0,43,880,8844,8263,13252,549,173
roberta_tt0026942,1935,1,0,0,0,25365,0,212,1423,10444,6347,6497,292,150
robin.and.maria_tt0075147,1976,1,0,0,0,27480,12,564,6736,6328,3742,8724,1254,120
robin.and.the.7_tt0058529,1964,1,0,0,0,29512,23,90,310,9970,9501,9421,164,33
robin.hood.men._tt0107977,1993,1,0,0,0,24936,0,296,2062,11536,5694,4142,463,743
robin.hood_tt0070608,1973,1,0,0,1,19910,33,131,1766,7533,1258,8529,556,104
robin_hood,2010,1,0,0,0,33690,95,1607,9248,10581,2215,7576,1617,751
robin_hood_prince_of_thieves,1991,1,0,0,0,34383,176,1122,9226,10327,4345,7922,791,474
robocop,1987,1,0,0,0,24642,171,1063,4561,10886,2300,4442,891,328
robocop_2,1990,1,0,0,0,27970,116,1128,6275,9767,3020,6548,741,375
robots_tt0358082,2005,1,0,0,1,21519,13,1654,837,5752,2960,9571,693,39
rock,1996,1,0,0,0,32731,43,2038,14710,8028,1308,4946,1374,284
rocketeer,1991,1,0,0,0,26018,43,1297,6429,10947,1948,3745,1209,400
rocketman,2019,1,1,0,0,29084,12,802,8170,11395,3490,4101,1102,12
rocky.ii_tt0079817,1979,1,0,0,0,28507,0,164,6439,12509,4456,4520,396,23
rocky.v_tt0100507,1990,1,0,0,0,24960,10,165,5385,11133,3171,4827,260,9
rocky_3,1982,1,0,0,0,23870,0,311,8371,7465,3047,4356,296,24
rocky_4,1985,1,0,0,0,21933,65,659,8553,6649,2027,3578,373,29
rocky_tt0075148,1976,1,1,0,0,28661,22,344,4747,12961,3429,6830,307,21
roger..me_tt0098213,1989,0,1,0,0,21731,25,539,3055,8759,3781,4638,436,498
roger.dodger_tt0299117,2002,0,1,1,0,25324,0,512,14866,7320,658,976,515,477
rogue_nation,2015,1,0,0,0,31540,40,2542,10044,11575,1265,4214,1860,0
rogue_one,2016,1,0,0,0,32115,5,652,7357,13235,1914,4375,4431,146
role.models_tt0430922,2008,1,0,0,0,23600,49,655,2919,13163,3737,2844,135,98
rollerball_tt0073631,1975,1,0,0,0,29985,9,870,7859,9258,3750,7147,687,405
rollercoaster_tt0076636,1977,1,0,0,0,28358,20,1656,5853,9690,3832,5381,1918,8
rollover_tt0083006,1981,1,0,0,0,27711,277,1090,8291,10616,2806,4230,342,59
roma_tt6155172,2018,0,1,0,0,32366,0,980,822,7385,4369,17984,782,44
roman.holiday_tt0046250,1953,1,1,0,0,28336,0,149,2629,12302,4995,7572,647,42
roman.scandals_tt0024507,1933,1,0,0,0,21945,0,297,353,8999,5865,6271,117,43
roman.spring.of_tt0055382,1961,1,0,0,0,24893,0,64,2018,12478,5161,4947,207,18
romancing_the_stone,1984,1,0,0,0,25344,9,542,4880,10442,3258,4865,1328,20
rome.express_tt0023410,1932,0,1,0,0,22288,0,309,401,12587,7736,1005,99,151
romeo..juliet_tt0117509,1996,1,1,0,0,28327,72,2360,11744,8102,1283,3700,911,155
romeo.and.julie_tt0063518,1968,1,1,0,0,33143,0,323,8195,12524,4304,7227,334,236
romeo.must.die_tt0165929,2000,1,0,0,0,27585,37,690,10479,9921,2104,3104,596,654
ronin_tt0122690,1998,1,0,0,0,29089,0,630,7784,11183,1658,6120,973,741
rons.gone.wrong_tt7504818,2021,1,0,0,1,25598,47,1212,2987,9508,1701,8506,1610,27
rookie,1993,1,0,0,0,24843,4,687,6169,10043,3212,3986,208,534
rookie_tt0265662,2002,1,0,0,0,30693,0,1146,10831,10030,2518,4956,554,658
room.at.the.top_tt0053226,1958,1,1,0,0,30120,0,224,8911,17093,1470,2289,133,0
room.for.one.mo_tt0045102,1952,1,0,0,0,24395,0,191,181,9905,7334,6573,120,91
room_tt3170832,2015,0,1,0,0,28205,184,2289,12155,7743,2331,2748,724,31
rope.of.sand_tt0041822,1949,1,0,0,0,24884,0,306,2296,13268,3855,4670,295,194
rope_tt0040746,1948,1,0,0,0,19374,0,181,205,13878,2835,2048,138,89
rosalie_tt0029499,1937,1,0,0,0,29590,92,137,2774,11728,6846,6929,794,290
rose.marie_tt0047429,1954,1,0,0,0,24952,0,60,356,9214,8538,6094,687,3
rose.of.washing_tt0031877,1939,1,0,0,0,20744,0,143,1356,9078,4958,4783,260,166
rose.tattoo_tt0048563,1955,1,1,0,0,27993,0,17,277,15717,8014,3522,210,236
rose_tt0079826,1979,1,0,0,0,32290,0,199,9178,12526,4247,4857,1132,151
rosemarie_tt0028207,1936,1,0,0,0,26645,0,39,3997,10960,4863,6314,422,50
rosemarys.baby_tt0063522,1968,1,0,0,0,32748,6,1039,7242,15888,4811,3014,628,120
round.midnight_tt0090557,1986,0,1,0,0,31493,6,607,4780,15110,5172,4685,484,649
roxanne_fs,1987,1,0,0,0,25621,51,325,5301,9969,3971,5416,307,281
royal.tenenbaum_tt0265666,2001,0,1,1,0,28180,1,1130,1810,15265,4461,4618,238,657
ruggles.of.red._tt0026955,1935,1,0,0,0,23258,0,54,171,11011,8163,3549,162,148
rugrats.movie_tt0134067,1998,1,0,0,1,19164,13,204,763,4901,1473,11164,607,39
rules.of.engage_tt0160797,2000,1,0,0,0,30544,26,877,8828,11434,4094,3160,999,1126
rules.of.the.ga_tt0031885,1939,0,1,0,0,25558,0,132,1161,9038,6308,8199,247,473
ruling.class_tt0069198,1972,0,1,0,0,36937,34,443,4203,8126,7343,15576,826,386
run.lola.run_tt0130827,1998,0,1,0,0,20585,50,2127,7448,5819,1113,3438,440,150
run.silent.run._tt0052151,1958,1,0,0,0,22392,0,691,2117,13598,1307,2235,2329,115
runaway.train_tt0089941,1985,0,1,0,0,28447,48,462,7985,10182,1206,6685,1178,701
runaway_bride,1999,1,0,0,0,27892,0,468,7302,13491,2891,2714,372,654
running.man_tt0093894,1987,1,0,0,0,25873,20,1500,6782,9646,2037,4678,650,560
running.on.empty_tt0096018,1988,0,1,0,0,27810,79,323,3916,9038,7279,6509,205,461
running.scared_tt0091875,1986,1,0,0,0,25579,0,361,2819,10681,3519,7355,636,208
rush_hour,1998,1,0,0,0,23449,0,600,5257,10490,2634,3769,665,34
rush_hour_2,2001,1,0,0,0,23133,0,641,5298,11841,1893,2781,651,28
rush_hour_3_fs,2007,1,0,0,0,21768,0,1599,6438,7926,1779,3561,465,0
rush_tt1979320,2013,0,1,0,0,29472,127,1291,9389,9640,2004,3673,3150,198
rushmore_tt0128445,1998,0,0,1,0,22256,18,875,2896,11815,2675,3199,275,503
russia.house_tt0100530,1990,0,1,0,0,29520,0,657,3664,12518,5910,4767,1989,15
russians.are.co_tt0060921,1966,1,1,0,0,32296,34,255,4703,12578,5826,7255,1573,72
rust.and.bone_tt2053425,2012,0,1,0,0,29348,60,1565,10232,11374,1196,3901,976,44
ruthless_people,1986,1,0,0,0,22543,0,548,5886,9618,2721,3004,254,512
rv,2006,1,0,0,0,23680,0,745,4353,12166,2318,3434,630,34
ryans.daughter_tt0066319,1970,1,1,0,0,25869,0,277,4045,10964,3068,4913,2031,571
sabrina_tt0047437,1954,1,1,0,0,27231,2,288,2069,13653,5006,5978,219,16
sadie.mckee_tt0025740,1934,1,0,0,0,22226,0,77,2624,9709,6635,2989,192,0
safe.haven_tt1702439,2013,1,0,0,0,27716,0,1839,5539,12710,2704,3837,1038,49
safe_house,2012,1,0,0,0,27559,5,1690,12659,8698,1217,2249,1024,17
safe_tt0114323,1995,0,1,1,0,28504,0,1088,1505,9240,4951,11240,414,66
sahara_tt0036323,1943,1,1,0,0,25102,0,437,1146,12042,2545,8396,381,155
sahara_tt0318649,2005,1,0,0,0,29740,78,1943,4690,12196,1683,7330,1581,239
saint.omer_tt15376894,2022,0,1,0,0,29498,1,916,6213,18610,1614,1451,579,114
saint_tt0120053,1997,1,0,0,0,27859,63,2232,10386,7976,1483,3693,1793,233
sal.or.the.120._tt0073650,1975,0,1,0,0,27986,0,1039,6650,5453,3086,11357,286,115
salaam.bombay_tt0096028,1988,0,1,0,0,27513,73,497,4344,10969,4796,6010,636,188
salt,2010,1,0,0,0,23979,9,2065,9454,7415,1283,2625,932,196
salt.and.pepper_tt0063534,1968,1,0,0,0,24266,0,265,2019,11113,5710,4715,399,45
saludos.amigos_tt0036326,1942,0,1,0,1,10060,0,632,233,1158,915,6058,956,108
salvatore.giuli_tt0055399,1962,0,1,0,0,31717,0,298,3254,8492,5119,12033,2121,400
same.time.next._tt0078199,1978,1,1,0,0,28448,0,59,1132,11149,12960,2956,186,6
sami.blood_tt5287168,2016,0,1,0,0,26026,41,1394,13225,7607,929,1713,1000,117
samson.and.deli_tt0041838,1949,1,1,0,0,32088,0,1843,1289,13013,8660,6619,554,110
san.antonio_tt0038048,1945,1,0,0,0,26042,0,29,613,11469,6836,6491,473,131
san.francisco_tt0028216,1936,1,1,0,0,27649,55,243,4310,11537,5038,5836,407,223
san_andreas,2015,1,0,0,0,27448,0,1376,6817,10226,1165,3673,4119,72
sand.pebbles_tt0060934,1966,1,1,0,0,43769,5,346,5935,18995,4799,9658,3825,206
sanders.of.the._tt0026966,1935,0,1,0,0,22614,0,230,437,8448,4021,8020,606,852
sandlot_tt0108037,1993,1,0,0,0,24241,84,1002,4833,8074,2978,6551,393,326
sands.of.iwo.ji_tt0041841,1949,1,0,0,0,26266,0,198,1986,12544,3854,6338,1175,171
sans.soleil_tt0084628,1983,0,1,0,0,24944,78,1491,4181,6756,2575,7530,1580,753
sansho.the.bail_tt0047445,1954,0,1,0,0,29831,0,205,104,6915,4359,17647,481,120
santa.claus.the_tt0089961,1985,1,0,0,0,25922,4,508,4596,9020,2150,7596,1988,60
santa_clause,1994,1,0,0,0,23288,28,1114,3204,10029,3576,4691,467,179
santa_clause_2,2002,1,0,0,0,25031,25,1029,6006,10096,3149,3723,624,379
santa_clause_3,2006,1,0,0,0,22042,64,294,3929,9570,3613,3154,437,981
saratoga.trunk_tt0038053,1945,1,0,0,0,32347,4,388,6448,14387,6268,4723,128,1
saratoga_tt0029516,1937,1,0,0,0,22115,0,381,371,14229,4770,1979,321,64
saturday.night._tt0054269,1960,1,1,0,0,21417,0,110,2864,13003,1993,2894,291,262
saturday.night._tt0076666,1977,1,1,0,0,28523,0,235,6765,12401,3510,5232,360,20
sausage.party_tt1700841,2016,1,0,0,1,21280,302,1910,5509,3518,3352,5993,666,30
save.the.tiger_tt0070640,1973,1,1,0,0,24090,0,160,5192,11496,3398,3508,248,88
save_the_last_dance,2001,1,0,0,0,27071,5,342,5926,13864,2556,3874,238,266
saving_private_ryan,1998,1,1,0,0,43530,207,1648,8870,14806,5143,11152,1329,375
saw.10_tt21807222,2023,1,0,0,0,28389,76,2458,11095,9971,1171,2865,741,12
saw.iv_tt0890870,2007,1,0,0,0,22910,38,1881,7148,10493,684,1846,449,371
saw_2,2005,1,0,0,0,22668,10,1584,5371,12712,662,1553,398,378
saw_3,2006,1,0,0,0,27280,51,1265,13269,9781,514,1564,516,320
sayonara_tt0050933,1957,1,1,0,0,35308,11,66,4802,16411,6122,6948,911,37
scaramouche_tt0045125,1952,1,0,0,0,27515,0,99,1672,10874,6043,8362,325,140
scarecrow_tt0070643,1973,1,0,0,0,26925,0,201,6728,12152,3117,4244,365,118
scarface_tt0023427,1932,1,0,0,0,22458,0,333,872,11512,5955,3173,364,249
scarface_tt0086250,1983,1,0,0,0,43662,39,567,6633,19144,7274,7766,1172,1067
scarlet.pimpern_tt0025748,1934,1,0,0,0,23433,11,259,1595,10388,5718,4778,230,454
scary.movie.2_tt0257106,2001,1,0,0,0,19701,21,1683,5665,7284,2122,2407,231,288
scary.stories.t_tt3387520,2019,1,0,0,0,25884,32,2010,6864,9782,1340,4127,1596,133
scary_movie,2000,1,0,0,0,21146,21,824,4934,9657,2838,1599,778,495
scary_movie_3,2003,1,0,0,0,20180,8,1586,5114,8215,2239,1930,656,432
scary_movie_4,2006,1,0,0,0,23013,23,1382,4386,10413,2736,2594,972,507
scent_of_a_woman,1992,1,1,0,0,37504,0,235,8872,19881,4631,2801,490,594
schindlers_list,1993,1,1,0,0,46821,43,2192,6851,21185,5048,9709,1300,493
school.of.rock_tt0332379,2003,1,0,0,0,26186,0,56,1112,14430,6294,3941,339,14
scooby_doo,2002,1,0,0,0,20748,5,1215,4080,7805,2151,4884,509,99
scooby_doo_2,2004,1,0,0,0,22249,155,1258,3806,7485,2645,6432,450,18
score_tt0227445,2001,1,0,0,0,29742,1,2606,8587,10702,1634,5344,528,340
scorpion.king_tt0277296,2002,1,0,0,0,21955,20,895,3174,8123,3004,5233,944,562
scream,1996,1,0,0,0,26599,28,675,9482,10209,2795,2432,280,698
scream.6_tt17663992,2023,1,0,0,0,29378,24,1251,12709,11731,1156,2076,394,37
scream_2,1997,1,0,0,0,28820,30,719,9629,12398,2234,2479,992,339
scream_3,2000,1,0,0,0,27953,37,1335,6490,14116,2432,2551,755,237
scream_tt11245972,2022,1,0,0,0,27408,1,993,13175,10279,1226,953,648,133
scrooge_tt0026972,1935,0,1,0,0,14415,0,186,793,7217,3337,2440,94,348
scrooge_tt0066344,1970,1,0,0,0,27113,1,252,2594,13474,3423,7132,215,22
scrooged,1988,1,0,0,0,24209,48,830,7697,8950,2129,3322,253,980
sea.chase_tt0048593,1955,1,0,0,0,28085,0,507,1513,15338,5691,3404,1501,131
sea.hawk_tt0033028,1940,1,0,0,0,32801,167,482,3220,12020,5979,9981,808,144
sea.of.grass_tt0039806,1947,1,0,0,0,29636,0,295,1782,15386,5961,5507,622,83
sea_of_love,1989,1,0,0,0,27042,74,1027,8698,12291,2351,2185,182,234
seabiscuit_fs,2003,1,1,0,0,36074,1,2253,8026,12174,4718,7641,972,289
seance.on.a.wet_tt0058557,1964,1,1,0,0,27875,5,317,5979,13979,3376,3726,292,201
search_tt0040765,1948,0,1,0,0,24903,0,452,530,11931,4022,7144,669,155
searchers_tt0049730,1956,1,1,0,0,28482,0,89,433,8582,6452,10415,2356,155
searching.for.s_tt2125608,2012,0,1,0,0,20689,23,1734,3064,7019,1127,5319,2033,370
seconds_tt0060955,1966,0,1,0,0,25734,144,673,7264,13003,2287,2206,124,33
secret.6_tt0022357,1931,1,0,0,0,20025,0,336,939,9478,5324,3608,281,59
secret.ballot_tt0290823,2001,0,1,0,0,26982,169,274,1769,7763,2877,12394,997,739
secret.heart_tt0038916,1946,1,0,0,0,23265,0,139,1604,12883,5346,3027,120,146
secret.life.of._tt0039808,1947,1,0,0,0,26490,0,215,1810,13268,6756,4041,226,174
secret.life.of._tt2709768,2016,1,0,0,1,20730,35,413,3177,3350,1075,11529,904,247
secret.life.of._tt5113040,2019,1,0,0,1,20634,96,465,3624,4402,1659,9618,706,64
secret.of.santa_tt0064952,1969,1,1,0,0,33561,33,98,4288,17071,4253,6825,841,152
secret_of_my_success,1987,1,0,0,0,26458,30,597,3779,12863,4933,3289,758,209
secrets..lies_tt0117589,1996,0,1,0,0,34117,28,325,9049,17322,3927,2902,131,433
seduced.and.aba_tt0058564,1964,1,1,0,0,29028,0,182,4099,17989,3400,3202,156,0
seduction.of.jo_tt0079875,1979,1,0,0,0,25620,0,213,7081,10978,3846,2492,1010,0
see_no_evil_hear_no_evil,1989,1,0,0,0,26220,12,446,4137,13814,3259,3540,471,541
selma_tt1020072,2014,0,1,0,0,30750,0,1446,8764,13832,2879,2888,899,42
semitough_tt0078227,1977,1,0,0,0,25767,0,256,7057,11945,3827,2282,388,12
send.me.no.flow_tt0058571,1964,1,0,0,0,23922,0,131,1000,13329,6475,2684,96,207
sense.and.sensi_tt0114388,1995,1,1,0,0,32673,33,450,6195,14777,5854,4646,463,255
sentimental.val_tt27714581,2025,0,1,0,0,32008,13,2154,8467,13537,3424,3339,1074,0
separate.tables_tt0052182,1958,1,1,0,0,23945,0,0,584,14245,5408,3549,159,0
september.issue_tt1331025,2009,0,1,0,0,14900,8,1292,3390,5681,2518,1651,289,71
serenade_tt0049737,1956,1,0,0,0,29147,0,275,4264,13717,4802,5676,413,0
sergeant.york_tt0034167,1941,1,1,0,0,34443,29,425,2115,17775,6370,7082,363,284
sergeants.3_tt0056470,1962,1,0,0,0,27023,0,6,221,8748,8495,7988,1520,45
serpico_tt0070666,1973,1,1,0,0,31199,29,250,5907,13932,4734,6049,143,155
servant_tt0057490,1963,0,1,0,0,27829,0,298,2754,15911,5139,3347,137,243
set.it.off_tt0117603,1996,1,0,0,0,29411,31,1924,5621,11046,4722,5088,791,188
setup_tt0041859,1949,0,1,0,0,17388,0,153,2316,8743,2830,3193,153,0
seven,1995,1,1,0,0,32595,13,2263,11148,13257,1547,3610,539,218
seven.brides.fo_tt0047472,1954,1,1,0,0,24466,51,1,170,9784,5790,8329,337,4
seven.days....s_tt0054091,1960,0,1,0,0,22636,0,443,2686,10876,2679,5362,453,137
seven.days.in.m_tt0058576,1964,1,1,0,0,28281,0,412,4441,14096,4864,3961,404,103
seven.days.to.n_tt0042949,1950,0,1,0,0,23092,0,604,2337,11830,3249,4213,854,5
seven.little.fo_tt0048604,1955,1,0,0,0,23869,0,64,207,5362,9683,8292,261,0
seven.samurai_tt0047478,1954,0,1,0,0,49649,2,664,3021,15860,7786,20888,959,469
seven.year.itch_tt0048605,1955,1,0,0,0,25036,0,156,304,15201,7026,2223,85,41
seventh.cross_tt0037263,1944,1,0,0,0,26832,5,333,1949,14697,4962,4508,268,110
seventh.heaven_tt0029539,1937,1,1,0,0,24503,73,61,2284,9818,5356,6576,200,135
seventh.seal_tt0050976,1957,0,1,0,0,23413,46,185,2695,10888,3254,5414,699,232
sevenups_tt0070672,1973,1,0,0,0,24770,0,464,4199,8918,3857,6767,364,201
sex.and.the.sin_tt0058580,1964,1,0,0,0,27380,0,408,2884,16300,3602,3514,506,166
sex.lies.and.vi_tt0098724,1989,1,1,1,0,25676,0,354,8548,10607,3723,1734,209,501
sex_and_the_city,2008,1,0,0,0,34808,12,1106,4820,19872,4480,2890,419,1209
sex_and_the_city_2,2010,1,0,0,0,35109,180,1400,2386,19978,5541,4724,651,249
sgt..peppers.lo_tt0078239,1978,1,0,0,0,28595,31,595,3564,8366,5490,9803,553,193
shack_tt2872518,2017,1,0,0,0,31729,20,1504,10705,11424,2202,4076,1230,568
shadow.of.the.v_tt0189998,2000,0,0,1,0,22107,20,2088,5371,9894,1108,2521,825,280
shadow_tt0111143,1994,1,0,0,0,25653,186,1760,4457,9568,2478,6238,602,364
shadowlands_tt0108101,1993,0,1,0,0,31508,37,371,7939,13252,4135,4109,1397,268
shaft_2000,2000,1,0,0,0,23808,3,1217,8117,8685,2005,3095,641,45
shaft_tt0067741,1971,1,0,0,0,24041,2,224,5312,12404,2860,3049,188,2
shafts.big.scor_tt0069257,1972,1,0,0,0,25239,0,477,5243,10079,3192,5206,1014,28
shaggy.dog_tt0053271,1959,1,0,0,0,26083,0,333,5525,10595,4668,4430,374,158
shaggy.dog_tt0393735,2006,1,0,0,0,23643,9,922,3105,11191,3047,4956,400,13
shakespeare_in_love,1998,1,1,0,0,29643,0,1261,7011,14576,2183,3452,804,356
shall.we.dance_tt0029546,1937,1,1,0,0,26100,0,303,159,10720,5904,8271,436,307
shallow.hal_tt0256380,2001,1,0,0,0,27165,13,673,5241,14634,3599,2433,416,156
shame_tt0063611,1968,0,1,0,0,24874,1,262,3300,9526,2187,9083,290,225
shampoo_tt0073692,1975,1,1,0,0,26389,0,73,1519,14182,5910,3842,362,501
shane_tt0046303,1953,1,1,0,0,28304,0,97,1348,7925,6066,12392,476,0
shangchi.and.th_tt9376612,2021,1,0,0,0,31731,12,1151,7433,11695,2135,6252,3032,21
shanghai.knight_tt0300471,2003,1,0,0,0,29405,9,1233,9151,10525,2305,4717,676,789
shanghai.noon_tt0184894,2000,1,0,0,0,26463,46,632,7957,9534,3211,4004,858,221
shanghai.triad_tt0115012,1995,0,1,0,0,25828,213,1349,6217,7301,3736,6416,499,97
shape.of.water_tt5580390,2017,0,1,0,0,29182,0,756,2280,17263,2330,5918,590,45
shark.tale_tt0307453,2004,1,0,0,1,21524,70,268,1565,6577,3635,8655,743,11
sharkys_machine_fs,1981,1,0,0,0,31302,48,923,10271,11738,3015,3793,1511,3
shaun.the.sheep_tt2872750,2015,0,1,0,1,20483,26,1340,2877,6484,1635,7681,432,8
shawshank.redem_tt0111161,1994,0,1,0,0,34116,49,1674,9578,16229,1904,3543,632,507
shazam,2019,1,0,0,0,31581,19,1852,4256,15035,3160,5924,1335,0
shazam.fury.of._tt10151854,2023,1,0,0,0,31233,0,1876,3974,13373,2865,6516,2627,2
she.done.him.wr_tt0024548,1933,1,1,0,0,15931,0,43,518,8540,5196,1296,80,258
sheltering.sky_tt0100594,1990,0,1,0,0,33170,129,911,7922,9368,4365,9072,1202,201
sherlock_holmes,2009,1,0,0,0,30806,18,1966,7655,13329,1827,5004,1007,0
sherlock_holmes_game_of_shadows,2011,1,0,0,0,30869,45,2410,9804,11302,1593,4085,1597,33
shes.all.that_tt0160862,1999,1,0,0,0,22905,0,519,5060,11589,2638,2466,188,445
shine_tt0117631,1996,0,1,0,0,25329,34,1600,8484,7669,2553,3806,370,813
shining,1980,1,1,0,0,34469,44,513,6271,11613,5079,9305,1438,206
ship.of.fools_tt0059712,1965,1,1,0,0,35851,0,101,6480,20617,3751,4305,549,48
shipmates.forev_tt0026988,1935,1,0,0,0,26058,92,340,2490,12242,5876,4156,772,90
shirley.valentine_tt0098319,1989,0,1,0,0,26054,0,89,5242,12255,4017,3997,391,63
shirley_tt8430598,2020,0,1,0,0,25700,39,1509,9803,10250,1796,1825,433,45
shoes.of.the.fi_tt0063599,1968,1,1,0,0,38836,128,204,7739,13443,6901,7985,2337,99
shoot.to.kill_tt0096098,1988,1,0,0,0,26302,1,869,7113,7743,3111,5436,1449,580
shop.on.main.st_tt0059527,1965,1,1,0,0,30307,0,153,853,17793,4870,6275,285,78
shoplifters_tt8075192,2018,0,1,0,0,28966,2,457,3952,14376,3711,5495,780,193
short.circuit.2_tt0096101,1988,1,0,0,0,26469,0,2037,2822,10313,4158,5806,845,488
short.cuts_tt0108122,1993,0,1,1,0,45122,0,393,7973,20666,7662,6579,1790,59
short_circuit,1986,1,0,0,0,23657,2,2662,2773,8415,3317,5502,957,29
show.boat_tt0028249,1936,1,1,0,0,27211,0,278,4118,8535,6865,6968,419,28
show.boat_tt0044030,1951,1,0,0,0,25895,0,170,1674,9670,7434,6471,458,18
show.people_tt0019379,1928,1,0,0,0,18843,0,272,423,6928,2585,3821,164,4650
shrek.2_tt0298148,2004,1,1,0,1,22152,63,734,1444,8246,1564,7723,1479,899
shrek.forever.a_tt0892791,2010,1,0,0,1,22340,145,1187,3015,8312,1072,6916,974,719
shrek.the.third_tt0413267,2007,1,0,0,1,22243,29,567,1693,8511,2021,7382,1562,478
shrek_tt0126029,2001,1,1,0,1,21604,48,450,1594,6752,1739,8830,1119,1072
shutter_island,2010,1,0,0,0,33103,31,1015,11618,13526,1273,3648,1751,241
sicario_tt3397884,2015,0,1,0,0,29089,5,1448,6728,11594,2040,5546,1538,190
sideways_tt0375063,2004,0,1,1,0,30465,50,939,5890,13197,4187,4840,996,366
siege_tt0133952,1998,1,0,0,0,27801,20,1084,8500,11856,1216,3097,1013,1015
sign.of.the.cro_tt0023470,1932,1,1,0,0,30146,0,191,1140,11788,6410,9128,936,553
signs,2002,1,0,0,0,25543,338,1370,7306,9684,2288,3492,773,292
silence_of_the_lambs,1991,1,1,0,0,28420,130,2032,11682,7711,1590,4673,482,120
silence_tt0057611,1963,1,0,0,0,23007,5,622,6166,9740,1826,4333,163,152
silencers_tt0060980,1966,1,0,0,0,26321,39,412,5779,10312,3495,5599,685,0
silent.movie_tt0075222,1976,1,1,0,0,20951,0,573,1364,5482,4210,6125,1021,2176
silk.stockings_tt0050972,1957,1,0,0,0,28186,0,491,340,8986,10553,7726,82,8
silkwood,1983,1,1,0,0,31409,30,368,3876,16959,5671,3799,459,247
silver.chalice_tt0047494,1954,1,1,0,0,32358,0,339,896,15486,5843,9155,510,129
silver.streak_tt0075223,1976,1,0,0,0,27225,4,573,7140,12423,2127,4242,614,102
silver_linings_playbook,2012,1,1,0,0,29275,43,1349,12023,12286,1412,1577,221,364
silverado,1985,1,0,0,0,34067,84,808,4520,15000,4564,7689,1183,219
simon.of.the.de_tt0059719,1965,0,1,0,0,10929,0,173,1411,5075,1321,2445,464,40
simpsons.movie_tt0462538,2007,1,1,0,1,20798,1,395,977,6380,2749,8221,1358,717
sin.city_tt0401792,2005,1,0,1,0,29732,121,1630,12907,7120,1614,5050,1213,77
sin.nombre_tt1127715,2009,0,1,0,0,22944,63,1147,6881,8537,1898,3451,844,123
sin.of.harold.d_tt0039825,1947,0,1,0,0,23021,0,181,931,15527,4056,1877,20,429
sin.of.madelon._tt0022386,1931,1,0,0,0,17978,0,110,208,10569,5650,1252,120,69
sinbad.and.the._tt0076716,1977,1,0,0,0,27093,66,425,5691,7143,2003,10328,1312,125
since.you.went._tt0037280,1944,1,1,0,0,45517,0,722,3387,26916,7194,5503,980,815
sing.2_tt6467266,2021,1,0,0,1,26332,43,1345,2682,6123,2156,11890,1957,136
sing_tt3470600,2016,1,0,0,1,25870,11,1464,2325,6236,2214,12162,1245,213
singin.in.the.r_tt0045152,1952,1,1,0,0,24264,0,131,579,8930,4910,9497,190,27
singing.nun_tt0060983,1966,1,0,0,0,23132,8,216,2922,10044,6749,2827,224,142
single.white.fe_tt0105414,1992,1,0,0,0,27716,37,1324,7277,11040,4238,2825,468,507
sink.the.bismar_tt0054310,1960,1,0,0,0,23391,0,670,1476,14141,2364,2221,2477,42
sinners_tt31193180,2025,1,1,0,0,32985,21,1610,8438,16137,1793,4017,862,107
sister.act.2.ba_tt0108147,1993,1,0,0,0,25683,16,287,6621,10143,3478,4541,253,344
sister_act,1992,1,0,0,0,24023,12,239,6340,11491,3294,2115,368,164
sisters.brother_tt4971344,2018,0,1,0,0,29129,0,1614,6760,13237,2288,3521,1509,200
six.pack_tt0084690,1982,1,0,0,0,25837,7,205,4025,9528,4294,6876,902,0
six_days_seven_nights,1998,1,0,0,0,24444,9,1032,6834,7902,2243,4228,2154,42
sixteen.candles_tt0088128,1984,1,0,0,0,22233,8,567,4383,10535,3879,2324,68,469
sixth_sense,1999,1,1,0,0,25736,285,1516,7058,10181,2750,2674,565,707
skippy_tt0022397,1931,1,1,0,0,20509,0,227,605,8625,4507,6478,29,38
skirts.ahoy_tt0045155,1952,1,0,0,0,26258,0,54,116,11456,6890,7549,154,39
sky.high_tt0405325,2005,1,0,0,0,23856,0,1278,4820,11132,2726,3210,642,48
skyfall,2012,1,1,0,0,34326,64,2245,6227,14726,1816,7361,1862,25
skyscraper_tt5758778,2018,1,0,0,0,24552,0,2641,6769,8875,916,2989,2356,6
slacker_tt0102943,1990,0,0,1,0,24151,101,645,512,13333,5375,3464,205,516
slam_tt0139615,1998,0,1,0,0,24832,120,723,8360,9192,3343,2239,336,519
slap.shot_tt0076723,1977,1,0,0,0,31601,3,214,3733,18467,3879,5027,148,130
slaughter_tt0069279,1972,1,0,0,0,22161,12,532,5761,8011,1971,5195,641,38
slaughterhousef_tt0069280,1972,1,0,0,0,26589,5,503,6557,9106,2939,6186,1070,223
sleeper_tt0070707,1973,1,0,0,0,20904,5,484,4048,9174,2632,3809,216,536
sleepers,1996,1,0,0,0,35335,82,789,14675,12398,2356,3828,794,413
sleeping.beauty_tt0053285,1959,1,0,0,1,18023,0,278,383,3602,2746,8683,1981,350
sleeping_with_the_enemy,1991,1,0,0,0,23403,78,696,7478,7356,2176,4676,638,305
sleepless_in_seattle_fs,1993,1,1,0,0,26996,43,1000,4264,10778,4521,5512,756,122
sleepwalkers_tt0105428,1992,1,0,0,0,21385,63,1158,5971,6850,2924,3948,316,155
sleepy_hollow,1999,1,1,0,0,25282,19,1785,4858,9559,1568,5920,1109,464
sleuth_tt0069281,1972,1,1,0,0,35521,29,393,4144,18600,6293,5799,263,0
slipper.and.the_tt0075232,1976,1,1,0,0,34328,0,171,2664,10034,5437,14996,881,145
sliver_tt0108162,1993,1,0,0,0,25767,75,1803,7667,10786,1889,2520,816,211
slumdog.million_tt1010048,2008,1,1,0,0,28920,57,1697,10787,9056,1489,4564,1155,115
small.change_tt0074152,1976,0,1,0,0,25261,14,353,2764,10294,4556,7112,134,34
small.soldiers_tt0122718,1998,1,0,0,0,26352,23,1334,3231,12715,3369,4427,883,370
smallfoot_tt6182908,2018,1,0,0,1,23085,7,848,4035,4995,1690,9118,2392,0
smile.2_tt29268110,2024,1,0,0,0,30584,41,1887,9650,11647,2228,3615,1484,32
smile_tt15474916,2022,1,0,0,0,27724,44,1396,8059,11897,2229,2935,1118,46
smiles.of.a.sum_tt0048641,1955,0,1,0,0,26233,0,223,2156,14893,4263,4268,296,134
smilin.through_tt0023488,1932,1,1,0,0,23040,0,161,1217,6397,3940,5626,95,5604
smiling.lieuten_tt0022074,1931,1,1,0,0,21403,11,364,279,9788,5525,4776,426,234
smithereens_tt0084698,1982,0,0,1,0,22425,35,355,2919,11740,3780,3154,283,159
smokey.and.the._tt0076729,1977,1,0,0,0,23002,0,296,4663,9318,2856,4653,1130,86
smokey.and.the._tt0081529,1980,1,0,0,0,24140,33,121,3956,9915,4614,4896,596,9
smurfs.2_tt2017020,2013,1,0,0,1,25152,9,713,2973,7584,2939,9403,1513,18
smurfs_tt0472181,2011,1,0,0,1,24632,118,869,2556,7759,2241,9825,1207,57
snake.eyes_tt0120832,1998,1,0,0,0,23559,0,725,5199,12714,1732,2851,333,5
snake.eyes_tt8404256,2021,1,0,0,0,29111,24,1064,6998,11648,1247,6262,1819,49
snake.pit_tt0040806,1948,1,1,0,0,25883,0,451,3530,14087,4189,3166,251,209
sneakers_tt0105435,1992,1,0,0,0,30051,63,1873,9528,11704,1890,3628,512,853
snow.angels_tt0453548,2007,0,0,1,0,25696,2,793,5957,10469,3794,3711,594,376
snow.day_tt0184907,2000,1,0,0,0,21371,8,425,4566,8797,1369,5227,703,276
snow.dogs_tt0281373,2002,1,0,0,0,23822,22,658,5441,8169,2612,6155,675,90
snow.white.and._tt0029583,1937,1,1,0,1,19940,4,422,509,5310,2151,10714,347,483
snow.white_tt6208148,2025,1,0,0,0,26094,27,1853,4638,9444,2179,6835,1090,28
snow_white_and_the_huntsman,2012,1,0,0,0,31562,32,2438,10551,8835,1319,6488,1770,129
snows.of.kilima_tt0045162,1952,1,0,0,0,27297,0,202,1567,12117,6694,6243,285,189
so.proudly.we.h_tt0036367,1943,1,1,0,0,30076,0,192,1968,14283,6250,6679,339,365
soapdish_tt0102951,1991,1,0,0,0,23121,13,301,4592,12161,3088,2752,200,14
sob_tt0083015,1981,0,1,0,0,29062,5,521,2890,11085,6904,6984,373,300
social_network,2010,1,1,0,0,28884,0,1325,6239,17488,1389,1976,394,73
sodom.and.gomor_tt0056504,1962,1,0,0,0,39529,16,202,9061,11817,5753,12155,493,32
solaris_tt0069293,1972,0,1,0,0,40017,109,1793,9946,17762,2202,5623,1992,590
soldier.of.fort_tt0048640,1955,1,0,0,0,23017,0,59,1265,13142,3274,4086,1088,103
solid.gold.cadi_tt0049777,1956,1,0,0,0,23889,0,133,451,13886,6911,2346,162,0
solo,2018,1,0,0,0,32309,11,844,4985,14684,1934,5844,3748,259
solomon.and.she_tt0053290,1959,1,0,0,0,36355,0,192,1587,12572,8868,11056,2080,0
some.came.runni_tt0052218,1958,1,0,0,0,32593,0,85,742,15019,12354,4276,85,32
some.kind.of.he_tt0083107,1982,1,0,0,0,23220,0,264,2618,12226,4863,3162,87,0
some.like.it.ho_tt0053291,1959,1,1,0,0,29324,13,296,1916,17103,5251,4128,358,259
somebody.up.the_tt0049778,1956,1,0,0,0,27203,0,360,2763,16236,4175,3106,413,150
something.of.va_tt0050993,1957,1,1,0,0,27219,0,228,3396,14326,3775,4994,401,99
something_about_mary,1998,1,0,0,0,31188,0,556,8717,12205,6107,3149,221,233
something_to_talk_about,1995,1,0,0,0,25203,0,454,7274,11050,2457,3312,212,444
somethings.gott_tt0337741,2003,1,0,0,0,30718,0,1077,6898,17431,2697,1731,249,635
somewhere.ill.f_tt0035356,1942,1,0,0,0,27746,1,236,4799,16132,4192,1988,261,137
somewhere.in.ti_tt0081534,1980,1,0,0,0,26581,198,1219,5192,12204,3830,3250,359,329
sommersby,1993,1,0,0,0,27199,6,505,8895,10671,2374,3808,560,380
son.in.law_tt0108186,1993,1,0,0,0,22833,0,387,4944,9980,4585,2579,324,34
son.of.flubber_tt0057518,1962,1,0,0,0,24587,0,287,5272,12539,2717,3045,654,73
son.of.fury.the_tt0035360,1942,1,0,0,0,23597,0,218,1626,12163,3286,5201,717,386
son.of.paleface_tt0045177,1952,1,0,0,0,22784,0,282,1495,9366,4915,6250,465,11
son.of.saul_tt3808342,2015,0,1,0,0,25667,103,494,12918,8767,1235,1196,374,580
song.of.bernade_tt0036377,1943,1,1,0,0,37849,0,306,4272,13447,9395,9196,1137,96
song.of.love_tt0039850,1947,1,0,0,0,28356,0,198,2424,12284,8296,4586,461,107
song.of.norway_tt0066393,1970,1,0,0,0,34013,0,168,3715,11993,6961,8252,2665,259
song.of.russia_tt0036378,1944,1,0,0,0,25623,5,190,2705,12444,3682,5725,769,103
song.of.songs_tt0024598,1933,1,0,0,0,23099,0,48,1917,9388,4599,6258,392,497
sonic.the.hedge_tt12412888,2022,1,0,0,0,29326,15,2484,3711,10238,3375,7382,2100,21
sonic.the.hedge_tt18259086,2024,1,0,0,0,26395,78,1563,5335,8788,2042,5996,2593,0
sonic_the_hedgehog,2020,1,0,0,0,23712,10,2004,4777,8717,2204,4751,1244,5
sons.of.katie.e_tt0059740,1965,1,0,0,0,29197,39,35,30,12085,8377,7693,773,165
sophies.choice_tt0084707,1982,1,1,0,0,36214,12,556,13390,12877,4621,3825,651,282
sorcerer_tt0076740,1977,1,0,0,0,29134,47,1473,5366,8717,3604,8114,1179,634
sorcerers.appre_tt0963966,2010,1,0,0,0,26140,290,1866,6424,9708,1200,5560,1015,77
sorrowful.jones_tt0041902,1949,1,0,0,0,21083,0,108,839,10848,5786,3119,255,128
sorry.wrong.num_tt0040823,1948,1,0,0,0,20849,0,268,3742,11388,2230,2963,163,95
soul.food_tt0120169,1997,1,0,0,0,27522,38,872,7934,12889,2940,2098,231,520
soul_tt2948372,2020,0,1,0,1,24104,146,1442,2331,5748,1994,8903,3164,376
souls.at.sea_tt0029593,1937,1,0,0,0,22099,33,117,1403,11797,4214,3644,460,431
sound.of.freedom_tt7599146,2023,1,0,0,0,31419,49,1352,10886,9532,2289,5455,1632,224
sound.of.metal_tt5363618,2019,0,1,0,0,29004,19,984,9979,12798,1796,2033,1289,106
sound.of.music_tt0059742,1965,1,1,0,0,41867,0,19,2366,16720,8068,12249,2300,145
sounder_tt0069303,1972,1,1,0,0,25195,4,103,3153,9430,4851,7102,448,104
south.pacific_tt0052225,1958,1,1,0,0,37753,107,71,4588,13005,9228,6731,3641,382
south.park.bigg_tt0158983,1999,1,0,0,1,19468,1,490,1151,6269,1742,8704,482,629
south.seas.adve_tt0052226,1958,1,0,0,0,29962,2,51,13,348,1644,22006,5712,186
southerner_tt0038107,1945,0,1,0,0,23587,0,484,574,10448,4473,7382,169,57
space.jam.a.new_tt3554046,2021,1,0,0,1,27698,6,1077,2846,10366,2887,7531,2981,4
space.jam_tt0117705,1996,1,0,0,1,20933,26,685,2694,6006,2836,8184,461,41
space_cowboys,2000,1,0,0,0,31277,26,1333,6878,14393,2511,2578,2319,1239
spaceballs_fs,1987,1,0,0,0,22595,0,781,4319,7963,3514,4176,1519,323
spacehunter.adv_tt0086346,1983,1,0,0,0,23084,4,304,2223,8027,1808,9525,1191,2
spartacus_tt0054331,1960,1,1,0,0,47168,2,770,7778,15482,4611,14019,4165,341
spawn.of.the.no_tt0030775,1938,1,0,0,0,28291,82,139,2083,13902,4956,5398,1210,521
spawn_tt0120177,1997,1,0,0,0,23617,52,796,8731,7115,1358,4052,958,555
speak.no.evil_tt27534307,2024,1,0,0,0,26388,4,1365,3486,13236,3600,3958,730,9
speaking.in.str_tt0181835,1999,0,1,0,0,19003,6,541,5422,7554,2679,1946,358,497
specialist,1994,1,0,0,0,26366,0,1436,9404,8502,2681,3501,824,18
species,1995,1,0,0,0,27842,195,873,7320,13035,1727,2982,1014,696
spectre,2015,1,0,0,0,35517,51,2557,7005,14385,2391,7306,1784,38
speed,1994,1,0,0,0,27786,8,1537,10563,8689,1338,4521,803,327
speed.2.cruise._tt0120179,1997,1,0,0,0,29997,111,1711,13083,8223,1103,3159,2361,246
spellbound_tt0038109,1945,1,1,0,0,30313,113,635,3514,18041,4985,2569,151,305
spencers.mounta_tt0057523,1963,1,0,0,0,28397,0,123,3417,11431,4338,8230,792,66
sphinx_tt0083113,1981,1,0,0,0,28207,34,606,4341,9999,4518,7646,960,103
spiderman,2002,1,0,0,0,29063,19,1698,8019,10356,1790,5357,1819,5
spiderman.acros_tt9362722,2023,1,1,0,1,33587,52,390,4584,13592,1857,8691,4390,31
spiderman.into._tt4633694,2018,1,1,0,1,28013,76,753,3601,9225,1944,7872,4478,64
spiderman.no.wa_tt10872600,2021,1,0,0,0,35522,9,1665,6563,17305,1777,5864,2284,55
spiderman_2_fs,2004,1,0,0,0,32736,27,1598,7637,12220,3073,6946,1235,0
spiderman_3,2007,1,0,0,0,33362,55,1828,11894,10657,1853,5274,1797,4
spiderman_far_from_home,2019,1,0,0,0,31020,3,2131,5840,12971,2402,5334,2294,45
spiderman_homecoming,2017,1,0,0,0,32000,65,1926,6534,12147,2044,6748,2466,70
spiderwick.chro_tt0416236,2008,1,0,0,0,22958,80,2499,6523,7521,1251,3691,1357,36
spies.in.disgui_tt5814534,2019,1,0,0,1,24416,55,1666,3736,8919,1510,5640,2867,23
spies_like_us_fs,1985,1,0,0,0,24493,63,1071,3107,9652,3393,6029,830,348
spiral.staircas_tt0038975,1946,1,0,0,0,21536,88,153,1130,8204,6062,5806,89,4
spiral_tt10342730,2021,1,0,0,0,22325,67,2062,7349,8290,1177,2125,994,261
spirit.of.st..l_tt0051003,1957,1,0,0,0,32396,24,1376,4575,14227,2489,6098,3258,349
spirit.of.the.b_tt0070040,1973,0,1,0,0,23739,0,1025,4735,5895,1515,9549,674,346
spirit.stallion_tt0166813,2002,1,1,0,1,21436,345,973,3264,5320,1363,8013,837,1321
spirit.untamed_tt11084896,2021,1,0,0,1,21023,11,850,1017,6548,3251,7625,1697,24
spirited.away_tt0245429,2001,0,1,0,1,29877,56,400,3014,9758,2059,13357,1218,15
splash,1984,1,0,0,0,26321,40,355,4186,11404,3830,5571,699,236
splendor.in.the_tt0055471,1961,1,0,0,0,29716,10,263,4709,16982,3416,3762,410,164
split,2016,1,0,0,0,28084,38,1179,9193,12015,1630,2838,1153,38
spongebob.squar_tt0345950,2004,1,0,0,1,20909,50,475,1226,3311,2465,12478,823,81
spotlight_tt1895587,2015,0,1,0,0,30962,184,1625,3994,16623,4808,2432,682,614
spring.break_tt0086352,1983,1,0,0,0,24226,40,467,2364,14317,3780,2902,182,174
springtime.in.t_tt0035370,1942,1,0,0,0,21798,0,203,877,10813,4531,4945,421,8
spy,2015,1,0,0,0,28792,7,686,8073,13169,2243,3113,1492,9
spy.game_tt0266987,2001,1,0,0,0,32528,44,2550,14014,9835,1651,3472,907,55
spy.kids.2.isla_tt0287717,2002,1,0,0,0,23989,15,372,3221,10592,3063,6105,612,9
spy.who.came.in_tt0059749,1965,1,1,0,0,26894,0,188,3693,15520,2640,4656,168,29
spy.who.loved.m_tt0076752,1977,1,0,0,0,30130,40,1458,3842,11074,2420,8957,2265,74
spy_kids,2001,1,0,0,0,21039,17,1416,4301,9178,1541,3520,960,106
spy_kids_3,2003,1,0,0,0,19737,0,541,2547,6731,3035,5672,1185,26
square_tt4995790,2017,0,1,0,0,36344,0,1126,3791,15640,5433,9852,396,106
squid.and.the.w_tt0367089,2005,0,1,0,0,19525,0,310,2354,11985,2242,1431,142,1061
st_elmos_fire,1985,1,0,0,0,27793,2,116,5733,12537,4074,5083,200,48
stage.door_tt0029604,1937,1,1,0,0,21996,16,63,144,10051,8533,3007,96,86
stage.fright_tt0042994,1950,1,0,0,0,26364,256,131,5030,14772,3007,2814,266,88
stagecoach_tt0031971,1939,1,1,0,0,23079,0,17,1817,8902,5046,6340,839,118
stakeout,1987,1,0,0,0,28134,5,592,8247,11853,2757,4399,246,35
stalag.17_tt0046359,1953,1,1,0,0,28900,0,117,319,11187,10096,6899,215,67
stalker_tt0079944,1979,0,1,0,0,38817,5,872,8343,6179,2427,19630,1205,156
stand.up.and.ch_tt0025829,1934,1,0,0,0,16530,0,39,835,8018,3306,3779,271,282
stand_by_me,1986,1,1,0,0,21261,5,589,5545,7077,3050,4216,327,452
standard.operat_tt0896866,2008,0,1,1,0,27784,27,3910,14140,2264,867,4360,1746,470
star.spangled.r_tt0035379,1942,1,0,0,0,23850,0,86,204,8120,8603,6325,422,90
star.trek.insur_tt0120844,1998,1,0,0,0,24685,27,1105,6739,10630,1365,3361,1118,340
star.trek.the.m_tt0079945,1979,1,0,0,0,31645,17,1123,6212,10540,3613,4556,5062,522
star.wars.episo_tt0076759,1977,1,1,0,0,29912,0,995,7126,10649,2626,6722,1532,262
star_is_born,2018,1,1,0,0,32544,6,1166,14515,12334,1665,1897,684,277
star_trek_2,1982,1,0,0,0,27105,14,1406,4233,12373,3189,3458,2336,96
star_trek_3,1984,1,0,0,0,25214,133,1167,10086,7026,1781,3177,1500,344
star_trek_4,1986,1,0,0,0,28480,0,408,3496,14863,2684,5103,1523,403
star_trek_5_final_frontier,1989,1,0,0,0,25533,29,1193,7263,9489,2133,3751,1036,639
star_trek_6,1991,1,0,0,0,27157,0,595,8503,10011,2616,4113,997,322
star_trek_beyond,2016,1,0,0,0,29341,10,930,8164,10251,1373,5001,3605,7
star_trek_first_contact,1996,1,0,0,0,26538,50,1742,8481,10015,1554,2660,1404,632
star_trek_generations,1994,1,0,0,0,28286,0,1024,9845,10043,1726,4011,1134,503
star_trek_into_darkness,2013,1,0,0,0,31667,0,1631,12037,9445,1486,3633,3428,7
star_trek_xi,2009,1,0,0,0,30406,6,1475,12193,7993,1274,4268,3116,81
star_wars_2_attack_of_the_clones,2002,1,0,0,0,34162,0,656,7001,10469,2678,10312,2777,269
stardust.memori_tt0081554,1980,1,0,0,0,21217,2,281,5540,7912,2451,3801,307,923
stargate,1994,1,0,0,0,29075,112,1611,7322,9933,1794,5748,1249,1306
starship.troope_tt0120201,1997,1,0,0,0,31037,91,1324,9088,10179,1872,5824,2159,500
starsky_and_hutch,2004,1,0,0,0,24116,7,962,5635,10933,3014,2834,501,230
starting.over_tt0079948,1979,1,0,0,0,25311,0,96,2526,13863,3388,5059,371,8
state.and.main_tt0120202,2000,0,0,1,0,25319,60,1344,1847,14461,5980,1143,208,276
state.fair_tt0038116,1945,1,0,0,0,23202,0,147,1015,12093,4921,4731,99,196
state.fair_tt0056526,1962,1,0,0,0,28474,0,34,1044,14409,4852,7178,956,1
state.of.the.un_tt0040834,1948,1,0,0,0,29387,0,87,1405,17887,7439,1447,961,161
state.of.things_tt0084725,1982,0,1,0,0,29938,7,774,1179,14025,5319,6723,1217,694
station.agent_tt0340377,2003,0,1,1,0,23182,1,982,5008,7938,3735,5045,469,4
staying_alive,1983,1,0,0,0,23094,14,66,7035,8331,2077,5269,280,22
steamboat.round_tt0027042,1935,1,0,0,0,19488,0,34,471,8188,5292,4430,809,264
steel.magnolias_tt0098384,1989,1,0,0,0,28338,0,221,3963,13986,6368,2968,414,418
stella.dallas_tt0029608,1937,1,0,0,0,25343,0,436,598,12213,8333,3388,182,193
step.up_tt0462590,2006,1,0,0,0,24828,0,600,1391,13510,3269,5841,217,0
step_brothers,2008,1,0,0,0,23452,0,639,4621,12014,3395,2305,416,62
stepford.wives_tt0073747,1975,1,0,0,0,27516,44,349,6847,10437,4842,4704,195,98
stepmom_tt0120686,1998,1,0,0,0,29997,0,632,11494,10358,3298,3129,436,650
stigmata_tt0145531,1999,1,0,0,0,24458,102,2463,10475,6709,812,2440,846,611
still.smokin_tt0086366,1983,1,0,0,0,21697,0,46,2986,7506,5730,4965,365,99
sting_tt0070735,1973,1,1,0,0,31003,0,570,2239,17875,4494,5580,217,28
stir_crazy,1980,1,0,0,0,28535,0,272,5571,14209,4245,3875,297,66
stolen.kisses_tt0062695,1968,0,1,0,0,22356,0,346,1227,12726,4603,3142,229,83
stomp.the.yard_tt0775539,2007,1,0,0,0,27426,69,1354,6326,10625,2881,5654,389,128
stone.killer_tt0070736,1973,1,0,0,0,22814,5,446,2680,8753,4215,6336,352,27
stooge_tt0045192,1951,1,0,0,0,23958,0,95,472,14086,5613,3461,118,113
stories.we.tell_tt2366450,2012,0,1,0,0,26106,64,1718,6494,12734,2272,2105,371,348
storks_tt4624424,2016,1,0,0,1,20851,36,847,3530,7351,1115,6574,1388,10
storm.over.asia_tt0019286,1928,0,1,0,0,30074,0,363,2033,11335,3524,9518,435,2866
story.of.adele._tt0073114,1975,0,1,0,0,23417,16,604,5142,11035,2287,3630,674,29
story.of.g.i..j_tt0038120,1945,1,1,0,0,25880,0,252,1629,9640,3470,10349,413,127
story.of.louis._tt0028313,1936,1,1,0,0,20651,0,428,813,10980,5142,2776,219,293
story.of.qiu.ju_tt0105197,1992,0,1,0,0,24085,0,225,442,8743,6543,7862,240,30
story.of.ruth_tt0054343,1960,1,0,0,0,31567,0,466,2653,14490,6529,7137,243,49
story.of.three._tt0046374,1953,1,0,0,0,29201,0,100,2650,11015,5205,9854,100,277
story.of.vernon_tt0031983,1939,1,0,0,0,22393,56,519,872,8251,3945,7846,665,239
storytelling_tt0250081,2001,0,0,1,0,20842,24,1117,3698,10477,2991,1837,455,243
straight.time_tt0078326,1978,1,0,0,0,27359,31,693,6962,10064,5462,3711,214,222
straight_outta_compton,2015,1,0,0,0,35184,7,699,11929,15018,2609,3270,1531,121
straitjacket_tt0058620,1964,1,0,0,0,22277,59,295,1784,13768,3710,2504,154,3
strange.culture_tt0924151,2007,0,0,1,0,19229,44,964,7314,7187,1219,1197,545,759
strange.interlu_tt0023523,1932,1,0,0,0,28129,0,147,2641,18206,5343,1349,243,200
strange.world_tt10298840,2022,1,0,0,1,24399,30,991,2874,7950,1700,4684,6133,37
stranger.than.p_tt0088184,1984,0,1,1,0,21357,0,187,241,7423,8150,3585,1441,330
stranger_tt0038991,1946,0,1,0,0,24264,0,215,4033,13553,3042,3183,190,48
strangers.on.a._tt0044079,1951,0,1,0,0,24162,12,450,3736,12380,2837,4299,343,105
strangers.when._tt0054345,1960,1,0,0,0,30103,0,101,3758,14704,6324,4689,519,8
strangers_tt22050754,2024,1,0,0,0,21847,82,1327,7563,7383,1065,2798,1546,83
strategic.air.c_tt0048667,1955,1,0,0,0,27335,0,552,1243,10484,7390,4204,3325,137
stratton.story_tt0041928,1949,1,0,0,0,25538,16,103,1077,11526,6540,5946,213,117
straw.dogs_tt0067800,1971,1,0,0,0,30196,0,386,6739,13440,4123,5276,155,77
strawberry..cho_tt0106966,1993,0,1,0,0,26505,21,418,7890,13942,1849,1358,209,818
strawberry.blon_tt0034236,1941,1,0,0,0,23675,0,127,1335,13710,4968,3075,73,387
strays_tt0149171,1997,0,1,0,0,25926,117,834,6039,13865,3349,934,407,381
street.with.no._tt0040843,1948,1,0,0,0,21874,0,330,455,11665,4562,4493,128,241
streetwise_tt0088196,1984,0,1,0,0,21908,0,194,2441,10284,3792,4188,480,529
strictly.ballro_tt0105488,1992,0,1,0,0,22607,35,893,6977,7474,1960,4479,422,367
strictly.dishon_tt0022437,1931,1,0,0,0,21913,0,89,67,9877,10005,1650,51,174
strike.me.pink_tt0028321,1936,1,0,0,0,24013,6,224,894,13116,4304,4892,332,245
stripes,1981,1,0,0,0,25449,1,178,2515,11023,4886,6621,210,15
striptease_tt0117765,1996,1,0,0,0,28046,0,790,5118,13595,3765,3962,343,473
stromboli_tt0041931,1950,0,1,0,0,25551,0,103,1199,11174,4387,7547,1040,101
stuart.little.2_tt0243585,2002,1,0,0,0,19970,30,2112,2841,5890,1238,6394,1445,20
stuart_little,1999,1,0,0,0,20281,2,2102,2213,6730,1477,6392,1083,282
student.bodies_tt0083133,1981,1,0,0,0,20584,30,576,4170,8632,2663,3896,165,452
student.prince_tt0047537,1954,1,0,0,0,25662,0,0,848,13267,6140,4974,410,23
stunt.man_tt0081568,1980,0,1,1,0,31336,0,374,11224,10848,2718,4904,1239,29
substance_tt17526714,2024,0,1,0,0,33885,857,4722,12217,7161,1136,5017,2722,53
sudden.fear_tt0045205,1952,1,1,0,0,26653,141,1265,3465,13104,3514,4559,330,275
sudden_impact,1983,1,0,0,0,28084,22,415,8447,11932,1544,3700,1990,34
suddenly.last.s_tt0053318,1959,1,0,0,0,27400,43,195,2947,17805,3592,2708,49,61
suicide_squad,2016,1,0,0,0,29459,51,841,8747,11599,1126,4319,2640,136
sullivans.trave_tt0034240,1941,0,1,0,0,21834,5,286,944,11922,4562,3528,358,229
sully,2016,1,0,0,0,22984,0,1067,5539,10549,2025,1071,2635,98
sum_of_all_fears,2002,1,0,0,0,29659,100,1922,11065,9675,1197,3310,2043,347
summer.hours_tt0836700,2008,0,1,0,0,24722,15,572,2824,13876,3872,2601,436,526
summer.magic_tt0057542,1963,1,0,0,0,26165,0,204,3718,11918,5919,3836,537,33
summer.of.42_tt0067803,1971,1,1,0,0,24929,4,560,4924,10091,4058,5094,198,0
summer.of.sam_tt0162677,1999,0,0,1,0,34053,78,1656,7499,17191,3731,3583,307,8
summer.rental_tt0090098,1985,1,0,0,0,20848,0,241,2906,8777,3492,4282,1150,0
summer.school_tt0094072,1987,1,0,0,0,23342,0,325,6099,11756,2320,2090,250,502
summer.stock_tt0043012,1950,1,0,0,0,26201,0,408,630,9060,7425,8576,102,0
summertime_tt0048673,1955,1,1,0,0,24123,0,132,700,12124,3672,5826,1567,102
sun.also.rises_tt0051028,1957,1,0,0,0,31225,0,40,1768,14843,6476,6829,1083,186
sun.shines.brig_tt0046384,1953,0,1,0,0,24298,0,74,435,7835,7197,8254,252,251
sun.valley.sere_tt0034241,1941,1,1,0,0,20625,0,93,985,7738,4337,7150,231,91
sunday.bloody.s_tt0067805,1971,0,1,0,0,26478,17,1324,9549,9613,2002,2895,586,492
sunday.in.new.y_tt0057543,1963,1,0,0,0,25142,0,7,1038,15930,4640,3370,157,0
sundown_tt0034242,1941,0,1,0,0,22645,0,188,810,10058,4143,6870,445,131
sundowners_tt0054353,1960,1,1,0,0,31916,0,286,4022,11830,7059,8254,449,16
sunrise.at.camp_tt0054354,1960,1,0,0,0,36921,0,39,781,13299,16127,5731,627,317
sunrise_tt0018455,1927,0,1,0,0,12819,0,87,355,4773,3231,3177,125,1071
sunset.blvd._tt0043014,1950,1,1,0,0,26445,0,198,1036,14427,4678,5768,248,90
sunshine.boys_tt0073766,1975,1,1,0,0,26615,0,149,552,13892,7036,4736,82,168
sunshine_tt0145503,1999,0,1,0,0,46390,3,968,15058,14563,4439,9218,1416,725
super.cops_tt0072228,1974,1,0,0,0,22579,0,117,4772,11122,2729,3666,172,1
super.fly_tt0069332,1972,1,0,0,0,21934,134,306,5795,8070,2873,4162,566,28
super.mario.bro_tt6718170,2023,1,0,0,1,22158,14,766,2613,5921,1559,7613,3599,73
super.size.me_tt0390521,2004,0,1,1,0,25692,317,1869,6168,10426,2722,2973,734,483
super_8,2011,1,0,0,0,26804,15,872,9188,10216,1269,4160,998,86
superbad,2007,1,1,0,0,27120,0,764,5050,14221,3735,3219,111,20
superman.ii_tt0081573,1980,1,0,0,0,30561,18,261,4864,10231,3537,8172,3382,96
superman.iii_tt0086393,1983,1,0,0,0,29976,18,902,4584,9387,3695,8656,2563,171
superman_returns,2006,1,0,0,0,36992,132,3066,11897,10183,1028,5277,5108,301
superman_tt0078346,1978,1,1,0,0,34308,129,719,5439,10862,2412,8797,5777,173
superman_tt5950044,2025,1,0,0,0,31027,48,1481,6010,10026,3180,6865,3290,127
surfs.up_tt0423294,2007,1,0,0,1,20503,27,758,935,4307,3796,9214,1113,353
survivors_tt0086397,1983,1,0,0,0,26460,1,521,7310,11760,2285,4110,413,60
suspicion_tt0034248,1941,1,1,0,0,23867,17,623,2218,15119,3276,1886,439,289
suspiria_tt0076786,1977,0,1,0,0,23686,79,818,4199,7499,3772,6043,1010,266
swamp_tt0240419,2001,0,1,0,0,24217,79,722,5946,10548,3207,2898,588,229
swan_tt0049815,1956,1,0,0,0,25924,0,0,700,13136,6472,5103,239,274
swat,2003,1,0,0,0,30129,16,1464,8398,11691,2369,4868,1158,165
sweeney.todd.th_tt0408236,2007,0,1,0,0,27901,0,1389,9579,9574,2014,4448,844,53
sweet.bird.of.y_tt0056541,1962,1,0,0,0,28755,0,66,2270,18686,4595,2881,177,80
sweet.charity_tt0065054,1969,1,0,0,0,36660,0,168,4174,17691,5167,8125,1269,66
sweet.hereafter_tt0120255,1997,0,1,0,0,26937,64,1156,8186,10060,1862,4533,850,226
sweet.smell.of._tt0051036,1957,1,0,0,0,23122,0,35,1237,17215,2692,1757,153,33
sweet_home_alabama,2002,1,0,0,0,26093,25,512,8992,9827,2343,3410,480,504
sweet_tt0067810,1971,1,0,1,0,23285,11,309,4770,7598,3588,6471,463,75
sweetie_tt0098725,1989,0,1,0,0,23921,44,647,2884,9094,2969,7068,420,795
swimming.with.s_tt0114594,1994,0,0,1,0,22383,22,730,5154,11872,3243,411,551,400
swindle_tt0047876,1955,0,1,0,0,27286,0,480,631,18484,2253,4969,307,162
swing.time_tt0028333,1936,1,1,0,0,24880,6,158,547,10617,5049,8286,203,14
swingers_tt0117802,1996,0,0,1,0,23103,0,351,4012,12951,3183,1725,530,351
swiss.family.ro_tt0054357,1960,1,0,0,0,30293,0,176,1714,10061,7899,9238,1096,109
sword.in.the.st_tt0057546,1963,1,0,0,1,19088,0,331,588,5187,915,11106,734,227
sword_and_the_sorcerer,1982,1,0,0,0,23856,50,913,6978,9908,1941,3392,374,300
swordfish_tt0244244,2001,1,0,0,0,23807,58,1436,7307,8549,1708,3525,809,415
synecdoche.new._tt0383028,2008,0,1,0,0,29687,10,1489,9013,13626,2285,2989,221,54
tabu.a.story.of_tt0022458,1931,0,1,0,0,21065,25,245,552,7282,5192,5385,701,1683
tadpole_tt0271219,2002,0,1,0,0,18814,0,890,3855,9139,1585,1574,258,1513
take.me.out.to._tt0041944,1949,1,0,0,0,22293,0,222,163,8455,7627,5750,69,7
take.the.money._tt0065063,1969,1,0,0,0,20380,6,344,3421,9825,4083,2604,87,10
taken,2008,1,0,0,0,21792,5,1554,8600,7847,898,2378,424,86
taken_2,2012,1,0,0,0,22086,30,1335,9078,7063,715,2677,1129,59
taken_3,2014,1,0,0,0,26122,0,1763,10005,9106,908,3093,1247,0
taking.of.pelha_tt0072251,1974,1,0,0,0,25052,8,459,6064,12352,2097,3152,342,578
talented.mr..ri_tt0134119,1999,1,1,0,0,33343,0,2258,11069,11920,3414,3990,634,58
talk.of.the.tow_tt0035417,1942,1,1,0,0,30108,3,247,1146,14251,7038,7171,176,76
talk.to.her_tt0287467,2002,0,1,0,0,29131,55,1726,9884,11237,2373,2848,825,183
talk.to.me_tt10638522,2022,1,0,0,0,22760,17,933,8804,9509,1342,1180,786,189
tall.men_tt0048691,1955,1,0,0,0,29290,0,48,10,8011,8660,9657,2793,111
talladega_nights,2006,1,0,0,0,25893,37,1082,7753,9863,2648,3623,824,63
taming.of.the.s_tt0061407,1967,1,0,0,0,31269,33,33,2777,15850,4903,7451,198,24
tammy_tt2103254,2014,1,0,0,0,23201,0,868,3257,12041,3524,2873,624,14
tampopo_tt0092048,1985,0,1,0,0,27467,19,1420,6283,13323,2812,3137,453,20
tangled_tt0398286,2010,1,0,0,1,24051,118,1117,2262,8611,3179,6584,1645,535
tango_and_cash,1989,1,0,0,0,24888,34,856,8456,8566,1436,4201,630,709
tango_tt0120274,1998,0,1,0,0,27650,37,1484,5369,7410,2042,10528,726,54
taps,1981,1,0,0,0,30301,0,326,3866,13158,5692,5837,885,537
taras.bulba_tt0056556,1962,1,0,0,0,29740,0,63,2794,6917,5181,10909,3876,0
tarnation_tt0390538,2003,0,0,1,0,23457,55,778,8405,6741,1627,1894,841,3116
tarzan.and.his._tt0025862,1934,1,0,0,0,24953,0,322,596,8031,5540,9882,564,18
tarzan.the.ape._tt0023551,1932,1,0,0,0,24016,0,446,404,8043,3308,11337,451,27
tarzan_tt0120855,1999,1,0,0,1,21186,12,513,2404,6527,3055,7383,1201,91
task.force_tt0041948,1949,1,0,0,0,27925,0,274,893,14069,5004,5146,2368,171
taste.of.cherry_tt0120265,1997,0,1,0,0,23875,0,261,7718,5753,920,5371,3283,569
taxi.driver_tt0075314,1976,1,1,0,0,27285,104,1202,5436,11032,4262,4692,467,90
taxi_tt0023556,1931,1,0,0,0,16539,0,278,1033,9443,3056,2469,147,113
tchaikovsky_tt0065127,1970,0,1,0,0,37904,41,751,3722,15183,5072,12088,948,99
tea.and.sympath_tt0049829,1956,1,0,0,0,29279,0,176,66,9431,15002,4145,322,137
tea.for.two_tt0043030,1950,1,0,0,0,23447,0,113,307,10098,7169,5611,149,0
teachers.pet_tt0052278,1958,1,0,0,0,28778,0,683,517,19117,5967,2327,143,24
teachers_tt0088242,1984,1,0,0,0,25654,36,240,6304,13780,2516,2106,157,515
teahouse.of.the_tt0049830,1956,1,1,0,0,29482,0,93,28,9020,11218,8956,167,0
ted,2012,1,0,0,0,25472,22,785,3658,12239,3547,4294,881,46
ted.2_tt2637276,2015,1,0,0,0,30170,0,1378,4407,13080,4205,5632,1468,0
teen_wolf,1985,1,0,0,0,23714,50,327,3450,12359,3723,3399,102,304
teenage.mutant._tt0108308,1993,1,0,0,0,24569,26,1318,2394,8751,5260,6308,369,143
teenage.mutant._tt3949660,2016,1,0,0,0,26881,21,400,4123,11336,2301,5361,3339,0
teenage.mutant._tt8589698,2023,1,0,0,1,23815,4,1361,1037,8123,3508,8558,1205,19
tempest_tt0019451,1928,1,0,0,0,30085,1,540,5197,11753,2212,6792,160,3430
tempest_tt0084776,1982,0,1,0,0,36529,33,531,5155,14596,5723,8187,2193,111
temple_of_doom,1984,1,0,0,0,28395,76,740,5093,11041,2104,7812,1378,151
ten.commandment_tt0049833,1956,1,1,0,0,55534,0,691,191,12812,16349,23471,1493,527
ten.north.frede_tt0052283,1958,1,0,0,0,26090,0,40,1498,19323,3540,1633,48,8
tender.mercies_tt0086423,1983,0,1,0,0,22048,7,280,4509,5475,4662,6424,197,494
tenet,2020,1,0,0,0,36004,3,1351,7196,17997,2056,5435,1882,84
teorema_tt0063678,1968,0,1,0,0,23668,23,1196,6743,3295,2601,8922,668,220
tequila.sunrise_tt0096244,1988,1,1,0,0,27636,1,669,6853,13158,2221,3414,738,582
terabithia_fs,2007,1,0,0,0,22901,51,1294,4894,7607,2861,5437,743,14
teresa_tt0044112,1951,0,1,0,0,24488,0,167,2822,11014,4266,5611,594,14
terminal_tt0362227,2004,1,0,0,0,30876,6,1163,2589,15211,5315,5161,468,963
terminator,1984,1,0,0,0,25707,62,1729,7738,9540,1858,3984,585,211
terminator.dark_tt6450804,2019,1,0,0,0,30713,16,2602,7979,11697,1440,5268,1677,34
terminator_2,1991,1,0,0,0,40042,77,2351,12933,13752,2897,6575,1327,130
terminator_3,2003,1,0,0,0,28002,9,1628,8810,9031,1485,5316,1666,57
terminator_genisys,2015,1,0,0,0,30140,3,2321,8684,10888,1071,5068,2105,0
terminator_salvation,2009,1,0,0,0,27477,31,2803,9113,7703,699,5101,1849,178
terms_of_endearment,1983,1,1,0,0,31610,0,224,7388,12184,6609,4560,212,433
terraferma_tt1641410,2011,0,1,0,0,22399,0,661,6223,7215,1834,4813,1460,193
terrifier.3_tt27911000,2024,1,0,0,0,29980,10,718,7662,15759,1406,3334,915,176
tess_tt0080009,1979,0,1,0,0,44309,0,570,6669,19146,4538,11776,1362,248
test.pilot_tt0030848,1938,1,1,0,0,28561,17,612,4372,14082,5466,1896,1812,304
testament.of.or_tt0054377,1960,0,1,0,0,20580,59,1110,1556,9339,2235,5553,425,303
texas.carnival_tt0044117,1951,1,0,0,0,18407,0,24,346,4918,5913,6974,109,123
texas.chain.saw_tt0072271,1974,0,1,1,0,19994,95,521,2244,7186,2024,6297,938,689
texas.chainsaw._tt0324216,2003,1,0,0,0,25249,23,1209,9854,6638,1158,5383,626,358
thank.god.its.f_tt0078382,1978,1,0,0,0,21463,0,256,3145,10410,3449,3674,401,128
thank.your.luck_tt0036422,1943,1,0,0,0,30499,0,74,1013,15616,7595,5953,160,88
thanks.a.millio_tt0027088,1935,1,0,0,0,20618,12,336,1432,10881,4762,2820,175,200
that.certain.ag_tt0030854,1938,1,0,0,0,24210,0,239,2498,11776,4801,4516,152,228
that.darn.cat_tt0059793,1965,1,0,0,0,27929,0,760,5482,14588,3732,3217,70,80
that.forsyte.wo_tt0041955,1949,1,0,0,0,27007,0,125,778,13469,9090,3423,36,86
that.hamilton.w_tt0034272,1941,1,1,0,0,30121,0,195,3311,11602,7299,5839,1544,331
that.lady.in.er_tt0040869,1948,1,0,0,0,21460,0,74,1244,11785,4768,3378,158,53
that.night.in.r_tt0034273,1941,1,0,0,0,21803,0,91,717,11377,5594,3864,98,62
that.obscure.ob_tt0075824,1977,0,1,0,0,25164,39,344,1339,11134,7623,4163,518,4
that.touch.of.m_tt0056575,1962,1,0,0,0,23734,0,157,1837,13429,5129,2946,194,42
thats.entertain_tt0072272,1974,1,0,0,0,32321,0,62,1181,7746,5790,15219,2146,177
thats.entertain_tt0075323,1976,1,0,0,0,31346,0,414,1264,9395,5256,12992,1571,454
theeb_tt3170902,2014,0,1,0,0,24174,679,808,5076,8478,2284,4639,1871,339
thelma_and_louise,1991,1,1,0,0,31040,18,678,12122,10912,1817,3478,1604,411
theory.of.every_tt2980516,2014,0,1,0,0,29593,67,1271,9252,11150,3141,3232,1297,183
there.will.be.b_tt0469494,2007,0,1,0,0,37985,0,1780,8022,16969,2500,7322,871,521
theremin.an.ele_tt0108323,1993,0,1,0,0,19494,0,1517,3670,9032,2340,2138,346,451
theres.no.busin_tt0047574,1954,1,0,0,0,28043,0,162,86,10112,8458,8478,415,332
they.call.me.mi_tt0066450,1970,1,0,0,0,26008,0,216,3959,11579,6294,3441,501,18
they.came.to.co_tt0053351,1959,1,0,0,0,31696,0,57,2021,11793,7046,9160,1384,235
they.drive.by.n_tt0033149,1940,1,0,0,0,22797,0,89,822,14836,4593,2317,119,21
they.met.in.bom_tt0034281,1941,1,0,0,0,22073,6,475,1925,9344,5293,4314,584,132
they.were.expen_tt0038160,1945,1,0,0,0,32349,0,180,1660,10771,7757,9762,1840,379
thief.of.bagdad_tt0033152,1940,0,1,0,0,25552,226,797,3901,7445,3723,8043,1206,211
thin.blue.line_tt0096257,1988,0,1,1,0,24385,293,2799,4553,11892,646,1794,1195,1213
thin.ice_tt0029659,1937,1,0,0,0,18866,125,162,824,6747,3490,7252,127,139
thin.man_tt0025878,1934,1,1,0,0,21797,0,200,1579,10015,7489,2414,80,20
thin.red.line_tt0120863,1998,0,1,0,0,40901,148,1347,13079,12581,4937,6303,1586,920
thing.from.anot_tt0044121,1951,1,0,0,0,20791,0,18,0,4915,9900,5165,567,226
thing_tt0084787,1982,1,1,0,0,26055,66,1031,4142,9109,2534,6510,1211,1452
things.are.toug_tt0084788,1982,1,0,0,0,23066,13,508,5300,8252,3835,4070,720,368
think.like.a.ma_tt2239832,2014,1,0,0,0,25376,4,1172,6032,13649,2664,1291,543,21
third.man_tt0041959,1949,1,1,0,0,25192,11,185,3118,13844,1844,5653,480,57
thirteen_tt0328538,2003,0,1,1,0,23973,76,729,7187,10533,2812,1547,237,852
thirty.seconds._tt0037366,1944,1,1,0,0,33144,0,689,3470,13928,8037,5271,1637,112
this.christmas_tt0937375,2007,1,0,0,0,28495,0,1001,8142,11771,4350,2706,278,247
this.film.is.no_tt0493459,2006,0,0,1,0,25134,43,1087,9652,8737,1555,2539,440,1081
this.is.cineram_tt0045231,1952,1,0,0,0,29649,0,83,65,617,1691,18011,9048,134
this.is.elvis_tt0083193,1981,1,0,0,0,24368,5,276,5169,9922,4113,4179,406,298
this.is.it_tt1477715,2009,1,0,0,0,28583,0,514,865,4499,5746,15073,1319,567
this.is.my.affa_tt0029662,1937,0,1,0,0,24275,172,408,1365,12544,4566,4810,174,236
this.is.the.arm_tt0036430,1943,1,1,0,0,30065,12,294,312,8777,6127,10507,1406,2630
this.modern.age_tt0022478,1931,1,0,0,0,16363,0,114,968,6813,4908,3273,263,24
this.sporting.l_tt0057578,1963,0,1,0,0,32234,26,414,5588,18396,4243,2938,286,343
this_is_the_end,2013,1,0,0,0,25583,3,1038,6050,12030,2087,3448,822,105
thomas.crown.af_tt0063688,1968,1,0,0,0,24437,6,937,4197,10038,3650,4762,808,39
thomas_crown_affair,1999,1,0,0,0,27158,17,1791,8664,9977,1476,3526,1200,507
thor,2011,1,0,0,0,27536,75,2084,7551,8245,1310,5461,2783,27
thor_dark_world,2013,1,0,0,0,26867,32,1562,5098,9663,1814,5925,2741,32
thor_ragnarok,2017,1,0,0,0,31285,0,753,4333,13394,2714,6519,3548,24
thoroughly.mode_tt0062362,1967,1,0,0,0,38979,3,593,2931,18916,4093,8822,2435,1186
those.magnifice_tt0059797,1965,1,1,0,0,33088,0,103,976,10041,5591,11480,4859,38
thousands.cheer_tt0036432,1943,1,1,0,0,30047,0,146,958,14692,7256,6531,301,163
three.amigos_tt0092086,1986,1,0,0,0,24631,4,270,4141,6900,5872,6226,1111,107
three.billboard_tt5027774,2017,0,1,0,0,27656,6,274,7548,13497,2455,2379,1265,232
three.burials.o_tt0419294,2005,0,0,1,0,29061,17,939,6967,10846,3363,5313,1399,217
three.caballero_tt0038166,1944,0,1,0,1,17176,0,302,519,1794,1313,11904,1322,22
three.coins.in._tt0047580,1954,1,1,0,0,24429,0,37,85,10881,7057,5027,1170,172
three.colors.bl_tt0108394,1993,0,1,0,0,23585,130,1802,10637,6071,1225,2751,698,271
three.colors.re_tt0111495,1994,0,1,0,0,23871,38,1061,8843,7382,1934,4112,425,76
three.colors.wh_tt0111507,1994,0,1,0,0,22059,0,1216,10025,5778,1478,3195,321,46
three.daring.da_tt0040875,1948,1,0,0,0,27625,0,111,2286,13754,6627,4490,323,34
three.days.of.t_tt0073802,1975,1,0,0,0,28104,2,1167,7899,12728,3228,2747,317,16
three.fugitives_tt0098471,1989,1,0,0,0,23080,0,316,3826,10323,3381,4787,81,366
three.identical_tt7664504,2018,0,1,0,0,23148,24,1463,10603,6680,1136,1875,1025,342
three.kings_tt0120188,1999,1,0,0,0,27533,51,826,8382,11089,1761,4079,1042,303
three.little.wo_tt0043044,1950,1,0,0,0,24538,0,175,460,8022,8477,7186,109,109
three.men.on.a._tt0028371,1936,1,0,0,0,20694,0,8,795,12119,5489,2222,61,0
three.musketeer_tt0040876,1948,1,1,0,0,30164,0,177,4158,10386,7148,7520,501,274
three.musketeer_tt0072281,1973,0,1,0,0,27499,8,266,3873,6912,4568,10814,571,487
three.smart.gir_tt0028373,1936,1,1,0,0,21603,0,147,1518,11687,4931,2993,327,0
three.songs.abo_tt0025911,1934,0,1,0,0,15116,129,699,1142,2944,1212,5553,1305,2132
three.the.hard._tt0072284,1974,1,0,0,0,21509,0,137,1327,6809,3699,9048,489,0
three_men_and_a_baby,1987,1,0,0,0,26336,0,391,3828,15316,4521,2133,112,35
three_men_and_a_little_lady,1990,1,0,0,0,24860,0,149,2735,12918,5703,2724,533,98
three_musketeers,1993,1,0,0,0,25291,445,486,4999,9998,2522,5671,774,396
threepenny.oper_tt0021818,1931,0,1,0,0,26599,0,93,783,7807,7605,9217,750,344
thrill.of.a.rom_tt0038170,1945,1,0,0,0,25091,0,58,902,11927,6665,5305,180,54
thrill.of.it.al_tt0057581,1963,1,0,0,0,25817,0,119,2721,12863,5945,3840,237,92
throne.of.blood_tt0050613,1957,0,1,0,0,26349,0,386,632,6511,4062,13422,1191,145
through.a.glass_tt0055499,1961,0,1,0,0,21637,0,88,3027,8964,2885,6060,369,244
through.the.oli_tt0111845,1994,0,1,0,0,24908,2,183,3881,5477,1818,11238,1833,476
throw.momma.fro_tt0094142,1987,1,0,0,0,21024,16,1011,6157,8493,2978,1816,195,358
thumbsucker_tt0318761,2005,0,1,1,0,23029,62,1033,9460,8650,1876,1459,335,154
thunderball_tt0059800,1965,1,0,0,0,31263,0,998,2101,12971,3815,9229,2127,22
thunderbolt.and_tt0072288,1974,1,0,0,0,27565,0,271,5440,9224,3792,6960,1783,95
thunderbolts_tt20969586,2025,1,0,0,0,30410,0,1598,7189,13658,2261,4158,1502,44
ticket.to.parad_tt14109724,2022,1,0,0,0,24940,0,373,3046,12688,3801,3180,1848,4
tiger.shark_tt0023594,1932,1,0,0,0,18554,0,102,1372,8674,4585,3588,125,108
tightrope,1984,1,0,0,0,27412,8,678,8911,11190,1955,3375,1272,23
timbuktu_tt3409392,2014,0,1,0,0,22984,29,767,7140,4934,2429,6613,1068,4
time.after.time_tt0080025,1979,1,0,0,0,26837,55,1015,5686,10350,3305,5381,875,170
time.machine_tt0268695,2002,1,0,0,0,24599,10,2016,4850,7745,1631,6631,1486,230
time_bandits,1981,1,0,0,0,29829,31,471,5011,11508,3428,8515,686,179
time_to_kill,1996,1,0,0,0,35867,30,590,16263,11811,2490,3500,529,654
time_tt11416746,2020,0,1,0,0,19510,38,984,10425,5298,612,1133,721,299
timecop_tt0111438,1994,1,0,0,0,23504,54,892,6886,8181,1805,3796,1318,572
tin.drum_tt0078875,1979,0,1,0,0,39206,50,873,4066,14106,6667,12268,1045,131
tin.men_tt0094155,1987,1,0,0,0,26936,0,815,6445,13293,2076,3840,155,312
tin_cup,1996,1,0,0,0,32315,8,350,8206,13545,3977,4925,492,812
tinker.tailor.s_tt1340800,2011,0,1,0,0,30616,28,2095,8257,11451,3400,4600,756,29
titanic,1997,1,1,0,0,50110,167,2035,16653,17070,2867,6947,4158,213
titanic_tt0046435,1953,1,0,0,0,23434,0,219,1504,11500,4827,4238,936,210
tmnt_1990,1990,1,0,0,0,22414,28,1570,3007,7400,4287,5615,453,54
tmnt_2,1991,1,0,0,0,22707,96,601,2505,9998,3934,4568,301,704
tmnt_2014,2014,1,0,0,1,24288,0,1465,6038,8268,910,5636,1970,1
tmnt_tt0453556,2007,1,0,0,1,20821,30,1761,1547,6893,1919,7069,1498,104
to.be.or.not.to_tt0035446,1942,1,1,0,0,23789,44,451,567,10826,7682,3821,302,96
to.catch.a.thie_tt0048728,1955,1,1,0,0,25527,0,224,387,11774,6017,5448,1600,77
to.have.and.hav_tt0037382,1944,1,0,0,0,23983,0,31,205,14896,6578,2029,153,91
to.hell.and.bac_tt0048729,1955,1,0,0,0,25486,0,104,1118,9967,5434,7830,989,44
to.kill.a.mocki_tt0056592,1962,1,1,0,0,30972,16,877,2497,15364,4359,7783,58,18
to.sir.with.lov_tt0062376,1967,1,0,0,0,26987,0,171,4248,11602,4274,6563,125,4
to.the.shores.o_tt0035447,1942,1,0,0,0,20509,0,129,1414,8153,5380,4734,668,31
to.wong.foo.tha_tt0114682,1995,1,0,0,0,25957,94,614,3064,11014,4626,5461,1056,28
today.we.live_tt0024675,1933,1,0,0,0,27147,0,349,1963,14754,4456,4249,1248,128
tokyo.story_tt0046438,1953,0,1,0,0,32888,14,700,42,12405,5730,13036,866,95
tom.dick.and.ha_tt0034299,1941,1,0,0,0,20756,5,223,2505,11186,3559,2881,221,176
tom.jones_tt0057590,1963,1,1,0,0,30888,3,138,4781,13424,4871,7085,359,227
tom.sawyer_tt0070814,1973,1,1,0,0,23700,0,110,1816,7906,5032,7812,1006,18
tombstone_tt0108358,1993,1,0,0,0,31097,30,737,9463,9293,4259,6216,976,123
tommy_tt0073812,1975,1,1,0,0,28637,61,1241,7625,6635,3302,8091,1098,584
tomorrow.never._tt0120347,1997,1,0,0,0,28606,20,1841,7922,9382,1841,5873,1705,22
tomorrowland,2015,1,0,0,0,31176,7,2241,7197,11648,3083,5195,1779,26
toni.erdmann_tt4048272,2016,0,1,0,0,38978,17,799,2438,27804,5877,1573,437,33
tony.rome_tt0062380,1967,1,0,0,0,26405,0,101,1196,15570,6422,2651,453,12
too.hot.to.hand_tt0030879,1938,1,0,0,0,27429,0,497,622,14754,6824,3757,726,249
tootsie,1982,1,1,0,0,27895,44,349,3597,14680,6351,2733,140,1
top.gun.maveric_tt1745960,2022,1,1,0,0,31227,5,2873,13341,6985,987,3495,3355,186
top.hat_tt0027125,1935,1,1,0,0,23924,0,84,247,10004,5390,7923,179,97
top.secret_tt0088286,1984,1,0,0,0,21548,130,533,3273,8897,3471,4551,446,247
top_gun,1986,1,0,0,0,26288,120,1140,11543,5998,1419,2276,3306,486
topaz_tt0065112,1969,1,1,0,0,34085,5,904,5704,17516,5006,4275,616,59
topkapi_tt0058672,1964,1,0,0,0,28661,31,807,4273,12467,4241,6039,733,70
topsyturvy_tt0151568,1999,0,1,0,0,38597,0,395,6414,17009,7898,5810,313,758
tora.tora.tora_tt0066473,1970,1,1,0,0,34710,0,665,6091,11506,5584,5504,5178,182
torch.singer_tt0024685,1933,1,0,0,0,17216,0,96,1100,8896,4609,2029,259,227
torment_tt0036914,1944,0,1,0,0,24315,0,74,1875,12802,4475,4705,225,159
torn.curtain_tt0061107,1966,1,0,0,0,30648,28,508,7225,14939,2650,4582,537,179
tortilla.flat_tt0035460,1942,1,0,0,0,25238,0,23,3950,11728,5435,3713,208,181
total_recall,1990,1,0,0,0,29114,44,1642,7577,10886,2859,5019,988,99
touch.of.evil_tt0052311,1958,0,1,0,0,26538,7,440,3331,14635,3290,3954,381,500
tous.les.matins_tt0103110,1991,0,1,0,0,27477,107,782,8148,6553,4117,6622,970,178
tower.heist_tt0471042,2011,1,0,0,0,25072,11,1098,6351,11814,1811,2569,1375,43
towering.inferno_tt0072308,1974,1,1,0,0,39532,79,654,4429,19027,4061,9191,1755,336
town,2010,1,0,0,0,32062,19,1401,13890,10630,1561,2704,1135,722
toxic.avenger_tt0090190,1984,0,0,1,0,21118,0,612,3912,7719,3847,4687,222,119
toy.story.2_tt0120363,1999,1,0,0,1,22160,15,579,1666,5857,3004,10320,574,145
toy.story.3_tt0435761,2010,1,1,0,1,24709,50,584,2164,7457,2838,10406,760,450
toy.story.4_tt1979376,2019,1,1,0,1,23988,9,430,2103,8045,2574,8687,1366,774
toy.story_tt0114709,1995,1,1,0,1,19435,4,248,1606,5112,2306,9039,306,814
toy_tt0084809,1982,1,0,0,0,26199,3,803,2061,11011,7216,4923,173,9
toys.in.the.att_tt0057598,1963,1,0,0,0,23366,0,18,1901,14616,3039,3706,86,0
tr_tt14444726,2022,0,1,0,0,37880,7,1392,3621,18413,5697,7270,1353,127
trader.horn_tt0022495,1931,1,1,0,0,29351,0,759,1519,10016,3794,11872,1237,154
trading_places,1983,1,0,0,0,27908,100,703,4171,12608,5001,4660,467,198
traffic,2000,1,1,0,0,35352,70,1193,9914,14460,3384,5299,917,115
trail.of.the.lo_tt0028401,1936,1,1,0,0,23866,0,203,407,11834,4580,6099,525,218
train_tt0059825,1964,1,0,0,0,31922,0,731,2258,13629,3190,11181,728,205
training_day,2001,1,0,0,0,29271,62,592,12877,9653,1646,3024,816,601
trainwreck,2015,1,0,0,0,29925,0,603,4272,18136,3167,2474,1175,98
tramp.tramp.tra_tt0017483,1926,1,0,0,0,15490,0,150,201,3345,1857,8409,135,1393
trancers_tt0090192,1984,0,0,1,0,19655,2,925,5401,5922,2271,4917,197,20
transformers,2007,1,0,0,0,34394,36,1616,7204,10416,1995,10020,2544,563
transformers.a._tt8864596,2024,1,0,0,1,24944,6,281,2263,3872,4065,9930,4505,22
transformers.ri_tt5090568,2023,1,0,0,0,30479,9,2020,4866,8874,1843,9228,3583,56
transformers_age_of_extinction,2014,1,0,0,0,39590,12,1875,7170,9414,2093,14043,4929,54
transformers_dark_of_the_moon,2011,1,0,0,0,37008,30,1053,6366,10312,2624,12232,4161,230
transformers_last_knight,2017,1,0,0,0,37073,11,2447,8116,8133,2123,12084,4121,38
transformers_revenge_of_the_fallen,2009,1,0,0,0,35933,91,1763,6957,9125,1791,12249,3661,296
trap_tt26753003,2024,1,0,0,0,25213,33,2412,6608,8914,2059,4912,222,53
travels.with.my_tt0069404,1972,0,1,0,0,26230,22,151,877,14323,6395,3814,281,367
treasure.island_tt0025907,1934,1,0,0,0,24657,0,141,1433,12421,4437,5577,547,101
treasure.island_tt0181868,1999,0,1,0,0,22979,69,285,1682,9760,4475,5660,888,160
treasure.of.the_tt0040897,1948,1,1,0,0,30244,34,419,3265,13577,6133,6347,365,104
tree.of.life_tt0478304,2011,0,1,0,0,45240,66,2910,7380,15076,6474,8525,4396,413
tree.of.wooden._tt0077138,1978,0,1,0,0,44857,0,741,4189,13282,5181,19853,1088,523
trees.lounge_tt0117958,1996,0,0,1,0,22746,0,454,4081,13153,2977,1320,149,612
trial.of.billy._tt0072317,1974,1,0,0,0,40726,1,276,6550,15665,7048,8954,1763,469
trials.of.oscar_tt0054403,1960,0,1,0,0,31127,0,50,1467,15109,8532,5726,180,63
triangle.of.sad_tt7322224,2022,0,1,0,0,35358,0,1221,1881,18690,6331,5797,1275,163
triplets.of.bel_tt0286244,2003,0,1,0,1,20811,17,1721,2172,5589,1101,8933,1198,80
trolls.band.tog_tt14362112,2023,1,0,0,1,21937,28,510,3701,4378,2400,7654,3231,35
trolls_tt1679335,2016,1,0,0,1,22164,41,622,3256,5815,1236,8523,2556,115
tron,1982,1,0,0,0,23017,69,881,4442,5633,1325,8122,2378,167
tron.ares_tt6604188,2025,1,0,0,0,28484,180,2734,8021,7005,947,6159,3413,25
tron_legacy,2010,1,0,0,0,30005,0,901,5378,10187,1677,8310,3548,4
tropic_thunder,2008,1,0,0,0,25603,9,1522,7181,10299,1930,2808,1658,196
trouble.along.t_tt0046463,1953,1,0,0,0,26387,0,204,481,12483,7835,4972,348,64
trouble.in.para_tt0023622,1932,1,1,0,0,19845,0,546,103,12648,3902,2174,226,246
trouble.with.an_tt0061122,1966,1,0,0,0,28542,0,133,1137,12150,7759,7121,215,27
troublesome.cre_tt1614420,1995,0,1,0,0,22596,77,569,2523,6461,3884,8210,525,347
troy,2004,1,0,0,0,39025,123,1750,16120,8989,1316,7646,2501,580
true.confession_tt0029695,1937,1,0,0,0,21584,0,68,430,12434,5719,2472,187,274
true.grit_tt0065126,1969,1,0,0,0,30701,0,33,409,15579,6732,6741,1197,10
true_grit,2010,1,1,0,0,26452,5,510,6903,10820,2292,4246,1542,134
true_lies,1994,1,0,0,0,33760,12,1291,9242,12244,3095,6383,1417,76
truman_show,1998,1,1,0,0,24680,13,1756,6276,9137,2244,3812,1044,398
truth.about.cat_tt0117979,1996,1,0,0,0,23258,0,480,5350,12118,2502,1803,124,881
truth_tt0054452,1960,1,1,0,0,30770,0,496,563,16772,8268,4019,298,354
tsotsi_tt0468565,2005,0,1,0,0,22624,23,1328,8663,5918,1193,4876,569,54
tugboat.annie_tt0024701,1933,1,0,0,0,22100,0,208,1250,12666,4626,2491,763,96
tunes.of.glory_tt0054412,1960,1,1,0,0,25799,0,113,1135,12651,8074,3636,163,27
tunisian.victor_tt0037404,1944,0,1,0,0,19544,3,970,561,3038,2170,9809,2849,144
tunnel.of.love_tt0052325,1958,1,0,0,0,23558,0,37,934,14565,6367,1360,152,143
tunnel.vision_tt0075357,1976,1,0,0,0,16304,253,498,4103,5884,2803,1617,790,356
turbo_tt1860353,2013,1,0,0,1,22940,127,1434,2456,5681,2278,9766,1160,38
turner_and_hooch,1989,1,0,0,0,23871,14,702,8914,10003,1622,2371,179,66
turning.red_tt8097030,2022,0,1,0,1,23899,63,641,3857,8771,2971,5289,1761,546
turning_tt7510346,2020,1,0,0,0,22654,138,1191,7556,8278,1270,3178,967,76
tuxedo_tt0290095,2002,1,0,0,0,25368,97,1485,5225,9974,2170,5353,1048,16
twelve.oclock.h_tt0041996,1949,1,0,0,0,31765,84,251,792,11906,12103,4535,1822,272
twentieth.centu_tt0025919,1934,0,1,0,0,21875,10,308,208,11749,7779,1638,92,91
twentyfour.eyes_tt0047281,1954,0,1,0,0,37456,10,716,1354,5453,4811,22380,2512,220
twilight,2008,1,0,0,0,29212,132,1011,10347,11136,2773,2883,832,98
twilight_breaking_dawn_1,2011,1,0,0,0,28080,165,2566,10525,9172,1337,2784,1328,203
twilight_breaking_dawn_2,2012,1,0,0,0,27617,250,1562,9125,9213,1664,3310,2113,380
twilight_eclipse,2010,1,0,0,0,29716,46,1319,15583,8014,1038,2076,741,899
twilight_new_moon,2009,1,0,0,0,31319,113,793,12007,11111,2343,2710,1431,811
twilight_zone,1983,1,0,0,0,25934,71,524,7194,10010,3099,3472,1083,481
twin.peaks.fire_tt0105665,1992,0,1,0,0,32390,65,1935,9423,11007,3954,4755,1157,94
twins_fs,1988,1,0,0,0,25634,5,645,4543,10406,3859,5331,359,486
twister,1996,1,0,0,0,27107,24,955,10030,7399,1109,4776,2544,270
twisters_tt12584954,2024,1,0,0,0,29312,0,1714,8820,10143,1489,4797,2342,7
two.for.the.roa_tt0062407,1967,1,0,0,0,26623,0,254,7068,10731,3234,4370,957,9
two.for.the.see_tt0056626,1962,1,1,0,0,30649,0,64,4562,18745,4687,2523,68,0
two.girls.and.a_tt0037408,1944,1,0,0,0,29770,0,50,1701,12589,8420,6561,410,39
two.sisters.fro_tt0039054,1946,1,0,0,0,26901,33,122,352,10339,7813,7940,113,189
two.thousand.ma_tt0058694,1964,0,0,1,0,21536,1,374,2105,6242,5763,6552,409,90
two.weeks.notic_tt0313737,2002,1,0,0,0,24261,0,540,2193,13881,3160,3124,615,748
two.women_tt0054749,1960,1,1,0,0,25527,0,143,2532,10927,4266,7524,109,26
twolane.blackto_tt0067893,1971,0,0,1,0,24605,0,165,4720,10111,3066,5854,539,150
twominute.warni_tt0075359,1976,1,0,0,0,27689,38,961,5838,10016,1968,6787,1837,244
tyrannosaur_tt1204340,2011,0,1,0,0,23797,29,536,8331,9442,1683,2943,252,581
u.s..marshals_tt0120873,1998,1,0,0,0,31447,47,2574,7231,11519,3514,5115,1332,115
u571,2000,1,0,0,0,27869,18,1452,7999,11311,939,3490,1893,767
ugetsu_tt0046478,1953,0,1,0,0,23303,0,362,120,6162,3771,12590,298,0
ugly.american_tt0056632,1963,1,0,0,0,28802,0,49,4760,12415,5012,5356,1132,78
ugly.truth_tt1142988,2009,1,0,0,0,23001,0,550,6011,12283,2009,1278,368,502
un.carnet.de.ba_tt0029706,1937,0,1,0,0,31240,0,711,3186,14108,6637,5934,664,0
una.noche_tt2184331,2012,0,1,0,0,23286,144,930,7186,7773,1880,4148,914,311
unbearable.ligh_tt0096332,1988,0,1,0,0,41404,44,1623,12349,16206,4790,5695,505,192
unbearable.weig_tt11291274,2022,1,0,0,0,25621,0,1457,9819,9500,1256,2317,1111,161
unbreakable,2000,1,0,0,0,25579,66,1447,5214,11029,2818,4000,771,234
uncle_buck,1989,1,0,0,0,23893,146,523,8866,7981,2487,2898,308,684
uncommon.valor_tt0086508,1983,1,0,0,0,25127,98,669,3153,8747,4198,6269,1895,98
unconquered_tt0039931,1947,1,0,0,0,35260,67,139,548,14360,11444,7247,1254,201
uncut_gems,2019,1,1,0,0,32401,152,1308,14987,10630,1365,2481,1453,25
under.capricorn_tt0042004,1949,1,0,0,0,28048,0,470,2113,15575,7352,2255,283,0
under.siege.2.d_tt0114781,1995,1,0,0,0,23871,38,1804,6337,9672,1395,3423,1025,177
under.the.roofs_tt0021409,1930,0,1,0,0,22121,0,467,197,12169,3615,4748,611,314
under.the.yum.y_tt0057622,1963,1,0,0,0,26393,0,55,2594,14547,5943,3222,32,0
under_siege,1992,1,0,0,0,24570,0,1031,4718,12389,1866,3196,1208,162
under_the_rainbow,1981,1,0,0,0,23517,23,291,1483,10391,4255,6380,489,205
undertow_tt0360130,2004,0,0,1,0,27766,5,765,7678,8472,3984,5841,853,168
underwater,2020,1,0,0,0,22771,35,1749,7731,7148,450,2505,2952,201
underworld.awak_tt1496025,2012,1,0,0,0,21235,48,1773,3763,7906,818,5035,1607,285
underworld.evol_tt0401855,2006,1,0,0,0,25511,57,2608,9242,6026,561,4380,2267,370
undine_tt11617052,2020,0,1,0,0,21495,7,753,5115,8371,2008,3898,1284,59
unfaithful_tt0039937,1947,1,0,0,0,26048,0,105,1305,14589,5562,4218,92,177
unfaithful_tt0250797,2002,1,0,0,0,29641,8,1410,9774,10940,2991,3308,339,871
unforgiven,1992,1,1,0,0,31332,0,114,5325,15560,3916,5608,402,407
unhinged,2020,1,0,0,0,21606,23,2128,9537,5536,803,2823,756,0
uninvited_tt0037415,1944,1,1,0,0,23829,0,279,979,11323,6526,4248,344,130
union.pacific_tt0032080,1939,1,0,0,0,34737,40,106,1396,16203,8421,7689,603,279
united.93_tt0475276,2006,0,1,0,0,26576,22,1879,12725,8053,1259,511,1715,412
universal.soldi_tt0105698,1992,1,0,0,0,24843,15,1423,6659,10190,1410,3903,994,249
unlawful_entry,1992,1,0,0,0,26737,50,528,6940,11733,3239,3495,739,13
unsinkable.moll_tt0058708,1964,1,1,0,0,32559,0,19,951,11335,7113,11392,1662,87
unstoppable_tt0477080,2010,1,0,0,0,23621,6,1582,9064,4794,1312,5428,1315,120
untitled.bob.ma_tt8521778,2024,1,0,0,0,25686,126,2037,5766,10323,3041,3265,775,353
untouchables,1987,1,0,0,0,28636,58,1126,4594,12383,4559,4849,718,349
up.close..perso_tt0118055,1996,1,0,0,0,29811,61,822,7895,14848,2781,2657,593,154
up.in.smoke_tt0078446,1978,1,0,0,0,20582,14,410,3349,7940,3422,4478,930,39
up.in.the.air_tt1193138,2009,0,1,0,0,26218,0,1318,5256,13405,2447,2427,1324,41
up.the.down.sta_tt0062425,1967,1,0,0,0,29655,0,156,3360,18544,2826,4692,72,5
up.the.sandbox_tt0069449,1972,1,0,0,0,23541,0,107,3531,10366,4767,4366,343,61
up_tt1049413,2009,1,1,0,1,22952,54,1850,3527,5835,2422,6994,2193,77
upside,2017,1,0,0,0,30270,6,1701,7817,14226,2716,2179,1284,341
uptown.saturday_tt0072351,1974,1,0,0,0,24988,0,203,6548,10875,3610,3362,362,28
us,2019,1,0,0,0,27923,179,811,4985,12812,2068,5899,766,403
usual.suspects_tt0114814,1995,0,0,1,0,27244,9,1335,6750,11649,2286,4091,1047,77
v.for.vendetta_tt0434409,2005,1,0,0,0,31774,48,2283,12932,10578,1822,2870,927,314
v.i.p.s_tt0057634,1963,1,1,0,0,28494,0,148,1874,20579,3682,2041,167,3
vacation,1983,1,0,0,0,23550,10,129,3888,10806,2805,4962,931,19
vacation_tt1524930,2015,1,0,0,0,23749,4,663,4521,11375,3299,2540,1347,0
vagabond_tt0089960,1985,0,1,0,0,25401,0,642,2027,10812,4710,6495,240,475
valachi.papers_tt0068341,1972,1,0,0,0,29983,0,577,4128,14853,5743,4369,122,191
valdez.is.comin_tt0067921,1971,1,0,0,0,21714,0,254,4690,6501,3645,6044,478,102
valentines_day,2010,1,0,0,0,29875,13,1120,2070,17086,4961,3700,656,269
valley.girl_tt0086525,1983,1,0,0,0,25547,0,339,4564,12624,4102,2679,849,390
valley.of.decis_tt0038213,1945,1,0,0,0,28416,87,166,1069,15708,7077,3939,202,168
valley.of.the.d_tt0062430,1967,1,0,0,0,29568,4,307,3790,15095,4703,5083,406,180
vamp_tt0092147,1986,0,0,1,0,22512,79,531,5321,10822,1458,3523,228,550
vampyr_tt0023649,1932,0,1,0,0,17663,31,532,1645,6358,2462,4368,328,1939
van_helsing_fs,2004,1,0,0,0,33815,62,1628,3961,11958,3329,9281,3398,198
vanilla.sky_tt0259711,2001,1,0,0,0,32615,24,965,13886,11193,1989,3380,790,388
vantage.point_tt0443274,2008,1,0,0,0,21582,4,1666,8379,5884,1268,2970,1116,295
varsity.blues_tt0139699,1999,1,0,0,0,25107,29,1032,7187,9586,3148,3521,486,118
vengeance.valle_tt0044186,1951,1,0,0,0,21065,0,29,762,7981,6360,5361,562,10
venom,2018,1,0,0,0,26889,230,2452,5046,10776,1502,4735,2063,85
venom.3_tt16366836,2024,1,0,0,0,26120,121,2385,6102,8072,994,6128,2314,4
venom.let.there_tt7097896,2021,1,0,0,0,23330,1,1620,4653,10092,764,4160,2035,5
vera.cruz_tt0047647,1954,1,0,0,0,22463,0,85,1456,7871,4603,7455,795,198
vera.drake_tt0383694,2004,0,1,0,0,29982,0,426,6796,16032,4311,1330,222,865
verdict,1982,1,1,0,0,30915,18,514,5142,11237,5839,7724,87,354
veronika.voss_tt0084654,1982,0,1,0,0,25050,0,437,4415,9549,5083,5207,47,312
vertigo_tt0052357,1958,1,1,0,0,30826,273,368,4130,14753,3632,6369,1190,111
vice_tt6266538,2018,0,1,0,0,31759,47,2351,9285,12338,2461,3123,1627,527
victorvictoria_tt0084865,1982,1,0,0,0,32060,0,707,3307,17222,5206,5184,138,296
videodrome_tt0086541,1983,0,1,0,0,21310,115,1033,6149,8592,2382,2393,366,280
view_to_a_kill,1985,1,0,0,0,31426,7,1159,4148,12366,3266,8198,2222,60
vikings_tt0052365,1958,1,0,0,0,27813,0,78,1726,9658,4887,8765,2666,33
village,2004,1,0,0,0,25021,71,1232,3491,9346,3826,6590,251,214
violent.night_tt12003946,2022,1,0,0,0,26738,6,1480,6482,11986,2159,4004,610,11
virgin.and.the._tt0066528,1970,0,1,0,0,24517,0,684,2598,10664,4367,5375,780,49
virgin.spring_tt0053976,1960,0,1,0,0,21736,11,344,2211,9586,3191,5784,346,263
virgin.suicides_tt0159097,1999,0,0,1,0,23258,22,937,3404,10164,3277,4004,454,996
viridiana_tt0055601,1961,0,1,0,0,21866,0,433,704,13338,3841,3397,121,32
visions.of.eigh_tt0070884,1973,0,1,0,0,26480,26,1429,5907,9610,2022,5768,1407,311
visit_tt0058724,1964,0,1,0,0,24065,0,45,6019,10775,2935,4161,72,58
visit_tt3567288,2015,1,0,0,0,22546,0,733,3818,10494,2408,4522,509,62
viva.villa_tt0025948,1934,1,1,0,0,26876,0,326,1740,12680,5988,4680,580,882
viva.zapata_tt0045296,1952,1,1,0,0,28572,0,20,2527,14927,5408,5317,373,0
vivacious.lady_tt0030944,1938,1,1,0,0,21637,52,74,925,12071,6147,2238,113,17
vivre.sa.vie_tt0056663,1962,0,1,0,0,20101,0,1343,6599,8095,1217,2004,336,507
voice.of.the.tu_tt0039969,1947,1,0,0,0,24657,0,120,1509,13527,7024,2130,83,264
volcano_tt0120461,1997,1,0,0,0,24802,224,1536,8586,6147,1433,5585,1038,253
volunteers_tt0090274,1985,1,0,0,0,25627,10,754,5383,11092,2655,4468,1216,49
volver_tt0441909,2006,0,1,0,0,29035,0,1231,8903,13191,2488,2503,701,18
von.ryans.expre_tt0059885,1965,1,0,0,0,28018,0,263,775,8269,6868,10880,877,86
vow,2012,1,0,0,0,24916,47,1057,8826,10782,1766,2005,360,73
wabash.avenue_tt0043116,1950,1,0,0,0,22120,0,122,686,10745,4749,5673,79,66
wackiest.ship.i_tt0054453,1960,1,0,0,0,23836,0,170,750,10415,6768,4343,1390,0
wackness_tt1082886,2008,0,0,1,0,23745,3,1244,9520,8494,1984,2030,442,28
wag.the.dog_tt0120885,1997,1,1,0,0,23245,47,1050,6626,8279,2792,3786,444,221
wages.of.fear_tt0046268,1953,0,1,0,0,36810,0,1229,1383,12951,8605,11475,804,363
waikiki.wedding_tt0029742,1937,1,0,0,0,22789,0,109,1472,11014,6124,3168,717,185
wait.until.dark_tt0062467,1967,1,0,0,0,25829,0,436,3073,12884,5345,3553,461,77
waiting.to.exha_tt0114885,1995,1,0,0,0,29601,88,402,11392,11840,2704,2702,360,113
wake.island_tt0035530,1942,1,1,0,0,21040,0,212,943,7096,5314,5035,2164,276
wake.of.the.red_tt0040946,1948,1,0,0,0,25597,0,206,585,12295,6032,5283,1059,137
walk.dont.run_tt0061170,1966,1,0,0,0,29220,0,102,497,13297,8716,6386,208,14
walk.on.the.wil_tt0056671,1962,1,0,0,0,27261,0,279,4291,13388,4887,4238,58,120
walk_the_line,2005,1,0,0,0,32576,26,1540,15323,10960,1870,2254,299,304
walking.tall_tt0070895,1973,1,0,0,0,29970,0,105,5294,11451,7131,5392,549,48
wall.street_tt0094291,1987,1,0,0,0,30151,53,826,9499,13607,2875,2323,968,0
wallace..gromit_tt0312004,2005,1,1,0,1,20284,31,1745,4207,8017,1088,4697,349,150
walle_tt0910970,2008,1,1,0,1,23548,7,3272,1211,4356,1356,10786,2547,13
waltz.with.bash_tt1185616,2008,0,1,0,1,21679,29,1036,1391,8362,1129,8114,1561,57
wanda_tt0067961,1970,0,1,0,0,24756,0,173,4677,10648,2853,4958,975,472
wanted_fs,2008,1,0,0,0,26372,20,2696,8876,7817,1320,4490,909,244
war.and.peace_tt0049934,1956,1,1,0,0,49890,0,58,2589,20218,9380,15304,2106,235
war.between.men_tt0069483,1972,1,0,0,0,26981,34,353,4681,12823,4220,4065,564,241
war.dance_tt0912599,2007,0,1,0,0,27480,269,2270,6265,5880,3331,6114,1414,1937
war.horse_tt1568911,2011,0,1,0,0,35158,63,891,2897,14749,3603,10075,1936,944
war.lord_tt0059896,1965,1,0,0,0,29080,0,349,5923,8867,3411,9428,1056,46
war.of.the.worl_tt0046534,1953,1,0,0,0,20488,0,403,1803,6384,3077,7180,1452,189
war.room_tt0108515,1993,0,1,0,0,22970,0,622,5451,10085,5184,1308,258,62
war.room_tt3832914,2015,1,0,0,0,28800,0,656,11674,8974,3491,2077,1791,137
war.witch_tt1820488,2012,0,1,0,0,21614,67,2287,7769,6505,1941,2247,642,156
war_for_the_planet_of_the_apes,2017,1,0,0,0,33600,6,1358,12666,7577,1348,7586,2827,232
war_games,1983,1,1,0,0,27037,24,1525,7637,9906,3235,3410,1114,186
war_of_the_roses,1989,1,1,0,0,27948,127,1360,5379,11126,4077,4965,519,395
war_of_the_worlds,2005,1,0,0,0,27946,162,1797,3790,9839,2358,8165,1631,204
war_with_grandpa,2020,1,0,0,0,22783,0,599,1752,12828,4290,2686,475,153
warriors_tt0080120,1979,1,0,0,0,22544,0,396,6182,8337,1446,5616,479,88
watchmen,2009,1,0,0,0,38858,15,2543,12982,12742,2229,5834,2500,13
waterboy,1998,1,0,0,0,21499,26,799,5158,8638,2962,3297,326,293
waterhole.3_tt0062477,1967,1,0,0,0,22866,0,272,1440,11037,5280,3919,815,103
waterloo.bridge_tt0033238,1940,1,1,0,0,26056,27,185,4375,13995,2844,4229,233,168
watermelon.man_tt0066550,1970,1,0,1,0,25617,0,32,3501,12325,6450,2941,156,212
watermelon.woma_tt0118125,1996,0,1,0,0,20379,168,938,3059,9859,2783,2029,670,873
waterworld,1995,1,0,0,0,32400,232,1273,9299,9065,1887,7748,2483,413
wattstax_tt0070902,1973,1,0,0,0,24777,0,610,10627,6167,2603,3656,1033,81
way.back_tt8544498,2020,1,0,0,0,25996,0,1092,7275,10576,1829,4080,937,207
way.we.were_tt0070903,1973,1,1,0,0,30377,0,109,6869,15900,3943,3066,468,22
waynes.world.2_tt0108525,1993,1,0,0,0,22690,11,790,3990,11211,3485,2446,475,282
waynes_world,1992,1,0,0,0,22625,23,510,3864,10195,4670,2994,198,171
we.live.again_tt0025964,1934,1,0,0,0,21136,0,118,2444,8856,4059,5116,246,297
we.need.to.talk_tt1242460,2011,0,1,0,0,26902,152,1675,6911,11196,2937,2612,1366,53
we.own.the.nigh_tt0498399,2007,0,0,1,0,30193,14,980,9196,12226,2099,3607,548,1523
we.were.soldier_tt0277434,2002,1,0,0,0,33199,14,1788,9613,10570,2929,5742,1697,846
weapons_tt26581740,2025,1,0,0,0,30817,10,715,7348,13445,3195,4916,980,208
weathering.with_tt9426210,2019,1,0,0,1,26925,85,2401,1309,8101,2295,8922,3787,25
wedding.night_tt0027189,1935,0,1,0,0,19862,0,197,560,10218,5981,2507,153,246
wedding.planner_tt0209475,2001,1,0,0,0,24897,0,573,6869,11703,2717,2368,340,327
wedding.ringer_tt0884732,2015,1,0,0,0,24318,6,1132,4534,13208,2534,2370,513,21
wedding_crashers,2005,1,0,0,0,28538,29,799,9647,12389,2618,1718,645,693
wedding_singer,1998,1,0,0,0,24020,0,164,10428,9069,1869,2076,168,246
weekend.at.bern_tt0098627,1989,1,0,0,0,25275,5,460,2200,10920,4909,6026,462,293
weekend.at.the._tt0038239,1945,1,0,0,0,31027,32,266,822,14316,11063,3780,346,402
weekend_tt0062480,1967,0,1,0,0,24973,0,464,2812,3924,3130,13167,1118,358
weird.science_tt0090305,1985,1,0,0,0,22449,21,793,6294,10389,2136,1893,356,567
welcome.strange_tt0039975,1947,1,0,0,0,22318,0,120,194,8761,7310,5612,168,153
welcome.to.the._tt0114906,1995,0,0,1,0,20962,48,457,3804,9234,3639,3123,171,486
wendy.and.lucy_tt1152850,2008,0,0,1,0,19229,59,1075,4057,6963,1431,4964,245,435
were.in.the.nav_tt0017532,1926,1,0,0,0,15096,0,182,311,4038,2456,5176,168,2765
were.no.angels_tt0048801,1955,1,0,0,0,25398,0,67,75,7580,13103,4226,260,87
were.not.dressi_tt0025965,1934,1,0,0,0,19040,0,195,1092,9385,4657,3114,342,255
were.not.marrie_tt0045317,1952,1,0,0,0,20523,0,559,253,11393,6079,1937,188,114
were_the_millers,2013,1,0,0,0,26350,2,774,7998,12972,1722,1830,1016,36
west.side.story_tt0055614,1961,1,1,0,0,41462,0,692,2860,13839,7551,14266,2220,34
west.side.story_tt3581652,2021,1,1,0,0,37488,0,1455,3594,16480,4735,10563,608,53
westfront.1918_tt0021542,1930,0,1,0,0,23144,0,435,480,6527,6282,8665,520,235
westworld_tt0070909,1973,1,0,0,0,21340,9,546,3045,8021,3890,4942,632,255
what.dreams.may_tt0120889,1998,1,0,0,0,27028,11,1781,13314,4927,612,4540,1078,765
what.ever.happe_tt0056687,1962,1,1,0,0,32053,20,570,4305,14849,5112,6971,203,23
what.happens.in_tt1033643,2008,1,0,0,0,23671,36,325,3685,14002,3047,1762,611,203
what.price.glor_tt0045323,1952,1,0,0,0,26343,0,132,325,8233,9449,7884,180,140
what_about_bob,1991,1,0,0,0,23820,10,310,4353,10992,4170,3075,407,503
what_lies_beneath,2000,1,0,0,0,33377,72,2537,11143,11707,3281,2542,1161,934
what_women_want,2000,1,0,0,0,30374,12,991,6208,16788,3157,2506,365,347
whats.love.got._tt0108551,1993,1,0,0,0,28184,0,510,6641,11480,4507,4064,262,720
whats.new.pussy_tt0059903,1965,1,0,0,0,26040,0,61,2756,13435,4993,4188,367,240
whats.up.doc_tt0069495,1972,1,0,0,0,22501,17,980,1805,11524,3268,4675,232,0
wheel.of.fortun_tt14034966,2021,0,1,0,0,29121,10,527,3059,16636,5902,2411,396,180
when.a.man.love_tt0111693,1994,1,0,0,0,30112,12,328,11328,11337,3310,2875,445,477
when.a.stranger_tt0080130,1979,1,0,0,0,23351,17,582,5016,9821,3029,4025,279,582
when.knighthood_tt0013750,1922,1,0,0,0,28044,0,337,833,4695,4333,12758,545,4543
when_harry_met_sally,1989,1,1,0,0,22892,6,233,7060,10196,2209,1946,464,778
where.eagles.da_tt0065207,1968,1,0,0,0,37186,0,235,5435,19040,2043,8161,2090,182
where.is.the.fr_tt0093342,1987,0,1,0,0,20008,0,284,2133,6074,1928,8664,309,616
where.the.boys._tt0054469,1960,1,0,0,0,23789,0,39,1282,12569,5282,4076,460,81
where.the.buffa_tt0081748,1980,1,0,0,0,25509,0,346,4213,11367,4337,4391,385,470
where.the.crawd_tt9411972,2022,1,0,0,0,30073,38,1381,5158,15774,3799,2758,1093,72
where.the.wild._tt0386117,2009,1,0,0,0,24218,14,909,9437,7274,352,4822,1123,287
which.way.is.up_tt0076913,1977,1,0,0,0,22588,0,146,4638,11263,3170,3107,205,59
while_you_were_sleeping,1995,1,0,0,0,24792,68,494,6542,11382,2387,2883,593,443
whiplash_tt2582802,2014,0,1,0,0,25599,13,2175,10384,8635,2387,1478,426,101
whisperers_tt0061180,1967,0,1,0,0,25416,0,249,4763,13631,2579,3962,232,0
whispering.smit_tt0040965,1948,1,0,0,0,21344,0,97,2043,8194,5486,5072,407,45
white.angel_tt0028499,1936,0,1,0,0,22043,0,358,1488,9950,6214,3552,95,386
white.chicks_tt0381707,2004,1,0,0,0,27937,32,804,6696,13605,3948,2219,450,183
white.christmas_tt0047673,1954,1,0,0,0,28782,0,143,210,8967,9125,9851,210,276
white.cliffs.of_tt0037462,1944,1,1,0,0,30210,0,422,2404,13194,7265,6169,657,99
white.fang_tt0103247,1991,1,0,0,0,26079,25,469,2530,6877,4923,10578,503,174
white.heat_tt0042041,1949,1,0,0,0,27186,0,433,2196,14813,5108,4045,497,94
white.house.down_tt2334879,2013,1,0,0,0,31545,0,1881,8197,12530,2856,4072,1981,28
white.nights_tt0050782,1957,0,1,0,0,24387,4,112,1394,9328,4274,8686,64,525
white.nights_tt0090319,1985,1,0,0,0,35092,12,308,5315,16432,3823,8199,911,92
white.noise_tt0375210,2005,1,0,0,0,23501,355,2381,5118,7519,2164,4190,1390,384
white.ribbon_tt1149362,2009,0,1,0,0,34508,135,772,4529,14113,5644,8430,767,118
white.sheik_tt0044000,1952,0,1,0,0,20939,0,267,1766,12368,2866,3326,197,149
white.zombie_tt0023694,1932,0,0,1,0,17349,61,110,756,4918,5992,5288,224,0
white_men_cant_jump,1992,1,0,0,0,28049,0,484,5511,12633,4696,4026,210,489
who.framed.roge_tt0096438,1988,1,1,0,1,24886,96,1593,1603,10880,3153,6914,247,400
who.was.that.la_tt0054473,1960,1,0,0,0,27281,0,116,2945,17124,4093,2666,321,16
whole.nine.yard_tt0190138,2000,1,0,0,0,23713,6,480,6175,11110,3112,2282,514,34
wholly.moses_tt0081751,1980,1,0,0,0,26616,2,214,5308,12422,3289,4865,447,69
whos.afraid.of._tt0061184,1966,1,1,0,0,31385,0,93,7019,16256,4312,3459,135,111
whos.that.knock_tt0063803,1967,0,0,1,0,23034,61,611,2448,13460,3091,2837,350,176
why.did.i.get.m_tt0906108,2007,1,0,0,0,28370,107,993,7452,12314,4073,2504,363,564
wicked.for.good_tt19847976,2025,1,0,0,0,32976,33,1696,7676,11362,2272,7812,1840,285
wicked_tt1262426,2024,1,1,0,0,38404,54,1558,7944,14086,3825,8635,2107,195
wife.of.a.spy_tt11917942,2020,0,1,0,0,27902,112,862,2614,10225,5242,8036,486,325
wife.vs..secret_tt0028505,1936,1,0,0,0,22493,22,81,1451,12916,4584,3138,138,163
wild.bunch_tt0065214,1969,1,1,0,0,34717,17,540,6130,11257,5457,10424,851,41
wild.child_tt0064285,1970,0,1,0,0,20308,33,365,776,8231,4961,5107,611,224
wild.in.the.str_tt0063808,1968,1,0,0,0,23197,68,517,6827,9292,2546,2878,1050,19
wild.robot_tt29623480,2024,1,1,0,1,24381,0,1002,921,7073,3167,9140,3078,0
wild.strawberri_tt0050986,1957,0,1,0,0,23603,6,367,3180,12395,3478,3251,623,303
wild_hogs,2007,1,0,0,0,23888,0,790,2778,13104,4046,2314,815,41
wild_wild_west,1999,1,0,0,0,25421,89,1109,5116,10274,2370,5480,733,250
wildcats_tt0092214,1986,1,0,0,0,25359,0,210,7668,9818,3379,4204,72,8
willow,1988,1,0,0,0,30141,31,1166,7196,10105,1928,8425,1128,162
wilson_tt0037465,1944,1,1,0,0,36844,0,1046,781,13051,10543,9664,1283,476
winchester.73_tt0043137,1950,1,0,0,0,22156,0,190,489,10500,5922,4066,883,106
wind.and.the.li_tt0073906,1975,1,0,0,0,28587,1,207,3340,8395,5304,9861,972,507
windjammer.the._tt0052397,1958,1,0,0,0,34062,0,193,141,2097,5802,23701,1896,232
wings.of.desire_tt0093191,1987,0,1,0,0,30623,7,838,4095,11296,2950,9588,1178,671
wings.of.eagles_tt0051198,1957,1,0,0,0,26438,0,242,1039,11068,8805,3992,1051,241
winning_tt0065215,1969,1,0,0,0,29467,38,491,10267,9996,2031,4513,2100,31
winter.light_tt0057358,1963,0,1,0,0,19563,0,506,6983,7070,747,3830,261,166
winters.bone_tt1399683,2010,0,1,1,0,23989,6,1079,7208,9614,2010,3529,234,309
winterset_tt0028511,1936,0,1,0,0,19550,0,168,2661,9774,2922,3912,52,61
wise.blood_tt0080140,1979,0,0,1,0,25438,42,410,4000,11813,3917,4746,378,132
wish_tt11304740,2023,1,0,0,1,22788,4,697,1852,9308,2073,6140,2445,269
witches_of_eastwick,1987,1,0,0,0,28309,15,843,9725,7950,3397,5115,845,419
with.the.marine_tt0037468,1944,0,1,0,0,4560,0,109,93,697,388,2983,244,46
without.love_tt0038256,1945,1,0,0,0,26496,10,296,1091,15213,6972,2572,136,206
witness,1985,1,1,0,0,26950,46,989,8933,9511,2078,4693,465,235
witness.for.the_tt0051201,1957,1,1,0,0,27908,0,44,823,16098,7491,3019,323,110
wiz_tt0078504,1978,1,1,0,0,32180,14,247,6056,5590,3464,15594,1181,34
wizard.of.oz_tt0032138,1939,1,1,0,0,24411,4,76,1629,7391,4553,9905,546,307
wolf,1994,1,0,0,0,32302,368,1064,9909,13630,2409,3763,897,262
wolf.of.wall.st_tt0993846,2013,1,1,0,0,43124,30,919,8665,22972,5112,3849,1225,352
wolfen,1981,1,0,0,0,27352,87,615,6499,9126,1847,7130,2012,36
wolverine,2013,1,0,0,0,30246,12,2005,10627,11757,1287,3360,1096,102
woman.in.a.dres_tt0051204,1957,0,1,0,0,22394,0,108,2957,12870,4121,1985,261,92
woman.in.red_tt0088414,1984,1,0,0,0,22240,0,199,4751,9378,4372,3128,365,47
woman.in.the.du_tt0058625,1964,0,1,0,0,35339,160,2282,5437,13277,2349,11370,386,78
woman.king_tt8093700,2022,1,0,0,0,32336,4,1319,7377,14306,3505,4592,812,421
woman.of.the.ye_tt0035567,1942,1,0,0,0,27452,11,502,1669,13097,7771,4106,190,106
woman.who.ran_tt11697690,2020,0,1,0,0,18497,0,104,154,7397,8222,2413,155,52
womans.world_tt0047680,1954,1,0,0,0,22646,0,54,174,9348,8210,3673,945,242
women.in.love_tt0066579,1969,1,1,0,0,31456,23,348,8817,13711,2453,5625,456,23
women.of.the.wo_tt0055923,1963,1,0,0,0,27428,36,1375,5904,8133,3913,7292,644,131
women.on.the.ve_tt0095675,1988,0,1,0,0,21418,62,912,3975,9808,3364,3032,221,44
women_tt0032143,1939,1,0,0,0,31944,17,121,3022,16756,8195,3514,90,229
wonder,2017,1,0,0,0,27137,0,1406,3920,14888,2410,3682,783,48
wonder.bar_tt0026007,1934,1,1,0,0,20204,0,235,628,10713,3613,4416,552,47
wonder.boys_tt0185014,2000,0,1,0,0,26737,0,1087,12949,8185,1112,2257,353,794
wonder.man_tt0038260,1945,1,0,0,0,25134,18,248,1056,14591,5032,3870,88,231
wonder_woman,2017,1,0,0,0,33872,14,1681,7558,13223,2488,6517,2381,10
wonder_woman_1984,2020,1,0,0,0,36238,37,1632,7920,13789,3026,7534,2283,17
wonderful.life_tt0038650,1946,1,1,0,0,31307,0,341,1488,18873,4938,5373,215,79
wonka_tt6166392,2023,1,0,0,0,27874,13,910,5952,10385,2048,7281,1273,12
woodstock_tt0066580,1970,1,1,0,0,53784,4,1889,18727,17611,5242,7893,2240,178
words.and.music_tt0040976,1948,1,0,0,0,29070,0,38,804,10930,6742,10345,161,50
working_girl,1988,1,1,0,0,27215,0,347,6902,12443,4814,1510,1135,64
world.according_tt0084917,1982,1,0,0,0,32702,0,599,4827,14411,5907,5985,620,353
world.in.his.ar_tt0045339,1952,1,0,0,0,24978,0,26,471,10600,7229,5529,1039,84
world.of.apu_tt0052572,1959,0,1,0,0,25484,0,547,4066,10035,4064,5488,638,646
world.of.suzie._tt0054483,1960,1,0,0,0,30231,0,39,1675,14588,5794,7623,506,6
world.trade.cen_tt0469641,2006,1,0,0,0,30970,146,1309,5538,13735,2738,4461,2023,1020
world_is_not_enough,1999,1,0,0,0,30770,33,2519,8014,11115,1950,4958,2132,49
world_war_z,2013,1,0,0,0,27812,14,1456,9102,9735,1052,3472,2975,6
worst.person.in_tt10370710,2021,0,1,0,0,30793,5,1820,9246,14468,1948,2668,549,89
wrath.of.man_tt11083552,2021,1,0,0,0,28518,26,1155,4740,14108,2180,4308,1901,100
wrath.of.the.ti_tt1646987,2012,1,0,0,0,23865,0,1565,6894,6672,1320,4913,2419,82
wrecking.crew_tt0065225,1968,1,0,0,0,25179,0,197,3785,9296,3930,7123,763,85
wreckit.ralph_tt1772341,2012,1,1,0,1,24272,3,362,1755,7092,1385,9877,3787,11
written.on.the._tt0049966,1956,1,0,0,0,23909,0,291,3709,13311,3513,2775,269,41
wrong.arm.of.th_tt0056704,1963,1,0,0,0,22767,0,312,2537,13583,3205,2395,555,180
wuthering.heigh_tt0032145,1939,1,1,0,0,24974,108,90,1977,9868,4984,7415,394,138
x2,2003,1,0,0,0,32072,89,2735,12233,9678,1409,3832,2040,56
x_files,1998,1,0,0,0,29405,24,2202,10702,7792,1235,5484,1871,95
xanadu,1980,1,0,0,0,23023,17,448,2295,7772,2673,9107,484,227
xmen,2000,1,0,0,0,25006,204,1917,10102,6973,1226,2407,1963,214
xmen.dark.phoen_tt6565702,2019,1,0,0,0,27314,67,1602,8311,8660,1576,4362,2442,294
xmen_apocalypse,2016,1,0,0,0,34511,54,2032,11988,10541,1828,5205,2746,117
xmen_days_of_future_past,2014,1,0,0,0,31550,79,1904,10618,10518,2020,3709,2603,99
xmen_first_class,2011,1,0,0,0,31585,70,2169,8773,10662,2605,4947,2325,34
xmen_origins_wolverine,2009,1,0,0,0,25739,52,1306,10792,6826,874,4144,1745,0
xmen_the_last_stand,2006,1,0,0,0,24959,27,1185,8264,7271,2214,3576,2286,136
xxx,2002,1,0,0,0,31880,45,2052,8309,10001,1712,6815,2501,445
y.tu.mam.tambin_tt0245574,2001,0,1,0,0,24068,0,507,1588,8562,4059,8332,934,86
yankee.doodle.d_tt0035575,1942,1,1,0,0,30122,0,377,1161,12229,7913,8146,289,7
yanks_tt0080157,1979,0,1,0,0,33287,0,776,9102,14169,3338,5110,625,167
year.of.the.dragon_tt0090350,1985,1,0,0,0,32210,0,109,5838,16518,3775,5067,614,289
yearling_tt0039111,1946,1,1,0,0,30700,0,383,1151,12597,7186,8465,663,255
yellow.rollsroy_tt0059927,1964,1,0,0,0,29413,0,70,1829,17535,4552,4066,1361,0
yellow.sky_tt0040978,1948,1,0,0,0,23667,0,44,729,8828,4520,8852,578,116
yentl_tt0086619,1983,1,1,0,0,32764,20,433,10190,13027,2883,4390,941,880
yes.man_tt1068680,2008,1,0,0,0,25023,0,759,5755,11929,2389,2924,944,323
yesterday.today_tt0057171,1963,1,1,0,0,30442,0,65,3177,12740,6512,6477,1453,18
yesterday_tt8079248,2019,1,0,0,0,27869,6,818,4974,12830,3100,3939,2125,77
yi.yi.a.one.and_tt0244316,2000,0,1,0,0,44481,72,857,1062,17653,8817,15170,792,58
you.cant.have.e_tt0029806,1937,1,0,0,0,23914,0,244,1625,8590,5484,7373,346,252
you.cant.take.i_tt0030993,1938,1,1,0,0,30288,69,74,407,17411,7837,4274,58,158
you.light.up.my_tt0076941,1977,1,0,0,0,23379,68,94,6167,10225,3762,2272,321,470
you.only.live.t_tt0062512,1967,1,0,0,0,28045,21,1340,3008,8741,2490,8476,3848,121
you_me_and_dupree,2006,1,0,0,0,26231,19,404,3727,13779,4000,3300,279,723
young.frankenst_tt0072431,1974,1,0,0,0,25328,14,454,4200,11790,3380,4432,972,86
young.girls.of._tt0062873,1967,0,1,0,0,30479,1,167,2667,10765,7236,8630,782,231
young.guns.ii_tt0100994,1990,1,0,0,0,24968,25,624,7363,9469,2136,4161,443,747
young.in.heart_tt0031002,1938,0,1,0,0,23484,0,538,1865,12645,5381,2634,222,199
young.man.with._tt0043153,1950,1,0,0,0,26893,0,114,929,13616,6094,5875,260,5
young.philadelp_tt0053462,1959,1,0,0,0,32722,0,209,2996,21642,5205,2207,401,62
young.trless_tt0060574,1966,0,1,0,0,21065,0,514,3341,11690,2034,3260,190,36
young.winston_tt0069528,1972,0,1,0,0,36751,0,373,7443,17156,2567,7412,1444,356
young_doctors_in_love,1982,1,0,0,0,24469,86,496,5145,12087,4700,1769,153,33
young_guns_fs,1988,1,0,0,0,25568,2,354,4734,10269,3783,6151,226,49
youngblood.hawk_tt0058764,1964,1,0,0,0,32795,0,247,11791,11589,3665,5009,381,113
youre.a.big.boy_tt0061209,1966,0,1,0,0,23391,0,525,6262,10051,2728,3422,301,102
yours.mine.and._tt0063829,1968,1,0,0,0,26702,19,453,1193,13262,6610,4462,666,37
youve_got_mail,1998,1,0,0,0,28632,7,474,5658,14625,2988,3998,390,492
zander.the.grea_tt0016560,1925,1,0,0,0,18916,0,70,2327,4154,2963,5390,460,3552
zebrahead_tt0105885,1992,0,1,0,0,24497,13,645,3758,10851,3155,5170,366,539
zelig_tt0086637,1983,0,1,0,0,20324,12,620,1511,7691,4842,3380,692,1576
zero.dark.thirt_tt1790885,2012,1,1,0,0,37640,36,1896,11748,13223,2513,6036,1882,306
ziegfeld.follie_tt0039116,1945,1,1,0,0,30207,2,907,282,9622,8219,10492,557,126
ziegfeld.girl_tt0034415,1941,1,0,0,0,31755,0,157,3275,15717,6570,5753,146,137
zodiac_tt0443706,2007,0,1,0,0,37803,0,1869,5372,21784,3237,4316,739,486
zohan,2008,1,0,0,0,27044,0,1230,2581,15455,3793,3456,520,9
zombieland.doub_tt1560220,2019,1,0,0,0,23744,13,890,4839,10631,2631,3369,1367,4
zombieland_tt1156398,2009,1,0,0,0,21028,19,1151,2873,10404,2041,3891,638,11
zone.of.interes_tt7160372,2023,0,1,0,0,25112,7,618,392,2275,4236,14967,2345,272
zookeeper_tt1222817,2011,1,0,0,0,24424,45,500,5047,10967,1628,5286,576,375
zoot.suit_tt0083365,1981,1,0,0,0,26572,15,239,3853,12191,5982,4032,177,83
zootopia.2_tt26443597,2025,1,1,0,1,25834,0,1072,2641,10203,2108,7224,2546,40
zootopia_tt2948356,2016,1,1,0,1,26066,23,660,1615,10177,2620,8578,2354,39
