year,category,n_movies,m_mean,m_lo,m_hi,w_mean,w_lo,w_hi,diff_mean,diff_lo,diff_hi,collection
1921.0,xcu,2,0.0,0.0,0.0,0.0,0.0,0.0,0.0,0.0,0.0,popular
1921.0,cu,2,0.001185302252074279,0.0,0.002370604504148558,0.0,0.0,0.0,-0.001185302252074279,-0.002370604504148558,0.0,popular
1921.0,mcu,2,0.21102885158920867,0.19131886477462437,0.23073883840379297,0.15887733469194865,0.15840288005236458,0.15935178933153274,-0.052151516897260025,-0.07233595835142839,-0.03196707544309163,popular
1921.0,m,2,0.44347691299010794,0.39747135519557486,0.4894824707846411,0.4913215904152649,0.35198821796759944,0.6306549628629304,0.04784467742515697,-0.04548313722797542,0.14117249207828936,popular
1921.0,ml,2,0.2471360802179848,0.2015025041736227,0.2927696562623469,0.22132596260205772,0.09115462525320729,0.35149729995090817,-0.02581011761592708,-0.11034787892041541,0.05872764368856126,popular
1921.0,l,2,0.09708938049653412,0.0766495456341367,0.11752921535893156,0.12847511229072867,0.1188386225523295,0.1381116020291278,0.031385731794194544,0.001309407193397949,0.06146205639499111,popular
1921.0,xls,2,8.347245409015025e-05,0.0,0.0001669449081803005,0.0,0.0,0.0,-8.347245409015025e-05,-0.0001669449081803005,0.0,popular
1922.0,xcu,15,0.0,0.0,0.0,0.0,0.0,0.0,0.0,0.0,0.0,popular
1922.0,cu,15,0.0011097837670970138,0.0,0.0028543778490393505,0.0005750741880124859,0.0,0.0012434865970929881,-0.0005347095790845279,-0.002335235345156468,0.0007754232383303727,popular
1922.0,mcu,15,0.08989765310450556,0.040814160670720565,0.14070159682705613,0.17091655640601391,0.08839241243134753,0.2504169189160088,0.08101890330150835,0.026609217584170945,0.14082333117728202,popular
1922.0,m,15,0.48998033280748854,0.43759065617636217,0.5443419085634574,0.48640785876942544,0.41931259136025334,0.5565566758226488,-0.0035724740380631004,-0.0649696172067016,0.05806351745010881,popular
1922.0,ml,15,0.2900337870364089,0.23112236442646367,0.36371878785755857,0.22257622662827817,0.1725049892813899,0.2795088703278175,-0.06745756040813075,-0.13249501959908508,0.0012518362892269066,popular
1922.0,l,15,0.12888554960133028,0.08736005584834719,0.173372810254229,0.11930255451824769,0.08032858987670809,0.15902304377203583,-0.009582995083082593,-0.04123968208318455,0.03488090878219348,popular
1922.0,xls,15,9.289368316962593e-05,0.0,0.0002517776327749526,0.00022172949002217295,0.0,0.0006651884700665188,0.000128835806852547,-0.0002248742160410274,0.0006651884700665188,popular
1923.0,xcu,18,0.0,0.0,0.0,0.0,0.0,0.0,0.0,0.0,0.0,popular
1923.0,cu,18,0.0025647437544216852,0.0003794699644751774,0.005189026178395366,0.0009029080722342463,0.0,0.0025616740431835343,-0.0016618356821874389,-0.00495075597928602,0.0013326790780057588,popular
1923.0,mcu,18,0.055741432845710794,0.030075587134781832,0.07879840926751078,0.11516419506510284,0.07219762630940284,0.15590283561442983,0.05942276221939204,0.029110841683959943,0.09096617299625356,popular
1923.0,m,18,0.5520375587795266,0.4872246325717729,0.6215939829122911,0.5635868529185767,0.49606446845684066,0.6301224863146926,0.011549294139050037,-0.04038781224830442,0.065789477708597,popular
1923.0,ml,18,0.258036524950418,0.2171113669584201,0.30223298191782255,0.22227859211235743,0.18589607150701012,0.2660767250645702,-0.035757932838060585,-0.0922164464634966,0.018113236347238167,popular
1923.0,l,18,0.13150905118756256,0.08431201333492937,0.18734617079917762,0.09806745183172877,0.05674782512600891,0.14250704380488746,-0.033441599355833795,-0.06296184248089434,-0.004823203999838197,popular
1923.0,xls,18,0.00011068848236028096,0.0,0.0003320654470808429,0.0,0.0,0.0,-0.00011068848236028096,-0.0003320654470808429,0.0,popular
1924.0,xcu,17,0.0,0.0,0.0,0.0002822626171389861,0.0,0.0008467878514169583,0.0002822626171389861,0.0,0.0008467878514169583,popular
1924.0,cu,17,0.00020413492279068094,0.0,0.00048121130557944407,0.002728731894496281,5.8867680171893625e-05,0.007259076779176565,0.0025245969717056,-4.9678411645823434e-05,0.007027087286196845,popular
1924.0,mcu,17,0.04595444088045342,0.024461108269478903,0.07578046303691677,0.1212245347779979,0.08528185795520561,0.16235512396943455,0.07527009389754448,0.04291044121918504,0.11019314762782939,popular
1924.0,m,17,0.5584368428273153,0.49969316336858866,0.6233461289362187,0.5615260626239094,0.49406745711933464,0.630464380587014,0.003089219796594045,-0.05443260420655172,0.06096889578911607,popular
1924.0,ml,17,0.29308758138240404,0.2370277352200113,0.3443693474702897,0.21466718256634865,0.16125442422147263,0.27005050947995285,-0.07842039881605539,-0.13402102246698488,-0.022319493972974405,popular
1924.0,l,17,0.10218772218682114,0.06626474411859513,0.14112442637284023,0.09957122552010883,0.0626826442420415,0.14813830628155072,-0.0026164966667123063,-0.026555972310875545,0.024095465527781957,popular
1924.0,xls,17,0.0001292778002154288,0.0,0.00035750786254645333,0.0,0.0,0.0,-0.0001292778002154288,-0.00035750786254645344,0.0,popular
1925.0,xcu,16,0.0,0.0,0.0,0.0,0.0,0.0,0.0,0.0,0.0,popular
1925.0,cu,16,0.0004858834343445364,0.0,0.0013791984201884208,0.0006557041033458643,0.0,0.0016838448973432966,0.0001698206690013279,-0.000972240953955638,0.0014493279817493117,popular
1925.0,mcu,16,0.05686976930459478,0.02988496755832832,0.09031565448048788,0.1502107971379818,0.09501236517678673,0.21137831842605587,0.09334102783338702,0.054164211604354015,0.13500923122412495,popular
1925.0,m,16,0.5144527407059727,0.4168222765856326,0.6061484570959582,0.5269274277730258,0.4462692820338843,0.6039425960650556,0.012474687067053125,-0.0655889614103352,0.08712375115691419,popular
1925.0,ml,16,0.2579764392950664,0.20136731227574187,0.31208630660567904,0.20874979192319854,0.14305902994879177,0.29156373698401605,-0.04922664737186788,-0.10437611605625063,0.028491339779742695,popular
1925.0,l,16,0.1700271214008931,0.10794843995943353,0.23634869720769147,0.11342663010609122,0.06487599580729082,0.1620699778926101,-0.05660049129480188,-0.10124390710385604,-0.0169226756184324,popular
1925.0,xls,16,0.00018804585912848357,0.0,0.0004487884540387881,2.9648956356736243e-05,0.0,8.894686907020873e-05,-0.00015839690277174732,-0.0004191394976820519,0.0,popular
1926.0,xcu,28,0.0,0.0,0.0,0.0,0.0,0.0,0.0,0.0,0.0,popular
1926.0,cu,28,0.0010420116858307136,0.00026556626919412935,0.0020294507120442724,0.0015601646107658372,6.905759403342388e-05,0.004095302747627221,0.0005181529249351235,-0.0013720177746240582,0.003150973878038871,popular
1926.0,mcu,28,0.07395680566886188,0.049137510602643285,0.1006252482240033,0.15320201502459616,0.11407035704095739,0.19158817648883,0.07924520935573427,0.05253481348244436,0.10717450385906897,popular
1926.0,m,28,0.5790829850957959,0.5167336009304605,0.6374843692541198,0.6388991031260822,0.5995841412550813,0.6797131464351922,0.0598161180302863,0.00861025843501615,0.12520055459291635,popular
1926.0,ml,28,0.22677417976968592,0.19047617256769978,0.2673752697466843,0.1442662778784906,0.11916227866195726,0.16878246762146698,-0.0825079018911953,-0.11694429026131113,-0.05179703936190927,popular
1926.0,l,28,0.11897304083402571,0.07899378989937313,0.16595888665482084,0.062043485743758585,0.04431407308117627,0.08293575234936978,-0.05692955509026713,-0.09895365589672696,-0.023019506200664404,popular
1926.0,xls,28,0.00017097694579977564,0.0,0.0004975466953729277,2.8953616306676702e-05,0.0,8.686084892003012e-05,-0.00014202332949309895,-0.0004901768468970124,6.41149139811477e-05,popular
1927.0,xcu,29,0.0,0.0,0.0,0.0,0.0,0.0,0.0,0.0,0.0,popular
1927.0,cu,29,0.00028279094484763844,1.8662026042857343e-05,0.0006601430769272123,0.0009824979936207587,3.9136497674210917e-05,0.002209548608910232,0.0006997070487731202,-0.00019309883721641872,0.0019328517335377435,popular
1927.0,mcu,29,0.12436415653942208,0.09574675562581542,0.15325935299995463,0.2035766070278979,0.15985222107872374,0.24778782299871857,0.07921245048847582,0.048770663011283584,0.10852816097316813,popular
1927.0,m,29,0.6071053288435447,0.5687836928213059,0.6502555557535546,0.5878202738574367,0.5405182663129915,0.6389203090381476,-0.019285054986107997,-0.06351595119321128,0.02738764349044434,popular
1927.0,ml,29,0.1893206787828877,0.16009596670561493,0.21992105507841817,0.14085064311382373,0.11345610718361565,0.17094518636665104,-0.048470035669063966,-0.0793748594762593,-0.016951508398109254,popular
1927.0,l,29,0.07871212516812079,0.05618275580334179,0.10380682401123235,0.06669602644164044,0.03970107868573526,0.09664324196804362,-0.012016098726480351,-0.027543189188278253,0.004339479400298842,popular
1927.0,xls,29,0.00021491972117697525,1.0538740409746227e-05,0.0004978016671598563,7.39515655804168e-05,0.0,0.00021071325615298233,-0.00014096815559655847,-0.0003334441233071591,-1.0538740409746227e-05,popular
1928.0,xcu,22,0.0,0.0,0.0,0.0,0.0,0.0,0.0,0.0,0.0,popular
1928.0,cu,22,0.0005663911599021595,4.230178367925086e-05,0.0014667178634410031,0.0009485409848815764,3.498547438531853e-05,0.0021376556280147275,0.00038214982497941684,-0.0008203783922781292,0.0017790964063888089,popular
1928.0,mcu,22,0.15639472726659512,0.09670994865724053,0.2176936822391265,0.22666523837613078,0.1632440927754828,0.2944403853371175,0.07027051110953567,0.04225047132063395,0.10006678302343096,popular
1928.0,m,22,0.5736132093156878,0.5202643002185022,0.6213884632958607,0.5608779594340676,0.5044637178801109,0.6092877978480546,-0.012735249881620225,-0.05640451992465341,0.03700248493328864,popular
1928.0,ml,22,0.16966500732221984,0.14205443779194538,0.19981634252692654,0.12743905256415292,0.09710147286222719,0.16059353783803237,-0.042225954758066925,-0.0667384132250999,-0.019098208854935187,popular
1928.0,l,22,0.09967276563399183,0.057396604676206116,0.15470605280616487,0.08399765723430609,0.051161538497991745,0.12092417400598518,-0.015675108399685736,-0.04840164311874609,0.00776964247772542,popular
1928.0,xls,22,8.789930160318361e-05,2.194105170774519e-05,0.00017254642030723879,7.155140646112271e-05,0.0,0.00018218668691583566,-1.6347895142060896e-05,-0.00011635680454743008,8.143288245991763e-05,popular
1929.0,xcu,38,0.0,0.0,0.0,0.0,0.0,0.0,0.0,0.0,0.0,popular
1929.0,cu,38,0.00021443274690649742,1.5313232163912837e-05,0.0005308599987549961,0.0016473768297764933,3.356605800214823e-05,0.004430404812064898,0.0014329440828699958,-8.752630734928911e-05,0.004209416289357493,popular
1929.0,mcu,38,0.03377832171868533,0.021762409792325223,0.04874490839179309,0.10885651033875182,0.07898955633678126,0.14120569152952267,0.07507818862006649,0.053956473266826795,0.09708755083748767,popular
1929.0,m,38,0.5585150528606296,0.5123946167559593,0.6021075038424497,0.6025451527472758,0.5585697882150826,0.6444965936120874,0.04403009988664619,0.002059453373536361,0.09452995515778273,popular
1929.0,ml,38,0.2989657436496101,0.2638528278548856,0.3377965648208652,0.2024003545104496,0.1730146749892545,0.2369048610334272,-0.09656538913916049,-0.13668600721022714,-0.06130386140100463,popular
1929.0,l,38,0.10844847710849477,0.08711233179483847,0.13300191403844439,0.08454215205962042,0.0642026722590335,0.1085133522641638,-0.023906325048874355,-0.0419135700149394,-0.0084927820968202,popular
1929.0,xls,38,7.797191567371016e-05,0.0,0.00019661489453510212,8.453514125822106e-06,0.0,2.5360542377466315e-05,-6.951840154788805e-05,-0.00019366504860413185,5.899691861940474e-06,popular
1930.0,xcu,31,0.0,0.0,0.0,0.0,0.0,0.0,0.0,0.0,0.0,popular
1930.0,cu,31,0.00046761428845504434,4.118488926412899e-05,0.0011159300519516956,0.00012185900769762819,0.0,0.0003438021047649021,-0.0003457552807574161,-0.0010385866190539524,0.00015149276794317913,popular
1930.0,mcu,31,0.031866391240610394,0.018021317547254705,0.048310518328357296,0.0641558383952679,0.04494984813882694,0.08433746376302123,0.0322894471546575,0.011930000505975638,0.05256691396664913,popular
1930.0,m,31,0.5485352155333874,0.4971594135145405,0.5971604855575683,0.5921883970168457,0.5539864538097578,0.6336555651772171,0.043653181483458314,0.00021841195890739528,0.09182511883892565,popular
1930.0,ml,31,0.30115512980806003,0.2618448019350978,0.34391248672761954,0.2526381531322518,0.21858021819281334,0.2846036537369755,-0.04851697667580823,-0.08730606318143726,-0.011435319589042748,popular
1930.0,l,31,0.11774777771927226,0.0822489836681582,0.157493538360245,0.09088953102758669,0.0635265068685356,0.11909106227491435,-0.026858246691685572,-0.05585927122349249,-0.0009165315907112106,popular
1930.0,xls,31,0.00022787141021497805,2.0592444632064496e-05,0.0005526453700515682,6.2214203502659656e-06,0.0,1.8664261050797898e-05,-0.0002216499898647121,-0.0005456601272015985,-2.0592444632064496e-05,popular
1931.0,xcu,32,0.0,0.0,0.0,3.312720848056537e-05,0.0,9.93816254416961e-05,3.312720848056537e-05,0.0,9.93816254416961e-05,popular
1931.0,cu,32,0.0012314513626588684,0.0002666453695866302,0.0025145611726712274,0.0032172818107811226,0.00034934922908367525,0.008364707601789902,0.001985830448122254,-0.0004405115960002022,0.006231191525867839,popular
1931.0,mcu,32,0.05370985042467772,0.038581948133333266,0.07212589916595553,0.10360571601694663,0.07279789467953661,0.1400649417340254,0.049895865592268905,0.02012544381001177,0.08130244061236296,popular
1931.0,m,32,0.5410509004888135,0.5020718432488477,0.5793750553837276,0.5263485878436444,0.47670900603562993,0.5714102376852604,-0.014702312645169191,-0.055733705727267234,0.029156295713634015,popular
1931.0,ml,32,0.27664229254463546,0.24729028298962552,0.30617944871963937,0.25380324333765203,0.22051778934247535,0.29097295316326055,-0.02283904920698343,-0.057590994631473706,0.01633863771257131,popular
1931.0,l,32,0.12733053685757878,0.10175274565206503,0.15595707930581948,0.11296518567495596,0.08410237389282813,0.14735582904318692,-0.014365351182622818,-0.04043411120222582,0.009767751000736001,popular
1931.0,xls,32,3.4968321635597063e-05,4.876716604244694e-06,7.482259425753791e-05,2.6858107539336474e-05,0.0,7.507643380731274e-05,-8.110214096260589e-06,-5.1189148885945755e-05,3.3968407953141683e-05,popular
1932.0,xcu,30,0.0,0.0,0.0,0.0,0.0,0.0,0.0,0.0,0.0,popular
1932.0,cu,30,0.0005556487633576364,7.69780138311224e-05,0.0013703571479013472,0.0006168560818295164,0.0,0.0017608010707586656,6.120731847188002e-05,-0.001113199239648758,0.0013941598344455058,popular
1932.0,mcu,30,0.06993445761575016,0.04897747965465302,0.0952567949053471,0.12669116870518574,0.09376051026452867,0.1645576252169335,0.05675671108943557,0.03257374040025574,0.08589979208824851,popular
1932.0,m,30,0.6028811747207085,0.5676327187513371,0.6359873218247488,0.6187768789659905,0.58023532300993,0.6512401235552887,0.015895704245282083,-0.017098521772225633,0.044933926192408956,popular
1932.0,ml,30,0.2451133599391358,0.22199393508600973,0.2729046888707948,0.19865246027619407,0.17347648938033133,0.2245527993052608,-0.04646089966294173,-0.07559236708629498,-0.018816004694140385,popular
1932.0,l,30,0.08110976211801343,0.061901222756468005,0.10208292967721756,0.055215485647125355,0.041811828957183245,0.06967301559206412,-0.02589427647088808,-0.03949891432355266,-0.011892076587875474,popular
1932.0,xls,30,0.00040559684303448194,2.173221441274203e-05,0.001001176544377715,4.7150323674915904e-05,0.0,0.00013535155046970045,-0.00035844651935956604,-0.0009693214959711938,4.2795053358299366e-05,popular
1933.0,xcu,28,0.0,0.0,0.0,0.0,0.0,0.0,0.0,0.0,0.0,popular
1933.0,cu,28,0.0011316744039226998,0.0003609506701400106,0.002051354988072872,0.0016027416973378463,0.0005345368840408073,0.002864863679599268,0.0004710672934151465,-0.0008239694733854739,0.0018006994358804936,popular
1933.0,mcu,28,0.052255499980496,0.03851418988444246,0.06792963717280844,0.1332557782934551,0.10591235248570469,0.1630574015354554,0.08100027831295911,0.059468956911527225,0.10427161763859724,popular
1933.0,m,28,0.5635626494129632,0.5307508722194295,0.6002912252835669,0.5580853703407563,0.520108092578226,0.5951127021523558,-0.005477279072206853,-0.04827153616095421,0.036043236229556096,popular
1933.0,ml,28,0.2666988819774508,0.22689142246994318,0.30525114071386805,0.21822631180149796,0.18707541387745158,0.2522698580136475,-0.04847257017595283,-0.08325272605897656,-0.015035391533358047,popular
1933.0,l,28,0.11571484710927885,0.09436254577332462,0.13774786937910755,0.08873061933730798,0.06962543239459423,0.10696889358418926,-0.026984227771970862,-0.04510663307238172,-0.010797738917530506,popular
1933.0,xls,28,0.0006364471158885418,0.00014161786115289213,0.0013522500381820777,9.91785296447638e-05,0.0,0.00023037547147672501,-0.000537268586243778,-0.0012251918438446073,-4.520564426497157e-05,popular
1934.0,xcu,33,0.0,0.0,0.0,3.3726244076828385e-05,0.0,0.00010117873223048516,3.3726244076828385e-05,0.0,0.00010117873223048516,popular
1934.0,cu,33,0.0007459876957293385,0.00025734930521351113,0.0013687125860933952,0.0019383015612689316,0.00031116200363728045,0.004254656566206735,0.001192313865539593,-0.0004023944893221952,0.003410766239178225,popular
1934.0,mcu,33,0.11046269693818885,0.08290799368040344,0.13810740293047746,0.19041752996149758,0.15570030905442286,0.22531476597116146,0.07995483302330873,0.04886474963649189,0.10959402766672585,popular
1934.0,m,33,0.5475848156147747,0.5184033326066534,0.5773015052023499,0.5258155478270965,0.49132171500285265,0.5598394926744771,-0.02176926778767818,-0.057223259727298165,0.01413260267182214,popular
1934.0,ml,33,0.24439910116170482,0.21943053220429357,0.2679290916775367,0.20383595303561122,0.1710804770733718,0.24068372341980424,-0.0405631481260936,-0.07587523461947421,-0.004738661038994065,popular
1934.0,l,33,0.09661465530943769,0.07836236399560295,0.11355402308417899,0.07779566101212959,0.06292922135953677,0.0954769213690533,-0.0188189942973081,-0.03966067088671577,0.004634191565849885,popular
1934.0,xls,33,0.00019274328016447492,8.22072855085117e-05,0.0003211877721163774,0.00016328035831928852,0.0,0.0004047021083521526,-2.9462921845186405e-05,-0.00023697420950991748,0.000228690053051696,popular
1935.0,xcu,32,0.0,0.0,0.0,0.0,0.0,0.0,0.0,0.0,0.0,popular
1935.0,cu,32,0.0004376565559863423,2.7548209366391185e-05,0.0010008237398287352,0.000609857152913137,0.0,0.0016269035868646071,0.00017220059692679473,-0.0004377788549847691,0.0008891187050495047,popular
1935.0,mcu,32,0.08933200070147104,0.06709365478349404,0.11299659227083576,0.1946304912811121,0.15815333845788254,0.23402026790183647,0.10529849057964105,0.07735988187649542,0.13818837506068657,popular
1935.0,m,32,0.552366490789244,0.5246406464971358,0.5813862044309754,0.5142232384887359,0.48036011805682394,0.5482947029868481,-0.03814325230050819,-0.08010825714365709,0.00331552157455401,popular
1935.0,ml,32,0.24112258311323398,0.2193583007911407,0.2654515894754195,0.18714058033610978,0.15770147375400945,0.21438904492511882,-0.0539820027771242,-0.07686590985969977,-0.033126485547420426,popular
1935.0,l,32,0.11623099016393658,0.09285198818337102,0.14123181734793927,0.10325892356930633,0.07612108498473838,0.14037674189150415,-0.012972066594630252,-0.04476279230735987,0.027021225072087603,popular
1935.0,xls,32,0.0005102786761280917,9.274529267464809e-05,0.0010682108931385648,0.00013690917182285358,4.331000595034198e-05,0.00025896671555984983,-0.00037336950430523816,-0.0009109836660873707,2.1535404160602957e-05,popular
1936.0,xcu,36,0.0,0.0,0.0,0.0,0.0,0.0,0.0,0.0,0.0,popular
1936.0,cu,36,0.0008764781658606867,0.00011781879928992696,0.0021147456366256046,0.0032718593147775064,0.0013726577358416396,0.005610894640533254,0.0023953811489168197,0.0005605468694522709,0.004684640458812468,popular
1936.0,mcu,36,0.10196187274337717,0.0752651500849253,0.1326239963311196,0.18994390196424862,0.1458674384105184,0.23651767675275676,0.08798202922087145,0.0591968734267619,0.11716685414243125,popular
1936.0,m,36,0.5553139577515346,0.5249511184091659,0.5873745336311145,0.5330774609198438,0.4965551290472104,0.5692356265492393,-0.022236496831690822,-0.05253838503047387,0.009366422305089217,popular
1936.0,ml,36,0.22428882413013015,0.20759062355868496,0.24262567300367882,0.18036223989611647,0.16067744567399173,0.20457368232269016,-0.04392658423401369,-0.06315036439325859,-0.02262503383400304,popular
1936.0,l,36,0.11726605077955446,0.0953731589498041,0.1423471856514834,0.09305456112368625,0.07520537337232334,0.11484926289117799,-0.02421148965586821,-0.04437755426470066,-0.0054149642209814905,popular
1936.0,xls,36,0.0002928164295428544,9.747670263778797e-05,0.000603779649579284,0.0002899767813272509,1.506755879026504e-05,0.0007524977578842339,-2.8396482156035126e-06,-0.00042404916968177993,0.0005074843463233661,popular
1937.0,xcu,37,0.0,0.0,0.0,0.0,0.0,0.0,0.0,0.0,0.0,popular
1937.0,cu,37,0.00044780351401165717,0.00010574397726259028,0.0009719466476774713,0.001836000711340407,0.000762664334933931,0.0031207051850473135,0.0013881971973287498,0.0003507946791601205,0.002711659347987322,popular
1937.0,mcu,37,0.09223282327190044,0.07208864226478702,0.11174931375506393,0.2052697205352022,0.1627594825812393,0.24383941542361048,0.11303689726330177,0.07518653143510193,0.14662769402190012,popular
1937.0,m,37,0.565359178417177,0.5372722105219246,0.5965540391389276,0.5236923336085828,0.48937243802143643,0.5594515066979433,-0.04166684480859417,-0.07719723659749629,-0.006409768756279665,popular
1937.0,ml,37,0.21255138836664295,0.1912857659898369,0.23678408895229847,0.17694587152608215,0.15532774475316935,0.20497256154104837,-0.03560551684056079,-0.06059597365171976,-0.006704158253235763,popular
1937.0,l,37,0.12898528781401106,0.10195738804077531,0.15816195254707394,0.0921494905695001,0.07315318699181651,0.11383043293779305,-0.03683579724451096,-0.0591057252640617,-0.015083723688946532,popular
1937.0,xls,37,0.00042351861625702805,0.00019345503160383862,0.0006892206500744289,0.00010658304929233393,1.326313198374875e-05,0.000267900067003548,-0.0003169355669646941,-0.0006057071551195355,-3.1461165635796504e-05,popular
1938.0,xcu,32,0.0,0.0,0.0,0.0,0.0,0.0,0.0,0.0,0.0,popular
1938.0,cu,32,0.0008335371422837422,0.00021672211607959128,0.0017081640907090055,0.0004680698321396857,3.007834971325222e-05,0.0010461442521496156,-0.00036546731014405645,-0.0011252668076246104,0.00036361988503280846,popular
1938.0,mcu,32,0.09060141447412176,0.06698639791005294,0.11533841509689985,0.18376551037996008,0.14514526779186993,0.2249188827113297,0.09316409590583832,0.06374504687477754,0.12177011752633164,popular
1938.0,m,32,0.5662386823019141,0.5327873375633481,0.599686869270979,0.5263731070110685,0.47293370326320866,0.5714254103328071,-0.039865575290845556,-0.08846734000574603,0.0037404090330546928,popular
1938.0,ml,32,0.24003110876797398,0.21647989816326946,0.2646944452623456,0.20590291007065342,0.16285794691931416,0.26817453696843446,-0.03412819869732056,-0.08355165811390267,0.030764895236522323,popular
1938.0,l,32,0.10169491613893876,0.0829901128804424,0.12137658608970894,0.08308222433316936,0.0658883081557572,0.10116121993330796,-0.018612691805769396,-0.03273587250523509,-0.004148543293507955,popular
1938.0,xls,32,0.000600341174767606,0.00020700450862618308,0.0010851562996847144,0.00040817837300889426,8.534108876414471e-05,0.0008832239605859804,-0.00019216280175871173,-0.0006620004880088225,0.0003161240483920496,popular
1939.0,xcu,39,0.0,0.0,0.0,0.0,0.0,0.0,0.0,0.0,0.0,popular
1939.0,cu,39,0.000679717420242803,0.00030618381049051966,0.0010830375100489855,0.0008694580425516251,0.00017621208059304168,0.001891486908886679,0.00018974062230882208,-0.0006374241859587592,0.0013647186448646387,popular
1939.0,mcu,39,0.10277714202731474,0.08343171412683004,0.12344601567238203,0.20459124208672383,0.1725480635910078,0.23922741177778684,0.1018141000594091,0.07255428618421479,0.13215903853611166,popular
1939.0,m,39,0.5690177931402053,0.5391402572813992,0.5974683830461583,0.5435577538293974,0.5097542841222241,0.5736216488806045,-0.02546003931080787,-0.05230475254967715,0.0014810915729032256,popular
1939.0,ml,39,0.22060097102816206,0.19808840237292677,0.2448830672053931,0.17152707095281405,0.14690198363015938,0.20170457054399774,-0.04907390007534801,-0.0734516026297138,-0.026256749011350444,popular
1939.0,l,39,0.1064145925280868,0.08633248015481565,0.12948262202207317,0.07940812278737952,0.06137473145237093,0.10140280344356573,-0.02700646974070728,-0.04132836696314818,-0.01253908851546702,popular
1939.0,xls,39,0.0005097838559884032,0.00020856466109642622,0.0008851466162049745,4.63523011335167e-05,1.004129476439623e-05,9.468775435341561e-05,-0.00046343155485488647,-0.0008129232278836072,-0.00017572453850702178,popular
1940.0,xcu,32,1.1780228065215343e-05,0.0,3.534068419564603e-05,8.667313826099016e-06,0.0,2.6001941478297047e-05,-3.1129142391163272e-06,-2.689005321519948e-05,2.6001941478297047e-05,popular
1940.0,cu,32,0.0007648719451950284,0.0003367137043064039,0.0012705157140404672,0.0029503798699833652,0.00036860118368988836,0.0065661932153207175,0.0021855079247883368,-0.00044705758461025295,0.005900454450725056,popular
1940.0,mcu,32,0.10046848997113152,0.07501263649549425,0.1276237768800672,0.20243173591239932,0.16383925426554388,0.24033243386302233,0.10196324594126781,0.07335159375222375,0.12923099554606618,popular
1940.0,m,32,0.5960737114817848,0.5619350840572322,0.6316067107888939,0.5386834152619385,0.5098011206368102,0.5709534706528749,-0.05739029621984626,-0.08160310298306049,-0.030556607861702934,popular
1940.0,ml,32,0.19445865241329463,0.1725633533572086,0.21789099373552925,0.16607804090186565,0.1462450212150378,0.1874809112744749,-0.028380611511428983,-0.04778849436200908,-0.007131413131231725,popular
1940.0,l,32,0.10789083248339856,0.07702808577535283,0.14673608013225778,0.08958307936268983,0.06359080867095983,0.12514030098334164,-0.01830775312070873,-0.03519751099600288,-0.0007167684448610537,popular
1940.0,xls,32,0.00033166147713027585,0.00010446974505647633,0.0006363586137555482,0.00026468137729719187,3.479055945813036e-05,0.0006637731228355385,-6.698009983308398e-05,-0.00046982967389638363,0.0004417455756986368,popular
1941.0,xcu,37,0.0,0.0,0.0,0.0,0.0,0.0,0.0,0.0,0.0,popular
1941.0,cu,37,0.0012736169948176336,0.0006682646894355932,0.001967872104866499,0.0008018227491226272,9.628924252641095e-05,0.0019255471534317214,-0.00047179424569500643,-0.001511566155898505,0.0007265950979465009,popular
1941.0,mcu,37,0.09006885165608616,0.0652341610098922,0.12226525225297287,0.1852366578409864,0.14383988385213883,0.2242706148044679,0.09516780618490023,0.06634396250758416,0.12187420569460139,popular
1941.0,m,37,0.5687070911136292,0.5408518849467875,0.5959753471819546,0.5569415897628984,0.5247764596608372,0.5910756653574653,-0.011765501350730734,-0.04531549802077471,0.028805229131082424,popular
1941.0,ml,37,0.23629155059503754,0.20994950873007034,0.2651991519274512,0.1663301261050919,0.1442788640395692,0.18686640547356445,-0.06996142448994563,-0.09577197817936225,-0.04888362879675266,popular
1941.0,l,37,0.10311297574704908,0.08595822920038117,0.12201402355880246,0.09056782720466544,0.07292334823341967,0.10683695885237965,-0.012545148542383644,-0.028585352934601058,0.0030024111908848305,popular
1941.0,xls,37,0.0005459138933803388,0.00023051078320921283,0.0009186669568857471,0.00012197633723517655,3.252739819431178e-05,0.00023767257854338556,-0.0004239375561451622,-0.0008308759707814403,-7.461659368200845e-05,popular
1942.0,xcu,37,0.0,0.0,0.0,0.0,0.0,0.0,0.0,0.0,0.0,popular
1942.0,cu,37,0.0012176742247228443,0.0004950803731458943,0.0021186273644586287,0.0006772386392091676,0.00022486353311826083,0.0012883619609647566,-0.0005404355855136766,-0.0013046013464979537,0.0002225667469714448,popular
1942.0,mcu,37,0.09035526876785922,0.07000200692898599,0.11301793879786734,0.17806928582706147,0.132555011719097,0.22819853276574933,0.08771401705920225,0.05379522663932154,0.12402712530779073,popular
1942.0,m,37,0.5733867077999352,0.533983851942012,0.6079328092463298,0.5262083079301489,0.4780065334090595,0.5733249848099407,-0.047178399869786225,-0.08115914375080968,-0.012217703144685548,popular
1942.0,ml,37,0.2021092533404428,0.17960521307422447,0.22319138635392025,0.17509610319736407,0.15209222624542137,0.19857629734480461,-0.02701315014307873,-0.04374732000252018,-0.011429854620125152,popular
1942.0,l,37,0.13227791343098025,0.09631126705527351,0.1855714883417193,0.11974989259496618,0.07959541271826678,0.1825048075799142,-0.012528020836014064,-0.028614415579931836,0.0046195266951489485,popular
1942.0,xls,37,0.0006531824360598278,0.00023783304147685717,0.0013030223451896041,0.00019917181125018673,3.914043665364336e-05,0.00044427637844454953,-0.000454010624809641,-0.0008847369413933825,-0.00014657960180525914,popular
1943.0,xcu,35,0.0,0.0,0.0,4.304870961492929e-06,0.0,1.2914612884478788e-05,4.304870961492929e-06,0.0,1.2914612884478788e-05,popular
1943.0,cu,35,0.0011490714112342485,0.0003999748246339234,0.002200336444070759,0.002064883035797859,0.00048282457669851145,0.004345282032654618,0.0009158116245636106,-0.001114986730238298,0.0033537601065303665,popular
1943.0,mcu,35,0.09945597506519556,0.06979529646004809,0.13392571684005852,0.19308191260360535,0.1574020034107311,0.23579694212900906,0.0936259375384098,0.06559896052995891,0.11918116745863087,popular
1943.0,m,35,0.5551861025938839,0.5248315664442914,0.5877533537113554,0.512400507883125,0.4825164531550269,0.5419444310122851,-0.042785594710758934,-0.07648342792373444,-0.009160339923870999,popular
1943.0,ml,35,0.21984708122267,0.19403582146819362,0.24681307918215534,0.1941416901434645,0.1707908527015874,0.21776417450918087,-0.025705391079205497,-0.04736569859015035,-0.0018503058024593336,popular
1943.0,l,35,0.12318594787958315,0.09955366604827356,0.14604125522627834,0.0975068226794582,0.0785939372113418,0.1163778662186555,-0.02567912520012494,-0.04179984007847775,-0.009443175804762652,popular
1943.0,xls,35,0.0011758218274331347,0.0005060538921043702,0.002184263526905526,0.0007998787835875344,0.00018859419448750723,0.001666639871956377,-0.0003759430438456002,-0.0012398487473809314,0.0003854738346745704,popular
1944.0,xcu,35,2.3679287727025173e-05,0.0,7.103786318107552e-05,0.0,0.0,0.0,-2.3679287727025173e-05,-7.103786318107552e-05,0.0,popular
1944.0,cu,35,0.0020087913269336128,0.0006900812550082148,0.0038354168802110403,0.0015786555620019428,0.00020529146748452307,0.0038278519316410674,-0.00043013576493167,-0.0013358138935242615,0.0005839838637298429,popular
1944.0,mcu,35,0.07795117016648566,0.05946402627584981,0.09617690902574201,0.13597541734396953,0.11111734637332482,0.16518619135055743,0.058024247177483876,0.0370367257898158,0.07957302836237112,popular
1944.0,m,35,0.5867933398767575,0.5599182853333016,0.6140402532761694,0.5603176861822481,0.5277316818346631,0.5953046857843733,-0.026475653694509438,-0.05485588592777842,0.0013848491887507486,popular
1944.0,ml,35,0.223488929577781,0.2015611924827744,0.2448028650034433,0.20107792041783057,0.17682776116579388,0.2256908824506342,-0.022411009159950424,-0.044532380942703294,0.00012610179942170154,popular
1944.0,l,35,0.10873322938182291,0.08887432505403575,0.1286168108004084,0.10077117260179416,0.08255857451970404,0.11831078372388577,-0.007962056780028745,-0.02446729312388416,0.006726060276993957,popular
1944.0,xls,35,0.0010008603824921518,0.0003388764033715913,0.0019049346092952532,0.0002791478921558002,4.933764215408146e-06,0.0006739558970982983,-0.0007217124903363516,-0.0015777913164241376,-0.0002012445437913619,popular
1945.0,xcu,36,0.0,0.0,0.0,1.0992393263861408e-05,0.0,3.297717979158422e-05,1.0992393263861408e-05,0.0,3.297717979158422e-05,popular
1945.0,cu,36,0.0012363893910411388,0.0006340604540103202,0.0019355041580704842,0.00047694025003796876,4.647058677884048e-05,0.0010691680249260054,-0.00075944914100317,-0.0016868097742955544,0.00011466755083336227,popular
1945.0,mcu,36,0.08353043587608772,0.05945397533276099,0.10890204104032844,0.15450729530486862,0.12191103622427349,0.18667916623921907,0.0709768594287809,0.04781835053756303,0.09521711168255086,popular
1945.0,m,36,0.5875336638049959,0.5566638588330303,0.6163883952506433,0.5536852402485374,0.5204641240666321,0.5893177087156015,-0.03384842355645856,-0.07009708592290387,0.00841061550526449,popular
1945.0,ml,36,0.21477997378277414,0.19253189134941062,0.23707310802998802,0.1982390599442686,0.17020801142690478,0.2280109317144691,-0.016540913838505533,-0.041626782860608204,0.011267838173213937,popular
1945.0,l,36,0.11251792343281901,0.09291604271520736,0.13415473845268952,0.09276333246321562,0.0761527349810471,0.11126421035320135,-0.019754590969603386,-0.03796104057096232,-0.00341989843280416,popular
1945.0,xls,36,0.00040161371228193536,0.00011001578991721832,0.0007685605866585821,0.0003171393958078437,4.397647960037425e-05,0.0007177352031890932,-8.447431647409163e-05,-0.000573176431516817,0.0004263073184015195,popular
1946.0,xcu,35,4.985417653363911e-06,0.0,1.4956252960091732e-05,0.0,0.0,0.0,-4.985417653363911e-06,-1.4956252960091732e-05,0.0,popular
1946.0,cu,35,0.0009021126923517424,0.0003990100600467116,0.00146701890393062,0.0009325472897183672,0.00021476433186693825,0.0019220671400290267,3.043459736662478e-05,-0.0008883774392664199,0.0010934154532843423,popular
1946.0,mcu,35,0.07634918410331365,0.05535594014809469,0.10010119499592243,0.1512733289717447,0.11831905423468726,0.18874220800074093,0.07492414486843105,0.05223152393091203,0.09786544524253356,popular
1946.0,m,35,0.5916565444668477,0.5542680458135346,0.6240611765748985,0.550583754493257,0.5216540702293282,0.5777230613880457,-0.04107278997359065,-0.07476666137894818,-0.00470928502850335,popular
1946.0,ml,35,0.22008146667633788,0.19425201420378232,0.24992983249970688,0.19383378808495874,0.17089364544647426,0.21922263510599202,-0.026247678591379137,-0.04833191695210257,-0.004137390810552221,popular
1946.0,l,35,0.11064748325650557,0.08805822860489991,0.13528613563949246,0.10317536186868408,0.0833303686937357,0.12495087992519074,-0.007472121387821495,-0.027477820098242532,0.01362684720656742,popular
1946.0,xls,35,0.00035822338699014237,0.00015072173552442734,0.0006369234207276159,0.0002012192916369517,3.461873099911389e-05,0.0004420925274485619,-0.00015700409535319068,-0.0004023641660341497,5.564111990843395e-05,popular
1947.0,xcu,32,0.0,0.0,0.0,0.0,0.0,0.0,0.0,0.0,0.0,popular
1947.0,cu,32,0.0011460918791590508,0.000326765796949721,0.0022928356596604586,0.0007390089246332419,0.00021299803724033099,0.001395615275925523,-0.0004070829545258089,-0.0016503148318575067,0.0005103046123307368,popular
1947.0,mcu,32,0.0782975933210147,0.051894736319101874,0.1068211202992276,0.15002363673753943,0.11728317814356325,0.17748502813245998,0.07172604341652473,0.043888740028843194,0.09736356413436315,popular
1947.0,m,32,0.5747131202364794,0.5440061973558945,0.602644270919737,0.5409465805396947,0.5112171435104041,0.570499349999294,-0.03376653969678467,-0.06254294885067621,0.000332048847129737,popular
1947.0,ml,32,0.23160518046042705,0.20245608115261063,0.2635391495424634,0.22028786451818266,0.19275088329392703,0.24854877838039258,-0.011317315942244388,-0.03153971443764804,0.01038359678624038,popular
1947.0,l,32,0.11369023735226835,0.09221309307656196,0.13965708047970274,0.08789515317038153,0.06857164537186307,0.11019844399921049,-0.02579508418188682,-0.04305536491623289,-0.011864837300133192,popular
1947.0,xls,32,0.000547776750651488,0.0001672105389775778,0.0010107978683287866,0.00010775610956850927,2.055277271132844e-05,0.0002103092943190228,-0.00044002064108297875,-0.0009371523007093024,-3.507485926385636e-05,popular
1948.0,xcu,37,0.0,0.0,0.0,0.0,0.0,0.0,0.0,0.0,0.0,popular
1948.0,cu,37,0.0009354147485097677,0.0003969147175560747,0.0015858832447708802,0.000849872643924433,0.0003103075600338604,0.001509785367847556,-8.554210458533473e-05,-0.0009478067191494156,0.000832907187431645,popular
1948.0,mcu,37,0.08604173634444368,0.06545116798798334,0.10665574555297333,0.16646657836046605,0.12831604406843541,0.2060331299757256,0.08042484201602237,0.05201003316060233,0.10785833530401491,popular
1948.0,m,37,0.5662622081537417,0.5304599728205676,0.6039207775979664,0.5484714305641151,0.5105566734718893,0.5828408218529536,-0.01779077758962666,-0.05689422746115902,0.018808669214711516,popular
1948.0,ml,37,0.22412498906386957,0.20311716799961585,0.2463780454222047,0.18521483524758836,0.16119915767932239,0.21217192972921714,-0.03891015381628121,-0.06326654239850484,-0.012495654302986806,popular
1948.0,l,37,0.12242096086626124,0.09355642599780654,0.15343773609620034,0.09892519441303942,0.07783904116290491,0.12113241813672608,-0.023495766453221822,-0.04856807335372126,-0.0014398018281764945,popular
1948.0,xls,37,0.000214690823173849,0.00010203079558051685,0.00037607376635364926,7.208877086659388e-05,4.198699242974526e-06,0.00017454131096357123,-0.00014260205230725513,-0.0003236002433011877,1.5973645982839016e-05,popular
1949.0,xcu,35,0.0,0.0,0.0,0.0,0.0,0.0,0.0,0.0,0.0,popular
1949.0,cu,35,0.0009259156899521303,0.000323858847017752,0.0016798975866561018,0.0007708895140151673,2.5653010321924098e-05,0.00184220452646936,-0.00015502617593696297,-0.0008880098052333899,0.0006604894412062988,popular
1949.0,mcu,35,0.07766992319621134,0.05763380775750187,0.10136901328615866,0.12234262481549235,0.0968756660168319,0.15158050160934855,0.04467270161928101,0.017706975195000436,0.07091490360389892,popular
1949.0,m,35,0.5673322229725855,0.5337864841868658,0.598823206757313,0.5358304503171011,0.49607685836298626,0.5784426397656636,-0.03150177265548437,-0.07214441219015427,0.012366647593786863,popular
1949.0,ml,35,0.23773346301822862,0.21216826044116222,0.2611788888081387,0.22158963152659616,0.19636999227523338,0.2461421872272143,-0.016143831491632454,-0.03929321652162979,0.006087352431761511,popular
1949.0,l,35,0.11593168700550893,0.09064400502051904,0.14429037198819858,0.11897610752319118,0.0872182835174067,0.15828669424699315,0.0030444205176822503,-0.022779276677086204,0.03169899614880594,popular
1949.0,xls,35,0.0004067881175136042,0.00014916905962891267,0.0007816709313618208,0.0004902963036041208,0.00012437377082883378,0.0009559323024036044,8.350818609051657e-05,-0.00037004524420927536,0.000556407603319814,popular
1950.0,xcu,33,0.0,0.0,0.0,0.0009773929773929774,0.0,0.0029321789321789323,0.0009773929773929774,0.0,0.0029321789321789323,popular
1950.0,cu,33,0.00043301626649298544,0.0001233347496006637,0.0008099745550023042,0.0007204147401166601,8.481980323172456e-05,0.001664844522353105,0.00028739847362367464,-0.0005426083145880223,0.001324020136387416,popular
1950.0,mcu,33,0.048316265279486355,0.030913824716416446,0.07008582184808437,0.10207812570215652,0.07300390431667737,0.13282687966856874,0.053761860422670164,0.030283728151835686,0.07878481089231038,popular
1950.0,m,33,0.5186330223771739,0.47398304906414923,0.5628845885258685,0.5179897020130997,0.4808101389106968,0.5554163517875867,-0.000643320364074218,-0.04626544093502269,0.049386558215970267,popular
1950.0,ml,33,0.2896592537982458,0.2485645814319273,0.33443502636534717,0.24890963652522005,0.21339852777008966,0.2889792602002544,-0.04074961727302576,-0.06930777519793865,-0.00877553161565606,popular
1950.0,l,33,0.14266343399008707,0.11309832248062757,0.17599195685428437,0.1286080364335621,0.10168427818402159,0.15648698987942644,-0.014055397556524962,-0.037389534286978186,0.009641692863524225,popular
1950.0,xls,33,0.0002950082885138679,0.00011489097856779923,0.0005310824399095549,0.000716691608451944,5.3586260482812205e-05,0.0016130180547339057,0.0004216833199380761,-0.00023648804218243398,0.0013058439264050827,popular
1951.0,xcu,34,0.0,0.0,0.0,6.971412527038268e-05,0.0,0.00020914237581114801,6.971412527038268e-05,0.0,0.00020914237581114801,popular
1951.0,cu,34,0.0009174786839030867,0.00025364070265576286,0.0019749392605055496,0.0014378965681998677,0.00027113650077207246,0.003666017137431294,0.000520417884296781,-0.0006945647689864454,0.00251185396261959,popular
1951.0,mcu,34,0.06802390437970157,0.045877999127563886,0.09080399130963748,0.11933555539861856,0.09027714911793014,0.15262636223016904,0.05131165101891699,0.024730227488406607,0.07785354564592856,popular
1951.0,m,34,0.5639841815711115,0.5270549443927708,0.6004525693121969,0.5743173282780252,0.526211743811218,0.6213189717610736,0.010333146706913654,-0.026752247676868755,0.049635034115205534,popular
1951.0,ml,34,0.23064777393470814,0.20325648032276572,0.25832592502526164,0.1857051118374328,0.15558515861462877,0.22407078645333917,-0.04494266209727535,-0.07815763156564609,-0.012776455537356906,popular
1951.0,l,34,0.13601873479825635,0.10444366411616314,0.1677122865298167,0.11899152648768174,0.08473589684982423,0.15469401965637267,-0.01702720831057461,-0.03257418277991331,-9.15174278376583e-05,popular
1951.0,xls,34,0.0004079266323193201,0.00018960569026260776,0.0006821772477748941,0.00014286730477147512,0.0,0.0003784966933504009,-0.00026505932754784496,-0.0006023101959438934,7.361650042897168e-05,popular
1952.0,xcu,35,0.0,0.0,0.0,6.958942240779402e-05,0.0,0.00020876826722338206,6.958942240779402e-05,0.0,0.00020876826722338206,popular
1952.0,cu,35,0.0003554857190378096,0.0001444175749152095,0.0005898905726963978,0.0010948404340472226,0.00014567852436904617,0.002327623060437185,0.000739354715009413,-0.00023582581239999943,0.0020197074579070343,popular
1952.0,mcu,35,0.07286681581647635,0.05177310083301657,0.09613236164567265,0.12539124810629565,0.08926106724181884,0.16279277563528663,0.0525244322898193,0.02219333992727073,0.08407052691422125,popular
1952.0,m,35,0.519512943645049,0.4839736815812091,0.5558066293793358,0.5232933186893693,0.4893155341612033,0.5584104972541375,0.003780375044320383,-0.040252759113282244,0.04896524071855385,popular
1952.0,ml,35,0.2540370781324974,0.2279153752396657,0.2775210627648442,0.20611605610096692,0.18137934583992446,0.23203790169925761,-0.04792102203153045,-0.07723056580441062,-0.013855386805370606,popular
1952.0,l,35,0.15263904520503072,0.12397772435516193,0.18342604709035507,0.14348978580321625,0.11404182874732181,0.18034870815978044,-0.009149259401814464,-0.03025959136603602,0.012106642190488466,popular
1952.0,xls,35,0.0005886314819087309,0.00025138257794605004,0.0010644269429463222,0.0005451614436967759,8.320719201254572e-05,0.0012643047665619933,-4.3470038211954965e-05,-0.0005611497915970096,0.0004907989404327498,popular
1953.0,xcu,32,0.0,0.0,0.0,0.0,0.0,0.0,0.0,0.0,0.0,popular
1953.0,cu,32,0.000913008984893413,0.00032809222488358315,0.0016609638683304855,0.0005475859798868555,0.00011529566729523482,0.0010684967421355294,-0.0003654230050065575,-0.0010555404503966588,0.0003785576417101459,popular
1953.0,mcu,32,0.06543797308720906,0.04504560142503293,0.08624426226664592,0.1383445667486673,0.08506118989830358,0.198255141237246,0.07290659366145824,0.03378391646478176,0.11937742860596266,popular
1953.0,m,32,0.5151859741854474,0.4721484198173021,0.5560296643683015,0.5149047897940499,0.46102009430201285,0.5748783922415749,-0.0002811843913975709,-0.05351409238608969,0.05434036300418699,popular
1953.0,ml,32,0.2592724484225618,0.2264967963470694,0.2950171891240931,0.21079364440746318,0.16874398423980405,0.2487384013075173,-0.04847880401509863,-0.08829288841313991,-0.013333880658369816,popular
1953.0,l,32,0.1588628646041334,0.13076245176358994,0.1869841838942366,0.13466778628625337,0.10067641363726826,0.17431708132141643,-0.024195078317880037,-0.04785569491692107,0.001459937185447387,popular
1953.0,xls,32,0.00032773071575496076,0.00014665523908921691,0.0005707083323248414,0.0007416267836795335,1.0575296108291032e-05,0.001961521185818777,0.00041389606792457273,-0.0003558717748893981,0.001584257978977725,popular
1954.0,xcu,37,0.0,0.0,0.0,0.0,0.0,0.0,0.0,0.0,0.0,popular
1954.0,cu,37,0.0007590979194417415,0.00019236758363847252,0.001463293024021936,0.0003839144825541504,2.9313326560776473e-05,0.0009325940747147473,-0.0003751834368875911,-0.0010559549312025161,0.0002918163272271742,popular
1954.0,mcu,37,0.07619511497379783,0.04885964449009533,0.10541242136717613,0.12400384693818914,0.08221697902814164,0.17434261929127273,0.04780873196439131,0.016616123312871562,0.08298801765051458,popular
1954.0,m,37,0.5455359746641553,0.5083623496825552,0.5812446556779284,0.5649765466513518,0.521805881305467,0.6072395741743913,0.01944057198719651,-0.02355425527454225,0.06734325392323719,popular
1954.0,ml,37,0.26231326647611175,0.2309838252777209,0.29927006489247926,0.21287859725568672,0.17826020181001373,0.24885713148836325,-0.049434669220425026,-0.08312124871207473,-0.018969374305690553,popular
1954.0,l,37,0.11465199138390265,0.08842675303437737,0.1443391947010187,0.0974187427479443,0.07455877851459371,0.12154502526433594,-0.017233248635958348,-0.038109603271140755,0.005629645081329642,popular
1954.0,xls,37,0.0005445545825908849,0.00025806680614966584,0.0008887335927682591,0.00033835192427382,9.543390655997778e-05,0.0006340852698247299,-0.00020620265831706487,-0.0004850404303791954,0.0001086000051839448,popular
1955.0,xcu,37,0.0,0.0,0.0,1.6828597729890034e-05,0.0,4.338089649486805e-05,1.6828597729890034e-05,0.0,4.338089649486805e-05,popular
1955.0,cu,37,0.0005838168282321081,0.00012705260110943044,0.0012335542528152485,0.0007201323966568172,7.459072350074348e-05,0.0015405048234345923,0.00013631556842470902,-0.0008828707887412576,0.001131626460207485,popular
1955.0,mcu,37,0.05254794512435821,0.03792741431840934,0.06867718736015067,0.08557596018656471,0.05582880594850879,0.11572480501463209,0.033028015062206505,0.0077929376383961725,0.05951890124681865,popular
1955.0,m,37,0.5522582243078009,0.5065450399309509,0.5904420656625573,0.5775223563791881,0.5312077663660051,0.6202291122002513,0.025264132071387224,-0.005537386588217716,0.05653653099836803,popular
1955.0,ml,37,0.26546976503337866,0.23017093401314104,0.30097776775890167,0.224507077104627,0.18393519336723582,0.263378284936332,-0.04096268792875166,-0.06961767557321827,-0.012482740973164206,popular
1955.0,l,37,0.12754411850625708,0.09637970565059925,0.1646319685830296,0.11043278629132049,0.07673393796647113,0.15718400042213493,-0.01711133221493659,-0.03493753595116957,0.0007488399208326988,popular
1955.0,xls,37,0.0015961301999730798,0.00027092572347524286,0.0038027829558243296,0.0012248590439128911,0.00012263581680453016,0.003336089895722739,-0.0003712711560601887,-0.0009007170672852789,5.1950323375820854e-05,popular
1956.0,xcu,34,0.0,0.0,0.0,0.0,0.0,0.0,0.0,0.0,0.0,popular
1956.0,cu,34,0.0006358269394997684,0.00018958835112280295,0.0012360189485906867,0.0010231042822309566,1.0093261738463402e-05,0.002524331065762836,0.00038727734273118826,-0.000974094550469219,0.001973708273103284,popular
1956.0,mcu,34,0.06682888098294408,0.04672505225163278,0.0905685433054546,0.12531005243977492,0.08145736579848038,0.17237788071369053,0.058481171456830836,0.028746709339811216,0.09277084206300903,popular
1956.0,m,34,0.5274484072479428,0.4923954415047262,0.5654564658405016,0.5142786582738117,0.475396990105499,0.5537551031740489,-0.013169748974131146,-0.05158869189620359,0.02583325278599169,popular
1956.0,ml,34,0.26023995571601377,0.22771087852906124,0.29520072419004,0.2328987861187862,0.1882283688052256,0.2779805271231361,-0.02734116959722757,-0.056225603894204265,0.0054932902531216465,popular
1956.0,l,34,0.1442690155066386,0.11720681376772432,0.1746373986475061,0.12624450996449837,0.09323957519895128,0.16114174982499366,-0.018024505542140218,-0.044723381165616236,0.011637843526373903,popular
1956.0,xls,34,0.0005779136069609363,0.0002016152115668853,0.0009932358437714126,0.0002448889208979619,4.7758910841198213e-05,0.0005116949364286271,-0.00033302468606297435,-0.0008059727779792836,0.00011972735723197378,popular
1957.0,xcu,29,0.0,0.0,0.0,0.0,0.0,0.0,0.0,0.0,0.0,popular
1957.0,cu,29,0.0009363589896151185,0.0001808624400741291,0.0018988149195443248,0.0010448099954251868,0.0003882946266316204,0.0018115197293066044,0.00010845100581006832,-0.0010232532980494042,0.0010855495621791577,popular
1957.0,mcu,29,0.09704849497041886,0.06377039527489917,0.1363809969470237,0.16536320609075975,0.11379478587081673,0.22702491045491108,0.06831471112034089,0.022884493433011948,0.11162739363809261,popular
1957.0,m,29,0.5569372110339551,0.5159828668850954,0.5984083096667286,0.5601355985328662,0.5088408497781535,0.6133036070067486,0.003198387498911104,-0.046114547858945455,0.05349767887245721,popular
1957.0,ml,29,0.23898346327646125,0.2026400459316949,0.2749530211811204,0.1910536137793933,0.15085759570828006,0.23827655311503718,-0.04792984949706794,-0.07655171741991335,-0.015405102052987176,popular
1957.0,l,29,0.10532496259950035,0.07807946287268712,0.1340105422025126,0.08191138610800835,0.0582641378785901,0.10836619562303389,-0.02341357649149199,-0.04446722990233719,-0.001121732527020369,popular
1957.0,xls,29,0.0007695091300495424,0.00023020069548056424,0.0015775235763548616,0.000491385493547182,6.825565839408087e-06,0.0013740664336169622,-0.0002781236365023604,-0.0006537382291028133,5.786114510729558e-05,popular
1958.0,xcu,33,0.0,0.0,0.0,6.591866370794987e-05,0.0,0.00017996087594936977,6.591866370794987e-05,0.0,0.00017996087594936977,popular
1958.0,cu,33,0.0008865739216165273,0.00017762692464238822,0.0019423078168205525,0.0005031335501475515,7.973761203522498e-05,0.001110584564866932,-0.0003834403714689758,-0.0014278603860109998,0.0005187168023051263,popular
1958.0,mcu,33,0.10482079489729848,0.07204473352887288,0.1403647708759812,0.1624238107131284,0.11539721968007213,0.21613209169954137,0.05760301581582991,0.026232544489638715,0.08645814501681844,popular
1958.0,m,33,0.5775801924596227,0.5411470181275285,0.6163966161302473,0.5509338303799705,0.5067355579225788,0.5908218620586055,-0.02664636207965221,-0.06325017789804634,0.010581649736684625,popular
1958.0,ml,33,0.23877076279234924,0.20379273024712405,0.27868625574953065,0.20806960869517116,0.17349522081531552,0.24946331280293502,-0.03070115409717808,-0.053102915145582075,-0.00661547237917117,popular
1958.0,l,33,0.0775937186284546,0.06178265677391617,0.09606693799055728,0.07792171870135418,0.05583744488269447,0.10073904710728562,0.0003280000728995841,-0.02143527079725421,0.024269707056348285,popular
1958.0,xls,33,0.00034795730065849834,0.00011939487736249341,0.0006589448245217891,8.197929652026561e-05,1.0019960785358293e-05,0.00018293443656300728,-0.0002659780041382327,-0.0005855287979926831,-1.3782325591296523e-05,popular
1959.0,xcu,31,0.0,0.0,0.0,1.8659222880685464e-05,0.0,5.59776686420564e-05,1.8659222880685464e-05,0.0,5.59776686420564e-05,popular
1959.0,cu,31,0.0013081912625802477,0.0006063764048733132,0.002135369031354911,0.0011116237641287437,0.00029848355667247883,0.0022006903667977228,-0.00019656749845150395,-0.0012491771340203527,0.001068100247888322,popular
1959.0,mcu,31,0.11636972181907544,0.08133715243073282,0.15649101508321894,0.20167365188002156,0.14956429628293821,0.2626196120954741,0.08530393006094612,0.05068463800292996,0.12060129140858149,popular
1959.0,m,31,0.5752169685884048,0.5335682825540408,0.6158882309403806,0.5476902205965893,0.4986175096750604,0.5946930967304099,-0.027526747991815426,-0.0630492732585627,0.009215821076849255,popular
1959.0,ml,31,0.21383335229277536,0.1809339519634439,0.2471558606766104,0.18030986306008887,0.15344977337912885,0.20838489328607218,-0.0335234892326865,-0.057544052319790116,-0.008948541568587348,popular
1959.0,l,31,0.09237753072128492,0.0689950028581897,0.12484463886888747,0.06835488230887572,0.04630591831177753,0.09869502967463291,-0.024022648412409198,-0.03658830176266761,-0.011751373569833462,popular
1959.0,xls,31,0.0008942353158794792,0.00017314752695747092,0.0020429943154945908,0.000841099167415095,0.00022373266904885726,0.0016712280773257026,-5.313614846438419e-05,-0.0012570248211538633,0.0009261567614492351,popular
1960.0,xcu,38,0.0,0.0,0.0,0.0,0.0,0.0,0.0,0.0,0.0,popular
1960.0,cu,38,0.0005732411612860537,0.0002673174564299976,0.0009464966486766374,0.0005159930702498565,0.00017516094811850796,0.0009306033297752898,-5.724809103619722e-05,-0.0005649899688865916,0.00045459464617681654,popular
1960.0,mcu,38,0.11813549562470733,0.08851890624527967,0.150928094883673,0.2043538399287552,0.16306097719146126,0.25050567214912917,0.08621834430404786,0.06677105131287607,0.10776720498503387,popular
1960.0,m,38,0.594867053076066,0.5627285474836506,0.6242340494755123,0.5529925351862378,0.5171980899923375,0.5882895254530184,-0.04187451788982821,-0.07056097724976235,-0.014291795434321145,popular
1960.0,ml,38,0.20590385525376642,0.17086138303554438,0.24089368936548788,0.1804385423231604,0.14900213451502595,0.21688779503309713,-0.025465312930606027,-0.0452906514190926,-0.005135813127867524,popular
1960.0,l,38,0.08019406178969282,0.06677419407636595,0.09345683468610846,0.06155341103914559,0.04835533498310195,0.07629789069696422,-0.01864065075054723,-0.028769769591464284,-0.007791616564101461,popular
1960.0,xls,38,0.00032629309448141945,0.00012217799385094624,0.0005778497291947967,0.00014567845245114965,5.99765751551013e-06,0.0004025058576639617,-0.0001806146420302698,-0.0004884628495262675,0.00018418914732316137,popular
1961.0,xcu,32,1.5334914533409667e-05,0.0,4.6004743600229e-05,0.0,0.0,0.0,-1.5334914533409667e-05,-4.6004743600229e-05,0.0,popular
1961.0,cu,32,0.0007325117919298396,0.00034396336279938767,0.001168348210447628,0.0009290044044241068,0.0001358361908304464,0.0017781830652808244,0.00019649261249426726,-0.0005135984196512333,0.0009558479750052188,popular
1961.0,mcu,32,0.1388112708905629,0.10425230987917881,0.1763956951248085,0.22513815193621645,0.180485837279893,0.2716887988899551,0.08632688104565356,0.0617131986501593,0.11129387729087041,popular
1961.0,m,32,0.5742657823504818,0.5390460631365939,0.6069853500712916,0.5674778159067608,0.5374595861754949,0.5973934213302986,-0.0067879664437209275,-0.03302183745321047,0.020258095935555803,popular
1961.0,ml,32,0.18630596291757376,0.15992991645459234,0.21344290020046708,0.13423795427185775,0.11039179881006381,0.15844823849982353,-0.05206800864571601,-0.07385639925074756,-0.030657351795227453,popular
1961.0,l,32,0.09942587255361558,0.07099307413071122,0.13417738899375278,0.07213400339045327,0.04878704055445423,0.09776108263824647,-0.027291869163162313,-0.045369362906358464,-0.01116055555036213,popular
1961.0,xls,32,0.00044326458130277427,0.00012272021559875761,0.0008924384436705768,8.307009028765619e-05,2.4552871028790745e-05,0.00015093749611685658,-0.0003601944910151181,-0.0007909168901050288,-4.9127626402503746e-05,popular
1962.0,xcu,40,8.98391878537418e-06,0.0,2.695175635612254e-05,5.8317295032762765e-05,0.0,0.00015574322442023415,4.933337624738859e-05,-1.619629562063498e-05,0.0001436650200913864,popular
1962.0,cu,40,0.000451602496797998,0.00011216023079841251,0.0009380499129139025,0.00023854652619386755,5.583810758990282e-05,0.0005273671311034322,-0.00021305597060413043,-0.0007561347528783004,0.00023848188898137942,popular
1962.0,mcu,40,0.15879237304178945,0.12416430806911781,0.19404563235219896,0.23266386173832468,0.18405108208727677,0.2805307709852648,0.07387148869653523,0.05057503229792215,0.09905082136101455,popular
1962.0,m,40,0.5787693244176615,0.5460572691980853,0.6089588556891079,0.5613668882661269,0.5340377547049067,0.5888844886334307,-0.017402436151534584,-0.04284381252143655,0.011045476633490696,popular
1962.0,ml,40,0.18423471375853193,0.15730489497065442,0.21437564368028608,0.14686639125933176,0.12133677161353008,0.17513236714734046,-0.03736832249920016,-0.05531109057514218,-0.019968489123517136,popular
1962.0,l,40,0.07714263726317942,0.06153514792487733,0.09698917980800924,0.05838655925041377,0.04578389097984078,0.07594763472558515,-0.018756078012765652,-0.029244073461268377,-0.0081665608884518,popular
1962.0,xls,40,0.0006003651032543394,0.00019662688459808926,0.0011513569094584782,0.0004194356645762793,2.4233145324785402e-05,0.0011465559233079434,-0.0001809294386780601,-0.0008768026772533873,0.000510893960076215,popular
1963.0,xcu,36,5.664310313576219e-06,0.0,1.699293094072866e-05,0.0,0.0,0.0,-5.664310313576219e-06,-1.699293094072866e-05,0.0,popular
1963.0,cu,36,0.0005533520040349099,0.0001390746816456165,0.0011459410251611598,0.000739044938535793,0.00018570861218623536,0.001493823724776112,0.00018569293450088314,-0.0003661982885250496,0.0009370840546982891,popular
1963.0,mcu,36,0.131257762592215,0.10205740492776832,0.16262875252768716,0.24386671846417685,0.19827472936860865,0.290640708982289,0.11260895587196185,0.0747326003453714,0.15699017015107444,popular
1963.0,m,36,0.6038143006217932,0.5732981779710173,0.6320262347057937,0.5404103849409184,0.497523362014588,0.5811677123700661,-0.06340391568087478,-0.10039462106585752,-0.02630115778666233,popular
1963.0,ml,36,0.17602477081508586,0.15222732696206087,0.1991525219613543,0.1429286296534029,0.12093853646274558,0.16865042605884087,-0.03309614116168297,-0.05462131074576314,-0.011092656419247114,popular
1963.0,l,36,0.08786363463937776,0.06780718649429276,0.11337246980198223,0.07179015993630056,0.05066980535674896,0.10431401781888565,-0.016073474703077198,-0.0270091216952133,-0.003323463036526248,popular
1963.0,xls,36,0.00048051501717977815,0.00023951047840812726,0.0007897979856413499,0.00026506206666536045,7.619584164571773e-05,0.0005329525238416348,-0.0002154529505144177,-0.00043163534949318264,-2.1557626720366844e-05,popular
1964.0,xcu,38,7.480629540356396e-06,0.0,1.885125013373337e-05,4.337529169883668e-06,0.0,1.3012587509651004e-05,-3.143100370472728e-06,-1.5559964212082313e-05,9.425653661094641e-06,popular
1964.0,cu,38,0.00074745630149401,0.00025525919153196436,0.0013809361601692647,0.0012858725780745426,0.00026369189122997185,0.002685884097132015,0.0005384162765805327,-0.0005668160588096514,0.0019999512314966203,popular
1964.0,mcu,38,0.1753839188351578,0.13253760813934706,0.21432637358844359,0.21550558964866992,0.1696862966110768,0.2597435178156589,0.04012167081351212,0.005163175280687475,0.0722517017779504,popular
1964.0,m,38,0.574285386852393,0.5408422023984878,0.6074987778358792,0.546420239450763,0.4996299950569193,0.5934678973185245,-0.02786514740163004,-0.06552529128845443,0.00857442049159098,popular
1964.0,ml,38,0.16869864600245374,0.14340313940264052,0.19471997399608973,0.15958745724383863,0.12117855310681562,0.20972884734807834,-0.009111188758615107,-0.04620075802216968,0.04192214381747107,popular
1964.0,l,38,0.0800706118736415,0.06344580457467645,0.10143832569447234,0.07703696454364257,0.056842475196330795,0.10386416601071993,-0.0030336473299989314,-0.021142356243757703,0.018308794432525633,popular
1964.0,xls,38,0.0008064995053194031,0.0002972581563357107,0.0014343680752708665,0.00015953900584133308,5.664965144445699e-05,0.00028417845631262896,-0.00064696049947807,-0.0013058352733718432,-0.00012507095650782476,popular
1965.0,xcu,30,2.508750368921558e-05,0.0,6.892477300636082e-05,0.0,0.0,0.0,-2.508750368921558e-05,-6.892477300636082e-05,0.0,popular
1965.0,cu,30,0.0005949302225171776,0.00021873705280654707,0.0011655095238264858,0.0020346590630037566,0.0006301324162008053,0.003996496631768765,0.0014397288404865791,0.00025913130239003484,0.0029439468105716456,popular
1965.0,mcu,30,0.18942439726195606,0.14748453985797197,0.23355815001132335,0.2923145264172165,0.22743490751824666,0.3649947358130373,0.10289012915526044,0.053764566800224546,0.16379432471681923,popular
1965.0,m,30,0.5544198574065412,0.5128839406860844,0.5954159469618951,0.5368328245593943,0.4821136368335142,0.5943555655883415,-0.01758703284714691,-0.0676944516903427,0.038650224544677696,popular
1965.0,ml,30,0.16469102057113563,0.13833025633154092,0.19432988553656216,0.1193806496431787,0.0939921561908775,0.145787533703132,-0.045310370927956936,-0.07328041326718662,-0.017873000780022855,popular
1965.0,l,30,0.09011154994503401,0.06925666094580642,0.1108937154650882,0.04852885836120564,0.035323865544952884,0.0636351027267629,-0.041582691583828366,-0.059681743616962886,-0.02233950456495128,popular
1965.0,xls,30,0.0007331570891267444,0.00027630765321623837,0.0013271787832558593,0.0009084819560010958,0.00012913740522073287,0.0021653502020259024,0.0001753248668743514,-0.0007829783068223796,0.001606139261844237,popular
1966.0,xcu,34,2.105773916829982e-05,0.0,5.835161673344334e-05,0.0,0.0,0.0,-2.105773916829982e-05,-5.835161673344334e-05,0.0,popular
1966.0,cu,34,0.00046728739717349503,0.00023036619858591222,0.0007415572308637789,0.0007736341739501507,0.0002715550349399304,0.001417870177094588,0.0003063467767766556,-0.0001299666959677835,0.0008214050843411866,popular
1966.0,mcu,34,0.20023253446015077,0.16097718813089354,0.24276265296853683,0.2827547637371536,0.2333802234103348,0.3358113312235417,0.08252222927700281,0.04563101456979128,0.11601939413385237,popular
1966.0,m,34,0.57106366428629,0.5358485653441639,0.599306534325525,0.5402153058255571,0.488551900535817,0.5892354276272319,-0.03084835846073286,-0.06783111513743538,0.005311180442228888,popular
1966.0,ml,34,0.15657262779937023,0.1367906664179289,0.17804081284700016,0.11409002244359463,0.09478981155184191,0.13434539857433503,-0.042482605355775596,-0.059291373162294936,-0.02600774120201407,popular
1966.0,l,34,0.07129439640023844,0.05941559181733687,0.08291730071862093,0.062014510713927974,0.04586873190584811,0.08340444833656797,-0.009279885686310461,-0.025416681933637296,0.013690666704705874,popular
1966.0,xls,34,0.00034843191760878855,0.00015825923279045315,0.0005794600292221086,0.00015176310581644975,5.194833438910024e-05,0.0002775436053656228,-0.0001966688117923388,-0.0004560329084232015,7.65074721338067e-06,popular
1967.0,xcu,32,9.375426155734352e-05,0.0,0.00028126278467203054,5.5803275674667035e-05,0.0,0.00014548450295064338,-3.795098588267648e-05,-0.0002629385207507816,0.00012716023902939442,popular
1967.0,cu,32,0.0019040874944649738,0.0009683796824423138,0.0032371668072639502,0.0016738596181849036,0.000612999860709135,0.0030913838654437436,-0.00023022787628007016,-0.0018918274974408348,0.001414253561860599,popular
1967.0,mcu,32,0.22074277532127157,0.1776354932181304,0.26474465532923525,0.2738504840971032,0.22767481334806694,0.3206765007289681,0.05310770877583165,0.01550353203128618,0.08784608145964333,popular
1967.0,m,32,0.556545989090339,0.5229765503150856,0.5908599199815872,0.5184603951587761,0.4684878370494337,0.5655770045450138,-0.03808559393156297,-0.07889747775885114,-0.0030641181815504667,popular
1967.0,ml,32,0.13626207554141428,0.11633202627847702,0.15785703643377433,0.1293314544490497,0.09990705519675208,0.16192327810179608,-0.006930621092364586,-0.0320594065773161,0.02249854922216303,popular
1967.0,l,32,0.08388740729989316,0.06363970760837893,0.11149255518444867,0.07646494365298961,0.03809607131459129,0.14389001300190038,-0.007422463646903549,-0.04981569799469309,0.0625169086133183,popular
1967.0,xls,32,0.0005639109910596226,0.0001991531183477413,0.0010033648725740905,0.0001630597482219125,1.4877410140442752e-05,0.00042918983228810536,-0.00040085124283771015,-0.0008536547237728828,2.0483968479217087e-05,popular
1968.0,xcu,34,4.312575470070727e-06,0.0,1.2937726410212179e-05,2.064710649479651e-05,0.0,5.695542955289566e-05,1.6334531024725782e-05,0.0,4.401770314268348e-05,popular
1968.0,cu,34,0.0013471257942744305,0.0005440197945521776,0.002367130959658971,0.0024144692757901557,0.0005442177857402853,0.004700489366712895,0.0010673434815157252,-0.0004301377057868993,0.002909774731184824,popular
1968.0,mcu,34,0.2549977013591712,0.2134647936853307,0.29716300773807747,0.35044021879446496,0.3002335337869459,0.40161914899233486,0.09544251743529375,0.04959569944936769,0.13660876768063868,popular
1968.0,m,34,0.5059975271949171,0.4833219227923121,0.5280936179030169,0.46556341595913125,0.42580853169323435,0.5020009453971553,-0.04043411123578583,-0.07125282805808508,-0.009621925363764612,popular
1968.0,ml,34,0.15924742167685077,0.13378654295908673,0.18566918379055122,0.11514946654683336,0.08507983834763497,0.14902656773012396,-0.04409795513001741,-0.07377134934866586,-0.006165757591532098,popular
1968.0,l,34,0.0777788706425115,0.05980258965391437,0.09625496707861979,0.06526244166824736,0.04340255593526907,0.08834912950154775,-0.012516428974264138,-0.02746678678850889,0.0034499494872030963,popular
1968.0,xls,34,0.0006270407568049361,0.000296488000436417,0.0010292253589432704,0.0011493406490380661,4.356972874742402e-05,0.0032898130637675728,0.00052229989223313,-0.0007908636461525718,0.0028193866966117072,popular
1969.0,xcu,26,2.420867881135387e-05,0.0,7.262603643406161e-05,0.0,0.0,0.0,-2.420867881135387e-05,-7.262603643406161e-05,0.0,popular
1969.0,cu,26,0.0008875078330373464,0.00026881502125653835,0.0016262445270143432,0.0009519864412944691,0.00031362190039310685,0.0018185549687543452,6.44786082571227e-05,-0.0007807765852527264,0.0010114233307019994,popular
1969.0,mcu,26,0.2709451573624034,0.2110593877716589,0.3363823443614369,0.34185240138349793,0.2744883259748919,0.4024713905086166,0.07090724402109455,-0.008305624823744882,0.13805865903108522,popular
1969.0,m,26,0.49454081998322075,0.4479665874997996,0.545643183546009,0.4689613775176221,0.41981182917018267,0.5148380228299578,-0.025579442465598623,-0.07618194026484752,0.02484202994426432,popular
1969.0,ml,26,0.14216430581517775,0.11965735616781621,0.1655160188891791,0.1130082875012939,0.08534398964514636,0.1456016822878491,-0.029156018313883855,-0.059716446922017295,0.003969033790090008,popular
1969.0,l,26,0.09102516094066576,0.05309823428702928,0.14808903379224547,0.0750485493676445,0.03752948652914442,0.13229310839964462,-0.015976611573021257,-0.03473488134651417,0.0035137386323659796,popular
1969.0,xls,26,0.0004128393866835376,0.00020604972304402247,0.0006869424356930213,0.00017739778864711792,3.0228352717716653e-05,0.000415900657371793,-0.00023544159803641967,-0.0005307810440801881,5.324543948462896e-05,popular
1970.0,xcu,30,2.7281585006989806e-05,0.0,7.35322030675197e-05,0.0003166942091731418,0.0,0.0009273139572097717,0.000289412624166152,-4.62506180605299e-05,0.0009108966671017083,popular
1970.0,cu,30,0.000787923726892988,0.00028194873727894565,0.0014460295120661485,0.0016648241150204897,0.0002838500534678668,0.0035202435532951143,0.0008769003881275017,-0.0006751832674736512,0.002713219563238669,popular
1970.0,mcu,30,0.2906734743119646,0.23858862133665498,0.3451017843575868,0.37524901633700186,0.3124576904559389,0.44427863306204624,0.08457554202503725,0.044814958620264154,0.12576668134363972,popular
1970.0,m,30,0.49386732344102563,0.4566934684656858,0.5337413096345723,0.47687200754756126,0.427695297747328,0.5260614019151478,-0.01699531589346437,-0.05310336607183289,0.014705904346694899,popular
1970.0,ml,30,0.14916090551837707,0.12785239537897541,0.17021103536074428,0.10785371108532028,0.08186034059274963,0.13465946751522956,-0.04130719443305679,-0.061946371485693964,-0.021392247019310338,popular
1970.0,l,30,0.0642641244082451,0.05236902334432324,0.07671502696541342,0.037984632517390364,0.026296561500275636,0.049130670953455566,-0.026279491890854732,-0.03543030098088083,-0.01826711667798446,popular
1970.0,xls,30,0.001218967008487549,0.0005067708915253217,0.002050378922235042,5.911418853258986e-05,5.822416302765647e-06,0.00013177227708883254,-0.0011598528199549592,-0.001983786226328157,-0.0004324289555257261,popular
1971.0,xcu,29,7.961846829990685e-06,0.0,3.184738731996274e-05,0.00011159468809284678,0.0,0.00033478406427854036,0.0001036328412628561,-2.3885540489972053e-05,0.00033478406427854036,popular
1971.0,cu,29,0.001116984670086696,0.00043359757543859914,0.0020171783876127957,0.0025045722687194005,0.00022965813213448975,0.00625198264268613,0.0013875875986327044,-0.0013647375840385183,0.0053957943554811295,popular
1971.0,mcu,29,0.3415671894503777,0.2891147619414869,0.3911773669224914,0.3590354678102986,0.28555174968389974,0.41959332561842694,0.01746827835992093,-0.03671793859020179,0.06586305408405518,popular
1971.0,m,29,0.4857674441705293,0.4431687839733281,0.5266986521756156,0.4661920934963486,0.419995170535426,0.5120003483005652,-0.019575350674180703,-0.060996973751362295,0.023465166355436662,popular
1971.0,ml,29,0.12598443714242258,0.10692976385351084,0.1494469861259498,0.13813361289961612,0.10036516710488909,0.1864549571065096,0.012149175757193542,-0.014586063775825152,0.0417121861105567,popular
1971.0,l,29,0.04533524892522533,0.0370112440602479,0.055138578805691785,0.03396392961601353,0.023740058012405793,0.04530193294426067,-0.0113713193092118,-0.021288698176771693,-0.001272403528753569,popular
1971.0,xls,29,0.00022073379452846638,8.402615835269594e-05,0.0003713709212701797,5.872922091094043e-05,0.0,0.0001282370562228716,-0.00016200457361752594,-0.0003127343673670492,-3.6357087518739025e-05,popular
1972.0,xcu,35,3.373028899463917e-05,3.271662495296985e-06,7.525482648139291e-05,0.00014005602240896358,0.0,0.00042016806722689073,0.00010632573341432441,-4.8110690385172335e-05,0.00038184729860117763,popular
1972.0,cu,35,0.0013454795013324004,0.0007678288141274155,0.002044137548390823,0.0026231752598148595,0.0002598179416869101,0.006735553615871649,0.001277695758482459,-0.0012242989963813385,0.005381432137180343,popular
1972.0,mcu,35,0.3061869479022542,0.27166262286728826,0.3440379753252404,0.35558939272753043,0.30024301168377693,0.41699883202348415,0.049402444825276226,0.00022777393141753817,0.09787244980864615,popular
1972.0,m,35,0.5019324353701724,0.4756069845153097,0.5273766642950048,0.48626838684750745,0.4371164630981873,0.5317776818552968,-0.015664048522664953,-0.05960548867716417,0.027979663307420143,popular
1972.0,ml,35,0.1356863698385361,0.11727562318857805,0.1544004335853924,0.11267615193693975,0.09102116907677807,0.13776211868943058,-0.023010217901596353,-0.045772897613205424,0.0019604575270300542,popular
1972.0,l,35,0.054743942063739295,0.04248488058346215,0.06660243978446534,0.04257137371472864,0.03221785567071708,0.05772606361641846,-0.012172568349010655,-0.025397301874574278,0.0049090249670897665,popular
1972.0,xls,35,7.109503497112705e-05,1.1440282624163204e-05,0.0001521119773352532,0.00013146349106987239,6.95337760317074e-06,0.00029279808452075073,6.0368456098745335e-05,-4.2210803957029656e-05,0.000174105103455589,popular
1973.0,xcu,35,1.0502923603959591e-05,0.0,2.9347870148482265e-05,0.00015906153693210062,0.0,0.00047718461079630185,0.000148558613328141,-2.502606882168926e-05,0.00047718461079630185,popular
1973.0,cu,35,0.0009541896006195375,0.00037233817123245015,0.0017295685683034409,0.0005194741824854649,0.0001723575043594064,0.0009323312286244338,-0.00043471541813407263,-0.0013363983637991394,0.0002632650257544989,popular
1973.0,mcu,35,0.29526599226146494,0.25602419399621223,0.33845105041947504,0.3668482901025701,0.29663495768615067,0.4377761992600315,0.07158229784110515,0.024945597297102183,0.12150245090602461,popular
1973.0,m,35,0.5185754830167616,0.48898416341728834,0.546407716000514,0.4725423038072561,0.412164674719165,0.5342238484247551,-0.046033179209505504,-0.09949324456425923,0.010464448890129315,popular
1973.0,ml,35,0.11871107875646386,0.10316488447636034,0.13305931260316714,0.10326554910779871,0.08074681077672526,0.12596197349458294,-0.015445529648665149,-0.036892641921092546,0.005375786796679191,popular
1973.0,l,35,0.06595666197305992,0.052325710737167797,0.08512053941581896,0.05648852974784982,0.03206850189265953,0.08662055372240131,-0.009468132225210105,-0.02710937966940449,0.008400391456282122,popular
1973.0,xls,35,0.0005260914680261351,0.0002156161656749507,0.0009122659935794769,0.00017679151510771945,0.0,0.0005003048051686849,-0.0003492999529184157,-0.000608495612428009,-0.00013261289434889962,popular
1974.0,xcu,35,2.49587770216313e-05,3.94796581061608e-06,5.745697679405092e-05,0.00013501856505269475,0.0,0.0004050556951580843,0.00011005978803106346,-4.671245228040772e-05,0.00039272476313527915,popular
1974.0,cu,35,0.001227433876383376,0.0005753110357943432,0.0020177425305454434,0.005003271111188659,0.0016088647761547971,0.009842875220369024,0.003775837234805283,0.0004085502008565627,0.008710982900706411,popular
1974.0,mcu,35,0.29492412063064477,0.247168924084331,0.34973680755252756,0.3300729215229941,0.27848777847273587,0.3907451365208231,0.03514880089234934,-0.021685954271436405,0.08668597442225329,popular
1974.0,m,35,0.4838546449219073,0.44769801204607573,0.5186454864054921,0.48031653796878127,0.433584467456663,0.5255735937947003,-0.003538106953126008,-0.051673133203852646,0.0460206596355088,popular
1974.0,ml,35,0.14238516018907013,0.12050306356845855,0.16332153154936913,0.12890092877001308,0.10655363498024749,0.1523016592642245,-0.013484231419057052,-0.036825983526439544,0.007710920310881637,popular
1974.0,l,35,0.07620771428624866,0.05581558672012113,0.10203997748432504,0.0550590720862247,0.03860444329646024,0.07160584029497971,-0.021148642200023958,-0.037100712683499154,-0.007952161856234218,popular
1974.0,xls,35,0.0013759673187242133,0.0002992851084670418,0.0030287432831367944,0.0005122499757453917,3.12256049960968e-05,0.0013982282693552662,-0.0008637173429788216,-0.0016948336685229843,-0.00022346389895791603,popular
1975.0,xcu,35,3.1450144457275594e-05,0.0,6.78915701014347e-05,0.00014480397034360556,0.0,0.0004309782577954569,0.00011335382588632996,-5.591605827325237e-05,0.0004119740800857988,popular
1975.0,cu,35,0.0018662776477773486,0.0008483666829981479,0.003121332962631495,0.0016530777220767126,0.0005736008453388083,0.0030129551689047586,-0.000213199925700636,-0.0016850773704166382,0.0014211594908639714,popular
1975.0,mcu,35,0.27922266552015385,0.22722315462923878,0.33427451313145595,0.3235773770522411,0.2689329132323464,0.37692277652563977,0.044354711532087254,0.007654342594832828,0.08690299956752334,popular
1975.0,m,35,0.4987345916429286,0.4602255698545853,0.5342464672636651,0.48075064305186777,0.4353182857105886,0.5299725455551331,-0.01798394859106084,-0.06082220594832757,0.024882817643141094,popular
1975.0,ml,35,0.1530642801781045,0.13072896767947711,0.17769242637998242,0.12993279475590297,0.10644352706580261,0.15147577932847303,-0.02313148542220153,-0.04537890088965276,-0.0005491677536114967,popular
1975.0,l,35,0.06611853187510561,0.05207301600311499,0.08065772187914949,0.06331153387861901,0.03622484650325398,0.11020067662689723,-0.002806997996486593,-0.03457126279983519,0.04176051511611192,popular
1975.0,xls,35,0.0009622029914726806,0.0003413485091614054,0.0017039865350278933,0.0006297695689488914,9.994701595312144e-05,0.0012965861644924936,-0.0003324334225237892,-0.0012695291115530493,0.0006314385337921084,popular
1976.0,xcu,37,3.854532638874989e-05,0.0,0.00011309345545721609,1.7062517062517064e-05,0.0,5.118755118755119e-05,-2.1482809326232824e-05,-0.00011055093174818249,4.61660668622098e-05,popular
1976.0,cu,37,0.0011409144378789194,0.0005427581953584245,0.0019212738704350496,0.0010543879042764156,0.0003407249689628972,0.001957744428993996,-8.652653360250373e-05,-0.0007427820377489058,0.0006700374360287637,popular
1976.0,mcu,37,0.3121673336026325,0.2765080184935094,0.3508391620379048,0.33489488836972986,0.28455889758811237,0.38612853152679283,0.02272755476709737,-0.01658323916963938,0.05935499236018898,popular
1976.0,m,37,0.4966598740686846,0.46892860492176663,0.5238048304207873,0.49109205152411134,0.4474358988382321,0.5373049823876073,-0.005567822544573275,-0.046123972453711526,0.03449858443628018,popular
1976.0,ml,37,0.12315231649940599,0.11047947165319741,0.1366903840361201,0.11611348386300474,0.09555275704891747,0.13645105111076022,-0.007038832636401246,-0.02544168191420139,0.012913536589012373,popular
1976.0,l,37,0.06612312993203662,0.044241768232760825,0.09156053857129494,0.056446341646564806,0.03492115802106727,0.07960300747099966,-0.009676788285471812,-0.024139357101663594,0.006011255904513304,popular
1976.0,xls,37,0.0007178861329725894,0.00020315032916233552,0.0016763365027548083,0.0003817841752503108,3.7558060389744145e-05,0.0010701538890691544,-0.00033610195772227854,-0.0006409559807641411,-0.00010504000301296036,popular
1977.0,xcu,38,3.903261565364018e-06,0.0,1.1709784696092054e-05,0.00015784199623850424,0.0,0.0004708739893732085,0.00015393873467314022,-9.057785353787892e-06,0.0004708739893732085,popular
1977.0,cu,38,0.0013920625246526207,0.0007849743549643348,0.002107134907321431,0.0010202754815763992,0.00042306479219823877,0.0018241757047825354,-0.00037178704307622157,-0.0012931267789729859,0.0006578287821531898,popular
1977.0,mcu,38,0.29413458003485277,0.25336553034110293,0.3323649322763731,0.3468993074988293,0.30354413739752634,0.3950322345813108,0.052764727463976535,0.014814773380567553,0.09249370322344355,popular
1977.0,m,38,0.5096218370712967,0.4839147639069934,0.5400157140549204,0.48898444965097526,0.4510628351684999,0.5255850329263217,-0.02063738742032145,-0.057577753639308324,0.014309696592906531,popular
1977.0,ml,38,0.13266810177736502,0.1173801005306149,0.14925085223979093,0.11035969601863296,0.09097185615582597,0.1331548108237098,-0.022308405758732053,-0.03793839045887808,-0.006189360569602351,popular
1977.0,l,38,0.06131873527947087,0.044132319319568125,0.08768543900791508,0.05248449733002852,0.034703553477842965,0.07655679774404586,-0.008834237949442346,-0.022190898259843248,0.0054495843292186345,popular
1977.0,xls,38,0.0008607800507967005,0.00029635119982468835,0.00159893578640335,9.393202371914454e-05,3.8369542216548114e-05,0.00015679468077111437,-0.000766848027077556,-0.0014981994370937418,-0.00021995402742675945,popular
1978.0,xcu,41,2.6125574618449822e-05,0.0,6.104749459663946e-05,3.803881724539475e-05,0.0,0.00010399181748859643,1.1913242626944925e-05,-4.6217134268093824e-05,7.836569350539916e-05,popular
1978.0,cu,41,0.0018048586611662887,0.0009269530615911551,0.002822668317439775,0.0013679722129710567,0.000522409474337396,0.0023755453357883105,-0.00043688644819523206,-0.0017158452378452157,0.0008386416729078606,popular
1978.0,mcu,41,0.26007478296593045,0.22362058817742173,0.2959246557642909,0.29113859406732,0.2421884115848419,0.342417808806441,0.03106381110138956,-0.003936954012315983,0.06652312155665664,popular
1978.0,m,41,0.4906861720073988,0.461649533396628,0.5182518205269727,0.49408159673977603,0.4503051239868449,0.5425538890637565,0.00339542473237725,-0.03904794237552701,0.04442219524096773,popular
1978.0,ml,41,0.16862174616848205,0.14489096328527717,0.19615488597568126,0.14465274973009867,0.11985539536454706,0.1713161202922811,-0.023968996438383378,-0.04460809705828821,-0.0026178655277323166,popular
1978.0,l,41,0.0782860409222102,0.062419942171274834,0.09769396132288259,0.06861728296001422,0.04245752265771841,0.09915288839923635,-0.009668757962195976,-0.03325219998075616,0.017646148266494494,popular
1978.0,xls,41,0.0005002737001937837,0.00018576786025590328,0.0008857090416853923,0.00010376547257464628,1.8537538789606384e-05,0.00020196505490650108,-0.0003965082276191374,-0.0008071764503030785,-6.235147562275413e-05,popular
1979.0,xcu,34,1.3792257701624023e-05,0.0,3.7136066547831256e-05,1.4705882352941177e-05,0.0,4.411764705882353e-05,9.136246513171535e-07,-2.7935226958516528e-05,3.9609405994157326e-05,popular
1979.0,cu,34,0.0008669289441279098,0.00034241496359369066,0.0016333176019657323,0.001325920419757043,0.0006200893858395584,0.0021768912756964837,0.00045899147562913326,-0.0004941635230748414,0.001264324477164337,popular
1979.0,mcu,34,0.3230900222031324,0.2780287220624085,0.3680253673096416,0.357743422366954,0.29963514756016996,0.41268286227752077,0.034653400163821624,-0.007815441428022374,0.07779766495943474,popular
1979.0,m,34,0.504394031116298,0.4636654622815894,0.5437547212261367,0.46424945730863804,0.4178441596819376,0.5123790450592942,-0.040144573807659956,-0.07247671433279322,-0.006931392060637064,popular
1979.0,ml,34,0.11953826033581513,0.10494163200499983,0.13556755599348486,0.12658395314495707,0.10072624097034046,0.16021845785901523,0.00704569280914194,-0.021563045616473337,0.04282796401690977,popular
1979.0,l,34,0.05154670048154126,0.041194693796523414,0.0652082053049056,0.04977600771525333,0.03564763648851359,0.06886938124209317,-0.0017706927662879263,-0.017658386801086893,0.014313080371922752,popular
1979.0,xls,34,0.00055026466138369,0.00018830763829505033,0.0010729297049714569,0.00030653316208758234,0.0001231082673855853,0.0005347538567762646,-0.00024373149929610762,-0.0007671653023205448,0.0001451583500478349,popular
1980.0,xcu,48,0.0,0.0,0.0,1.232741617357002e-05,0.0,3.698224852071006e-05,1.232741617357002e-05,0.0,3.698224852071006e-05,popular
1980.0,cu,48,0.000670525593770644,0.0002792082880567042,0.0011840801424139841,0.0018358196663000412,0.0006356559506356672,0.003636857615918166,0.0011652940725293973,-0.00013416897005807179,0.002880544242187698,popular
1980.0,mcu,48,0.2808740099351456,0.2458346776298701,0.3150658665707379,0.3386967617107044,0.2934664143729395,0.3890665405474547,0.05782275177555879,0.027729267477344294,0.08938009778373926,popular
1980.0,m,48,0.5038802806021582,0.4687346409536847,0.5329520349668839,0.47322740327112917,0.4351282798228233,0.5071184070311648,-0.030652877331029005,-0.07094432832763196,0.014053586578431995,popular
1980.0,ml,48,0.1325892798150736,0.1160241591969406,0.1489313702147191,0.11979227387640046,0.10349818127454792,0.13514041797639556,-0.01279700593867314,-0.030469956237657848,0.005846972672460087,popular
1980.0,l,48,0.06772279564367176,0.05346574554547272,0.08579558628185573,0.06630161518753169,0.044704139565775576,0.09619820800235987,-0.0014211804561400643,-0.027901524947304353,0.030101071550575897,popular
1980.0,xls,48,0.014263108410180239,0.00022892213490373082,0.04210990840751435,0.00013379887176078693,4.7174217549626404e-05,0.00024080962421476845,-0.014129309538419451,-0.042000975022812574,-8.697561232618399e-05,popular
1981.0,xcu,50,3.727428780237311e-05,8.39344768474815e-06,7.260327632273178e-05,4.12614205717654e-05,0.0,0.00012378426171529618,3.98713276939229e-06,-6.574930857478863e-05,0.0001038341909137771,popular
1981.0,cu,50,0.0011477792810722794,0.000638870491824042,0.0017664843865659399,0.0013674414022257237,0.0006361437269037329,0.0022493176230038553,0.0002196621211534443,-0.0006772365158268114,0.0011901124357398978,popular
1981.0,mcu,50,0.2760999664796642,0.24434653332932363,0.31226499565816285,0.34206266683825104,0.3038308533531977,0.3847307599035181,0.06596270035858681,0.03428890030817489,0.09836508216022721,popular
1981.0,m,50,0.5160566131793278,0.48934994450654695,0.5402420447748842,0.49766831180067794,0.4672091640641353,0.5277014835311397,-0.018388301378649885,-0.04577391318844022,0.010532324690032714,popular
1981.0,ml,50,0.1385518207202276,0.12411803780798714,0.1535326025373684,0.1145742724742368,0.0957507979289893,0.1337833556225243,-0.0239775482459908,-0.040988451037981634,-0.006904405883358524,popular
1981.0,l,50,0.06748033132518351,0.05117056578104118,0.09162712132582035,0.04420908039352,0.03150830569156592,0.06143094884664103,-0.02327125093166351,-0.03637831563153234,-0.011064014663327895,popular
1981.0,xls,50,0.0006262147267221421,0.0002339944814929329,0.0011912594008138952,7.696567051660402e-05,2.6345205404241487e-05,0.0001442580445119267,-0.0005492490562055381,-0.001115079554686698,-0.00012943515939996768,popular
1982.0,xcu,35,6.850228812449082e-05,0.0,0.0001528775921219975,0.0,0.0,0.0,-6.850228812449082e-05,-0.0001528775921219975,0.0,popular
1982.0,cu,35,0.0038027656899385057,0.001837423403056458,0.006240835158858549,0.0029313557135061757,0.0009979524199948686,0.005579034672427199,-0.00087140997643233,-0.0036072934795539063,0.00155548235708519,popular
1982.0,mcu,35,0.30877516853199444,0.2609200082800216,0.3550475767307763,0.3621450839511832,0.3006889048514721,0.4287462934371766,0.053369915419188785,0.009498470397104289,0.09683292739488286,popular
1982.0,m,35,0.5024265548184383,0.468647728380726,0.538955752572048,0.459511430213824,0.4036067903521398,0.5122801302482679,-0.04291512460461433,-0.08701191009369373,-0.0012805250890242838,popular
1982.0,ml,35,0.13211496186400432,0.11287817259161073,0.1518261486266948,0.14035676146025883,0.09655639650782646,0.20285157452069083,0.008241799596254512,-0.03131133934846297,0.06845770906347018,popular
1982.0,l,35,0.052416821948243805,0.04122022794992925,0.06451303390723306,0.03464605451835462,0.025897663334616832,0.04407032719521459,-0.017770767429889187,-0.02788907011456611,-0.008027553401680178,popular
1982.0,xls,35,0.0003952248592561782,4.606670157004746e-05,0.0009616715724915957,0.00040931414287323026,5.956103517079127e-06,0.0010118268229283045,1.4089283617052051e-05,-0.0003712726097179155,0.000490598562439962,popular
1983.0,xcu,39,8.613663789033387e-05,0.0,0.0002502100333892537,5.510892152222751e-05,0.0,0.0001405148950708343,-3.102771636810636e-05,-0.000229293107027236,0.0001320009404916709,popular
1983.0,cu,39,0.001624134679028304,0.0007711153344999686,0.0028493511102717626,0.000977780525747329,0.00038740327072723244,0.001684506070361304,-0.000646354153280975,-0.0019625010428573324,0.0003839140832073735,popular
1983.0,mcu,39,0.27451174279954926,0.23710283574170832,0.3172856610223736,0.3569505763197344,0.30709479239238674,0.40919533409495296,0.08243883352018516,0.04430175342288142,0.12309863784388242,popular
1983.0,m,39,0.525833968627546,0.49990153728731507,0.5510915445494413,0.4960960166138794,0.4546287920284516,0.5377330347276772,-0.029737952013666524,-0.0605823836078998,0.0031397673421477298,popular
1983.0,ml,39,0.13554648222514304,0.11864784002347968,0.1511722565649787,0.1057892341387327,0.08780122847536753,0.12577401204721578,-0.029757248086410337,-0.046687935821050804,-0.012812127545678422,popular
1983.0,l,39,0.061626050042110074,0.05125598103639539,0.07328459286517236,0.04005534349176066,0.03137235496909396,0.048971685148688826,-0.021570706550349414,-0.03135052863447875,-0.012444635333022938,popular
1983.0,xls,39,0.000771484988732925,0.00032949446632065657,0.0012764216027814712,7.593998862317659e-05,1.9588254882372528e-05,0.00015492439216021665,-0.0006955450001097484,-0.0012347618189442538,-0.0002465693160867913,popular
1984.0,xcu,47,0.00011505603354569493,0.0,0.0003209212678796137,6.31540390165653e-06,0.0,1.8946211704969593e-05,-0.0001087406296440384,-0.00030829046007630064,0.0,popular
1984.0,cu,47,0.0012092218753568301,0.0005113304821672382,0.0020333680541632614,0.0015522747534994629,0.0005450250318704079,0.0029393932168420606,0.00034305287814263277,-0.0008670193061442061,0.001530673105374267,popular
1984.0,mcu,47,0.31165994829185706,0.2730524159936715,0.35201886749072714,0.3633745262328114,0.3177028302967349,0.41016758828817007,0.051714577940954354,0.02663714698500361,0.07696493399602121,popular
1984.0,m,47,0.5119534458236817,0.48117519832746664,0.5421480713116252,0.4694183794286036,0.43038646378044265,0.5091884042865134,-0.04253506639507815,-0.0714423475634368,-0.012937865224166274,popular
1984.0,ml,47,0.12454151955515266,0.10951267926945361,0.14175129144238008,0.11939900226794214,0.09684855530265987,0.14246521202524146,-0.0051425172872105185,-0.02461832288812942,0.013971190134536888,popular
1984.0,l,47,0.05024251870855465,0.04214439450837107,0.05938430263520776,0.046096473574791054,0.03456833126552786,0.06071279388438117,-0.004146045133763598,-0.015440849662993316,0.009271241502400763,popular
1984.0,xls,47,0.0002782897118512176,0.00010080551743494481,0.0005202225835587975,0.00015302833845075905,0.0,0.0004159637951313103,-0.00012526137340045855,-0.00041462507463176426,0.0002092074531568583,popular
1985.0,xcu,46,1.885231591096675e-05,2.7668487253127923e-06,4.098647793772422e-05,2.1485600350645e-06,0.0,8.594240140258e-06,-1.670375587590225e-05,-4.032781126132822e-05,7.726177298594461e-07,popular
1985.0,cu,46,0.002462956396811045,0.0012647948161376356,0.0037291440369552303,0.004073315004976013,0.0014125509681881365,0.008356634666708326,0.0016103586081649677,-0.001467859966673901,0.005779285084971753,popular
1985.0,mcu,46,0.3012136147885839,0.2616606702104573,0.3389898264775811,0.3699954356334311,0.3229026997739957,0.41685687132820554,0.06878182084484724,0.0387409565279744,0.0969395914772482,popular
1985.0,m,46,0.502458222219143,0.47599989480843113,0.5285083339635801,0.4671949613411616,0.4324982953974425,0.5018741316191005,-0.03526326087798143,-0.06235537521786547,-0.00507558197605121,popular
1985.0,ml,46,0.12705436702610157,0.11250260339777615,0.14369272888923892,0.0976983192880853,0.08244741184783383,0.11309053232543169,-0.02935604773801627,-0.046514830769135256,-0.011814724895453927,popular
1985.0,l,46,0.06639110380905743,0.04810479640677371,0.09313440465929827,0.060817608824330224,0.04069450677025784,0.08873599144229674,-0.005573494984727201,-0.022327728440810213,0.011166685286231465,popular
1985.0,xls,46,0.0004008834443919193,0.00019561643331443142,0.0006503435260796962,0.00021821134798081197,9.680730496274109e-05,0.0003681876813615384,-0.00018267209641110733,-0.000458771947385863,7.867621463886648e-05,popular
1986.0,xcu,40,5.8594784241768926e-05,0.0,0.00015332253781066165,6.180469715698394e-06,0.0,1.8541409147095182e-05,-5.241431452607053e-05,-0.0001471420680949633,1.2360939431396788e-05,popular
1986.0,cu,40,0.0011098025088054125,0.0005758208288923651,0.001666770286507115,0.0021427636525108303,0.0006090781279848444,0.00418634048239805,0.0010329611437054178,-0.0006594605215238908,0.0033117498949310755,popular
1986.0,mcu,40,0.32674880594125233,0.2700957083917774,0.37988782250289255,0.38454007065548856,0.32741716052288805,0.43197464979015887,0.057791264714236235,0.02039788136497659,0.09292960710635265,popular
1986.0,m,40,0.4799778770416925,0.4409666944355071,0.5209005124861916,0.45068589356976985,0.4111397456576983,0.4912734545294382,-0.029291983471922634,-0.05977198640932308,0.004722860867739691,popular
1986.0,ml,40,0.12000086551974323,0.10530938578285713,0.13493118394143033,0.10610434650233562,0.08792678605578678,0.12474918983557245,-0.013896519017407613,-0.029704772137578165,0.0006141040119260675,popular
1986.0,l,40,0.07168155089155803,0.04598634060341226,0.10864885575234524,0.05633386610930076,0.02746911934926756,0.0972745450687905,-0.015347684782257273,-0.02735442522800463,-0.003694737634848995,popular
1986.0,xls,40,0.00042250331270675217,0.0001678933939239363,0.0007145668134353171,0.00018687904087879702,1.5664160401002506e-05,0.000419280689762932,-0.00023562427182795514,-0.0005070171707475394,5.0423600226931026e-05,popular
1987.0,xcu,46,2.7119787230168954e-05,2.246706328522386e-06,6.10368397267074e-05,0.0001186423791461799,0.0,0.00030947600403088456,9.152259191601094e-05,-4.101574113218339e-05,0.00029332543939067113,popular
1987.0,cu,46,0.0021643573674636077,0.0013695901539500519,0.003076426686956526,0.0065123170409816826,0.001909767681399826,0.014372116140675085,0.004347959673518075,-0.00025176511390652986,0.012207167657077873,popular
1987.0,mcu,46,0.33888538596549184,0.305361628079265,0.3781766302331222,0.41104780351669157,0.36843846855720885,0.454636109416003,0.07216241755119973,0.04228851560042253,0.09876898305978239,popular
1987.0,m,46,0.4893782189203546,0.459852822987511,0.5146900347253843,0.4625971667528916,0.4281477458453194,0.4944351794127535,-0.026781052167463015,-0.052646802528278656,0.004208784395601237,popular
1987.0,ml,46,0.11762011767615278,0.10229837126716265,0.13276461190853828,0.07536386057426218,0.06456146285538411,0.08710133044759127,-0.0422562571018906,-0.05585046415109866,-0.029684807340371436,popular
1987.0,l,46,0.051856232959017444,0.04161018642981916,0.06239967057896957,0.044202262168283914,0.028174739733871825,0.0673531537620187,-0.00765397079073353,-0.02194412159380105,0.009945716608194584,popular
1987.0,xls,46,6.856732428958008e-05,2.8846093064854882e-05,0.0001238736931424808,0.00015794756774293358,2.81985598010325e-05,0.0003375506325187218,8.938024345335351e-05,-5.229364215808937e-05,0.00027846039246974855,popular
1988.0,xcu,45,1.9834675064540827e-05,0.0,5.345057321263032e-05,0.0,0.0,0.0,-1.9834675064540827e-05,-5.345057321263032e-05,0.0,popular
1988.0,cu,45,0.0016276006833112616,0.001044269170805576,0.0023429767861201703,0.0020591250197233924,0.0009089909221737112,0.0034400685393968368,0.00043152433641213076,-0.0008243278736781995,0.0018686589202884243,popular
1988.0,mcu,45,0.3299051440479843,0.2883978890531091,0.37277395277795816,0.36226495118248886,0.30471134691788354,0.41278202230523425,0.03235980713450454,-0.01622603441773467,0.0700613347554095,popular
1988.0,m,45,0.4849805331522296,0.45351739507216693,0.5126117940985558,0.4554639027993374,0.4156847878892553,0.4993453671342479,-0.029516630352892204,-0.0591510581257513,0.007574994627135743,popular
1988.0,ml,45,0.10385168947838398,0.09028805374190667,0.11854945774898931,0.1072778757285675,0.08327472214231166,0.13965324526966386,0.0034261862501835244,-0.01828765510039836,0.034037584404589136,popular
1988.0,l,45,0.07924709560156913,0.04815034818807191,0.1260167123569043,0.0727171421806919,0.032632862541109565,0.1303053394184658,-0.006529953420877227,-0.030560725057122477,0.030464731619978133,popular
1988.0,xls,45,0.00036810236145709075,0.00012248500856053537,0.0006929729035309562,0.00021700308919107904,9.308560588986554e-06,0.0005313225630874794,-0.0001510992722660117,-0.0005186596122548432,0.00022269416782448893,popular
1989.0,xcu,44,9.023811544819947e-05,0.0,0.0002707143463445984,3.7197166902130154e-05,0.0,0.00011170838649494866,-5.304094854606932e-05,-0.00016712079898535632,9.350863084662714e-06,popular
1989.0,cu,44,0.0032384779302299617,0.0018058270746127375,0.004995605031081582,0.0033915879090061106,0.0012303437430411317,0.006988317921594544,0.0001531099787761489,-0.0025641517197482356,0.003707954286965237,popular
1989.0,mcu,44,0.3569753304321908,0.31607658733445565,0.39511383916134,0.39011310177180597,0.34035363855677675,0.4389820290793655,0.03313777133961515,-0.009490752745950412,0.0715011358106817,popular
1989.0,m,44,0.4708167030600505,0.44696213599861306,0.4946827190830676,0.4587743885363677,0.4221915218668123,0.49629274409686003,-0.012042314523682818,-0.04292649282134885,0.019135490509604385,popular
1989.0,ml,44,0.10661959622563436,0.09199839254567917,0.1228377213705589,0.10640274273647465,0.08107713001311088,0.13776149961571937,-0.00021685348915970182,-0.026615811231843426,0.03554265722298251,popular
1989.0,l,44,0.06188843944713857,0.045758111221661464,0.08557934795749453,0.041080796823782115,0.030567944198661476,0.053281616300440274,-0.020807642623356458,-0.03787618260803279,-0.007174160668177458,popular
1989.0,xls,44,0.0003712147893076174,0.00016795018874865276,0.0006564661130377255,0.0002001850556612626,6.24578330665186e-05,0.00038874128522796544,-0.0001710297336463548,-0.00044637486050710685,5.546098504261953e-05,popular
1990.0,xcu,43,5.653678625182018e-05,1.0620235436175602e-05,0.00011930372641489259,4.816292830604101e-05,0.0,0.00014448878491812303,-8.373857945779168e-06,-6.288388554748925e-05,6.783908740305825e-05,popular
1990.0,cu,43,0.005774653164353078,0.002758023344212224,0.010606219993749971,0.00367215112375219,0.0015725158043405543,0.00607760739527826,-0.002102502040600888,-0.007370968598633604,0.0014349152886619014,popular
1990.0,mcu,43,0.3773587291340565,0.33507951401428926,0.42067488490625216,0.41525240588840384,0.3615934709084508,0.464992843490286,0.03789367675434735,-0.008779000453030072,0.07837560484446973,popular
1990.0,m,43,0.4735324295784402,0.4423841417103314,0.5032818484506968,0.45813955037225934,0.4146614797706817,0.4989340430971072,-0.015392879206180876,-0.05242655054262974,0.02355241270174668,popular
1990.0,ml,43,0.10106335772676583,0.08750428615355953,0.11429064868049288,0.09170221695547451,0.07418612260706266,0.11389372756908027,-0.009361140771291326,-0.026830150042276384,0.01438323742664718,popular
1990.0,l,43,0.04203461113801199,0.03267368084754173,0.05240363709118194,0.031144266000685282,0.02285648842928905,0.041141068651459174,-0.010890345137326708,-0.01977528420192349,-0.0013164917877599531,popular
1990.0,xls,43,0.0001796824721204831,8.685475124405644e-05,0.00030650666831072367,4.1246731118855945e-05,0.0,8.943239958902038e-05,-0.00013843574100162715,-0.00027424257197928827,-2.144511673748363e-05,popular
1991.0,xcu,47,4.040642602425644e-05,5.163151501036519e-06,0.00010357107878508646,5.691170635426386e-05,0.0,0.00016704446932390505,1.6505280330007422e-05,-7.936412582105135e-05,0.00012562336275396852,popular
1991.0,cu,47,0.002989236454809531,0.0018397959320424556,0.004338755123911577,0.002139351040696944,0.001098079407422526,0.0034595519606526524,-0.000849885414112587,-0.0022011750097524208,0.0004111587223727512,popular
1991.0,mcu,47,0.38352598479526484,0.34083826495827807,0.42480356945912406,0.4420168588123701,0.39523960699084787,0.4876800477496101,0.05849087401710523,0.025442173123338553,0.08875552049775447,popular
1991.0,m,47,0.4638017523007586,0.433493422943293,0.4943959207977419,0.4310508199052055,0.38955197481356246,0.46866332935835847,-0.0327509323955531,-0.06793689059141096,0.0007853408625641182,popular
1991.0,ml,47,0.10295400159461973,0.08919931688468372,0.11699217245652083,0.08851112473381478,0.06803024826519982,0.11960076458813367,-0.014442876860804948,-0.03297314517681582,0.010378778872785124,popular
1991.0,l,47,0.04636248628151407,0.03484061110844532,0.06278551533166335,0.03596336439552143,0.022555537819884612,0.05215706418581194,-0.010399121885992638,-0.017448664707435068,-0.00221059174418161,popular
1991.0,xls,47,0.0003261321470089374,0.00015899243700233812,0.0005344679294162618,0.00026156940603702964,9.391567311710816e-06,0.0007426793989762159,-6.456274097190774e-05,-0.0003900748336450572,0.00040219871456130985,popular
1992.0,xcu,44,1.3655738780511592e-05,0.0,3.8737959575740494e-05,0.0001158638372005408,0.0,0.00033682661252466795,0.0001022080984200292,-2.3499482589642076e-05,0.000326976667490477,popular
1992.0,cu,44,0.0022594586750930025,0.0011933198945355322,0.0037426860887754257,0.0022476388098913802,0.001160828159518774,0.0035826574666461145,-1.1819865201622305e-05,-0.0016695692049196588,0.0017098212164206607,popular
1992.0,mcu,44,0.3655038189197677,0.3329587859050389,0.39772796003204275,0.4261164365737748,0.38589589328200286,0.465403736739963,0.060612617654007106,0.034003086137878266,0.08560808202013892,popular
1992.0,m,44,0.4824023338543367,0.45750967091914135,0.5078577766370321,0.4539516935928962,0.4226075904241877,0.48805710320453394,-0.028450640261440452,-0.055762474174168186,0.0018893746231494126,popular
1992.0,ml,44,0.09950727910672325,0.08858284431810944,0.11133297117476752,0.08879794184505375,0.0748746544097517,0.1035688474626479,-0.010709337261669491,-0.024723662913645122,0.0033705385485877327,popular
1992.0,l,44,0.04994677970369117,0.03822284660285386,0.06631364621696025,0.028644417663744946,0.02116769775673636,0.038182832024775654,-0.021302362039946225,-0.03122080189024702,-0.012976935569146248,popular
1992.0,xls,44,0.0003666740016076395,0.0001702064740987941,0.000613801419412801,0.00012600767743829275,4.4441583991518044e-05,0.00023261949996866365,-0.00024066632416934678,-0.00048422711334893337,-1.6920819830112276e-05,popular
1993.0,xcu,46,7.825496829510149e-06,0.0,2.1008098251130355e-05,0.0,0.0,0.0,-7.825496829510149e-06,-2.1008098251130355e-05,0.0,popular
1993.0,cu,46,0.004031955627059829,0.002354402465514894,0.006214196931837804,0.004407731169038049,0.0014277662759350478,0.008601838030915805,0.0003757755419782202,-0.0029687673798827097,0.004841914335095431,popular
1993.0,mcu,46,0.3745200946308336,0.33685832658396214,0.41099316036361444,0.42818378879347074,0.3865139870243264,0.4700118603359432,0.053663694162637166,0.025135580691975818,0.08039961914579212,popular
1993.0,m,46,0.4663421271595612,0.440509075784625,0.49165851643392167,0.4478588214838636,0.4150784552267583,0.47979587224720754,-0.018483305675697614,-0.04481404063841197,0.008870775898072959,popular
1993.0,ml,46,0.10054253717507189,0.08793205802619397,0.11362812364169471,0.08168108587638641,0.06973710437839467,0.09509079983066898,-0.01886145129868548,-0.03067188255757479,-0.005521399444957168,popular
1993.0,l,46,0.05416779488202053,0.0410324945042653,0.07269310473687537,0.03762969298623577,0.027938544442451425,0.05019095779556283,-0.01653810189578476,-0.02772058981050553,-0.006787826654566491,popular
1993.0,xls,46,0.0003876650286234212,0.00016681918877877748,0.0006489335896392761,0.00023887969100535103,5.328185038180055e-05,0.0004781399694712709,-0.00014878533761807019,-0.00032274069543397247,4.6612807285608554e-05,popular
1994.0,xcu,46,9.054294217887965e-05,2.565089136847506e-06,0.00024165952336978352,7.784345059466848e-05,0.0,0.00021398964556292973,-1.2699491584211171e-05,-0.00019618873373285822,0.000146891867100013,popular
1994.0,cu,46,0.004247110575714731,0.0025570334438033263,0.006583737358118591,0.002883775600568956,0.0016669441503983935,0.004331294491004838,-0.0013633349751457752,-0.0038857823255050708,0.0007313149203389425,popular
1994.0,mcu,46,0.4044191456206827,0.3698763924322995,0.43837741630551796,0.4550632672982182,0.41626183429512886,0.49275584488485275,0.050644121677535514,0.02516917519357362,0.07550419678513565,popular
1994.0,m,46,0.4503125288108125,0.4245644694263608,0.4763026446028927,0.4363055860894893,0.40386181032581187,0.4685606585885904,-0.014006942721323246,-0.03536367528630251,0.008251841658727896,popular
1994.0,ml,46,0.09027172393938114,0.07950238285775788,0.10139573112130768,0.07226669616480878,0.06058172189821939,0.0845365777027264,-0.018005027774572357,-0.02849468010790858,-0.00656583571056343,popular
1994.0,l,46,0.0503967064359,0.037344467957624125,0.07020369343944699,0.03327224481651943,0.022124755482077416,0.04835212975044732,-0.017124461619380575,-0.025865923509322746,-0.008357757651486362,popular
1994.0,xls,46,0.0002622416753299822,0.00012290353317559918,0.0004167410907345364,0.000130586579800656,3.2642322350928106e-05,0.0002451428918912728,-0.00013165509552932617,-0.00022905044841729154,-3.0152686245475707e-05,popular
1995.0,xcu,51,3.597209219537268e-05,0.0,8.905903696614487e-05,1.6991198559146363e-05,0.0,5.0973595677439085e-05,-1.898089363622632e-05,-7.718848012126475e-05,3.3982397118292725e-05,popular
1995.0,cu,51,0.003955180027148372,0.0021843129507251005,0.0066759807870844234,0.0036841209530654256,0.001747236372868199,0.006237925938076366,-0.0002710590740829465,-0.0035394279135156073,0.0027495143890248165,popular
1995.0,mcu,51,0.4087409123376044,0.3620052062778429,0.45374734542340256,0.4652539746870196,0.40654528407873775,0.5187468133082586,0.05651306234941522,0.026652978164339404,0.08421972026150902,popular
1995.0,m,51,0.4465473599915434,0.41686251834212357,0.47757024549291405,0.41167248213874424,0.3726505646762034,0.45166147429710174,-0.034874877852799135,-0.05848771007013067,-0.010836198227532935,popular
1995.0,ml,51,0.08950978788441337,0.07685307359902852,0.10314622310211216,0.0709005215656201,0.05672013027906496,0.08578510204073203,-0.01860926631879327,-0.03049112348646954,-0.006133778801210778,popular
1995.0,l,51,0.05087520880377318,0.03527729040090017,0.07113892364294756,0.048383767153168,0.03251110475892937,0.06816144925318118,-0.002491441650605178,-0.013663572523016665,0.01085340498225564,popular
1995.0,xls,51,0.0003355788633219321,0.00013701400546064005,0.0005924131926098356,8.814230382343415e-05,2.5768660049934022e-05,0.00016947401735376355,-0.00024743655949849795,-0.0004851633591709209,-6.239506065190536e-05,popular
1996.0,xcu,45,9.106981082809582e-05,1.5594541910331384e-05,0.00017964338473093583,6.009549879510078e-06,0.0,1.4783393868948848e-05,-8.506026094858574e-05,-0.00017370123459199907,-9.101727637147394e-06,popular
1996.0,cu,45,0.004541438715825055,0.0025500683360820567,0.007274125042390184,0.005519344654991013,0.0031592134847515216,0.008485589272522314,0.000977905939165958,-0.0018625244027953647,0.00425452979276877,popular
1996.0,mcu,45,0.39754653312975957,0.3466346697720989,0.4495737011763818,0.4310133784162604,0.3848496574191899,0.47589987232523057,0.033466845286500846,0.007112791920175557,0.05728404330165278,popular
1996.0,m,45,0.4433777270890532,0.4109912041582507,0.4763430840871522,0.4446947293344494,0.40985414499806805,0.4782564928186491,0.001317002245396215,-0.021461711770349,0.024725997678486607,popular
1996.0,ml,45,0.0918257833042681,0.07602753366880367,0.10795938941711532,0.0790612843266456,0.06437598838415202,0.09426441872634211,-0.01276449897762251,-0.02585960988141181,0.0011396812530855092,popular
1996.0,l,45,0.06229961406903517,0.040788668503396464,0.09050508237961592,0.039473603510326735,0.023216840155981845,0.062334686068692594,-0.022826010558708434,-0.035990314127481556,-0.012580887517613774,popular
1996.0,xls,45,0.00031783388123062813,0.0001490584010699055,0.0005200322901314543,0.0002316502074472939,2.9596170102100868e-05,0.0005731812306288315,-8.618367378333423e-05,-0.00039721392549384784,0.000312445492789104,popular
1997.0,xcu,45,1.0998507314587834e-05,1.4224953413277571e-06,2.3497032052261282e-05,2.5803787996077823e-06,0.0,7.741136398823347e-06,-8.418128514980052e-06,-2.175130729524886e-05,3.443261768495074e-06,popular
1997.0,cu,45,0.005636106649219077,0.0030176178845033497,0.009626670320467346,0.007189699909110971,0.00394078279742835,0.010957100611717114,0.0015535932598918943,-0.0028445955537659546,0.0058040859813798225,popular
1997.0,mcu,45,0.4447429259523329,0.39375627305315586,0.49299436101385896,0.48616655668453257,0.43038113586119897,0.5372387303743883,0.04142363073219968,0.017145935032401655,0.06774120082818486,popular
1997.0,m,45,0.4362253480345258,0.4037258844750101,0.46861232320173724,0.4175777241933837,0.37779241175148853,0.45482438272460146,-0.018647623841142102,-0.041650790143953065,0.0016056649027390364,popular
1997.0,ml,45,0.07361604835842744,0.06172271400733556,0.0879091009149922,0.059743963064661836,0.04686711973466445,0.07416044596473548,-0.013872085293765608,-0.024734859437479807,-0.0032583298851389456,popular
1997.0,l,45,0.03936903464737467,0.0286958940052696,0.05511111965819015,0.029090956117031032,0.018920823907105293,0.04284406443799811,-0.01027807853034364,-0.015517985754276094,-0.0051457257477529215,popular
1997.0,xls,45,0.0003995378508054919,0.00017224308573833658,0.000690820666241834,0.0002285196524804718,5.295959962215839e-05,0.00044737462854727646,-0.0001710181983250201,-0.00048367466892594796,0.00010881003538170043,popular
1998.0,xcu,48,0.00014607708726558548,2.5636480665270894e-05,0.00029272358710885036,0.00036135990804511095,4.307077389566535e-06,0.0009519004163573818,0.00021528282077952547,-0.00011007586639094043,0.0007168232640523906,popular
1998.0,cu,48,0.004822324701905735,0.002883983202716421,0.007662995079070745,0.00524607584957931,0.0030641156539997607,0.007508385192449782,0.00042375114767357475,-0.0028387802310129175,0.0035643882571055763,popular
1998.0,mcu,48,0.41918474975122355,0.37198959958701383,0.4649663093582381,0.4477925088614252,0.3976016046075433,0.49525737451476554,0.028607759110201636,0.007891659408748792,0.05113716985497716,popular
1998.0,m,48,0.42894785565534743,0.3976487944321733,0.46486481747113867,0.4209859905851407,0.38818826695065983,0.4579908031835315,-0.007961865070206742,-0.0290832714652908,0.01334791878837188,popular
1998.0,ml,48,0.06890806757861719,0.05898992878523645,0.07902995986279189,0.055296887217023805,0.04597459044334834,0.06518698961949745,-0.01361118036159338,-0.023424374842167847,-0.003531979479209663,popular
1998.0,l,48,0.0774369809440736,0.04612500358874822,0.11461686436029031,0.06997502915468924,0.03373931335753769,0.1147647728669881,-0.007461951789384358,-0.01934492175742948,0.004856492086661065,popular
1998.0,xls,48,0.0005539442815669377,0.00023353117062834838,0.0010350645987795577,0.0003421484240966469,3.367076189696305e-05,0.0007629468113423129,-0.00021179585747029082,-0.0005994807244897401,0.00020261120409694117,popular
1999.0,xcu,47,2.379704222609676e-05,0.0,5.196942282589604e-05,7.558293337364424e-05,0.0,0.0002267488001209327,5.178589114754748e-05,-4.5084605701658863e-05,0.000211037819323679,popular
1999.0,cu,47,0.003941252901193517,0.0024450368120541134,0.005827352201446423,0.003513031995238111,0.0020057253486560306,0.005127668773010517,-0.00042822090595540574,-0.002250143435748946,0.0012945561901548707,popular
1999.0,mcu,47,0.40435558794701076,0.3585420607964973,0.4451715344596864,0.4204159295137377,0.36751165426291893,0.46454745361360666,0.01606034156672692,-0.01576924797869596,0.047476155966234855,popular
1999.0,m,47,0.43831012865372604,0.40832548395013996,0.466238746217523,0.45060183159628436,0.41551487906973306,0.486219133970464,0.012291702942558325,-0.01614132360237619,0.03959494478116641,popular
1999.0,ml,47,0.08141449596972618,0.06969040154045619,0.09317290984543526,0.07372142615378381,0.0632211405222835,0.08432756221080455,-0.007693069815942366,-0.021623366706113686,0.005496713277546015,popular
1999.0,l,47,0.0717332228428591,0.0431371732786344,0.11468662942109323,0.05148812886081528,0.029197621439122246,0.08243098075176697,-0.02024509398204382,-0.03653838401477956,-0.007393553411055762,popular
1999.0,xls,47,0.00022151464325837676,0.00012557241663070992,0.0003287837864140584,0.00018406894676711248,7.877603391992872e-05,0.00030884227195188867,-3.7445696491264285e-05,-0.00015909970927186704,7.032336919244663e-05,popular
2000.0,xcu,45,0.0002506807386022971,6.079396923825156e-06,0.0005706104382476894,0.00040555649603041206,3.278103861006399e-05,0.0010711572223944088,0.00015487575742811498,-0.0003933034813620129,0.0009282735914044928,popular
2000.0,cu,45,0.0031329130459846867,0.002043682444763388,0.004560917091982914,0.005472811527085961,0.0023893970776583946,0.010337570598618579,0.0023398984811012742,-0.0007220162298697487,0.007155673259707345,popular
2000.0,mcu,45,0.4360749783027024,0.39754720810526145,0.476146976371507,0.4403885740988252,0.3901453756930789,0.48913943033376445,0.004313595796122782,-0.03917942625277721,0.03868925395022907,popular
2000.0,m,45,0.4397082630148843,0.41291142892800015,0.46485039592008487,0.4288964139516172,0.3898265094164496,0.46414354105629624,-0.010811849063267098,-0.04288417858790984,0.01762561085985153,popular
2000.0,ml,45,0.07254877195404276,0.06312915659956178,0.08384949131491919,0.08816758478071002,0.05865414622275082,0.13534228194951045,0.015618812826667258,-0.015943307848313864,0.06716973792732432,popular
2000.0,l,45,0.047813068722230054,0.03641916088810813,0.06219299522576829,0.03635989224227286,0.025776044852658546,0.050987931368418525,-0.011453176479957194,-0.018013181424746363,-0.0056340007440185665,popular
2000.0,xls,45,0.00047132422155338937,0.0002420161101304262,0.0007560659914637944,0.00030916690345830176,6.227705749467959e-05,0.0006819881094157924,-0.0001621573180950876,-0.0005706670254424126,0.0003121633650168785,popular
2001.0,xcu,46,6.452868612885286e-05,6.08257706625143e-06,0.000153885769375559,0.0002656956785857113,0.0,0.0007889297635489604,0.00020116699245685847,-5.8399106200217295e-05,0.000672417309770353,popular
2001.0,cu,46,0.003226093669364107,0.0022794797783366755,0.004372800777808707,0.005028988141804857,0.0019617277081255906,0.009349789729700008,0.00180289447244075,-0.0010707418041939702,0.005688241255687285,popular
2001.0,mcu,46,0.41873406256993884,0.3731050357615871,0.4644720393182734,0.4389261077491888,0.387949624127523,0.4939580836712544,0.02019204517924994,-0.01216427040043973,0.050710714944018714,popular
2001.0,m,46,0.4493642069720146,0.4154722940884845,0.48253301425853085,0.44713364326335026,0.4039835502680586,0.4884596079688922,-0.002230563708664368,-0.03257692686888825,0.025460590222438677,popular
2001.0,ml,46,0.06927825623492274,0.059417802759642466,0.08088981029214971,0.06514638214181244,0.052717903607718324,0.07871162481222312,-0.004131874093110305,-0.016247550231347687,0.008708288531806304,popular
2001.0,l,46,0.05891810536282848,0.036269121200741834,0.08886255286559629,0.04295460280853946,0.02622059603112722,0.06676438050241197,-0.015963502554289022,-0.030358566308988044,-0.0048403524258083626,popular
2001.0,xls,46,0.00041474650480244574,0.00016830676684221067,0.0007854119134552226,0.0005445802167185506,0.00017483403575481947,0.0010635502978187722,0.00012983371191610483,-0.00025581707873096314,0.0006118758349347203,popular
2002.0,xcu,48,0.0005129628326541542,3.704577303561451e-05,0.001373993126548604,0.0001362335454055969,0.0,0.0003904574665776249,-0.0003767292872485573,-0.0012883195319247699,0.00020697477431908039,popular
2002.0,cu,48,0.004590550251577437,0.002944910090067442,0.006847810702174346,0.006084459687675736,0.0036645825479847253,0.009114984302879504,0.0014939094360982988,-0.0013062733571030081,0.004606267533753772,popular
2002.0,mcu,48,0.39927808729833153,0.3561744394624434,0.44273469386193415,0.4082771261807098,0.3615578493511884,0.4544322294693095,0.008999038882378296,-0.01678999648565981,0.03719136261742521,popular
2002.0,m,48,0.44569059898221575,0.41670321711498437,0.47210251342207493,0.46706723058715055,0.43067835802431537,0.5024664848771545,0.021376631604934804,-0.0049479674791900186,0.04491489789539658,popular
2002.0,ml,48,0.08018185598709149,0.06758561828274734,0.09346017581168854,0.06355151204397363,0.0527017967383733,0.07389624953509376,-0.016630343943117853,-0.026143722664067077,-0.0072546644905499376,popular
2002.0,l,48,0.0689716709458624,0.049370352275132985,0.09730042033014234,0.054246454906534326,0.03092364124979741,0.08575288464388889,-0.014725216039328075,-0.02803776586096713,0.0018741698861683006,popular
2002.0,xls,48,0.00077427370226721,0.00028051914834248724,0.0014834470220044722,0.0006369830485504022,0.00010386343601041125,0.0015200391057357684,-0.00013729065371680777,-0.0008501040252923283,0.0007660819188634227,popular
2003.0,xcu,48,0.00024231143322063704,3.377057395623739e-05,0.0005278704853937905,7.746624445284305e-05,1.2259536950066262e-05,0.00017221085538021355,-0.00016484518876779398,-0.0004422887344216761,5.0027667205876696e-05,popular
2003.0,cu,48,0.0027899883200961065,0.0017274380935373397,0.004339654227652658,0.005502558708638774,0.003238629606373734,0.00877951792954993,0.0027125703885426673,5.611416091433413e-05,0.006043384824095643,popular
2003.0,mcu,48,0.4098975775870821,0.3573483307472322,0.46169874000272665,0.4308383235043422,0.3752305992610058,0.48553792634689047,0.020940745917260084,0.00018621087090680302,0.04148958001725725,popular
2003.0,m,48,0.44323838960222933,0.4027284243859662,0.48079969491387575,0.43714949145975895,0.38996396886458357,0.4791126610545538,-0.006088898142470378,-0.027553513420969407,0.013122713560138288,popular
2003.0,ml,48,0.08199205172417123,0.0684380526712767,0.09647973063350772,0.07744920777386179,0.06400419818181598,0.09147814672519385,-0.004542843950309447,-0.013363928172723945,0.004682664584071451,popular
2003.0,l,48,0.059777706799412265,0.04119860837883614,0.08742229907180527,0.0468295714212682,0.028139305430454932,0.07591219620604639,-0.012948135378144064,-0.01807254737390453,-0.00798316593635727,popular
2003.0,xls,48,0.0020619745337883797,0.00016829738322163065,0.00571202489280208,0.0021533808876772853,7.088315284167122e-05,0.006248905920085731,9.140635388890563e-05,-0.0002728137349947231,0.0006682260722322628,popular
2004.0,xcu,49,0.0003611842129814212,8.13812207585834e-05,0.000733494294205017,0.00023174070168198847,0.0,0.0006273792418998732,-0.00012944351129943272,-0.0005199020350415569,0.0002243183102630781,popular
2004.0,cu,49,0.0061633271396575855,0.0037792791013728554,0.009252914815354962,0.005383732155400629,0.003218807944247469,0.008182081542986502,-0.000779594984256957,-0.0035692761453122303,0.0019050638689552717,popular
2004.0,mcu,49,0.37118125533430424,0.31850156717641204,0.4218300896086104,0.4261614824430434,0.3688511849040856,0.4831141548988441,0.05498022710873918,0.030144579913821697,0.08229964533148865,popular
2004.0,m,49,0.46445839520402216,0.4285042128329999,0.49897607931097354,0.45102009060114207,0.4086332440544152,0.49420242747520077,-0.013438304602880091,-0.04130750998344988,0.012811240560382568,popular
2004.0,ml,49,0.08358136479644872,0.07132534693374884,0.09673068813150439,0.06911323812838203,0.05793950647359746,0.08070943828512793,-0.014468126668066683,-0.025513109770588814,-0.0034651140448854964,popular
2004.0,l,49,0.07295181045753159,0.05376198633029726,0.09892250137016498,0.04713312889749414,0.03227631937488675,0.06542721727592696,-0.02581868156003745,-0.03810005514951891,-0.015302681110191915,popular
2004.0,xls,49,0.0013026628550543594,0.0004992629654051423,0.0022204847381207754,0.0009565870728556928,0.00019003223150062845,0.001982497953650466,-0.00034607578219866657,-0.001154285304961974,0.0005112905850240681,popular
2005.0,xcu,47,0.0002769396847914459,6.141823382382975e-05,0.0005276208098859251,0.0002441854830606778,9.497880314200647e-06,0.0006830511204657748,-3.275420173076812e-05,-0.00033005267585804727,0.00035894865461632604,popular
2005.0,cu,47,0.004527558149707658,0.002855958149741222,0.006601294595119273,0.00501495559762789,0.0026666970365875568,0.007910986480993084,0.0004873974479202318,-0.0021009723409552623,0.0035358830708487558,popular
2005.0,mcu,47,0.4112385394734598,0.36767423369167634,0.4554418035944359,0.4278032804775161,0.3750449246053557,0.4775672845613751,0.016564741004056305,-0.015027473186490878,0.04535659031880221,popular
2005.0,m,47,0.44860554530024666,0.41566021964458166,0.4798233989762162,0.4484142576518986,0.40809414356576923,0.4918736868823299,-0.00019128764834808187,-0.02440124146582411,0.02763553744905399,popular
2005.0,ml,47,0.07192063449288391,0.06090644904693086,0.0836923444184274,0.06021642881722072,0.04949367487317642,0.0709890468569427,-0.011704205675663194,-0.01983190952846994,-0.00441142553941994,popular
2005.0,l,47,0.06276295400612206,0.04116205784394426,0.0893905705485922,0.057699481606421466,0.029721358725846726,0.09326461269393378,-0.0050634723997005915,-0.016111687263873766,0.010032894673327157,popular
2005.0,xls,47,0.0006678288927883341,0.0003657646097821913,0.0011080421720198084,0.0006074103662544645,0.00014758431000317198,0.0013830577952477921,-6.041852653386958e-05,-0.0007164265550170469,0.0007860564169667117,popular
2006.0,xcu,48,0.00039012597841453066,7.265496158369025e-05,0.0009323197150260798,0.0003315012913810722,7.120681306787434e-06,0.0008847406441967135,-5.862468703345846e-05,-0.00020434512941689336,6.933827860368796e-05,popular
2006.0,cu,48,0.0035217306088166597,0.002357762329579625,0.00489489608698222,0.0026907897549800918,0.0012234948973471552,0.0045220832253859,-0.0008309408538365679,-0.002467011924287973,0.0009640189413311624,popular
2006.0,mcu,48,0.3662403206319236,0.3150759387567512,0.4230180483759418,0.3705778321918453,0.3106698909406016,0.43163721695748986,0.004337511559921736,-0.020681252778381416,0.02777775764317453,popular
2006.0,m,48,0.44606829984900404,0.4039101476290738,0.4893557810646131,0.4724226864442112,0.4191051000290937,0.5235783909269456,0.02635438659520717,-0.0006930713167884265,0.05303011054477377,popular
2006.0,ml,48,0.07969012896311331,0.06479057267666131,0.09596802260539179,0.06737251432401921,0.05167045816420012,0.08571594408160638,-0.012317614639094102,-0.02276506107481065,-0.003463977594419972,popular
2006.0,l,48,0.1031379409046471,0.056505167304628616,0.1557224503051161,0.08604066695712241,0.043065295137755207,0.13605329013458256,-0.017097273947524694,-0.028315407462242256,-0.007400411338487951,popular
2006.0,xls,48,0.0009514530640807661,0.0003833278444879458,0.0016036221872616806,0.0005640090364407133,0.00014493316985185464,0.0011655528815541995,-0.0003874440276400528,-0.0009528970156907962,9.868419596610222e-05,popular
2007.0,xcu,48,0.00015864916068266102,4.026589034813919e-05,0.00033295236372300497,0.00015518651097805224,0.0,0.00045421652022998254,-3.4626497046087723e-06,-0.0002594428655466067,0.0003083927381820449,popular
2007.0,cu,48,0.0055558819829880325,0.0033438348623861082,0.0088066534359275,0.005834599968688609,0.002878244921270933,0.010421648626203855,0.0002787179857005762,-0.0033263622006586414,0.004845205684771336,popular
2007.0,mcu,48,0.3659216960845974,0.31025835050000455,0.4149785586145299,0.35888373071268315,0.305622451426367,0.40981457580430736,-0.0070379653719142565,-0.033577396524683806,0.019648733752897378,popular
2007.0,m,48,0.45850282246821655,0.42805149755117233,0.4872691701743895,0.49936322362214974,0.4627999062792628,0.5347951660047856,0.04086040115393319,0.011911497112536099,0.06767538042939651,popular
2007.0,ml,48,0.08672668987550632,0.07114701643437416,0.10668781478316193,0.07659843840936527,0.061490549930587265,0.0933067802092474,-0.010128251466141047,-0.02490023042110297,0.00444182244175812,popular
2007.0,l,48,0.0823032235628608,0.05689017948514367,0.11290835778653766,0.058525553037123895,0.03743287490068082,0.08356729107980565,-0.0237776705257369,-0.0441858433802798,-0.00813742803569343,popular
2007.0,xls,48,0.0008310368651482949,0.0003098837705433574,0.001515353252801619,0.0006392677390112633,0.0002567897711583832,0.0011543350894502203,-0.00019176912613703154,-0.0006867376446532806,0.00023946627781509756,popular
2008.0,xcu,50,0.000365468769710522,1.930305423287923e-05,0.0010131642335742767,0.00011678785109342778,2.6215755669157164e-06,0.00027864106090824393,-0.0002486809186170942,-0.0009269788159325075,0.00015697736775448283,popular
2008.0,cu,50,0.0049050506658452845,0.002930271433693263,0.007521650406415462,0.005501061627357517,0.002201553806533724,0.011181653019711682,0.0005960109615122328,-0.00248594631860061,0.004580048520491277,popular
2008.0,mcu,50,0.35461389638296026,0.30627369846597047,0.3997535180742356,0.3669814529452916,0.31592404984356115,0.41938031366303075,0.01236755656233135,-0.009448067558478624,0.03587190110589346,popular
2008.0,m,50,0.47576766225475836,0.4379102594262327,0.5132011645834699,0.496941158124925,0.45823021767104954,0.5385391502419385,0.021173495870166648,-0.007156031541107562,0.047851655214970555,popular
2008.0,ml,50,0.08066986591226884,0.06865210729835258,0.096565820277458,0.06761206140793463,0.05488255105154297,0.0826245375599698,-0.013057804504334206,-0.02477703881518463,-0.0017239274491152614,popular
2008.0,l,50,0.0822901260214712,0.05346549651626452,0.11862793079665314,0.06158243481216417,0.03760238556963278,0.092332395997461,-0.020707691209307037,-0.03711898614341174,-0.009006773677287997,popular
2008.0,xls,50,0.0013879299929855798,0.0005107987134829558,0.002617278129373439,0.0012650432312337014,0.000415548682572594,0.002403466195967331,-0.00012288676175187837,-0.0013434661171790913,0.0010446323172233797,popular
2009.0,xcu,45,0.0007329539319686301,0.0001456677142979028,0.0016121501785407077,0.00016643784130308478,3.21923813138989e-05,0.000341253239329509,-0.0005665160906655454,-0.0014199504674170533,-4.2266687891741505e-05,popular
2009.0,cu,45,0.0064220180322082385,0.0031314874928066866,0.011265780041696096,0.0029368101642623583,0.0018228376571278269,0.004266526152157569,-0.0034852078679458802,-0.00823603965189486,-0.0004708516106758138,popular
2009.0,mcu,45,0.34980249045620976,0.30070601777243944,0.39562707858011065,0.37820210720155867,0.32474326755060984,0.430038382446731,0.02839961674534891,-0.005732842836942455,0.06037899047123182,popular
2009.0,m,45,0.47097516858045513,0.43649338320876174,0.5105907660391709,0.4772172715073708,0.4376278190372532,0.5159711135164848,0.0062421029269156825,-0.021749985890901352,0.036279188996871804,popular
2009.0,ml,45,0.07982825798762135,0.06308552100965706,0.09959843082029148,0.06777134802218819,0.05343202639966982,0.08535313738393853,-0.012056909965433155,-0.02520556356428472,0.0018809391775038724,popular
2009.0,l,45,0.0907609635060888,0.06060491807925663,0.12399401853576014,0.0727918604245937,0.04652435905588873,0.10206245065994966,-0.017969103081495102,-0.0307436453581663,-0.005556696712989242,popular
2009.0,xls,45,0.0014781475054480978,0.0006144331503522569,0.0025620222959744747,0.0009141648387232449,0.0001389785653986498,0.002027725723534227,-0.0005639826667248529,-0.0014018551783682688,0.0003342934821457966,popular
2010.0,xcu,48,0.0005198533566286352,9.433774957751135e-05,0.0012532187066373168,3.726988654859488e-05,0.0,0.00011180965964578464,-0.0004825834700800403,-0.0011374535096474463,-8.714632981169405e-05,popular
2010.0,cu,48,0.005049035601779912,0.0028324669373063563,0.007564946365277587,0.0037819659680683342,0.002303079053717523,0.0054503427427633104,-0.0012670696337115776,-0.004444891612239511,0.0014657507679008714,popular
2010.0,mcu,48,0.391405411743258,0.34088400331321045,0.44334334827082644,0.39521219104413413,0.33382366705786815,0.45829752262479273,0.0038067793008761397,-0.025414804032114557,0.03400870945953104,popular
2010.0,m,48,0.4612705164877456,0.42694085186237063,0.4947399431095085,0.48089158685362254,0.4364759576406186,0.5225715224439307,0.019621070365876958,-0.0068210070316462295,0.046845646515847814,popular
2010.0,ml,48,0.0735005167933616,0.05949033138593875,0.09007927815886949,0.06539600465944989,0.05081257109012288,0.08014733477355095,-0.00810451213391171,-0.02189426437930627,0.00427381597821933,popular
2010.0,l,48,0.06744199342810382,0.04893948412129504,0.08736462888871606,0.05428127153248465,0.0365927052531835,0.07681544933831658,-0.01316072189561917,-0.02286453424545955,-0.002833399143154287,popular
2010.0,xls,48,0.0008126725891223928,0.0004242201707774975,0.001248801358762179,0.00039971005569196943,0.00018556622460102145,0.0006503694423973563,-0.0004129625334304233,-0.000798765174821141,-8.656642596560118e-05,popular
2011.0,xcu,45,0.00022329519641319805,2.8542810015886684e-05,0.00047147713252059626,0.0007644493368177691,3.08499151627333e-05,0.0020828399158662595,0.0005411541404045711,-0.00015594072139671187,0.0017381245128885133,popular
2011.0,cu,45,0.007852403405328634,0.003237177608842088,0.014446311414356677,0.006498280529087504,0.0031812403837871116,0.01096081699104859,-0.0013541228762411301,-0.004653673467241983,0.0015618756161574036,popular
2011.0,mcu,45,0.32746739650038786,0.28206771616603654,0.3724480656189414,0.3455768426640815,0.2862942691384379,0.40415424148247253,0.018109446163693643,-0.008357760308259028,0.04225388890137474,popular
2011.0,m,45,0.47705891308678333,0.43138625370634204,0.5189889928229392,0.47157764737170044,0.41967377319002797,0.5186826417679877,-0.005481265715082895,-0.032233671816777984,0.02261625342690921,popular
2011.0,ml,45,0.07731097964402797,0.06030827319410338,0.10034503408727481,0.08030425771274424,0.06562750562242613,0.09626411004854134,0.0029932780687162708,-0.01830380742721736,0.020326037605072397,popular
2011.0,l,45,0.1087809686001517,0.06661046641694363,0.15881800861338252,0.09434283653561969,0.05311454924361353,0.14167477517139077,-0.014438132064532011,-0.02760761149653825,-0.0026721670529381365,popular
2011.0,xls,45,0.0013060435669073269,0.000537069587489635,0.002210241074716942,0.0009356858499487578,0.0002337320437046455,0.0018482569446445546,-0.0003703577169585691,-0.0008622163659785662,7.012910803121164e-05,popular
2012.0,xcu,50,0.00038205466833044307,3.451846738004833e-05,0.0009534465218382476,0.00047553234192911005,8.444249791449382e-05,0.0010014710922507566,9.347767359866698e-05,-5.1660161042642136e-05,0.0002403373458175715,popular
2012.0,cu,50,0.0035398146589516056,0.002237357586025326,0.005139024071839291,0.005476245041639393,0.0031665868039092646,0.008212298512327859,0.0019364303826877871,-3.51116410128044e-05,0.004394752825718018,popular
2012.0,mcu,50,0.3910744829542584,0.34307147563327195,0.43906469395334385,0.4311837524690138,0.38105197750819286,0.4821140463527633,0.04010926951475541,0.017403601209547485,0.06163257968499986,popular
2012.0,m,50,0.45607663029907786,0.4210534915531573,0.489030959474923,0.437949711496955,0.39955342279414024,0.4768830812526451,-0.01812691880212286,-0.03776763698244787,0.0024396843041539973,popular
2012.0,ml,50,0.0737760289291896,0.06311299686206247,0.0844777185670975,0.05997668479582528,0.047837042199915816,0.07368800557012027,-0.01379934413336431,-0.025243266489739746,-0.002210564349014364,popular
2012.0,l,50,0.07305147186328415,0.052600487528433645,0.09733582326886667,0.062271175168498505,0.041028331963342386,0.08707389281976186,-0.01078029669478564,-0.01890558535584305,-0.0027550290222174453,popular
2012.0,xls,50,0.002099516626908064,0.0005904852688555046,0.004670722349958655,0.0026668986861388354,0.00035935882422433586,0.006518283792582137,0.0005673820592307713,-0.0004381651664202047,0.0020563845133184573,popular
2013.0,xcu,47,0.0006906229099433549,1.8443288425397413e-05,0.001684609155122811,0.0002460273246038607,4.331554508281932e-05,0.000498648507435683,-0.0004445955853394942,-0.0014687810011266805,0.0003109906106021151,popular
2013.0,cu,47,0.0037124167289416202,0.0021462364797212763,0.0056058756094625635,0.004755596489067585,0.002607193503922113,0.007175202356236544,0.0010431797601259648,-0.001429820017251176,0.0035676944024098014,popular
2013.0,mcu,47,0.3718855820631782,0.3171315298857114,0.4248806190351145,0.3892886590191759,0.3340703966697506,0.4422069926432693,0.017403076955997743,-0.008367767145609929,0.044891847810690604,popular
2013.0,m,47,0.44999734806196906,0.410419469939498,0.48859875655622764,0.4607370631349812,0.42079425947647536,0.5020480629647956,0.010739715073012135,-0.02152398895768366,0.04461279422355541,popular
2013.0,ml,47,0.07219805842865153,0.05982653551433213,0.08627883651613133,0.05992102972013696,0.04830527505532386,0.07244471920125792,-0.012277028708514569,-0.027494360783052632,0.0006514989918584906,popular
2013.0,l,47,0.09651484471324873,0.05900881561905158,0.1419827556342702,0.08065799354904389,0.04719822693021141,0.12451881686199487,-0.015856851164204835,-0.03453755846674987,0.0002326284898187896,popular
2013.0,xls,47,0.005001127094067547,0.0009475461342624066,0.012229077344211364,0.004393630762990374,0.0010115863986454893,0.009440330064458428,-0.0006074963310771734,-0.003861916018319007,0.0017503138282930497,popular
2014.0,xcu,49,0.00019981161324495537,1.2064204323979396e-05,0.0004737234886692248,0.0002674591290328895,0.0,0.0007104543280883779,6.764751578793414e-05,-0.00016869121283789886,0.0004157363773026112,popular
2014.0,cu,49,0.0029262958552508616,0.0016526674990247501,0.004487574788619344,0.003485867855730621,0.0020213622359468372,0.005143870698132055,0.0005595720004797594,-0.0009999874395936507,0.0021521444005003394,popular
2014.0,mcu,49,0.38905589892813813,0.3400471385404358,0.4359082377408303,0.4051833913964274,0.35422855689545485,0.45739036138085076,0.016127492468289262,-0.0033168399723938354,0.03548357116850191,popular
2014.0,m,49,0.46684856122623414,0.43186883809968307,0.5032232228994845,0.4619595778321793,0.42491983821885154,0.4996472638436742,-0.004888983394054858,-0.025538191203711806,0.01697925168673376,popular
2014.0,ml,49,0.07282146836096962,0.05946048554668415,0.08898347231437535,0.068410277977955,0.05585551378173272,0.08362734987105225,-0.004411190383014615,-0.014120527018130524,0.0055894738852999195,popular
2014.0,l,49,0.0668886813043499,0.04868542553458804,0.08903564724172068,0.05916401320462577,0.038780113859708136,0.08486334779674,-0.007724668099724129,-0.01358729468215877,-0.0012971109290316504,popular
2014.0,xls,49,0.0012592827118123762,0.0005492612181343939,0.0021637409822954836,0.001529412604048987,0.0006026763805711609,0.0027537418782638905,0.0002701298922366108,-0.000585256225249542,0.0011503774062941964,popular
2015.0,xcu,43,0.0003862580297476723,4.53665154979751e-05,0.0009317699054904869,0.00015252183405005396,0.0,0.00045364311828214216,-0.00023373619569761836,-0.00048093196749551034,-3.83858499610659e-05,popular
2015.0,cu,43,0.0032057539301367484,0.0014791765098604215,0.005520719890743289,0.004302748322954088,0.0024851207840434395,0.006660320669472786,0.0010969943928173399,-0.000278799811716955,0.0026825534116630156,popular
2015.0,mcu,43,0.333522630054437,0.2863231459115921,0.37901459950968375,0.37754944053651607,0.32614247209465425,0.43148753227825243,0.04402681048207907,0.02193965120579244,0.06708792215718783,popular
2015.0,m,43,0.4882279938076373,0.4517271301084646,0.5232487400600402,0.4836956907714842,0.44210462361479347,0.5226117425335036,-0.004532303036153096,-0.029092263375741386,0.02090173105894293,popular
2015.0,ml,43,0.07722653902481476,0.06626747218562812,0.08751575617268831,0.05860640633735414,0.04840796657405131,0.06950074558271907,-0.01862013268746062,-0.02944214328562448,-0.007431654189519925,popular
2015.0,l,43,0.09542500830119002,0.05850846153181084,0.14213534425254587,0.07384424368718191,0.0415545357674476,0.11639052153026029,-0.02158076461400811,-0.03783867749289534,-0.006733828337019619,popular
2015.0,xls,43,0.002005816852036486,0.0008360618483168268,0.003579000344693714,0.0018489485104593228,0.00042479487904702905,0.004141068879216502,-0.00015686834157716337,-0.0019280145990748655,0.0017476473028880542,popular
2016.0,xcu,50,0.0004899479272443947,0.00013863995893226045,0.0009218504949730997,0.0013105384642259,8.136879303208366e-05,0.0036686988910341767,0.0008205905369815054,-0.0004181587583701546,0.003046275024972241,popular
2016.0,cu,50,0.0044960621431666525,0.0025822964759583643,0.006932794785561741,0.006737419846106218,0.0040419092010183484,0.009747096755369498,0.0022413577029395653,0.00033784209258860804,0.004523752690774952,popular
2016.0,mcu,50,0.37717854576500803,0.3329546378841289,0.4218331657367376,0.394627139753305,0.3491177577953954,0.4443854514600033,0.017448593988296957,-0.0075988895997830316,0.04257390984160869,popular
2016.0,m,50,0.4366199210229076,0.40266790583204465,0.47147576357912463,0.4315073229887865,0.3910565562228581,0.4715279617844024,-0.005112598034121063,-0.02702339949592363,0.01597149152057606,popular
2016.0,ml,50,0.06405377274600188,0.05646105737712944,0.07201263455809982,0.058726596342134174,0.04995942356682736,0.06873913176128038,-0.005327176403867706,-0.013209649235857724,0.002781445594075506,popular
2016.0,l,50,0.11339026628807947,0.07497681182830944,0.15738523503640728,0.10357245269364888,0.06425997794764064,0.14674297556232643,-0.009817813594430583,-0.025631648798849854,0.006716451952212323,popular
2016.0,xls,50,0.0037714841075920462,0.0012665556238722554,0.007804855895194721,0.003518529911793251,0.0013058988520915937,0.006896470767419038,-0.00025295419579879526,-0.0029568830072114125,0.002559266485930702,popular
2017.0,xcu,48,0.0001328528988625055,8.912343298957004e-06,0.0003060908157244699,2.6681338143766115e-05,0.0,6.679449455253912e-05,-0.0001061715607187394,-0.00027096050484570576,3.8676430444366326e-07,popular
2017.0,cu,48,0.004812613056558415,0.0023004848248831746,0.008710857475530723,0.003928543893375765,0.0020436952263530404,0.006035909851213137,-0.00088406916318265,-0.005067295232380992,0.002120176490936188,popular
2017.0,mcu,48,0.3471807540228325,0.3069693138197415,0.3872283598870343,0.36078586784822314,0.30773876719708876,0.41333618749441636,0.013605113825390647,-0.01738046507289535,0.04038422618145885,popular
2017.0,m,48,0.4661618649616776,0.43258531199733563,0.49685090875132365,0.4615372348160171,0.42395602524673304,0.5043139319383886,-0.004624630145660502,-0.02917131763820007,0.02121180909687675,popular
2017.0,ml,48,0.07874552743383598,0.06384819018699034,0.09575092172012653,0.07397097940132133,0.05822837857727104,0.09258698804969268,-0.004774548032514647,-0.015195513349866045,0.00580835831729726,popular
2017.0,l,48,0.10049953522104561,0.06171846411897668,0.14573966783844405,0.09782736243723289,0.05889401241153607,0.1462837914429734,-0.0026721727838127235,-0.016297251704815566,0.013989258771201366,popular
2017.0,xls,48,0.0024668524051873024,0.0009350610466597097,0.004476087340321427,0.001923330265686033,0.0007038383833270667,0.003707708558390349,-0.0005435221395012693,-0.001620838481343418,0.00022670575224475125,popular
2018.0,xcu,46,0.0006631835093636199,3.223280513480406e-05,0.001758837595582008,0.00030839986340612876,6.043683746116933e-06,0.0007501605789285582,-0.0003547836459574911,-0.0012341456629296665,0.0003086967030235456,popular
2018.0,cu,46,0.003633396498221424,0.0023727749395567963,0.005027718261187669,0.005033911917668718,0.0025584657561979053,0.008640193909273732,0.0014005154194472944,-0.0009238608713711958,0.0043023445377376,popular
2018.0,mcu,46,0.33762819669685556,0.29455873286228584,0.38067789336475283,0.3781447999367855,0.32942188734451555,0.4277857131853066,0.04051660323992995,0.01726741893961091,0.06363968046623014,popular
2018.0,m,46,0.5117820313537801,0.4753497270326913,0.5469371623037999,0.4833686331367179,0.4496112014137685,0.5185610098805037,-0.02841339821706218,-0.04834513458558602,-0.009421403864551087,popular
2018.0,ml,46,0.06803668542175945,0.06044476457561756,0.07595138710808393,0.06265185895506126,0.05357203333810147,0.07179990747780465,-0.005384826466698189,-0.011917778000691277,0.001755695507934693,popular
2018.0,l,46,0.07675870793490881,0.05143881315680241,0.10456179405659492,0.06821468693208114,0.042928829136581526,0.09613915466986064,-0.008544021002827668,-0.01722252932395479,0.0010297382636147451,popular
2018.0,xls,46,0.001497798585111138,0.0005996336447486168,0.0025305320429756272,0.0022777092582794015,0.0007055480920366942,0.0043609726823145515,0.0007799106731682635,-0.00024351664644338796,0.0020869349959218284,popular
2019.0,xcu,57,0.001360610810136815,0.0001484433821110613,0.0034688901925399606,0.0008235439456747575,9.882068350241792e-05,0.002128265006122221,-0.0005370668644620575,-0.0026104014512250725,0.0011937258410926112,popular
2019.0,cu,57,0.0035996079207536915,0.0021777423136979824,0.00553655026005637,0.005710938137588517,0.003586055006720894,0.008174260871460181,0.002111330216834825,-9.140782278998339e-05,0.0044635052563321105,popular
2019.0,mcu,57,0.31747079937174283,0.2806354541457724,0.35922676836795325,0.33367686136149177,0.29147274481269136,0.37377933383173667,0.016206061989748943,-0.012516357198739822,0.04385778334227751,popular
2019.0,m,57,0.504559043200434,0.4741628691318121,0.5346872045760398,0.49081586784847026,0.4585307670631001,0.5216576297809352,-0.013743175351963732,-0.04273314959912938,0.013488340746280268,popular
2019.0,ml,57,0.07879548861660485,0.0690742211447054,0.08847503003716038,0.08228733145393245,0.07016120552557945,0.09646425101240581,0.003491842837327605,-0.006613079866690872,0.013552027672834347,popular
2019.0,l,57,0.0924909575211022,0.06372154165706242,0.12526379435550122,0.08437143893437526,0.059318160834978456,0.11530236441545216,-0.008119518586726937,-0.021580692152896905,0.004951138056427536,popular
2019.0,xls,57,0.0017234925592256038,0.0008345265411138653,0.002907546035922642,0.002314018318466997,0.0006727853726931522,0.005089829062617637,0.000590525759241393,-0.0005763284484700956,0.0023736534725076865,popular
2020.0,xcu,33,4.1061016670772766e-05,0.0,0.0001231830500123183,5.646146674355181e-05,0.0,0.00014156700312479534,1.5400450072779042e-05,-9.984666966139092e-05,0.000129048056073555,popular
2020.0,cu,33,0.0021773101278604033,0.000933560524319913,0.003805957232218996,0.0015434585268036972,0.0007248912793307564,0.0026004955652084633,-0.0006338516010567061,-0.0025036833041996082,0.0009679116405127953,popular
2020.0,mcu,33,0.3350559421788304,0.29156145719929877,0.3848642395495739,0.3717936996917807,0.30591164257838704,0.43821536903137553,0.03673775751295033,-0.004152214674055124,0.07801726150248801,popular
2020.0,m,33,0.5518106107200813,0.5139936721283022,0.5888504558333516,0.5145209220566128,0.46367688801125734,0.5661166584748595,-0.03728968866346849,-0.07119970351908954,-0.0007859221706641508,popular
2020.0,ml,33,0.06864806966778833,0.05373356224350174,0.08574123699538497,0.06297795750190832,0.05161311881935288,0.07562424808602126,-0.005670112165880009,-0.021115703081354235,0.008711520712657244,popular
2020.0,l,33,0.04155857040552623,0.029999606558938543,0.055597109589276536,0.04865020616133505,0.029041359197094906,0.07669128993976998,0.007091635755808824,-0.0084793451949958,0.029575128686893413,popular
2020.0,xls,33,0.0007084358832426185,0.00015571346118195236,0.0017154424906440076,0.0004572945948158683,0.00017604639193332695,0.0008668163740971148,-0.0002511412884267502,-0.0009960734958497082,0.0002272825985007228,popular
2021.0,xcu,41,0.00021764944564973238,8.007323739538836e-05,0.0003755280418181987,0.00023391779827911343,0.0,0.0005614205195280052,1.6268352629381045e-05,-0.0002024085854969205,0.0003168213454599839,popular
2021.0,cu,41,0.0035245178205479725,0.0022002539542997188,0.005143809991765918,0.005350252295096889,0.002828354969986586,0.008758415105465373,0.001825734474548917,-0.0006717129989358286,0.004857985460851511,popular
2021.0,mcu,41,0.33712627340760015,0.2875312950462504,0.3849049188636779,0.3565063126827839,0.30717188162378134,0.4118806221264043,0.019380039275183725,-0.00631343340525851,0.04698758834616954,popular
2021.0,m,41,0.49497881930473303,0.46495291634639974,0.5232531047303035,0.4907382040729549,0.4527946899630268,0.5278328374001978,-0.004240615231778155,-0.031893574423695024,0.019409274473673438,popular
2021.0,ml,41,0.06166008462865413,0.05302107733452536,0.07037181630302454,0.0620029747900454,0.049664013434773065,0.07382572946008252,0.0003428901613912669,-0.00790054930828255,0.008944399076784642,popular
2021.0,l,41,0.10072363748937468,0.06946354082577057,0.13610446781094845,0.08210947654026593,0.05210238491294408,0.11694318075529953,-0.018614160949108755,-0.030545744664622145,-0.006310943062668865,popular
2021.0,xls,41,0.00176901790344038,0.0009592288704041654,0.0026909210542880755,0.0030588618205739633,0.0008974853044186453,0.006005851040059979,0.0012898439171335834,-0.0006526954506962974,0.003890910374381625,popular
2022.0,xcu,41,0.0003745121501233655,3.937967826003828e-05,0.0008845122220046893,0.0004347224451947109,2.254181506694919e-06,0.0012128038466543624,6.0210295071345444e-05,-0.0004695776825314569,0.0007432493359832815,popular
2022.0,cu,41,0.004479431726125534,0.0023995579158948115,0.006877704986514997,0.005336371449094281,0.0019479093664867754,0.010161663619357077,0.0008569397229687475,-0.0019413316755856277,0.004151210566884579,popular
2022.0,mcu,41,0.34520247733707055,0.2995974657186566,0.3957064169180702,0.3495352901941728,0.3019494321448478,0.40314028885970526,0.004332812857102242,-0.023365262364145874,0.035652398258158725,popular
2022.0,m,41,0.4994223991250732,0.4615094547125027,0.5380149416869456,0.5097110276176451,0.472164827698046,0.5474869606072262,0.010288628492571894,-0.02054295652693409,0.0389021716113307,popular
2022.0,ml,41,0.07491927447045574,0.06360744620273942,0.0879976000820686,0.07175601984238227,0.058795167879036186,0.08615847857405913,-0.0031632546280734725,-0.011829377714483419,0.005449137765371918,popular
2022.0,l,41,0.07296054746935535,0.04788717758590255,0.10095243586555508,0.06191903054300463,0.038884009900146656,0.0875539741829582,-0.01104151692635072,-0.02445060441972158,0.0007190092146124405,popular
2022.0,xls,41,0.0026413577217962937,0.0005822492184151978,0.00564706063942403,0.0013075379085061647,0.00023030478741628216,0.002847161419471832,-0.001333819813290129,-0.0037050332089592886,-1.9496845547400625e-05,popular
2023.0,xcu,44,0.00014602567033834707,3.2923761737321057e-06,0.0003600127883366845,0.00038007512577330953,1.400483324555801e-05,0.0009831848020915666,0.00023404945543496246,-0.0001227705722414683,0.0007150068896649044,popular
2023.0,cu,44,0.0024593453041738492,0.0014257012361978154,0.0035856496248879463,0.0035238570063914174,0.0015862849700255892,0.006872273001923296,0.0010645117022175681,-0.0011127469976420872,0.004429724406636217,popular
2023.0,mcu,44,0.3424913536643628,0.3001887575395618,0.3844203797931778,0.35059284538169727,0.3017927078982768,0.3951000088551401,0.008101491717334486,-0.02770421162065638,0.045069206637972745,popular
2023.0,m,44,0.4978451030093588,0.46399823149897534,0.5283134897798829,0.49237973157715853,0.4527730168446616,0.5334121620634154,-0.005465371432200272,-0.03972587591999762,0.027714689404971838,popular
2023.0,ml,44,0.06920510860866547,0.05786246880370734,0.08036936052990468,0.0666418992475603,0.05686438587527758,0.07712336683791834,-0.0025632093611051704,-0.013974504181313002,0.009995035233182245,popular
2023.0,l,44,0.08297660987993433,0.05270530333620236,0.11467050063654119,0.08275928602471587,0.052107770060912675,0.11968657168309767,-0.00021732385521845698,-0.022342999849219853,0.029786107814223577,popular
2023.0,xls,44,0.004876453863166417,0.0017398768753718698,0.00861794712691675,0.003722305636703291,0.0014072860763413375,0.00659426643293423,-0.0011541482264631258,-0.002976547579125476,0.0006692592585251332,popular
2024.0,xcu,45,0.00010771193524094415,1.9037588722071087e-05,0.00023981208866833472,0.00047053876941952636,5.56528757957457e-05,0.0009734530973656435,0.00036282683417858223,-3.781224001502562e-05,0.0008591367769417966,popular
2024.0,cu,45,0.0033851956951384387,0.0021217144941199475,0.004906657272562238,0.004070103554441919,0.002430664264988655,0.00585296768227413,0.0006849078593034802,-0.0011786819499739437,0.0027871978953502123,popular
2024.0,mcu,45,0.31019058586215037,0.26589681055978653,0.3552007935810227,0.35268878452507996,0.30017178978798487,0.4043060694050741,0.04249819866292959,0.01715563776079502,0.0661417404199596,popular
2024.0,m,45,0.5060296699275745,0.46323841389306064,0.5435595961134544,0.486189172432242,0.44493011204414035,0.522447745752204,-0.019840497495332454,-0.0470324347340402,0.013082270703375339,popular
2024.0,ml,45,0.08201996679811259,0.06838411240858452,0.0965964420408666,0.07280234884332612,0.05835078742387323,0.09018646262210248,-0.00921761795478647,-0.02466443760470496,0.0058484072550196615,popular
2024.0,l,45,0.0947875800453712,0.06553036595799742,0.13192283786407102,0.081901659353284,0.05336452303777199,0.12440339747592265,-0.012885920692087202,-0.03469844608110623,0.003821735978171245,popular
2024.0,xls,45,0.003479289736412093,0.0012041151474275794,0.006879177286523671,0.0018773925222064548,0.0007431669304159055,0.0033776260698260762,-0.0016018972142056384,-0.0042092891613261865,0.00041176218694840064,popular
2025.0,xcu,32,0.00033418862643385365,6.111871699589282e-06,0.000871079156021965,9.905757119229375e-05,0.0,0.0002517401960096411,-0.00023513105524155988,-0.0006695973683295934,9.294768699525694e-05,popular
2025.0,cu,32,0.003113220296664382,0.00156550772164256,0.005041990840599356,0.004136078783493804,0.0018120112105453336,0.006835825596050291,0.001022858486829422,-0.0008705005682681685,0.0032613037078593234,popular
2025.0,mcu,32,0.3162464995171492,0.26049377616663905,0.3712437835363506,0.3613014372957256,0.30349217839497294,0.41490309279228926,0.04505493777857639,0.01634387278059807,0.07320839155303731,popular
2025.0,m,32,0.5300585499535607,0.4849259060574464,0.5760800699534607,0.512586181385484,0.46774173622288817,0.5568547707723044,-0.017472368568076768,-0.042668245007486255,0.007988198647585983,popular
2025.0,ml,32,0.07763983666535586,0.06625442736397254,0.09100564645612032,0.06712269681614257,0.05203223979564861,0.083572608613415,-0.010517139849213292,-0.025201697556895164,0.0036628174164841446,popular
2025.0,l,32,0.06805833707201822,0.04404335335759808,0.09748831550194847,0.052162206195602176,0.034060902883781274,0.07401569988964458,-0.015896130876416045,-0.031061742664395316,-0.002192338815389604,popular
2025.0,xls,32,0.004549367868817808,0.0005587544333396962,0.009985533784363667,0.0025923419523596106,0.0003055847062103973,0.006653351235071731,-0.0019570259164581973,-0.0061349774324251085,0.0006222311888911921,popular
1916.0,xcu,1,0.0,0.0,0.0,0.0,0.0,0.0,0.0,0.0,0.0,prestige
1916.0,cu,1,0.0,0.0,0.0,0.0019670146769556664,0.0019670146769556664,0.0019670146769556664,0.0019670146769556664,0.0019670146769556664,0.0019670146769556664,prestige
1916.0,mcu,1,0.03183692166743014,0.03183692166743014,0.03183692166743014,0.07050991072779543,0.07050991072779543,0.07050991072779543,0.03867298906036529,0.03867298906036529,0.03867298906036529,prestige
1916.0,m,1,0.3325698579935868,0.3325698579935868,0.3325698579935868,0.47420184596761994,0.47420184596761994,0.47420184596761994,0.14163198797403315,0.14163198797403315,0.14163198797403315,prestige
1916.0,ml,1,0.4115895556573523,0.4115895556573523,0.4115895556573523,0.24375851112119837,0.24375851112119837,0.24375851112119837,-0.1678310445361539,-0.1678310445361539,-0.1678310445361539,prestige
1916.0,l,1,0.22377462207970683,0.22377462207970683,0.22377462207970683,0.20910879104251778,0.20910879104251778,0.20910879104251778,-0.014665831037189048,-0.014665831037189048,-0.014665831037189048,prestige
1916.0,xls,1,0.00022904260192395785,0.00022904260192395785,0.00022904260192395785,0.00045392646391284613,0.00045392646391284613,0.00045392646391284613,0.00022488386198888828,0.00022488386198888828,0.00022488386198888828,prestige
1924.0,xcu,1,0.0,0.0,0.0,0.0,0.0,0.0,0.0,0.0,0.0,prestige
1924.0,cu,1,0.0014540922309929372,0.0014540922309929372,0.0014540922309929372,0.004380841121495327,0.004380841121495327,0.004380841121495327,0.0029267488905023896,0.0029267488905023896,0.0029267488905023896,prestige
1924.0,mcu,1,0.1408392189447445,0.1408392189447445,0.1408392189447445,0.17172897196261683,0.17172897196261683,0.17172897196261683,0.030889753017872335,0.030889753017872335,0.030889753017872335,prestige
1924.0,m,1,0.5990859991690901,0.5990859991690901,0.5990859991690901,0.6509929906542056,0.6509929906542056,0.6509929906542056,0.05190699148511546,0.05190699148511546,0.05190699148511546,prestige
1924.0,ml,1,0.2172829248026589,0.2172829248026589,0.2172829248026589,0.1530373831775701,0.1530373831775701,0.1530373831775701,-0.0642455416250888,-0.0642455416250888,-0.0642455416250888,prestige
1924.0,l,1,0.0413377648525135,0.0413377648525135,0.0413377648525135,0.01985981308411215,0.01985981308411215,0.01985981308411215,-0.021477951768401355,-0.021477951768401355,-0.021477951768401355,prestige
1924.0,xls,1,0.0,0.0,0.0,0.0,0.0,0.0,0.0,0.0,0.0,prestige
1925.0,xcu,2,0.0,0.0,0.0,0.0,0.0,0.0,0.0,0.0,0.0,prestige
1925.0,cu,2,0.0,0.0,0.0,0.0038626609442060085,0.0,0.007725321888412017,0.0038626609442060085,0.0,0.007725321888412017,prestige
1925.0,mcu,2,0.1180154328463188,0.01773231031543052,0.21829855537720708,0.1605875596929215,0.039484978540772535,0.28169014084507044,0.04257212684660269,0.021752668225342015,0.06339158546786336,prestige
1925.0,m,2,0.4463978849966953,0.36470588235294116,0.5280898876404494,0.4003002276894558,0.27699530516431925,0.5236051502145923,-0.046097657307239526,-0.25109458247613015,0.15889926786165115,prestige
1925.0,ml,2,0.1806676163381816,0.11717495987158909,0.2441602728047741,0.1417457534909025,0.11267605633802817,0.17081545064377682,-0.03892186284727911,-0.07334482216099728,-0.004498903533560916,prestige
1925.0,l,2,0.2549190658188043,0.13643659711075443,0.3734015345268542,0.29350379818251426,0.25836909871244634,0.3286384976525822,0.03858473236370996,-0.11503243581440786,0.19220190054182776,prestige
1925.0,xls,2,0.0,0.0,0.0,0.0,0.0,0.0,0.0,0.0,0.0,prestige
1926.0,xcu,1,0.0,0.0,0.0,0.0,0.0,0.0,0.0,0.0,0.0,prestige
1926.0,cu,1,0.0007633587786259542,0.0007633587786259542,0.0007633587786259542,0.0,0.0,0.0,-0.0007633587786259542,-0.0007633587786259542,-0.0007633587786259542,prestige
1926.0,mcu,1,0.0,0.0,0.0,0.0,0.0,0.0,0.0,0.0,0.0,prestige
1926.0,m,1,0.29847328244274807,0.29847328244274807,0.29847328244274807,0.38990825688073394,0.38990825688073394,0.38990825688073394,0.09143497443798587,0.09143497443798587,0.09143497443798587,prestige
1926.0,ml,1,0.4251908396946565,0.4251908396946565,0.4251908396946565,0.3256880733944954,0.3256880733944954,0.3256880733944954,-0.09950276630016108,-0.09950276630016108,-0.09950276630016108,prestige
1926.0,l,1,0.27557251908396946,0.27557251908396946,0.27557251908396946,0.28440366972477066,0.28440366972477066,0.28440366972477066,0.0088311506408012,0.0088311506408012,0.0088311506408012,prestige
1926.0,xls,1,0.0,0.0,0.0,0.0,0.0,0.0,0.0,0.0,0.0,prestige
1927.0,xcu,2,0.0,0.0,0.0,0.0,0.0,0.0,0.0,0.0,0.0,prestige
1927.0,cu,2,0.00027059937762143147,0.0,0.0005411987552428629,0.0,0.0,0.0,-0.00027059937762143147,-0.0005411987552428629,0.0,prestige
1927.0,mcu,2,0.09518020493026064,0.048031389527804086,0.1423290203327172,0.15210462218868132,0.15071659731853906,0.15349264705882354,0.05692441725842068,0.011163626726106352,0.10268520779073498,prestige
1927.0,m,2,0.5975942164760009,0.5593289135434989,0.6358595194085028,0.5862806287563569,0.42256125751271384,0.75,-0.01131358771964397,-0.13676765603078506,0.11414048059149717,prestige
1927.0,ml,2,0.19887341126028535,0.17778379109728049,0.2199630314232902,0.16361377682140818,0.09283088235294118,0.23439667128987518,-0.03525963443887717,-0.12713214907034903,0.056612880192594695,prestige
1927.0,l,2,0.10808156795583178,0.0018484288354898336,0.21431470707617373,0.09800097223355361,0.003676470588235294,0.19232547387887194,-0.010080595722278166,-0.021989233197301783,0.0018280417527454604,prestige
1927.0,xls,2,0.0,0.0,0.0,0.0,0.0,0.0,0.0,0.0,0.0,prestige
1928.0,xcu,7,0.0,0.0,0.0,0.0,0.0,0.0,0.0,0.0,0.0,prestige
1928.0,cu,7,0.0003713154521137796,4.105090311986864e-05,0.0009349802710585005,0.010972700768619137,0.0,0.03291810230585741,0.010601385316505358,-0.0001789660852828384,0.03201925211365099,prestige
1928.0,mcu,7,0.205215021441417,0.07292910724011574,0.36319110743287114,0.32488750059682797,0.17992864350741597,0.5098011890317373,0.11967247915541096,0.06258559499712835,0.17067661885910496,prestige
1928.0,m,7,0.5655117288592822,0.4691187348196835,0.6615794381967822,0.497325878713834,0.3516519896729992,0.5919759019624748,-0.06818585014544826,-0.1441823797528053,0.00011826584188689464,prestige
1928.0,ml,7,0.1732673146065775,0.11421003076990703,0.23233464638889978,0.11940881347463791,0.06892060257167085,0.17721462293516482,-0.05385850113193957,-0.10111844860840702,-0.004772052142554363,prestige
1928.0,l,7,0.055565662049527995,0.028389084261995597,0.08476081830508352,0.047180230597203165,0.027794081138147513,0.06603300793426439,-0.008385431452324829,-0.03844478703875217,0.02481699777517267,prestige
1928.0,xls,7,6.895759108148489e-05,0.0,0.00020687277324445467,0.00022487584887781424,0.0,0.0004913401302051345,0.00015591825779632935,0.0,0.0003601427421147171,prestige
1929.0,xcu,6,0.0,0.0,0.0,0.0,0.0,0.0,0.0,0.0,0.0,prestige
1929.0,cu,6,0.0001953916124820726,0.0,0.0005404061523805397,0.002634294163525283,0.0,0.007477712422548637,0.0024389025510432104,-0.0003450145398984671,0.007236552125000886,prestige
1929.0,mcu,6,0.0523144387080905,0.016668863238303962,0.09816143997250946,0.15678099173742774,0.04738833879186152,0.282893401500621,0.10446655302933724,0.027589413532236408,0.1845204464731773,prestige
1929.0,m,6,0.5669715542844891,0.46935551513911283,0.653621277390447,0.5586172254722075,0.45938446029689706,0.6444872707429186,-0.008354328812281597,-0.10034723383712817,0.0890588571447748,prestige
1929.0,ml,6,0.23838012978336945,0.17337008310469845,0.30490928230511344,0.16957098651925293,0.12896513422061204,0.23027914656931636,-0.06880914326411652,-0.1175615938670965,-0.033305721991986614,prestige
1929.0,l,6,0.14213848561156892,0.07397538690176929,0.2111700723361589,0.1123965021075866,0.05235686245904387,0.18502436110277162,-0.029741983503982314,-0.08391842582781389,0.014480535624983137,prestige
1929.0,xls,6,0.0,0.0,0.0,0.0,0.0,0.0,0.0,0.0,0.0,prestige
1930.0,xcu,3,0.0,0.0,0.0,0.0,0.0,0.0,0.0,0.0,0.0,prestige
1930.0,cu,3,0.0003234152652005175,0.0,0.0009702457956015524,0.0,0.0,0.0,-0.0003234152652005175,-0.0009702457956015524,0.0,prestige
1930.0,mcu,3,0.060558420542963766,0.006953428201811125,0.09594882729211089,0.05437236413579586,0.0016863406408094434,0.08641975308641975,-0.006186056407167906,-0.020937828611952508,0.007646746951450428,prestige
1930.0,m,3,0.5946433898435798,0.4306748466257669,0.7695666235446313,0.6613149456229265,0.5555555555555556,0.826981450252951,0.06667155577934669,0.017719131699931556,0.1248807089297887,prestige
1930.0,ml,3,0.2927003182463407,0.19307891332470892,0.41423312883435576,0.23203902378951494,0.09612141652613827,0.35802469135802467,-0.06066129445682575,-0.09695749679857064,-0.028817949095575474,prestige
1930.0,l,3,0.05177445610191522,0.02943078913324709,0.07631901840490797,0.052273666451762714,0.0,0.08161020677518697,0.0004992103498474912,-0.07631901840490797,0.04578000344685408,prestige
1930.0,xls,3,0.0,0.0,0.0,0.0,0.0,0.0,0.0,0.0,0.0,prestige
1931.0,xcu,16,0.0,0.0,0.0,0.0,0.0,0.0,0.0,0.0,0.0,prestige
1931.0,cu,16,0.0021649796288317246,0.00031124892550010556,0.0043893488121948395,0.005182539221363454,0.0,0.014769755182594092,0.00301755959253173,-0.0016174983367072953,0.011104590186036344,prestige
1931.0,mcu,16,0.05671827727610925,0.0304179138724778,0.09133877730329035,0.06189226564773649,0.024586370559444362,0.10881332883830182,0.00517398837162724,-0.01954407225949439,0.029838822627286408,prestige
1931.0,m,16,0.5385876165572606,0.47166772118899114,0.6062613524920599,0.509781397183612,0.44933773819812883,0.5611945751385157,-0.02880621937364858,-0.0927687659896011,0.028127068429454154,prestige
1931.0,ml,16,0.28021243206695534,0.22989504256276555,0.32475708414830484,0.2911284486467083,0.24179513814615997,0.34526607128195774,0.01091601657975294,-0.037587213617565125,0.0635820528189309,prestige
1931.0,l,16,0.12227333494853271,0.07995810437246002,0.16788736288741984,0.1320043535229583,0.08433694980868264,0.17776686953708237,0.009731018574425598,-0.01783321889968271,0.03881094620202083,prestige
1931.0,xls,16,4.335952231034942e-05,0.0,0.00011852161426832638,1.0995777621393385e-05,0.0,3.2987332864180156e-05,-3.236374468895604e-05,-0.00010983294994614264,2.199155524278677e-05,prestige
1932.0,xcu,11,0.0,0.0,0.0,0.0,0.0,0.0,0.0,0.0,0.0,prestige
1932.0,cu,11,0.00020206799358489603,1.4151477414242046e-05,0.0005372167158303925,0.003954753779335699,0.0,0.00975570058133501,0.0037526857857508034,-0.0003554908772934022,0.009553787354690955,prestige
1932.0,mcu,11,0.10329868750005086,0.037355996724550665,0.17703238345685648,0.15076649319002125,0.08010173365790438,0.2206774634421228,0.04746780568997039,0.004733952442325837,0.09916863330674684,prestige
1932.0,m,11,0.609845277520667,0.5456015007162208,0.6745554850864112,0.6192230194978646,0.565970320785132,0.6707730418048553,0.009377741977197651,-0.05028707484940565,0.07144356352208255,prestige
1932.0,ml,11,0.23574178710754057,0.19379500778305736,0.27958845930398035,0.17751141855718292,0.13933571866851385,0.21076969155263872,-0.05823036855035765,-0.1127757651145867,-0.005695675434503822,prestige
1932.0,l,11,0.05090170648058648,0.02408758951567683,0.08242605181393373,0.04854431497559548,0.026954199748717524,0.074540740926624,-0.0023573915049910008,-0.014082104408065295,0.008760305425081891,prestige
1932.0,xls,11,1.0473397570171764e-05,0.0,3.142019271051529e-05,0.0,0.0,0.0,-1.0473397570171764e-05,-3.142019271051529e-05,0.0,prestige
1933.0,xcu,14,0.0,0.0,0.0,0.0,0.0,0.0,0.0,0.0,0.0,prestige
1933.0,cu,14,0.0004575318593869425,0.0,0.0013508252119832683,0.0014120265353534261,0.0,0.003096518292797926,0.0009544946759664837,-0.0008108120635434969,0.0027842054403933603,prestige
1933.0,mcu,14,0.05675274983068817,0.03539809145672869,0.08548534478866329,0.14511374617686257,0.09402836632724354,0.2074782961052497,0.08836099634617439,0.05040973083650298,0.13025358810842516,prestige
1933.0,m,14,0.5673850063461623,0.5152714432701362,0.6167301761054169,0.5406407786809577,0.47825539999545935,0.5971793502217432,-0.026744227665204567,-0.09070229893072804,0.03952167918001352,prestige
1933.0,ml,14,0.2534114613798457,0.20271076157229645,0.3027154066554634,0.23547108954905502,0.18162527719511307,0.2895971095361867,-0.017940371830790697,-0.06088144038331274,0.023625763076735914,prestige
1933.0,l,14,0.12168645356462866,0.09002818437512125,0.15280778447750892,0.0773107488182997,0.05179230032453864,0.10563008755693033,-0.04437570474632896,-0.07163173958923906,-0.01954336761375358,prestige
1933.0,xls,14,0.00030679701928809427,1.5450696826426872e-05,0.0008714005861291371,5.1610239471511145e-05,0.0,0.00015483071841453344,-0.0002551867798165831,-0.0008713329353277048,0.00011858491144851718,prestige
1934.0,xcu,14,0.0,0.0,0.0,0.0,0.0,0.0,0.0,0.0,0.0,prestige
1934.0,cu,14,0.0007121112447346003,0.00014052073592745934,0.0013687168240270977,0.0006995431816329946,0.0,0.001967748058085294,-1.2568063101605666e-05,-0.0010889246977811213,0.0015643712059913517,prestige
1934.0,mcu,14,0.11800064469969276,0.07718104489901577,0.16424929189725826,0.1490668178520876,0.09659454297782596,0.20944476258979805,0.03106617315239485,-0.025233387436477066,0.08656776153935275,prestige
1934.0,m,14,0.5453134276680497,0.49464665040508876,0.592310680126193,0.5368410935808442,0.4868604316395233,0.5862174600819594,-0.00847233408720549,-0.054173285829287404,0.04257847802995651,prestige
1934.0,ml,14,0.24503423123455584,0.19846610662634848,0.293627092697363,0.23840251411848193,0.1847534014162554,0.2892554052633267,-0.00663171711607391,-0.05825718220011623,0.047379625742625164,prestige
1934.0,l,14,0.09079295518801489,0.05959126282298726,0.12084178298182892,0.07487754532769568,0.057424629642178295,0.09284612829790431,-0.01591540986031921,-0.04190034861513504,0.00862376654205912,prestige
1934.0,xls,14,0.000146629964952238,0.0,0.0003218727973792561,0.0001124859392575928,0.0,0.0003374578177727784,-3.41440256946452e-05,-0.00017021232022960332,7.536366502426496e-05,prestige
1935.0,xcu,21,0.0,0.0,0.0,0.0,0.0,0.0,0.0,0.0,0.0,prestige
1935.0,cu,21,0.00019510888118659382,0.0,0.0004778192331734971,0.0,0.0,0.0,-0.00019510888118659382,-0.0004778192331734972,0.0,prestige
1935.0,mcu,21,0.11962229745097751,0.08907581107005501,0.15317216888475446,0.1864608877698472,0.1473981815279417,0.22771459358471527,0.0668385903188697,0.035290419692239526,0.10081859143676504,prestige
1935.0,m,21,0.5722849003730498,0.5405183457424385,0.6038941564533936,0.5392354699520657,0.49790225584667613,0.5824815731682583,-0.03304943042098407,-0.08041403059976766,0.009000355509490634,prestige
1935.0,ml,21,0.21966648942193615,0.19401203158042776,0.2450368745700387,0.1728569704339503,0.14527160440562017,0.19755691592022934,-0.046809518987985854,-0.07384613766346629,-0.022752414141100654,prestige
1935.0,l,21,0.0879427473009257,0.06577535848197451,0.11299976833756577,0.10140764499913303,0.06254196304710165,0.15675719014270292,0.013464897698207329,-0.023452256531892996,0.06727752781503527,prestige
1935.0,xls,21,0.00028845657192419304,7.397058821589228e-05,0.0005803215933206446,3.902684500368645e-05,0.0,9.807852079755273e-05,-0.0002494297269205066,-0.0005344053510007053,-4.571997642863863e-05,prestige
1936.0,xcu,18,0.0,0.0,0.0,0.0,0.0,0.0,0.0,0.0,0.0,prestige
1936.0,cu,18,0.0004072941378447687,4.8749747245039964e-05,0.0009996602711281964,0.0033849117471193603,0.00035023186997724227,0.00761510540137019,0.002977617609274592,-0.00015613223001655785,0.007319315166067952,prestige
1936.0,mcu,18,0.10707843951875119,0.0683782262202992,0.15077063745685573,0.18374702244538949,0.13195294803233804,0.24068174901810444,0.07666858292663829,0.035098459273406206,0.11513090814258256,prestige
1936.0,m,18,0.5534315872341266,0.5112779540740261,0.5908850774830727,0.5328966129211098,0.48281169673343877,0.5862383854193969,-0.020534974313016763,-0.0675081026003065,0.027592712849098196,prestige
1936.0,ml,18,0.2133541912750616,0.18707475664202253,0.23540739276838651,0.17773977654000545,0.14774720634559602,0.2153109979771472,-0.035614414735056166,-0.0645384997889382,-0.001499840152570782,prestige
1936.0,l,18,0.12556669570735857,0.08878416049186992,0.16743523032411106,0.10208512978591773,0.07787619716500267,0.12774280655022408,-0.023481565921440836,-0.054952983656078015,0.004684783791722645,prestige
1936.0,xls,18,0.00016179212685722016,3.134290735943576e-05,0.0003511016029247177,0.0001465465604582057,0.0,0.00035093363214147377,-1.5245566399014462e-05,-0.00014934906265999027,0.00016425741761435237,prestige
1937.0,xcu,20,0.0,0.0,0.0,0.0,0.0,0.0,0.0,0.0,0.0,prestige
1937.0,cu,20,0.001101352977369086,0.0001382288267883597,0.0023800812423821977,0.0018121715015385876,0.00047281323877068556,0.0034320493440553653,0.0007108185241695016,-0.0012375427980576333,0.0026431057387034597,prestige
1937.0,mcu,20,0.0953913767034423,0.07035126012681446,0.12361952065679956,0.19658618709254191,0.14694240843629242,0.24825430113978875,0.10119481038909961,0.06234042532259324,0.1425371747874465,prestige
1937.0,m,20,0.5831973723263862,0.5437773386464536,0.6225342543740064,0.5537752837698505,0.50916939782025,0.5997154835044305,-0.02942208855653572,-0.08651337727872087,0.026877877483718532,prestige
1937.0,ml,20,0.2038507129613217,0.1729442662743312,0.23970210417186139,0.1591773047449904,0.12992066135612435,0.1916605698786184,-0.04467340821633131,-0.07336509060180242,-0.014543957267947848,prestige
1937.0,l,20,0.11611782801895287,0.08232895970281058,0.1559232789010456,0.08864905289107852,0.060155196954958766,0.11960546985285904,-0.02746877512787435,-0.050193269951757845,-0.003907649765596916,prestige
1937.0,xls,20,0.00034135701252769457,9.78067009825285e-05,0.0006453213905783111,0.0,0.0,0.0,-0.00034135701252769457,-0.0006453213905783113,-9.78067009825285e-05,prestige
1938.0,xcu,20,0.0,0.0,0.0,0.0,0.0,0.0,0.0,0.0,0.0,prestige
1938.0,cu,20,0.0009270062542711691,6.343630036384212e-05,0.0022368760216191696,0.0008144932149668502,9.779951100244498e-05,0.001670804312012381,-0.00011251303930431887,-0.0011661394289550035,0.001005503957283621,prestige
1938.0,mcu,20,0.10294471087770204,0.06941839746219593,0.14369091114715005,0.19627859171626058,0.13681906176119568,0.26558978154745533,0.09333388083855854,0.05049635101827514,0.13387460099911283,prestige
1938.0,m,20,0.5647151785287575,0.5274333785075348,0.5993591255373817,0.5114018439627896,0.43932283086472507,0.5719576880075256,-0.053313334565967874,-0.12908870780794068,0.002564677212666959,prestige
1938.0,ml,20,0.24263027475679197,0.21514137659583238,0.268250515045401,0.22298296674455426,0.16133380422256224,0.3192908823576211,-0.019647308012237713,-0.08401768180675101,0.0841902188408665,prestige
1938.0,l,20,0.08799092105651155,0.06736696957413461,0.10911573522282325,0.06814411593542712,0.050404687249624255,0.08641114445674428,-0.01984680512108443,-0.0371798165635915,-0.0027981092863562573,prestige
1938.0,xls,20,0.0007919085259656771,0.00022180917261316525,0.001535122269282244,0.0003779884260015373,8.337318096145535e-05,0.0007523910364424253,-0.00041392009996413974,-0.0010102054121445285,0.00011299024819067185,prestige
1939.0,xcu,15,0.0,0.0,0.0,0.0,0.0,0.0,0.0,0.0,0.0,prestige
1939.0,cu,15,0.0002049967702448879,8.623291510369507e-06,0.0004984254573543217,4.9281132515302806e-05,0.0,0.00013761060143437093,-0.0001557156377295851,-0.0004560427470990227,7.395448394881064e-05,prestige
1939.0,mcu,15,0.11082539678371847,0.07789426638065744,0.1441959994528463,0.1606537544204283,0.11609191048842626,0.2057707381680612,0.04982835763670984,0.004108788592691008,0.09808457535169081,prestige
1939.0,m,15,0.5476057335206588,0.49314770949512715,0.6011667244077303,0.5622814679445576,0.5047223850871436,0.6191694085182816,0.0146757344238988,-0.07462350943012633,0.07938322882912742,prestige
1939.0,ml,15,0.23393040104879734,0.19959782308437896,0.26642811846668285,0.18298935312461775,0.15168359861802305,0.21750646230808818,-0.05094104792417958,-0.09470021595915101,-0.010677488435064988,prestige
1939.0,l,15,0.10655281671884057,0.07234693064800536,0.14481249702195909,0.09390562739493391,0.05816504228908198,0.13664369054076075,-0.012647189323906655,-0.05144418344170989,0.036051552796539155,prestige
1939.0,xls,15,0.0008806551577399056,0.000137203894534319,0.0018715435236202982,0.00012051598294714343,3.0294544290451948e-05,0.00023558624959246427,-0.0007601391747927621,-0.0016456723051826367,-7.53299099609813e-05,prestige
1940.0,xcu,16,0.0001730822486845749,0.0,0.0005192467460537248,1.733462765219803e-05,0.0,5.2003882956594094e-05,-0.00015574762103237686,-0.0005192467460537248,5.2003882956594094e-05,prestige
1940.0,cu,16,0.0015904303443895823,0.0001850926613278825,0.003741206737549699,0.0032453415940631985,0.00011307242375004364,0.009215711536855329,0.0016549112496736162,-0.002623727484601348,0.008245481458036287,prestige
1940.0,mcu,16,0.1432480342296168,0.10409603908447107,0.18309497072415612,0.21624644809669413,0.14543736813708708,0.28137953345512506,0.07299841386707734,0.030527217736049782,0.11467327091770423,prestige
1940.0,m,16,0.5902220037465407,0.5529007817756687,0.6279813965199641,0.5476147097150053,0.4950775898218346,0.6092936911849387,-0.0426072940315354,-0.09525610517067926,0.0177970247601406,prestige
1940.0,ml,16,0.17931579750804508,0.15171194593361528,0.20493259390659788,0.16119995744111681,0.13415785726550175,0.1904375906531565,-0.018115840066928263,-0.03947500475170205,0.0061974709150921445,prestige
1940.0,l,16,0.08501743865669845,0.05978126902801955,0.11322207287620277,0.07154991776266639,0.04603448060414231,0.09935482661299123,-0.013467520894032053,-0.040601728848452756,0.01417538895934208,prestige
1940.0,xls,16,0.00043321326602487444,0.00013588340319416032,0.0007753268779870019,0.00012629076280200327,4.210482255298944e-05,0.00022353794114307352,-0.0003069225032228712,-0.0006223788533495719,-3.6653405964288e-05,prestige
1941.0,xcu,16,0.0,0.0,0.0,0.0,0.0,0.0,0.0,0.0,0.0,prestige
1941.0,cu,16,0.0013891251067290672,0.000523794692052036,0.0024329683589000765,0.001445335318229467,1.3727212826707666e-05,0.003938924431807208,5.621021150039977e-05,-0.001654654023109631,0.0023849013626066912,prestige
1941.0,mcu,16,0.10562338541137778,0.06748444739317871,0.15795143038227616,0.2198997793781634,0.16600055070437464,0.28380787306209027,0.11427639396678563,0.06859452832009863,0.1566326199681894,prestige
1941.0,m,16,0.5713463220214803,0.5253963923987013,0.621899989015976,0.5448506930937924,0.4979811043405634,0.5880404874653972,-0.026495628927687864,-0.05832468842669117,0.0059467341356173355,prestige
1941.0,ml,16,0.22178065305769545,0.18820619187996393,0.2599835300351615,0.1562578745613692,0.12476341213141388,0.18956854752751284,-0.06552277849632626,-0.10020409339200952,-0.03684032043429944,prestige
1941.0,l,16,0.09934389184233394,0.07119141245362183,0.13113203533130935,0.07689749699524115,0.052102571379553514,0.10143301222770833,-0.022446394847092793,-0.046577765475299404,0.004529331585804636,prestige
1941.0,xls,16,0.000516622560383495,8.744331319242579e-05,0.00123745855774927,0.0006488206532043662,0.0,0.0017974952979748406,0.00013219809282087114,-0.001076218026535177,0.0016296192229614474,prestige
1942.0,xcu,15,0.0,0.0,0.0,0.0,0.0,0.0,0.0,0.0,0.0,prestige
1942.0,cu,15,0.0011448471655920148,0.00022644403710136472,0.002328708624225206,0.000179680205774218,0.0,0.0005214875192008355,-0.0009651669598177968,-0.002225413007693105,1.5450377594981235e-05,prestige
1942.0,mcu,15,0.10920424720120618,0.07786363752272335,0.13861863196547558,0.18338837496902477,0.12256908135530488,0.26728626453763754,0.07418412776781859,0.019368767620597974,0.1395704844308032,prestige
1942.0,m,15,0.5966719194858043,0.5714228081926418,0.6209825767349552,0.569390269469503,0.5061139141770682,0.6245727423808324,-0.02728165001630134,-0.09416171942137315,0.02838551769629613,prestige
1942.0,ml,15,0.19604669332079586,0.166784057868253,0.22355865845683218,0.17517612543347985,0.1375595665597723,0.21431519586915423,-0.020870567887316005,-0.05086364113526689,0.004549851043856067,prestige
1942.0,l,15,0.09644333056564612,0.07495107141642297,0.12031847051375127,0.07176207513318385,0.04267824422336051,0.10898016463556452,-0.024681255432462273,-0.047865450909655154,-0.0026713149772735474,prestige
1942.0,xls,15,0.0004889622609554737,0.00024095319351525202,0.0007780267163812657,0.00010347478903426211,0.0,0.00024212069822460925,-0.0003854874719212116,-0.0006869205149355863,-9.808608392864462e-05,prestige
1943.0,xcu,17,0.0,0.0,0.0,0.0,0.0,0.0,0.0,0.0,0.0,prestige
1943.0,cu,17,0.0004635546509853806,4.2012603199753937e-05,0.001247209273662113,0.0013924079527037824,0.0,0.004177223858111347,0.0009288533017184019,-0.0012116905100962951,0.004122784674618769,prestige
1943.0,mcu,17,0.09838568317941038,0.06128638539871732,0.15082967535461567,0.19032509828427338,0.12971434590604763,0.2614656097730366,0.091939415104863,0.050161919688414984,0.1332524273382919,prestige
1943.0,m,17,0.5540176794172268,0.5117008314926069,0.5950979546774811,0.48310022111553375,0.42974677065636774,0.5326272844781021,-0.07091745830169305,-0.13192416871969134,-0.013604400003970854,prestige
1943.0,ml,17,0.21986593669302912,0.1876864399303659,0.25437908808103943,0.2265127108928842,0.16406529449249732,0.3043976004629841,0.006646774199855071,-0.06167593738895805,0.08789378488260556,prestige
1943.0,l,17,0.1266753190643339,0.09827848097938018,0.1571776088229825,0.09779131843489206,0.06841982777004624,0.1266290880237535,-0.028884000629441853,-0.0505810540061074,-0.0072441192580895205,prestige
1943.0,xls,17,0.0005918269950143715,0.0002687536401308947,0.0009567855796325404,0.000878243319712896,0.0,0.0022173505644218217,0.00028641632469852453,-0.0005897679994571842,0.001435234634846219,prestige
1944.0,xcu,20,0.0,0.0,0.0,0.0,0.0,0.0,0.0,0.0,0.0,prestige
1944.0,cu,20,0.0016014858830968616,0.0002408390910326584,0.003971031539759417,0.002019222211533038,7.489312538655406e-05,0.005330481917617012,0.0004177363284361762,-0.0004993054034015939,0.0016332231664782256,prestige
1944.0,mcu,20,0.08568899459366423,0.054566253777887305,0.11886700079122568,0.15690002295140953,0.11645720910469033,0.1971951833373777,0.0712110283577453,0.045139627742224464,0.09916157272069877,prestige
1944.0,m,20,0.5798266079748999,0.5195958986459245,0.6419260706744594,0.568027160601246,0.518356896401828,0.6336109318525401,-0.011799447373653904,-0.05366138540479881,0.034497491209443856,prestige
1944.0,ml,20,0.19629354627413523,0.1647363003418552,0.22726506769091637,0.17665049887656706,0.14324551699507526,0.2092440143082466,-0.01964304739756817,-0.047737974609011476,0.006857220777610156,prestige
1944.0,l,20,0.1354474856951327,0.07829020995297324,0.20953491776752214,0.09632922969978656,0.06847966142923513,0.12237833894336232,-0.03911825599534614,-0.0973825203632303,0.0017477105863501106,prestige
1944.0,xls,20,0.001141879579071065,0.00012800128356293408,0.0025130261859182476,7.38656594578514e-05,0.0,0.0002045446558040496,-0.0010680139196132135,-0.0024387776938226994,-0.00011930637056097227,prestige
1945.0,xcu,14,0.0,0.0,0.0,0.0,0.0,0.0,0.0,0.0,0.0,prestige
1945.0,cu,14,0.0009455424938940488,8.742960795937843e-05,0.0019914448994967538,0.0011953708465631402,2.001080583515098e-05,0.0033047575774413558,0.0002498283526690914,-0.001520262881219525,0.0024319803804630524,prestige
1945.0,mcu,14,0.08368463682185952,0.05143977360610057,0.11797966892089429,0.13635368303103992,0.08547795805146102,0.1900950445480524,0.052669046209180406,0.012633966193190562,0.08991908637959721,prestige
1945.0,m,14,0.5833505527730504,0.5506593134661089,0.6157331844994153,0.5934243340741839,0.5290585014454505,0.6640707019504516,0.010073781301133566,-0.0435544754267025,0.06847686810976611,prestige
1945.0,ml,14,0.1967913159529653,0.1757658172938331,0.21852450777340685,0.1656958696439874,0.11829545456038539,0.21344662012680912,-0.031095446308977925,-0.07817605461732557,0.021199720919209297,prestige
1945.0,l,14,0.13485361521047648,0.10176997603616175,0.17161032910752966,0.10308207632190794,0.07427015570031675,0.136068993928343,-0.03177153888856854,-0.06042143659222567,-0.0004813150649675806,prestige
1945.0,xls,14,0.000374336747754373,1.7821499857428e-05,0.0009713306492213071,0.00024866608231767935,3.6069162670626436e-05,0.0005876792877886244,-0.00012567066543669363,-0.0008496967197498063,0.00045702527806877857,prestige
1946.0,xcu,16,1.0905601116733555e-05,0.0,3.271680335020066e-05,0.0,0.0,0.0,-1.0905601116733555e-05,-3.271680335020066e-05,0.0,prestige
1946.0,cu,16,0.001121740035532233,0.0002453945744933334,0.002298993284595997,0.00042683782019040567,6.4273961332784866e-06,0.0010320585017630334,-0.0006949022153418273,-0.001911631523860566,0.00017736501631673103,prestige
1946.0,mcu,16,0.1526820002569954,0.10483661481932673,0.20846535663274082,0.23706719993916386,0.1714625663632936,0.3130927111496975,0.08438519968216845,0.03807657731458322,0.1353697951371435,prestige
1946.0,m,16,0.599484568091313,0.5526218871854676,0.6437286610810521,0.5203883420547895,0.4610115164186567,0.5756232372920073,-0.07909622603652355,-0.1331970646683427,-0.03295472221950418,prestige
1946.0,ml,16,0.157809149037312,0.133581322974874,0.18223199808977655,0.15723344214437318,0.12943998417660071,0.1923985442434554,-0.0005757068929388154,-0.02949939457954272,0.030173649367415747,prestige
1946.0,l,16,0.08689509419399488,0.06395951812976192,0.10962195386976964,0.08487198767674729,0.059510575863831246,0.1144557173138439,-0.0020231065172475887,-0.02927046914354688,0.03143444020760905,prestige
1946.0,xls,16,0.0019965427837358054,3.804894281059978e-05,0.005721778620404408,1.2190364735712893e-05,0.0,3.657109420713868e-05,-0.0019843524190000924,-0.005721381880280189,-2.0360768576951914e-05,prestige
1947.0,xcu,17,0.0,0.0,0.0,1.4751982297621243e-05,0.0,4.425594689286373e-05,1.4751982297621243e-05,0.0,4.425594689286373e-05,prestige
1947.0,cu,17,0.0006082290987056507,4.372475288969527e-05,0.0013043877196288333,0.0012007643831934778,0.0,0.0029209308990222746,0.0005925352844878271,-0.0007344165006482191,0.0023091278487596327,prestige
1947.0,mcu,17,0.10069298628434709,0.06812141218638026,0.13544021712620538,0.18835380918948857,0.13177514031806084,0.2583911970825921,0.08766082290514149,0.025110632053044948,0.1542974083687403,prestige
1947.0,m,17,0.5998570624273935,0.5527084775897244,0.6453760003732242,0.5619984517120917,0.5049774257054948,0.6221196245727801,-0.03785861071530172,-0.09605246136811434,0.03649533523864551,prestige
1947.0,ml,17,0.1928952026457064,0.16519010987567906,0.2233409115154916,0.16504042662560728,0.11762703201193106,0.20860514988280013,-0.027854776020099115,-0.07090804657990969,0.007467054988791384,prestige
1947.0,l,17,0.10567755008463657,0.07102967917769588,0.14298788672497031,0.08339179610732132,0.05167142971436809,0.11914594995095466,-0.022285753977315248,-0.0454907604111908,-0.0006550336142950809,prestige
1947.0,xls,17,0.0002689694592107838,6.752787212922134e-06,0.0007567862446781859,0.0,0.0,0.0,-0.0002689694592107838,-0.000756786244678186,-6.752787212922134e-06,prestige
1948.0,xcu,14,2.7624818136613932e-05,0.0,8.28744544098418e-05,0.0,0.0,0.0,-2.7624818136613932e-05,-8.28744544098418e-05,0.0,prestige
1948.0,cu,14,0.002028887396222785,0.0001525197510548237,0.005122135724176845,0.002223087478239477,0.0007314592105386075,0.004308739839397746,0.0001942000820166919,-0.003387809636665868,0.0030755932367982517,prestige
1948.0,mcu,14,0.10053366234516188,0.0712497835257533,0.13414812265740597,0.17518753824284095,0.11350720047764128,0.24471379851856315,0.07465387589767906,0.03193680712115936,0.12856606423774042,prestige
1948.0,m,14,0.5752783082661461,0.5244357738951483,0.6210650111726473,0.5747503486527293,0.5100796809570877,0.6369070925515006,-0.0005279596134167841,-0.04445738794369447,0.051959371652526065,prestige
1948.0,ml,14,0.19709477814241064,0.1712067568910879,0.2222985237283176,0.16062946629748573,0.1273799580569301,0.1956773867474387,-0.03646531184492491,-0.07096401328109533,-0.004438548130553087,prestige
1948.0,l,14,0.12369918074938786,0.08630622540548188,0.17005151853770092,0.08718966279070227,0.062419525483140254,0.11989554267650936,-0.036509517958685594,-0.07625588735724396,-0.006200915166261009,prestige
1948.0,xls,14,0.0013375582825340443,6.795323771139124e-05,0.003806095300800691,1.9896538002387585e-05,0.0,5.968961400716276e-05,-0.0013176617445316567,-0.0037695955193219246,-5.0041591898017576e-05,prestige
1949.0,xcu,15,0.0,0.0,0.0,0.0,0.0,0.0,0.0,0.0,0.0,prestige
1949.0,cu,15,0.0017213078670715572,0.00048441910522522994,0.0031960689692453726,0.0011953448166205803,3.407389863903948e-05,0.00290612910819348,-0.0005259630504509769,-0.0013396821820785313,0.0004157989257690877,prestige
1949.0,mcu,15,0.10210491485593585,0.06077370951751465,0.14644268815777686,0.11101954756901256,0.08430756757909706,0.13709666541352888,0.0089146327130767,-0.02592314548384095,0.04255670588101345,prestige
1949.0,m,15,0.5582553072536911,0.5169949130334128,0.5996483389478924,0.5431845935383529,0.4864735464341292,0.5935530758457542,-0.015070713715338191,-0.059105177978427605,0.026071844537971654,prestige
1949.0,ml,15,0.21196032533600462,0.1788674878888017,0.24607045158499977,0.1965707967608366,0.16646671756091397,0.23066100101446424,-0.01538952857516801,-0.05246511542909138,0.015289231883402738,prestige
1949.0,l,15,0.12579598410540163,0.09580928795773362,0.16526625216743457,0.1477147060971792,0.08984190437261287,0.2216918629203821,0.02191872199177758,-0.025974806808534204,0.07768000887285381,prestige
1949.0,xls,15,0.00016216058189529115,2.892576924467585e-05,0.00035318461864347405,0.00031501121799810375,5.637102395821234e-05,0.0007236967793259336,0.0001528506361028126,-0.000188270802389303,0.0006136207276492083,prestige
1950.0,xcu,17,0.0,0.0,0.0,0.0,0.0,0.0,0.0,0.0,0.0,prestige
1950.0,cu,17,0.0010140808540939957,0.0001566058316735948,0.0020763473914989904,0.0,0.0,0.0,-0.0010140808540939957,-0.0020763473914989904,-0.0001566058316735948,prestige
1950.0,mcu,17,0.07511527597171638,0.0452306408279914,0.10869637591687185,0.13047165114799522,0.0855289674344151,0.18779796072358385,0.05535637517627884,0.021858489799794392,0.09258201400340577,prestige
1950.0,m,17,0.5884849001838524,0.5396995717853018,0.6342899088994512,0.5909614326771896,0.5479106263165027,0.6295726598060243,0.0024765324933372357,-0.05437933975597449,0.05856924951124201,prestige
1950.0,ml,17,0.2233955257670054,0.17905141349472486,0.2723921389600194,0.1929872624219392,0.15882691352017259,0.2235450359708378,-0.03040826334506619,-0.07305476263707109,0.01012188393832983,prestige
1950.0,l,17,0.11168326575750838,0.07197416107011514,0.17250522402957508,0.08501320796174493,0.05351688988219663,0.12407877495185354,-0.026670057795763452,-0.06361250580145388,0.00172163997931611,prestige
1950.0,xls,17,0.00030695146582349487,3.987360068582593e-05,0.0006753346380542016,0.0005664457911310523,0.0,0.0016363740023342703,0.00025949432530755745,-0.0003157325842760333,0.0011736389394868165,prestige
1951.0,xcu,17,0.0,0.0,0.0,0.00013942825054076536,0.0,0.00041828475162229603,0.00013942825054076536,0.0,0.00041828475162229603,prestige
1951.0,cu,17,0.00044024301317652735,0.00014612957554612638,0.0008062354177659219,0.00010674007416839493,0.0,0.0002816305465298307,-0.00033350293900813243,-0.0005971170405293316,-0.00011383132546521839,prestige
1951.0,mcu,17,0.1335333741786694,0.09313689359025736,0.1759241581304158,0.17998205132295161,0.1331007293078425,0.23004864264724895,0.04644867714428222,0.013671883725901958,0.08039022659524027,prestige
1951.0,m,17,0.5550183431343362,0.5053387158637177,0.6054002733136803,0.5360719680513566,0.4804115067613778,0.5923219603763258,-0.018946375082979583,-0.04319266499808341,0.0036321811675765073,prestige
1951.0,ml,17,0.16712928481543035,0.13548070679237767,0.19981672305725592,0.15327554572184832,0.1263272606936706,0.18282016449546104,-0.013853739093582035,-0.0477522305539178,0.02133972632631865,prestige
1951.0,l,17,0.14346965508233112,0.09252723479812394,0.20054392003066132,0.12994211423750618,0.07698448602313024,0.18657378365331923,-0.013527540844824937,-0.033316715330055646,0.0063520869461786925,prestige
1951.0,xls,17,0.0004090997760564696,0.0001107592783486166,0.0008008403276824269,0.00048215234162810283,0.0,0.001075408689654506,7.305256557163325e-05,-0.0005327035865001098,0.0007395992915701105,prestige
1952.0,xcu,17,0.0,0.0,0.0,0.00014327234025134062,0.0,0.0004298170207540219,0.00014327234025134062,0.0,0.0004298170207540219,prestige
1952.0,cu,17,0.0005417624971078931,0.00023297656788367192,0.0008834175259643358,0.001964566792992753,4.527063350592762e-05,0.0045652948882825535,0.00142280429588486,-0.0005419952641388084,0.003952510712701511,prestige
1952.0,mcu,17,0.10689752916590432,0.07027605083967473,0.14698983475242258,0.15846414548001836,0.11054426813621492,0.21215003416871656,0.051566616314114036,0.012221834724512387,0.09405910797659718,prestige
1952.0,m,17,0.5440621039304321,0.4899479425275968,0.5957379591868964,0.5579244054529363,0.5209579666733888,0.5927816272090943,0.013862301522504228,-0.04035517971858383,0.06898292430848725,prestige
1952.0,ml,17,0.21694483583149224,0.1716819699503448,0.2579133621968132,0.1629370500989339,0.141714358962739,0.18897276022434226,-0.05400778573255835,-0.09952637121960747,-0.007107834145585242,prestige
1952.0,l,17,0.13108482753751316,0.08988705366637223,0.17759085973577016,0.11806536488741856,0.0794690632400176,0.15705584425882507,-0.013019462650094599,-0.04163133667314233,0.012409739901102886,prestige
1952.0,xls,17,0.0004689410375503121,0.00019528012282187972,0.0008127062240405165,0.0005011949474487833,2.4962643162323867e-05,0.0011991089894626918,3.225390989847123e-05,-0.0005397768845825361,0.0007059018428889672,prestige
1953.0,xcu,19,0.0,0.0,0.0,0.0,0.0,0.0,0.0,0.0,0.0,prestige
1953.0,cu,19,0.00020233992202069704,0.0,0.0005706038045930667,0.0003832694356101034,0.0,0.0009795767919701002,0.00018092951358940633,-0.0003959622839129725,0.00085263006541177,prestige
1953.0,mcu,19,0.05385527766235672,0.03529002355437023,0.07386609852425273,0.09997207098602175,0.054301529661472205,0.15442532938882025,0.04611679332366503,0.008325971766613042,0.08751486211837219,prestige
1953.0,m,19,0.4848124594464816,0.44187758661277377,0.5226415128675326,0.49549548623352185,0.4337340659280774,0.5507603242132666,0.01068302678704025,-0.03972168932270766,0.05885117030720229,prestige
1953.0,ml,19,0.2682933954184777,0.2371272960174017,0.30680323639540863,0.23974272325514603,0.1978600807299735,0.28684148389165903,-0.028550672163331653,-0.059559673642413456,0.0038081700814512256,prestige
1953.0,l,19,0.19233109791635536,0.15707652679687456,0.23662586224482954,0.1640682032719977,0.1182183285700226,0.21683310635230993,-0.02826289464435766,-0.06468574256359379,0.014200503598824127,prestige
1953.0,xls,19,0.0005054296343080358,0.00016613047195022904,0.0008994748619739472,0.0003382468177025323,0.0,0.0010147404531075969,-0.00016718281660550353,-0.0006558207035413923,0.0005065601833780634,prestige
1954.0,xcu,18,0.0,0.0,0.0,3.059226627508566e-05,0.0,9.177679882525698e-05,3.059226627508566e-05,0.0,9.177679882525698e-05,prestige
1954.0,cu,18,0.0003975210789955405,1.0579995344802049e-05,0.000925591247975779,0.0009488018216533702,1.9143885442989507e-05,0.002663747670732938,0.0005512807426578297,-0.0001492959039595734,0.0018155276384289804,prestige
1954.0,mcu,18,0.09353549349757767,0.045932360382780375,0.14831685140022993,0.12955151356970532,0.07139675807269223,0.20934221721391044,0.03601602007212765,-0.007391007149576607,0.07883528215330472,prestige
1954.0,m,18,0.5692158787547554,0.5053527790552508,0.6224936156219851,0.5345438152094174,0.4706597307796843,0.5905748793092622,-0.03467206354533803,-0.08106145219774148,0.00688567108835139,prestige
1954.0,ml,18,0.1994878190203585,0.16851317680443492,0.23170333457356912,0.18553186423504486,0.15211310017851598,0.22136626633971127,-0.01395595478531364,-0.04791862081741115,0.02341921758614052,prestige
1954.0,l,18,0.13685852168456325,0.08882247309023641,0.19813584587607663,0.14926198765240783,0.09404230895118208,0.22267484099999912,0.012403465967844585,-0.02390848281984183,0.044174822168923766,prestige
1954.0,xls,18,0.0005047659637495268,9.539411020573209e-05,0.0011222667323646759,0.00013142524549605332,0.0,0.0003768983340622746,-0.0003733407182534735,-0.0007499844568184675,-7.193025258529494e-05,prestige
1955.0,xcu,21,0.0,0.0,0.0,0.0,0.0,0.0,0.0,0.0,0.0,prestige
1955.0,cu,21,0.00046538133756333764,1.5460729746444033e-05,0.0013058085987628625,0.00015134831254014878,0.0,0.00034884368796102397,-0.00031403302502318884,-0.0012364465556952589,0.00016566190443994758,prestige
1955.0,mcu,21,0.09645148873784025,0.06344671557648833,0.12938138798920332,0.14206999467657302,0.08862751910347429,0.2056651587743951,0.045618505938732776,0.01010945802883018,0.087412097955815,prestige
1955.0,m,21,0.586005812407687,0.553589267482997,0.6174905896576048,0.5686535074284675,0.5298072617872176,0.6093788750764717,-0.01735230497921947,-0.05711513510627001,0.01814952209837574,prestige
1955.0,ml,21,0.212412740356435,0.18119586800999177,0.24331040751897717,0.1997963774281653,0.15593644046920913,0.24092873905201106,-0.012616362928269703,-0.03694816325150318,0.010307386295930823,prestige
1955.0,l,21,0.1040902172689182,0.08155466165901992,0.12806266946256606,0.08909798492348087,0.06641948243263482,0.11043833499659306,-0.01499223234543734,-0.0345402476607741,0.003625740091178395,prestige
1955.0,xls,21,0.0005743598915561256,0.00010545517725687247,0.0013475907203837692,0.0002307872307732464,1.7297147700344214e-05,0.000580277863865515,-0.00034357266078287915,-0.0010839152529089266,0.0002387016273040834,prestige
1956.0,xcu,12,0.0,0.0,0.0,0.0,0.0,0.0,0.0,0.0,0.0,prestige
1956.0,cu,12,7.852745319763789e-06,0.0,2.355823595929137e-05,0.0,0.0,0.0,-7.852745319763789e-06,-2.355823595929137e-05,0.0,prestige
1956.0,mcu,12,0.05834600790330311,0.024238479501527497,0.09340614576220894,0.0881865644028207,0.040890627350489726,0.13278851943140307,0.02984055649951759,-0.002928354017689474,0.061191495982444624,prestige
1956.0,m,12,0.49472681206393476,0.43387331481736036,0.575057522320222,0.483493856566747,0.39813236266570723,0.5610877352780126,-0.01123295549718778,-0.08976796795712506,0.07051016930511612,prestige
1956.0,ml,12,0.24446590329614115,0.18602239634671355,0.3113717423580014,0.23492766764763065,0.16756719162625583,0.3233131808857452,-0.009538235648510501,-0.07005985547021668,0.04946186692081775,prestige
1956.0,l,12,0.2019609101476627,0.12982320889401291,0.2861254121487741,0.19324080806620636,0.1379597867164397,0.2664578828602987,-0.008720102081456349,-0.10735344603529201,0.092528878803543,prestige
1956.0,xls,12,0.0004925138436384498,0.0,0.001403533241986989,0.00015110331659527453,0.0,0.00038754057065349025,-0.00034141052704317527,-0.0012950968941231851,0.00027086531299365965,prestige
1957.0,xcu,16,0.0,0.0,0.0,0.0,0.0,0.0,0.0,0.0,0.0,prestige
1957.0,cu,16,0.00025767084316631123,1.6738082485270487e-05,0.0006086365208498104,0.0006053863106060707,1.9638648860958365e-05,0.0013253696854581766,0.00034771546743975944,-0.0001364396808751303,0.0010631673274836947,prestige
1957.0,mcu,16,0.11899932059473467,0.06859839925361734,0.173329951371536,0.1607826654885292,0.10160476394620538,0.2275878844168201,0.04178334489379454,0.007160741523230967,0.07856818936879731,prestige
1957.0,m,16,0.5525799120611166,0.48442805609816014,0.6140092511721335,0.5680404875627532,0.4968098188218048,0.6414806243545369,0.015460575501636598,-0.04561883997063394,0.07534294621838504,prestige
1957.0,ml,16,0.19066331650210677,0.15215536407438693,0.2355293313953695,0.1526906165454768,0.11653949126487032,0.1895959778554815,-0.03797269995662997,-0.07567751109491416,-0.0004919592568549445,prestige
1957.0,l,16,0.13723396511513672,0.09041551871426473,0.1918773284505392,0.11766157558677925,0.07315108324224255,0.1707302379466227,-0.019572389528357464,-0.0454892762959679,0.008899314733340376,prestige
1957.0,xls,16,0.00026581488373897416,2.826442910699197e-05,0.0005927144120153967,0.00021926850585555287,0.0,0.0005851350810663389,-4.654637788342129e-05,-0.0003319762078154715,0.0002696272499379811,prestige
1958.0,xcu,19,0.0005999862298242336,0.0,0.0017999586894727007,0.00011449031065064979,0.0,0.00033190950389900897,-0.0004854959191735838,-0.0017806128122225971,0.00030346815999767075,prestige
1958.0,cu,19,0.001524017876066987,0.0002704881179023387,0.0035158542158273093,0.0004315201220230842,4.854577367055041e-05,0.0009821034208650963,-0.0010924977540439028,-0.003075722515795232,0.00019833579720643284,prestige
1958.0,mcu,19,0.13848557356300906,0.0958266325542126,0.18365390511446694,0.20460357516657077,0.14786228449846628,0.26756082427477057,0.06611800160356171,0.018429434476416567,0.11231778063048131,prestige
1958.0,m,19,0.5733274083397301,0.5266223852842081,0.6232398522820211,0.4989101239819067,0.44501596868961657,0.5482718348896075,-0.07441728435782335,-0.11706665093759379,-0.033129175139232685,prestige
1958.0,ml,19,0.1968430521292597,0.14864059662332652,0.23831889403730494,0.18679750299284012,0.1383307282180093,0.23890514849662178,-0.010045549136419585,-0.03587894746568605,0.0186728223473232,prestige
1958.0,l,19,0.08906350418801934,0.05948636092346252,0.1280678511020537,0.10888539118790566,0.060455349233933975,0.1661016414026672,0.019821886999886323,-0.01636034763930105,0.07102481011261633,prestige
1958.0,xls,19,0.00015645767409055666,2.6760685876379015e-05,0.0003152835189865077,0.0002573962381028969,1.0282821888125885e-05,0.0006537386371936953,0.00010093856401234024,-0.00020746516169937185,0.0005231065566750528,prestige
1959.0,xcu,19,0.0,0.0,0.0,0.0,0.0,0.0,0.0,0.0,0.0,prestige
1959.0,cu,19,0.0015773562734163174,0.0004038061344615799,0.003165371359882123,0.003690780179882751,0.0007857633249927272,0.007983841550673236,0.0021134239064664337,-0.00019342803616885526,0.0052258326983024815,prestige
1959.0,mcu,19,0.16191489031865014,0.10990692239127133,0.2185535439532201,0.25688027021288273,0.187368123519284,0.31970953817394426,0.0949653798942326,0.04377440646416688,0.14969749917449568,prestige
1959.0,m,19,0.5863479244582303,0.5317233734991244,0.6361481022048598,0.5417031636594457,0.4871430300545487,0.5957217821973911,-0.044644760798784544,-0.0976720728886179,0.006072734863059124,prestige
1959.0,ml,19,0.16425738355272723,0.12887865230707188,0.20179264050667406,0.13277740598039253,0.10160383305909218,0.16895128962320838,-0.0314799775723347,-0.05320408500139199,-0.010631543666789435,prestige
1959.0,l,19,0.08370110378419367,0.058300247962858265,0.11389738109128573,0.06348132423620632,0.03815797593269721,0.09740783778016267,-0.020219779547987343,-0.03738692720372873,-0.0025316717676448497,prestige
1959.0,xls,19,0.002201341612782393,5.287744286704593e-05,0.00551517541337781,0.0014670557311900131,8.081079288025014e-05,0.003783584512959956,-0.0007342858815923797,-0.002486689869251537,0.0002563387684856801,prestige
1960.0,xcu,25,0.00012506513809275665,0.0,0.00037519541427826993,0.00043887147335423197,0.0,0.0013166144200626958,0.0003138063352614753,-0.00037519541427826993,0.0013166144200626958,prestige
1960.0,cu,25,0.0025769356848617166,0.00021756106714357693,0.006648596018903122,0.0007257469214884374,8.294669423462197e-05,0.0016630955823818993,-0.0018511887633732792,-0.006200786369735554,0.000912742281578122,prestige
1960.0,mcu,25,0.16287652370741537,0.12239758014231615,0.20279364650376935,0.23629366585299302,0.1781283338328432,0.29223476555079364,0.07341714214557765,0.04399956707263868,0.10297603879696238,prestige
1960.0,m,25,0.5825259930538194,0.5437471039258568,0.6227961576394427,0.5596850011214878,0.5126918342740804,0.611744329798115,-0.022840991932331578,-0.06320358489874306,0.017758858963607425,prestige
1960.0,ml,25,0.16213564624308294,0.1322430875853334,0.1907188302633612,0.13323818478768756,0.10426431149661596,0.16245753256173168,-0.028897461455395373,-0.0540803498554559,-0.006197397108116352,prestige
1960.0,l,25,0.08907285634517441,0.06765750236544069,0.11290210444006399,0.06899983103401465,0.05164692350770393,0.08789761235131492,-0.02007302531115976,-0.0383698340012078,-0.004001720509670655,prestige
1960.0,xls,25,0.0006869798275534853,0.00022397977953394018,0.0013264725952643372,0.0006186988089743575,2.2707919386886177e-05,0.0015313052658312985,-6.828101857912772e-05,-0.0006145921737764516,0.0005416818983095646,prestige
1961.0,xcu,20,0.0,0.0,0.0,0.0,0.0,0.0,0.0,0.0,0.0,prestige
1961.0,cu,20,0.0006826749728539212,0.0001801655549127645,0.0013812426335295155,0.0014812544302929705,0.0003559057329642282,0.003016362180101282,0.0007985794574390493,-0.00019064463471814774,0.0020070237696454387,prestige
1961.0,mcu,20,0.14451626301805742,0.09617697630080416,0.20158180678322427,0.23149345620792633,0.17369206872813578,0.28917820526349897,0.0869771931898689,0.05825499847733738,0.11881035808367461,prestige
1961.0,m,20,0.5980903647926976,0.5510592172377747,0.6430477724840754,0.5696447705280334,0.5302665358868189,0.6062438092323676,-0.028445594264664198,-0.06533983724804664,0.012578622505715509,prestige
1961.0,ml,20,0.16953852191625246,0.14003623318774833,0.2073060684439771,0.12064486226857463,0.09398373256453889,0.1528417066818293,-0.048893659647677834,-0.07525327164227831,-0.023861023497805563,prestige
1961.0,l,20,0.08709690135512269,0.05776560960021981,0.11999348799558643,0.07670657955709727,0.05143783460577323,0.1042557269269389,-0.010390321798025418,-0.03932112737975533,0.010379955686374226,prestige
1961.0,xls,20,7.527394501592555e-05,1.736670687362302e-05,0.00014721259725038207,2.9077008075392568e-05,0.0,7.480403280080179e-05,-4.619693694053298e-05,-0.00011684659526195522,1.2686082840656273e-05,prestige
1962.0,xcu,23,0.0,0.0,0.0,3.0809425219363106e-06,0.0,9.242827565808933e-06,3.0809425219363106e-06,0.0,9.242827565808933e-06,prestige
1962.0,cu,23,0.017277798286468794,0.00026750315726799896,0.04951241545271253,0.0005084367448249737,2.8109771502525166e-05,0.0012968242389863622,-0.01676936154164382,-0.048964412479255065,-0.00011113694913305474,prestige
1962.0,mcu,23,0.1519318360375266,0.10585191231292629,0.19439494190175036,0.23205643317531238,0.17470432504589245,0.28751947098809477,0.08012459713778577,0.04928755254443117,0.11677717275660837,prestige
1962.0,m,23,0.5762695693266447,0.5292331362246963,0.6204230360509607,0.5575494685145255,0.5256182786409902,0.586725502950058,-0.018720100812119278,-0.05985475393046651,0.022587403268716413,prestige
1962.0,ml,23,0.16883325924696282,0.13379939218753983,0.21003141822145036,0.1265308081521192,0.1002834981995065,0.15712582641974124,-0.042302451094843624,-0.07583896319671668,-0.014043401455656107,prestige
1962.0,l,23,0.0848083635797395,0.062259613206215675,0.1099573068294515,0.0824467732947122,0.05661427887914386,0.11266935121831326,-0.002361590285027304,-0.02000817157509512,0.014552109656629108,prestige
1962.0,xls,23,0.0008791735226577054,6.312510493619979e-05,0.0020376845860964553,0.0009049991759838209,7.030161071818225e-06,0.0034578924619128536,2.5825653326115475e-05,-0.0009531582329911671,0.001273790022923126,prestige
1963.0,xcu,21,9.710246251844947e-06,0.0,2.9130738755534842e-05,0.0,0.0,0.0,-9.710246251844947e-06,-2.9130738755534842e-05,0.0,prestige
1963.0,cu,21,0.00013641929482273983,3.489597509823217e-06,0.0003834181921262748,0.00020948066189228228,0.0,0.0005215721891580668,7.306136706954246e-05,-0.00029215697562614743,0.00044595566218995114,prestige
1963.0,mcu,21,0.15367291183664727,0.10605752084735814,0.20442772820135963,0.2617937739058047,0.18948203690762827,0.3343534501340872,0.10812086206915744,0.053491616509112806,0.17043686057128551,prestige
1963.0,m,21,0.5812408600819892,0.5380231695533984,0.6265926476335131,0.5079613269607386,0.44650785976493906,0.5722408766237064,-0.07327953312125057,-0.12898544800214293,-0.021387768126236134,prestige
1963.0,ml,21,0.17846057768372559,0.14381287591136868,0.21629093065864627,0.15121544911186935,0.1135719495475345,0.19041914591532919,-0.027245128571856236,-0.055794695296968407,-0.00021305842160083404,prestige
1963.0,l,21,0.0857455120969236,0.06815357547577842,0.10266825721557012,0.07861330173470743,0.05448959270931014,0.10780886203898113,-0.007132210362216174,-0.02702898428914074,0.01981764881639126,prestige
1963.0,xls,21,0.0007340087596398052,0.0003160780462231109,0.0012541096237881366,0.0002066676249878091,5.550692609983993e-05,0.0004069386873050416,-0.0005273411346519961,-0.001050715494264917,-9.377823529157683e-05,prestige
1964.0,xcu,20,1.3873473917869035e-05,0.0,4.162042175360711e-05,1.5131204830247618e-05,0.0,3.718609421834662e-05,1.2577309123785832e-06,-3.473052234613846e-05,3.1613815675805555e-05,prestige
1964.0,cu,20,0.0010274514835871928,0.0002812809530315144,0.0019967123417759854,0.002882531410185571,0.0005299677472983168,0.005710290242701057,0.0018550799265983783,-0.0005574955285704178,0.004663695182363734,prestige
1964.0,mcu,20,0.24761940977918306,0.17997679618118073,0.33419715661603455,0.29455327109144186,0.22479899026679145,0.35884420270824213,0.046933861312258796,-0.03670032619395522,0.11978286140695885,prestige
1964.0,m,20,0.5083178894005885,0.43424862597470565,0.5738564248050997,0.4404993174132965,0.36652617013474414,0.5040472825054396,-0.06781857198729202,-0.12149490019090713,-0.011658870091719889,prestige
1964.0,ml,20,0.14650692935870588,0.11283353577262259,0.184959510876831,0.15326293389571907,0.09651830978660152,0.2428115836505457,0.006756004537013194,-0.05428990513644386,0.09782002651246376,prestige
1964.0,l,20,0.09609633121332815,0.06282311005934935,0.13792458335592653,0.10866629135384928,0.06449937207898886,0.16638303111407063,0.012569960140521128,-0.024607755424193162,0.05762692936546765,prestige
1964.0,xls,20,0.0004181152906893585,6.510646587409875e-05,0.0010393325244030095,0.00012052363067750912,1.529285823520416e-05,0.0002512260749421255,-0.00029759166001184936,-0.0009586506420697968,0.00010240599403150582,prestige
1965.0,xcu,22,0.0,0.0,0.0,0.0002124425996437501,0.0,0.0006373277989312503,0.0002124425996437501,0.0,0.0006373277989312503,prestige
1965.0,cu,22,0.0006366554312881728,0.00015244827097823628,0.0012818322386104852,0.002565281604533998,0.0005397600393729372,0.0050322516433465745,0.0019286261732458251,0.00019765115901924116,0.004103797559355403,prestige
1965.0,mcu,22,0.20352180445531787,0.15030240766447386,0.2565659554255576,0.33284405579972315,0.2506411057423378,0.43500114727492445,0.12932225134440528,0.07125645082782568,0.20476484111364865,prestige
1965.0,m,22,0.5729185573219591,0.5202326496166302,0.620783524215939,0.5067911088087336,0.4296909574559652,0.5767335269562249,-0.0661274485132255,-0.12070992104999578,-0.01900537404421237,prestige
1965.0,ml,22,0.144491633738117,0.12334397852543028,0.1700092255835731,0.118530046234332,0.09273694021141254,0.14631040965787323,-0.025961587503784994,-0.05393949976569648,0.000440100160950157,prestige
1965.0,l,22,0.077437464344593,0.05607352820268478,0.10101972772224131,0.038599798674809456,0.028392387482772997,0.048409986981769494,-0.03883766566978355,-0.05864193162379504,-0.021744572631725127,prestige
1965.0,xls,22,0.0009938847087248648,0.0003211778861373212,0.0018011783684731548,0.0004572662782240272,8.696123288666213e-05,0.0009085273623066325,-0.0005366184305008377,-0.0013543807219016716,0.00016293224548239046,prestige
1966.0,xcu,22,1.2058755732176288e-05,0.0,2.9806259314456036e-05,2.579713135899288e-05,0.0,7.739139407697864e-05,1.3738375626816592e-05,-2.6961885389404304e-05,7.739139407697864e-05,prestige
1966.0,cu,22,0.0009093012535846882,0.00020086586239937416,0.0018183837103034762,0.0036556389148697734,0.0005494451791744428,0.00871318871040478,0.002746337661285085,-0.0004446324363814892,0.007899166949800186,prestige
1966.0,mcu,22,0.2574465397027413,0.183621930233519,0.35299019258767456,0.29102411776793446,0.22491041574506923,0.36421519306795336,0.03357757806519318,-0.022003597151780796,0.08884616220862539,prestige
1966.0,m,22,0.5551509665627434,0.4766130044496439,0.6250204036147442,0.5430207507857399,0.4702435636645653,0.6093828185546377,-0.012130215777003572,-0.05770250165490104,0.03768517211366585,prestige
1966.0,ml,22,0.133197877936449,0.10829771885873543,0.15704793275533913,0.09684564110192094,0.07204882248280048,0.12175542895226005,-0.036352236834528054,-0.05685927851200025,-0.014668739068169704,prestige
1966.0,l,22,0.05307402861149162,0.03867727302125558,0.06682153592854999,0.0650551193540993,0.03955928391085935,0.10015001632526072,0.011981090742607683,-0.01300818074127209,0.04551888875067719,prestige
1966.0,xls,22,0.00020922717725778357,4.672886707091893e-05,0.0004012859392105506,0.0003729349440767695,2.7648750276487504e-05,0.0009796629683302973,0.00016370776681898594,-0.0002467075968360592,0.0008009829335599,prestige
1967.0,xcu,15,0.0,0.0,0.0,3.909176303199775e-05,0.0,0.00010959302743816119,3.909176303199775e-05,0.0,0.00010959302743816119,prestige
1967.0,cu,15,0.001857687508152225,0.0006153116498881536,0.00340311519297551,0.004653865026974304,0.0005744689025942616,0.0106681231522443,0.002796177518822079,-0.0013739676687316875,0.009254598449683613,prestige
1967.0,mcu,15,0.29950622636782226,0.219561410155246,0.37846221456404466,0.3270080780864586,0.2437050968745674,0.40510785158310253,0.02750185171863634,-0.006794849538109819,0.06257643937699683,prestige
1967.0,m,15,0.4523022102264862,0.37775981424797583,0.5262569078277826,0.458727401878544,0.3616872333171596,0.5526416982149358,0.006425191652057793,-0.0375163250115804,0.047802393881830135,prestige
1967.0,ml,15,0.10704062698920762,0.08708428703798209,0.13195076582208387,0.12334594972497712,0.08646877030652322,0.16477243827277502,0.016305322735769498,-0.023525256783173843,0.05860926629045748,prestige
1967.0,l,15,0.13697363613727068,0.05330923986105758,0.2536029895787113,0.08562162076875546,0.026591918937136548,0.17330082956620435,-0.05135201536851522,-0.08616091529308456,-0.020014259324389518,prestige
1967.0,xls,15,0.002319612771061051,0.00043076763855732093,0.005498527270274407,0.0006039927512584628,0.0,0.0014502106840814956,-0.0017156200198025881,-0.00436780522570246,-2.0560456420812182e-06,prestige
1968.0,xcu,17,1.2386508614816741e-05,0.0,3.715952584445022e-05,2.639834490397202e-05,0.0,6.284191443325685e-05,1.401183628915528e-05,-2.7187745981462477e-05,5.925147498594058e-05,prestige
1968.0,cu,17,0.0010041541768061205,0.0002518672429191044,0.002059976994550571,0.0019205976635867364,0.0003340398886708732,0.0038581921384100016,0.0009164434867806159,-0.0010886075119929887,0.002983440923130305,prestige
1968.0,mcu,17,0.31354125867579224,0.2408147341252453,0.3861500239613272,0.3895577594530667,0.307593752523135,0.46658792595268905,0.07601650077727445,0.005988820392438285,0.12622846681404473,prestige
1968.0,m,17,0.47088843561020965,0.4104017988951329,0.5264723556867367,0.42096283134143614,0.36747026399529437,0.47560658868239686,-0.049925604268773516,-0.07795096543578486,-0.019455156176898577,prestige
1968.0,ml,17,0.1285924672371475,0.10392364501264152,0.15687210920701894,0.10804010011830278,0.06975176089604199,0.1655910631296215,-0.020552367118844728,-0.05954716271626409,0.039882864148531615,prestige
1968.0,l,17,0.08558751867610515,0.057852868786204395,0.11373158182161931,0.07739197112512403,0.04841671890396004,0.11269236763805948,-0.00819554755098112,-0.03224739305873137,0.01942645536746342,prestige
1968.0,xls,17,0.0003737791153244848,1.6036949130797357e-05,0.000884309526545294,0.0021003419535796796,1.4022295449765126e-05,0.00622653217468833,0.0017265628382551947,-0.0007022696582893818,0.00597862840757818,prestige
1969.0,xcu,16,0.0,0.0,0.0,0.0,0.0,0.0,0.0,0.0,0.0,prestige
1969.0,cu,16,0.0010176176658714836,0.00011529835762532139,0.002581921826713196,0.010191647336284259,3.161355589276682e-05,0.029853791659711446,0.009174029670412776,-0.0002845249292861018,0.027502981469470063,prestige
1969.0,mcu,16,0.31773378422414456,0.2339749384562618,0.4213979577917558,0.2947056739814355,0.2101878260880105,0.3866298484356362,-0.023028110242709066,-0.11618081892276927,0.06303227450910212,prestige
1969.0,m,16,0.44248699823596066,0.3683128831907154,0.5110005806604115,0.5094238232599193,0.43102733564881107,0.588711174615347,0.06693682502395865,0.005605793668770983,0.13499320837955503,prestige
1969.0,ml,16,0.12344659423198018,0.09321338286468576,0.15510160102125614,0.10600931788520107,0.06918173226171787,0.1474674618752407,-0.017437276346779107,-0.04847973841075961,0.02071283225977814,prestige
1969.0,l,16,0.11458794237302009,0.05467492646428899,0.20683629025159744,0.07940057872265424,0.051148071912521104,0.11068087588491758,-0.035187363650365844,-0.10685411739041713,0.01968766062796949,prestige
1969.0,xls,16,0.0007270632690229712,0.0003264048904219533,0.0012136775142942368,0.0002689588145057016,0.0,0.0007773661777626577,-0.0004581044545172696,-0.0011068104978456564,0.000292532492598488,prestige
1970.0,xcu,15,5.456317001397961e-05,0.0,0.00013043930222814,9.800318510351587e-05,0.0,0.0002940095553105476,4.344001508953625e-05,-0.00013043930222814,0.0002775220001282095,prestige
1970.0,cu,15,0.0006227853560384362,0.00026646329275372235,0.0011153401503795463,0.0017333377426447174,0.0,0.0045629925247613,0.0011105523866062812,-0.00045477485232912516,0.0036451633666759083,prestige
1970.0,mcu,15,0.28283807203916406,0.19636871069027428,0.37506676811524076,0.32648425127217445,0.23506196103061616,0.42560824946372217,0.043646179233010396,-0.009549056237060405,0.0958125067295959,prestige
1970.0,m,15,0.5130298878487528,0.4428456703334139,0.5740705003788052,0.5375316837682839,0.453065696635952,0.6213306816602231,0.024501795919531055,-0.024428999718968086,0.07113132773301006,prestige
1970.0,ml,15,0.1436535504079661,0.10623366960423292,0.18459850557071825,0.10539954799994163,0.07464243667407083,0.13335186544379565,-0.03825400240802447,-0.0729315732462943,-0.00010005597737233622,prestige
1970.0,l,15,0.05832826985550835,0.046038432593324005,0.07308906187900413,0.02875317603185187,0.016861644696230936,0.04268625746690204,-0.029575093823656477,-0.044283556561281676,-0.016201461539421827,prestige
1970.0,xls,15,0.0014728713225561152,0.0003997640229776335,0.0028937281623779404,0.0,0.0,0.0,-0.0014728713225561152,-0.0028937281623779404,-0.00039976402297763384,prestige
1971.0,xcu,13,2.4017821223347724e-05,0.0,7.205346367004318e-05,0.0,0.0,0.0,-2.4017821223347724e-05,-7.205346367004318e-05,0.0,prestige
1971.0,cu,13,0.00023208522543730718,5.0211223229554224e-05,0.0005397685096162817,0.002636242514440357,0.0004923374486926919,0.005494992333634457,0.00240415728900305,0.00015020956338537207,0.005272308564184009,prestige
1971.0,mcu,13,0.3779757003077972,0.3188957074224653,0.449290572508939,0.4193052624527019,0.3364809390308804,0.5263226320619543,0.041329562144904686,-0.015196283741782534,0.09647215959203514,prestige
1971.0,m,13,0.4485989938249614,0.3839982783964898,0.4996981127729256,0.3985954388505943,0.31774436475452045,0.46779173980183947,-0.05000355497436709,-0.07843722996452954,-0.024280285445406214,prestige
1971.0,ml,13,0.10944671949961782,0.08361339143191011,0.13647690190667142,0.1297621037978294,0.07618189278589307,0.1968928655027411,0.020315384298211586,-0.01836284749657485,0.06284647478578981,prestige
1971.0,l,13,0.06321597824354458,0.040923070572358014,0.08595666175477869,0.04964971192505266,0.025024564729814666,0.07837855546738229,-0.01356626631849192,-0.02907026196942771,0.00045251140243717745,prestige
1971.0,xls,13,0.0005065050774183887,2.9999306760124022e-05,0.0013868210586956591,5.1240459381405004e-05,0.0,0.0001278387816021299,-0.0004552646180369837,-0.0013034379868605598,2.1765886324046182e-05,prestige
1972.0,xcu,17,0.00011266049855592004,0.0,0.00033124571994214873,2.861066605630579e-05,0.0,8.583199816891738e-05,-8.404983249961424e-05,-0.00024541372177323134,0.0,prestige
1972.0,cu,17,0.001349674440462753,0.0004518115285902588,0.002461443563442354,0.00441433788306788,0.0001462847486823793,0.012727071554415121,0.003064663442605127,-0.0017435150400776623,0.011791101067928664,prestige
1972.0,mcu,17,0.2750089585692545,0.1991242981121815,0.35282493973859486,0.3344052590245326,0.24576789759283227,0.4204584637348381,0.059396300455278106,0.0008466271209806574,0.12230089426175585,prestige
1972.0,m,17,0.49622529745396576,0.44090176395862135,0.5439621604959615,0.47529750270886845,0.4068376437924571,0.5480256200663027,-0.020927794745097317,-0.09771703502151538,0.05000446217895813,prestige
1972.0,ml,17,0.15616764674526143,0.10759741555988216,0.21146881149030877,0.13876877378764846,0.08823261066110513,0.20110164467628264,-0.01739887295761297,-0.0628122025199981,0.030540553480093744,prestige
1972.0,l,17,0.07104722190960719,0.04304132890429869,0.10700595106599382,0.04681370415790118,0.03114253522710657,0.06580293775313933,-0.024233517751706006,-0.04529018319332855,-0.005906002718394439,prestige
1972.0,xls,17,8.854038289243239e-05,1.5251022527681902e-05,0.00018446751585288816,0.00027181177192504483,0.0,0.0008011195383568418,0.00018327138903261243,-0.00015471600144958305,0.0007575053610477763,prestige
1973.0,xcu,18,4.201751289937646e-06,0.0,1.2605253869812939e-05,6.493928177154361e-05,0.0,0.0001948178453146308,6.073753048160596e-05,-8.403502579875292e-06,0.0001948178453146308,prestige
1973.0,cu,18,0.0004920522603230734,0.00012542076510373113,0.0010154406073456552,0.0009029447885166503,0.0001311130368631118,0.002077568237324551,0.0004108925281935769,-0.0006037777703399349,0.0016966331870322136,prestige
1973.0,mcu,18,0.24398184014408109,0.19650462316274925,0.28477251448914354,0.3011066721789251,0.23484383080373217,0.36388001306460643,0.05712483203484403,0.012316520304631557,0.10238959121745815,prestige
1973.0,m,18,0.521537120893027,0.48403281281282606,0.5600135546747739,0.47738494417768834,0.40676791543216523,0.55023289487119,-0.04415217671533861,-0.10182836668871306,0.013759148274376666,prestige
1973.0,ml,18,0.14502308880753773,0.12610971057168402,0.16310104449662235,0.15052148495586745,0.10513036608369809,0.20775628038548966,0.005498396148329726,-0.0363775848330466,0.058788535945042734,prestige
1973.0,l,18,0.08857071299729573,0.058571971435465754,0.12190142474530975,0.0699262225083555,0.04600676875847326,0.09612450250369414,-0.01864449048894022,-0.049280720042097034,0.010366738134140834,prestige
1973.0,xls,18,0.00039098314644555525,6.971837519612651e-05,0.0008990276142513342,9.279210887541e-05,0.0,0.0002110099799894811,-0.00029819103757014524,-0.0007287422611021864,-9.567722843723185e-06,prestige
1974.0,xcu,19,7.3099415204678366e-06,0.0,2.1929824561403507e-05,0.00021588014334441517,0.0,0.0006476404300332456,0.00020857020182394733,-1.4619883040935673e-05,0.0006476404300332456,prestige
1974.0,cu,19,0.001530484765963026,0.0004161107649949932,0.0028491843031947846,0.007057325624866073,0.0008865844506296878,0.01538472030095037,0.005526840858903047,-0.00035442252795711413,0.013911949336714368,prestige
1974.0,mcu,19,0.2920945644158069,0.2247781943560778,0.36778119547545157,0.30351145266223817,0.20559333974802935,0.41194746966323686,0.011416888246431278,-0.09436603974289519,0.09578316602468442,prestige
1974.0,m,19,0.4812994055422881,0.42255970683526695,0.537635217218149,0.5011848127871753,0.4195515723644857,0.5865198488289747,0.019885407244887188,-0.051997321174438386,0.11367299308397939,prestige
1974.0,ml,19,0.14203079919725492,0.11687997370174005,0.1689371099573977,0.14136507474301938,0.09668517819486541,0.2002291019790027,-0.0006657244542355445,-0.04650552487295579,0.060499563249842236,prestige
1974.0,l,19,0.08131713908392549,0.06156963942454575,0.10003242602752266,0.04592416419502755,0.02471915478137649,0.06793636887104516,-0.035392974888897935,-0.04873524546854426,-0.02189621739350189,prestige
1974.0,xls,19,0.001720297053240991,8.683323710257777e-05,0.00420694064158629,0.0007412898443291327,0.0,0.002223869532987398,-0.0009790072089118584,-0.001999709836134821,-8.683323710257789e-05,prestige
1975.0,xcu,21,2.4253360303069992e-05,0.0,7.276008090920997e-05,0.0,0.0,0.0,-2.4253360303069992e-05,-7.276008090920997e-05,0.0,prestige
1975.0,cu,21,0.0027830386323522186,0.0008961906528801595,0.005321568588325552,0.0042011400178349955,0.0003652068026240947,0.01054673597756896,0.001418101385482777,-0.002902865470019537,0.007831885349266182,prestige
1975.0,mcu,21,0.24102516584533915,0.1681344533854478,0.31462503745665205,0.2728754510436544,0.19491272850829744,0.3448288572517414,0.03185028519831526,-0.005923236934951543,0.07414712375468793,prestige
1975.0,m,21,0.5077759494818243,0.4238331826448081,0.5824051933732378,0.47166960756175474,0.4018462279969642,0.5384081754498712,-0.03610634192006951,-0.10596576971548698,0.028444029679256348,prestige
1975.0,ml,21,0.14874900615941491,0.11285278700583953,0.18765036782495528,0.13539457954363338,0.10099637294633017,0.17103523762912842,-0.01335442661578154,-0.05551090973152483,0.033943576826668875,prestige
1975.0,l,21,0.09920781546592637,0.05825773015105003,0.15658481557123768,0.11531032417818465,0.05396033626990193,0.20031181003324694,0.01610250871225828,-0.029982098218309803,0.08564411238431316,prestige
1975.0,xls,21,0.00043477105484010796,0.0001493655763256983,0.0008160235308809671,0.0005488976549379486,3.376403987477604e-05,0.0015113602773735642,0.00011412660009784065,-0.0005799286289165281,0.0011451987041835633,prestige
1976.0,xcu,16,5.879586077140169e-06,0.0,1.7638758231420507e-05,0.0,0.0,0.0,-5.879586077140169e-06,-1.7638758231420507e-05,0.0,prestige
1976.0,cu,16,0.0014701172357433042,0.0004143766901538839,0.0030965445672421566,0.0009611246049014064,0.0,0.00270743535280782,-0.0005089926308418978,-0.001036933855423547,-5.200192644452451e-05,prestige
1976.0,mcu,16,0.2796618216699973,0.22363553602583547,0.3362713344002366,0.24118769482331154,0.17529711685757648,0.30827614131109743,-0.038474126846685774,-0.11576261308225143,0.03636740302692223,prestige
1976.0,m,16,0.5113344584265764,0.4704131589521654,0.5477322186535741,0.5268684974136086,0.4613465387624255,0.5960153916291531,0.015534038987032206,-0.0587255843080826,0.09805546289155817,prestige
1976.0,ml,16,0.13386292888289256,0.11250914445213524,0.15882339593775643,0.16717704634016806,0.11903660446234084,0.22767435528947305,0.0333141174572755,-0.006411228873439504,0.0809789570380659,prestige
1976.0,l,16,0.07260035236312765,0.043511593230982956,0.10691277654319381,0.0630239869914496,0.026618402058815657,0.10460374228854072,-0.009576365371678053,-0.035839002459530055,0.017427350501790558,prestige
1976.0,xls,16,0.0010644418355856514,0.00013014459736853293,0.002808731305922206,0.0007816498265608223,6.741451839068062e-06,0.002193243748380711,-0.0002827920090248291,-0.0006818178542163488,-4.542443243491269e-05,prestige
1977.0,xcu,16,0.0,0.0,0.0,0.0,0.0,0.0,0.0,0.0,0.0,prestige
1977.0,cu,16,0.00038918585876584875,0.00012579487136589687,0.000680033198743837,0.009445233515488333,0.0001795738663434302,0.026832916878723693,0.009056047656722485,-0.00014818498762048457,0.026277035505853138,prestige
1977.0,mcu,16,0.33320526726574184,0.2545627410269279,0.40766993722232914,0.3308523882877218,0.2639281266510242,0.40051510066100343,-0.0023528789780200565,-0.06371371482017268,0.05451365582203221,prestige
1977.0,m,16,0.4426954409590633,0.39551501149202506,0.488977232504728,0.4330275585440251,0.3777992253725903,0.4898847282411285,-0.009667882415038243,-0.05814207365637842,0.040832044414564325,prestige
1977.0,ml,16,0.15371429177972584,0.11501196738039281,0.19601054113308902,0.15386945555717707,0.11473641971061938,0.19351714542545317,0.00015516377745122822,-0.029894302708022926,0.02765487251747396,prestige
1977.0,l,16,0.06918625677256666,0.04366526344790348,0.09738596053008879,0.07257023938436054,0.04907279484208645,0.10015352528950394,0.003383982611793873,-0.03332031918871966,0.04354788062547871,prestige
1977.0,xls,16,0.0008095573641364688,0.00013703215011389274,0.0020345710850473387,0.0002351247112272446,2.9836449590944166e-05,0.000579310904986208,-0.0005744326529092242,-0.0018263970774435472,0.00027338031633485256,prestige
1978.0,xcu,20,7.737542556484061e-05,0.0,0.00023212627669452185,8.322929671244278e-05,0.0,0.00024968789013732833,5.853871147602175e-06,0.0,1.7561613442806484e-05,prestige
1978.0,cu,20,0.0019741398783026495,0.00037632044721064496,0.004309259351919247,0.0041789427501196744,0.00013091455818438919,0.011572003122030642,0.002204802871817025,-0.001391091615197992,0.008100778250655975,prestige
1978.0,mcu,20,0.27547743141660896,0.20824164257592112,0.3548004932297394,0.3156439882723216,0.2465613491507898,0.3938831403356112,0.04016655685571263,-0.017895563217520095,0.10378639142106907,prestige
1978.0,m,20,0.4373706792047142,0.3834083719862533,0.4898543178984641,0.45224567764579754,0.39821454944563883,0.507623549039305,0.014874998441083365,-0.03327266421781624,0.061297461194601416,prestige
1978.0,ml,20,0.1918225695602192,0.14803214471032333,0.24080053894159537,0.17276889436565684,0.12680968868514483,0.2188613664552562,-0.01905367519456236,-0.05714269411128415,0.022627947462374755,prestige
1978.0,l,20,0.09276807448617733,0.06845617653742292,0.11855034554025193,0.0550195262948331,0.03818584812202846,0.07605920350983662,-0.037748548191344225,-0.058409908185099856,-0.016716657614278742,prestige
1978.0,xls,20,0.0005097300284127272,0.00012046856015818247,0.0009857306676742026,5.974137455876833e-05,0.0,0.0001545595054095827,-0.00044998865385395884,-0.0009497998838408416,-2.4298425158053417e-05,prestige
1979.0,xcu,17,4.8811493125722674e-05,0.0,0.00012097383940722818,0.0,0.0,0.0,-4.8811493125722674e-05,-0.00012097383940722818,0.0,prestige
1979.0,cu,17,0.002756966696324093,0.0012425734981859461,0.0044731334021858565,0.0021868786089366096,0.0007162922641845784,0.003913595845314697,-0.0005700880873874834,-0.0029207511018422352,0.0016857138603947482,prestige
1979.0,mcu,17,0.30165628779961423,0.24262585461482286,0.3686886127559063,0.32675851235410275,0.2608439081644974,0.39265643345897255,0.025102224554488517,-0.034528559316549336,0.076280865625491,prestige
1979.0,m,17,0.48482375904158925,0.427058606289607,0.5380387569353415,0.47622314996788084,0.41204361065293305,0.54532829060801,-0.00860060907370841,-0.07796171262795487,0.07483863883281852,prestige
1979.0,ml,17,0.12016483214483173,0.09371259969535185,0.14686157797908475,0.12755009936751108,0.09962147360151774,0.15858216763155336,0.007385267222679348,-0.023900753889016694,0.0400178800806801,prestige
1979.0,l,17,0.09021718773359905,0.05507361956302419,0.13401779414282883,0.06704395400968875,0.04180816231594634,0.09555290119255468,-0.023173233723910294,-0.06326860568647012,0.010948291533462233,prestige
1979.0,xls,17,0.0003321550909159361,0.00019247370746864245,0.00048789340015021097,0.00023740569187990536,0.0,0.000589323341556325,-9.474939903603076e-05,-0.00035542938531459814,0.0002238120800587898,prestige
1980.0,xcu,16,0.0,0.0,0.0,3.698224852071006e-05,0.0,0.00011094674556213019,3.698224852071006e-05,0.0,0.00011094674556213019,prestige
1980.0,cu,16,0.0008057699107003509,0.00033302616150860444,0.00137182961445948,0.000926628244105052,0.0002451060788791449,0.001701154451230902,0.00012085833340470115,-0.0007864642961619126,0.0010486644651970772,prestige
1980.0,mcu,16,0.2886516114402644,0.2189178860841122,0.3564913415002635,0.3076396027337118,0.22428317044252158,0.38773568013433474,0.018987991293447415,-0.03783836161396377,0.07091550333730266,prestige
1980.0,m,16,0.4951506502525489,0.4345561201077701,0.5528542876360789,0.4752637782316627,0.40431664758191926,0.5596556437500837,-0.01988687202088618,-0.06070178063233424,0.031737615314552006,prestige
1980.0,ml,16,0.1447099391577723,0.10654075965012744,0.1865822294377446,0.17019106013202534,0.11343547537577961,0.23650414751479307,0.025481120974253035,-0.02459823072594281,0.07713991458868237,prestige
1980.0,l,16,0.07025049537952414,0.041180696074440346,0.11061190386022911,0.04554687863927593,0.02736516327252456,0.06862010239530884,-0.024703616740248215,-0.04639869838161107,-0.006143648351976697,prestige
1980.0,xls,16,0.00043153385918988753,9.514921503372248e-05,0.0010763469072215415,0.0003950697706984494,0.0,0.0011596886914338536,-3.646408849143813e-05,-0.000940771351733714,0.0009860567516612009,prestige
1981.0,xcu,12,0.0,0.0,0.0,0.0,0.0,0.0,0.0,0.0,0.0,prestige
1981.0,cu,12,0.0010015328637293368,0.00034453780878986273,0.0018293570706138574,0.0015487358250580313,0.0,0.003737307925215688,0.0005472029613286945,-0.0013391824612898969,0.0030330819601970516,prestige
1981.0,mcu,12,0.23689580649974204,0.1929693109161295,0.2785512849312354,0.34319196685591313,0.29776663260474623,0.3854451012813595,0.1062961603561711,0.07803235725415197,0.14029910315352584,prestige
1981.0,m,12,0.5441560416476979,0.4991420954184465,0.5973574232498857,0.47285519478546517,0.43209782751886106,0.5133331346224852,-0.07130084686223276,-0.11418970714470543,-0.021544037387333216,prestige
1981.0,ml,12,0.15331658857939096,0.12549265866062445,0.18882201307951663,0.11274212393739454,0.07667919334736056,0.14793808536974212,-0.04057446464199642,-0.06764112719431774,-0.0138126671848908,prestige
1981.0,l,12,0.06403462056968356,0.04734546827182995,0.08240944742495497,0.06947185502949951,0.03820275145066827,0.10743951693347972,0.005437234459815948,-0.019950534388113225,0.03286767396557514,prestige
1981.0,xls,12,0.000595409839756191,5.208333333333334e-05,0.001299518416652737,0.0001901235666696271,2.5229589262286808e-05,0.0003853849175932526,-0.0004052862730865639,-0.0011844428730027514,0.00021272574204787766,prestige
1982.0,xcu,17,4.349933508159232e-05,0.0,0.00013049800524477697,0.0,0.0,0.0,-4.349933508159232e-05,-0.00013049800524477697,0.0,prestige
1982.0,cu,17,0.0029463469378277723,0.0003876304853166162,0.006989258867910476,0.0031497811500366675,0.000714107045367416,0.006104720798406779,0.00020343421220889515,-0.004616458168517443,0.004400935949489896,prestige
1982.0,mcu,17,0.27185938582264296,0.20466437934442075,0.34382810823373694,0.33318145394578436,0.23372208689788,0.43544721069551584,0.06132206812314139,-0.0017835972850670768,0.13434995293015123,prestige
1982.0,m,17,0.5011855560917621,0.44158683667706056,0.5695232659639496,0.4728779045303147,0.39256831127792846,0.55761924045612,-0.028307651561447378,-0.0821716925811665,0.02094437240697489,prestige
1982.0,ml,17,0.15072223661848363,0.12362428444827311,0.17610839974266557,0.1371752543168727,0.1044260048551426,0.17101702680142125,-0.013546982301610944,-0.04346982381991051,0.018008435149211747,prestige
1982.0,l,17,0.07259415120568172,0.051200365239342,0.09935340043313995,0.05291558999388012,0.038116983960960645,0.06995990300823142,-0.019678561211801594,-0.03823964344817752,-0.001442416815711835,prestige
1982.0,xls,17,0.0006488239885202975,6.145589003492743e-05,0.0017387392497237558,0.000700016063111394,0.0,0.0018203067728001377,5.119207459109646e-05,-0.0002800274656448458,0.0005211732151192635,prestige
1983.0,xcu,17,0.0,0.0,0.0,0.0,0.0,0.0,0.0,0.0,0.0,prestige
1983.0,cu,17,0.0014656712852374988,0.000272402552756869,0.0028410706051983717,0.00045640900826439737,4.533255965764851e-06,0.0011185282573588232,-0.0010092622769731015,-0.0024489521201872208,7.12018642779976e-05,prestige
1983.0,mcu,17,0.2469831158483403,0.17589995587790083,0.31621085147632677,0.36770121532013433,0.31013242914158845,0.4254970142139319,0.12071809947179404,0.056934844980400405,0.1915487077294829,prestige
1983.0,m,17,0.503618514545017,0.43729821095495836,0.570283359629899,0.477442699382084,0.4289166407886025,0.524301349342436,-0.026175815162933047,-0.08605987475656027,0.03978416487831425,prestige
1983.0,ml,17,0.18615281630803185,0.12571041922775505,0.26370260378934546,0.11538013570690453,0.09170094140904778,0.13533698124206403,-0.07077268060112732,-0.14450748170312291,-0.013610825745616256,prestige
1983.0,l,17,0.06162798419592234,0.043136375946033645,0.08299870421239504,0.0389995529749295,0.02916030006750417,0.050636346246436016,-0.02262843122099284,-0.03580903354883301,-0.009893266181417271,prestige
1983.0,xls,17,0.00015189781745091944,4.634113740507251e-05,0.000289503211336388,1.9987607683236397e-05,0.0,5.996282304970918e-05,-0.00013191020976768304,-0.0002724638921188639,-2.4388960648901635e-05,prestige
1984.0,xcu,14,5.051168335235939e-06,0.0,1.5153505005707818e-05,0.0,0.0,0.0,-5.051168335235939e-06,-1.5153505005707818e-05,0.0,prestige
1984.0,cu,14,0.0015524074875468091,0.0005529531531427778,0.00290245093258333,0.0010126507969121488,0.0,0.0030379523907364467,-0.0005397566906346603,-0.002442895314132623,0.0018480863663203394,prestige
1984.0,mcu,14,0.2561906118865925,0.1821197764939412,0.3362998041178015,0.3495512081936603,0.24475002573575605,0.4610554832075554,0.09336059630706783,0.023353119351725543,0.17696770466595377,prestige
1984.0,m,14,0.4773136849870556,0.41750302065267564,0.5342231223608851,0.4518495679703561,0.36383644657775527,0.5399048207128724,-0.02546411701669954,-0.10673492593742223,0.05682053219491596,prestige
1984.0,ml,14,0.19474010585736506,0.1323314230921663,0.2650189979762505,0.13638068681561824,0.06806025227054349,0.22185610926041,-0.058359419041746824,-0.09707654749506461,-0.012185307486455365,prestige
1984.0,l,14,0.0699323972082018,0.04974148598867588,0.09815275478399076,0.06106922304070921,0.036755068062032006,0.09066746646235845,-0.008863174167492584,-0.04138436035725132,0.027230498759878485,prestige
1984.0,xls,14,0.00026574140490296636,2.8721071789159305e-05,0.000646121880270225,0.00013666318274405774,0.0,0.00033171166173510865,-0.00012907822215890862,-0.0005656439392554611,0.00020240332522788066,prestige
1985.0,xcu,19,6.1999739601093675e-06,0.0,1.8599921880328103e-05,5.201776926998263e-06,0.0,1.5605330780994786e-05,-9.981970331111042e-07,-1.8599921880328103e-05,1.5605330780994786e-05,prestige
1985.0,cu,19,0.00214260518489349,0.0004220621237806455,0.004456348202476564,0.0028051422187165822,0.000923036552455458,0.0051010099505138665,0.0006625370338230923,-0.0022486468309525914,0.0035331273800935873,prestige
1985.0,mcu,19,0.2390166338153235,0.18525482048509356,0.29814337518503914,0.34186583051082353,0.2717141394665071,0.41442476703351727,0.10284919669550002,0.06389050560383143,0.1477007212085912,prestige
1985.0,m,19,0.5375682058071817,0.4877181895229888,0.5842554911638868,0.46124817247379835,0.40921220378897505,0.5132828483094539,-0.07632003333338333,-0.11650900449740507,-0.043318331099849415,prestige
1985.0,ml,19,0.139576166277291,0.10480876302621665,0.1738952290554867,0.1343926500656171,0.09206064772830207,0.1893110974078526,-0.0051835162116739,-0.04194679740485731,0.0334602728457613,prestige
1985.0,l,19,0.08145493428770083,0.05280481951965595,0.11349709795603939,0.05947607979324827,0.042637515474394955,0.07934669839852236,-0.02197885449445256,-0.046930828242025525,0.0030542728289029092,prestige
1985.0,xls,19,0.00023525465364940615,3.0831598751025394e-05,0.0005599900219860621,0.000206923160869143,3.157263284185268e-05,0.00042770949103716917,-2.833149278026314e-05,-0.00042261911733127854,0.00029422925641736295,prestige
1986.0,xcu,14,0.0,0.0,0.0,0.0,0.0,0.0,0.0,0.0,0.0,prestige
1986.0,cu,14,0.00023882263477369273,3.260203023214954e-05,0.0004806019435099913,0.0018442771373504625,5.878894767783657e-05,0.004650540016016431,0.0016054545025767698,-0.0001530624320008223,0.0044830652150175685,prestige
1986.0,mcu,14,0.29376619091686157,0.21154784608713012,0.36671130573514993,0.3192672088532658,0.24129143147581997,0.39162022421773385,0.025501017936404247,-0.04380144885447517,0.09066629610888481,prestige
1986.0,m,14,0.4955356905478034,0.4513662015681673,0.5409221094100918,0.45939104323741076,0.41933316950308624,0.49661909501708673,-0.03614464731039263,-0.08742549213357477,0.01433256015224325,prestige
1986.0,ml,14,0.15004347271351598,0.11526605459105452,0.19080232177460557,0.15598156448465028,0.09486931552551234,0.23406856529890982,0.005938091771134302,-0.03732294742349869,0.05441045202779042,prestige
1986.0,l,14,0.060372919284105965,0.04261881608487813,0.07858260486644207,0.06351590628732275,0.04014900607103144,0.10067863145373526,0.003142987003216781,-0.031310778474700936,0.04897213794895154,prestige
1986.0,xls,14,4.2903902939350885e-05,0.0,0.00011984410218508289,0.0,0.0,0.0,-4.2903902939350885e-05,-0.00011984410218508289,0.0,prestige
1987.0,xcu,13,0.0,0.0,0.0,0.0,0.0,0.0,0.0,0.0,0.0,prestige
1987.0,cu,13,0.0019788570635586094,0.0007290458339235021,0.0035618271800591573,0.0028192687320987915,0.00033978621415025565,0.00654106243656827,0.0008404116685401821,-0.0019086196163475395,0.004290006042369055,prestige
1987.0,mcu,13,0.2745349054494336,0.1966466108349563,0.3514020554966546,0.3530741786616225,0.2663629000761481,0.4303371058930266,0.0785392732121889,0.019107551935698377,0.14196162218665226,prestige
1987.0,m,13,0.511762321529533,0.45242300220556997,0.5622794646574792,0.4694123709454437,0.4009527869912156,0.5392709079855474,-0.04234995058408936,-0.12867604660764992,0.04056070791842739,prestige
1987.0,ml,13,0.13309018816360893,0.10262658233244117,0.16835182668263593,0.11767905774472255,0.09147678968333192,0.1445784963887371,-0.015411130418886379,-0.048523012408984455,0.01747612603551299,prestige
1987.0,l,13,0.07815109287313084,0.050957292943681905,0.10893102547354754,0.05701512391611248,0.0378364682026253,0.07553878850036215,-0.02113596895701836,-0.03961322615483963,-0.004293752255557667,prestige
1987.0,xls,13,0.0004826349207348886,9.284620026925398e-05,0.0009832999350686067,0.0,0.0,0.0,-0.0004826349207348886,-0.000983299935068607,-9.284620026925398e-05,prestige
1988.0,xcu,19,9.207183010485395e-05,0.0,0.00026187836720168567,0.0,0.0,0.0,-9.207183010485395e-05,-0.00026187836720168567,0.0,prestige
1988.0,cu,19,0.0020517132853208175,0.0009399446757042958,0.003340008242013918,0.00276684272793155,0.001413433793490569,0.004257462188652135,0.0007151294426107325,-0.0006317680087192859,0.0023650228627985076,prestige
1988.0,mcu,19,0.3461791756349059,0.2868110246733327,0.40426248883436994,0.3843583199272068,0.31659196468502915,0.4503857447580647,0.038179144292300904,-0.02000364314168632,0.0906812790049128,prestige
1988.0,m,19,0.4624596421827931,0.4258720600967431,0.498394714574912,0.4520479439357627,0.407062960158195,0.4962894696061817,-0.010411698247030421,-0.056750820981126576,0.03735057066096118,prestige
1988.0,ml,19,0.11917745396605478,0.09535484459027178,0.1484181506988348,0.11494747107409653,0.09463630450979592,0.13856007463309927,-0.0042299828919582505,-0.027005134085411702,0.0184867050585192,prestige
1988.0,l,19,0.06984169237002726,0.04567287316027779,0.09939154470248844,0.04587311915189491,0.028828989484312315,0.06565779142856375,-0.023968573218132345,-0.04267312774221689,-0.0036279573672881884,prestige
1988.0,xls,19,0.00019825073079317372,2.838283343218993e-05,0.0004899666659309315,6.303183107469272e-06,0.0,1.8909549322407814e-05,-0.00019194754768570444,-0.0004880881448636011,-2.0259448726187816e-05,prestige
1989.0,xcu,17,0.0002178649237472767,0.0,0.0006535947712418301,9.627502021727806e-05,0.0,0.0002767239437187412,-0.00012158990352999865,-0.00040107306138927474,3.630335079927877e-05,prestige
1989.0,cu,17,0.004868818066576047,0.0009107502463798135,0.009631153710867889,0.0015943061882647816,0.0005129961997937823,0.002862226121849313,-0.0032745118783112656,-0.007680677692146133,0.00018743018660858927,prestige
1989.0,mcu,17,0.3625817053622001,0.3049400984000973,0.4244502468685474,0.3199043728749164,0.23933697639720286,0.3998417633282553,-0.04267733248728367,-0.11647820424168304,0.01679048193010408,prestige
1989.0,m,17,0.47151979731175403,0.41610834410999936,0.5169016723646631,0.49039627660661145,0.4311333404853103,0.545867209457647,0.018876479294857418,-0.022813343724180094,0.06564971925890337,prestige
1989.0,ml,17,0.0916749690975619,0.07467179208223042,0.10702823481677592,0.14066577985433448,0.09112988402674861,0.21872320100211176,0.048990810756772585,0.0026187785950140103,0.12765976104915944,prestige
1989.0,l,17,0.06876279240910066,0.037163087065845236,0.12709088749585817,0.04707370064884043,0.028155286536725874,0.07046187697066345,-0.02168909176026023,-0.060236346881957226,0.003943560723511709,prestige
1989.0,xls,17,0.0003740528290599484,0.0,0.0008451612415071417,0.0002692888068152311,0.0,0.0006788674524374374,-0.00010476402224471727,-0.0005021136799541221,0.0002918215669977688,prestige
1990.0,xcu,19,2.3472099488639134e-05,0.0,6.472393647723381e-05,0.0,0.0,0.0,-2.3472099488639134e-05,-6.472393647723381e-05,0.0,prestige
1990.0,cu,19,0.0024728243270401226,0.0007234812915780685,0.0045800434316957605,0.0037628497499931804,0.000940245671848999,0.007300757514307866,0.0012900254229530578,-0.0013778705613154733,0.003693655194679991,prestige
1990.0,mcu,19,0.3249393752190409,0.2737267280567201,0.37692325710092295,0.3437730584682467,0.2701997199835543,0.41447956466600405,0.018833683249205757,-0.04730119362538455,0.07271782408726456,prestige
1990.0,m,19,0.4986712161162083,0.4571480423888114,0.5430760762671347,0.5063304150440298,0.4560772173108875,0.561000325519334,0.0076591989278214645,-0.04267541720970466,0.06470499675477709,prestige
1990.0,ml,19,0.13350477904935273,0.10547615224446322,0.16111452640207183,0.11120466445832367,0.08313676837369693,0.1403306742379351,-0.02230011459102907,-0.05330421730300487,0.005315541412163922,prestige
1990.0,l,19,0.04028405530504884,0.03190351635197379,0.049458836490626094,0.03490396949798845,0.023410433302377128,0.04727728190008476,-0.0053800858070603905,-0.01663982639522992,0.006906324704269363,prestige
1990.0,xls,19,0.00010427788382041488,2.8867452263756095e-05,0.00019148319850167533,2.5042781418256187e-05,0.0,7.512834425476856e-05,-7.923510240215869e-05,-0.00018459334201711795,1.574585839175771e-05,prestige
1991.0,xcu,18,0.00022313896644096307,4.319336243002092e-05,0.00043373101113638606,0.0001486027888139112,0.0,0.00042653497336088176,-7.453617762705187e-05,-0.0003704496058627225,0.0002486541110453183,prestige
1991.0,cu,18,0.0030943096023717215,0.0012952696444549915,0.005158356026974192,0.0025740424306369947,0.0006046717083056762,0.004928048568375544,-0.0005202671717347267,-0.0018015718547280608,0.0007944538889085442,prestige
1991.0,mcu,18,0.3550824413738649,0.26408861096066816,0.4413205855506363,0.4158586676043316,0.3196526510048108,0.49675733420921014,0.06077622623046669,-0.012726575184603144,0.14486042027439835,prestige
1991.0,m,18,0.4583529646515731,0.38019980766817146,0.5389512211025934,0.4259507031772591,0.3848856621487345,0.46760763172122716,-0.03240226147431402,-0.11223711692530496,0.052052487210114025,prestige
1991.0,ml,18,0.1191909928165061,0.07444314877775114,0.1821847204986779,0.08455105783647789,0.05591115063999783,0.11877869080138785,-0.03463993498002821,-0.08629243764537654,-0.001296067108818226,prestige
1991.0,l,18,0.06386222400833062,0.03200297117186549,0.10916206447228473,0.07027987957421483,0.03619891622778065,0.11501407274014518,0.006417655565884209,-0.007018059749170701,0.02161298504360023,prestige
1991.0,xls,18,0.00019392858091266436,2.815728176021326e-05,0.00045828648992043145,0.0006370465882658087,0.0,0.0018845619546870782,0.0004431180073531444,-0.00010181745258692965,0.0014694319447745591,prestige
1992.0,xcu,18,0.0,0.0,0.0,0.0003032754874065327,0.0,0.0010319917440660474,0.0003032754874065327,0.0,0.0010319917440660474,prestige
1992.0,cu,18,0.003181239934562786,0.0010863961475071088,0.006331892525343964,0.004284671349070199,0.00045748770172715747,0.009449232312535449,0.0011034314145074134,-0.001474904179202635,0.004903793872472824,prestige
1992.0,mcu,18,0.3303896731615767,0.2745720794662329,0.38231123867053,0.38472951949165884,0.31369986070973227,0.4497479404144152,0.05433984633008215,-0.008028986439072678,0.10642981846072147,prestige
1992.0,m,18,0.48864550811099217,0.4460795396233646,0.5391198587430034,0.4572412589308948,0.40250304856346636,0.5095004699607464,-0.03140424918009738,-0.07326030746883955,0.01687090695765804,prestige
1992.0,ml,18,0.10834522945712496,0.09283660287099604,0.1301689045744272,0.10547273789253293,0.08833691804781141,0.1236705159623719,-0.0028724915645920307,-0.02272680150025273,0.01587089945047279,prestige
1992.0,l,18,0.0688769002646613,0.045855366016462396,0.11089450200837209,0.047891728066985724,0.028159530536470936,0.07194949565469773,-0.020985172197675574,-0.04462631969152653,-0.0008820196864039515,prestige
1992.0,xls,18,0.00056144907108213,0.00015781051691737973,0.0010403624804523194,7.680878145098213e-05,0.0,0.0001820315093055347,-0.00048464028963114784,-0.0010047096339964837,-6.316867850012909e-05,prestige
1993.0,xcu,16,0.0,0.0,0.0,0.0,0.0,0.0,0.0,0.0,0.0,prestige
1993.0,cu,16,0.0024474432444388542,0.0005135183991369993,0.0048428704581213455,0.0013566408330165736,0.00032283947594971297,0.00258111250411044,-0.0010908024114222807,-0.0040472710465848,0.0014728410832339632,prestige
1993.0,mcu,16,0.349150342457312,0.29903832922616896,0.4043044637524701,0.4042115141889065,0.3359434443682076,0.47555069596020855,0.05506117173159447,-0.01330803318084757,0.1287805341905113,prestige
1993.0,m,16,0.5156317172794006,0.4714832811515718,0.5553137064287742,0.4729757582557891,0.4171555155186465,0.5310155685890984,-0.04265595902361152,-0.1062342079770122,0.013136031845695903,prestige
1993.0,ml,16,0.09117794247758094,0.07285296864284359,0.11034434210079296,0.0871029373974718,0.06037201040445097,0.11259655939708156,-0.004075005080109148,-0.0326282658770749,0.023444159382138608,prestige
1993.0,l,16,0.041186900262233796,0.027081050464426902,0.05622865855513286,0.03433789053575362,0.018204440729839427,0.05548479470764368,-0.006849009726480178,-0.017346325969722073,0.003920211742117012,prestige
1993.0,xls,16,0.00040565427903375387,9.525609631933448e-05,0.0008165592213632478,1.52587890625e-05,0.0,6.103515625e-05,-0.00039039548997125387,-0.0007748003038921367,-9.525609631933449e-05,prestige
1994.0,xcu,23,2.700848606632204e-05,0.0,8.102545819896612e-05,4.724115187576368e-05,0.0,0.00012543946279224789,2.023266580944164e-05,0.0,4.860732803640487e-05,prestige
1994.0,cu,23,0.0030711852384860817,0.001648938751892727,0.00463549924006797,0.00454601503715025,0.0010942708945028978,0.009268495991067528,0.0014748297986641686,-0.001481891927510218,0.005467680930562733,prestige
1994.0,mcu,23,0.38663413978127814,0.3282450107457763,0.4469309675643788,0.4114881179763438,0.3300828350526168,0.48977567372270864,0.024853978195065685,-0.029598468054134016,0.07822123647799614,prestige
1994.0,m,23,0.46237622754095203,0.41010878958774905,0.5188627646765995,0.46039806819306567,0.39759169281003764,0.5278398686050395,-0.0019781593478863657,-0.03701935532085226,0.02942954203432454,prestige
1994.0,ml,23,0.09371624087838452,0.07638943822329897,0.11290604591186394,0.06148996004939416,0.050152094334203506,0.07526445873728231,-0.032226280828990365,-0.05129397453099935,-0.01637515063986961,prestige
1994.0,l,23,0.053892351889790115,0.03061137264668552,0.0933438092056139,0.06186881318437881,0.0319543446393764,0.10230772996877643,0.007976461294588698,-0.01615206704151326,0.04233835344064032,prestige
1994.0,xls,23,0.00028284618504271987,4.416827674998969e-05,0.0006115607156265348,0.0001617844077913825,0.0,0.0003854082931349393,-0.00012106177725133737,-0.00030869863394069474,3.019842824133405e-05,prestige
1995.0,xcu,24,4.00576830636116e-05,0.0,0.0001201730491908348,0.0,0.0,0.0,-4.00576830636116e-05,-0.0001201730491908348,0.0,prestige
1995.0,cu,24,0.0026345815249347836,0.0013465121166754824,0.004177066769421179,0.007451233027685564,0.0015001388004038348,0.017808422968347254,0.00481665150275078,-0.001260930956829582,0.015082701165600126,prestige
1995.0,mcu,24,0.38359168128368354,0.3066198540998518,0.45532526071563484,0.39969002230101286,0.3212735323965507,0.47199529788557865,0.01609834101732932,-0.03385976819910452,0.06299909796228381,prestige
1995.0,m,24,0.44891704347967015,0.3967781354175042,0.4993109528840456,0.46022454223719184,0.4029566023047589,0.5196882678018862,0.011307498757521683,-0.0353223500741886,0.06673360591696548,prestige
1995.0,ml,24,0.09458700877919791,0.07320356807753188,0.12009563977356152,0.08363081412996025,0.06082957889444978,0.10925583502287121,-0.010956194649237666,-0.035264340773605754,0.012116263001799469,prestige
1995.0,l,24,0.06984219624973372,0.03857706274512599,0.11174673180536071,0.04890784130921991,0.026417878412606455,0.07792250766450953,-0.020934354940513808,-0.043349345218304546,-0.002501877889671574,prestige
1995.0,xls,24,0.00038743099971613146,0.00012950711233704283,0.0007188803681221956,9.55469949296146e-05,4.683226555767862e-06,0.0002004533907607215,-0.00029188400478651684,-0.0005681517409374762,-4.474043298421327e-05,prestige
1996.0,xcu,14,7.993837478016947e-05,0.0,0.00023981512434050842,0.0,0.0,0.0,-7.993837478016947e-05,-0.00023981512434050842,0.0,prestige
1996.0,cu,14,0.00585059333657205,0.0004340053093099942,0.013971339418906699,0.013397849366004735,0.0013936578593102106,0.03429419684130463,0.007547256029432685,-0.007521319730670777,0.0295356805761109,prestige
1996.0,mcu,14,0.39709919756192175,0.307615974170006,0.4981612048047102,0.45159406201348035,0.3781661908101047,0.5358575102684465,0.0544948644515586,-0.024083586037117802,0.1421987170727057,prestige
1996.0,m,14,0.47761082269204025,0.40178409759535233,0.5405637175003154,0.4188965554604935,0.33237748415746554,0.49103316798034785,-0.05871426723154677,-0.1451982371652983,0.01935227219356318,prestige
1996.0,ml,14,0.07822773977011376,0.05670695386620149,0.10492934256569995,0.08591913715484444,0.05522794567249401,0.12541612371105607,0.0076913973847306805,-0.029467583359467604,0.05034119658184176,prestige
1996.0,l,14,0.04071772550696645,0.02470784785917439,0.06018601900290844,0.03015619569301961,0.017479650252746504,0.046232720232202824,-0.01056152981394684,-0.02307451323760823,0.00023931564676924375,prestige
1996.0,xls,14,0.00041398275760560783,6.581814356147639e-05,0.0009547456008249277,3.620031215731844e-05,0.0,9.21705029275822e-05,-0.0003777824454482894,-0.0009221576583139153,-3.8775775292090456e-05,prestige
1997.0,xcu,16,4.000768147484317e-06,0.0,1.2002304442452952e-05,0.0,0.0,0.0,-4.000768147484317e-06,-1.2002304442452952e-05,0.0,prestige
1997.0,cu,16,0.0044479023614609516,0.0008758186991349704,0.008777701419277875,0.005531752597123508,0.0011034711268465849,0.011157960678347319,0.0010838502356625562,-0.005137596345066375,0.007344755592412207,prestige
1997.0,mcu,16,0.3698202870852395,0.30429582024538654,0.4308112562455009,0.418384645563444,0.3519834715764831,0.48856972937934223,0.048564358478204506,-0.0013971924344106344,0.09611099462063814,prestige
1997.0,m,16,0.48067707492489736,0.44782076150267697,0.5168781100731027,0.4571811191189528,0.3952988841806601,0.5214200578654461,-0.023495955805944546,-0.06671447209493366,0.02187837269268841,prestige
1997.0,ml,16,0.10402620061702156,0.07800386171002488,0.13468618752174424,0.08322144105881424,0.05459795080513777,0.11469867634949583,-0.02080475955820732,-0.060284443336205445,0.013177412128122575,prestige
1997.0,l,16,0.04019124361400636,0.027399626476620035,0.055426755804434645,0.03568104166166544,0.017743520838402464,0.06210516629442965,-0.00451020195234092,-0.02332227777348636,0.016394484382742113,prestige
1997.0,xls,16,0.0008332906292266914,2.7817302484012574e-05,0.002196992387986122,0.0,0.0,0.0,-0.0008332906292266914,-0.002196992387986122,-2.7817302484012598e-05,prestige
1998.0,xcu,18,5.31632110579479e-05,0.0,0.0001594896331738437,5.074470015073047e-05,0.0,0.0001398388403996355,-2.418510907217428e-06,-4.444131287931999e-05,3.4767269250450265e-05,prestige
1998.0,cu,18,0.0025113123723626007,0.0010527611160087952,0.004429083887821852,0.005421713352657602,0.002658674235287174,0.009186814078468056,0.002910400980295001,0.0008575660111004274,0.00557619163536513,prestige
1998.0,mcu,18,0.45081834551015576,0.3701060556205589,0.5284836797869427,0.47765709175503357,0.4037803957784396,0.5449626245452838,0.02683874624487781,-0.033873979909584455,0.07793100258251419,prestige
1998.0,m,18,0.42637932967725656,0.3711503378182009,0.482007223674895,0.417092751273745,0.3670713403468874,0.46247580173740604,-0.009286578403511547,-0.0629464769423562,0.0469857236636172,prestige
1998.0,ml,18,0.08097734283300267,0.05416452052626309,0.11980556153365632,0.0709078458731131,0.04023286009247192,0.1143298507465678,-0.010069496959889568,-0.027013915704343704,0.009146897357727475,prestige
1998.0,l,18,0.0391421538354397,0.025165239708096695,0.05425608331266564,0.028869853045300042,0.01199929913363693,0.04936848572581708,-0.01027230079013966,-0.027059459966163633,0.007341953777237534,prestige
1998.0,xls,18,0.00011835256072481002,4.393399847001087e-05,0.00020853573463049162,0.0,0.0,0.0,-0.00011835256072481002,-0.00020853573463049167,-4.39339984700109e-05,prestige
1999.0,xcu,19,0.0006015037593984962,0.0,0.0018045112781954887,0.0,0.0,0.0,-0.0006015037593984962,-0.0018045112781954887,0.0,prestige
1999.0,cu,19,0.005704055833594958,0.00228101691951784,0.010066142013862382,0.004092170453068633,0.0014892348984462053,0.007112798338797672,-0.0016118853805263253,-0.006469779407395364,0.002956659056687323,prestige
1999.0,mcu,19,0.42427860610863644,0.3759451093498772,0.46978393057042644,0.46792509398661375,0.42055606439528526,0.5202849740433353,0.043646487877977314,0.00918063265596288,0.07508804490229881,prestige
1999.0,m,19,0.45708103026325747,0.420897208384896,0.4953505294439325,0.4177686201983627,0.3742972474625091,0.46007097411074516,-0.039312410064894776,-0.08298178518981872,0.0023984228341679026,prestige
1999.0,ml,19,0.0835753931748654,0.07050787060396872,0.09670741169498484,0.07134154442068574,0.05099830296010417,0.0932825245042308,-0.012233848754179655,-0.0272220177938084,0.004571263311140018,prestige
1999.0,l,19,0.02856691815623912,0.021356968969571295,0.03613422093819904,0.03848917545560961,0.02208690697934566,0.06318823768461526,0.009922257299370494,-0.004717358209565629,0.03145590698162253,prestige
1999.0,xls,19,0.00019249270400817852,5.608651692048244e-05,0.0004119738801766407,0.0003833954856596071,2.2040868752520794e-05,0.0010021725622715086,0.0001909027816514286,-0.0002462828743907365,0.0008467629884891123,prestige
2000.0,xcu,19,0.00013305393127491133,0.0,0.00038606100509006833,3.426535087719298e-05,0.0,0.00010279605263157894,-9.878858039771835e-05,-0.0002832649524584897,0.0,prestige
2000.0,cu,19,0.0020526030643548097,0.0008087428539411703,0.003662919744326763,0.001302033792451717,0.0002896000276119645,0.0026667106907894617,-0.0007505692719030927,-0.002141199914178189,0.0005009399402040045,prestige
2000.0,mcu,19,0.3890331984811222,0.308379444948193,0.4662341991222018,0.4396826644548288,0.3518648373041745,0.5161366354428274,0.050649465973706564,0.020417145068127588,0.0829570532930001,prestige
2000.0,m,19,0.4765286182123529,0.4208295520833116,0.5412447489814785,0.45398677194169307,0.3962755011488586,0.5154351021564638,-0.022541846270659804,-0.05524537496217885,0.010530613130535878,prestige
2000.0,ml,19,0.08403026316615134,0.06399495273479756,0.10696214411920349,0.07636369658254794,0.054509477510230005,0.10704382945542204,-0.007666566583603401,-0.024026458299693947,0.009132073860548595,prestige
2000.0,l,19,0.04815796683997316,0.03273470690088656,0.06530528903715008,0.028589960418081217,0.01683801872644913,0.04190899146085868,-0.01956800642189194,-0.028672574063877847,-0.011377197575250337,prestige
2000.0,xls,19,6.4296304770521e-05,1.0910967632967283e-05,0.00013123424929960482,4.060745952012811e-05,0.0,0.00010500537572578302,-2.3688845250392893e-05,-0.00011302704505046027,6.562797598439062e-05,prestige
2001.0,xcu,22,6.657566892562943e-05,0.0,0.00015449391217611886,0.00024135559884617955,0.0,0.0006666040683072214,0.00017477992992055014,-0.00010931685724123767,0.0006239401856179549,prestige
2001.0,cu,22,0.004936016829819464,0.0023461613903297033,0.007958535221303183,0.010964388631717748,0.004055390972494452,0.020011356102137137,0.006028371801898284,-0.001529588061213305,0.015389211895429487,prestige
2001.0,mcu,22,0.32184080807099774,0.2293752891121446,0.4140488579131258,0.38359494993876525,0.2791297499887925,0.48686924180315483,0.06175414186776751,0.013498727779840727,0.1133145746137352,prestige
2001.0,m,22,0.4590117072102938,0.39430367816524314,0.5144120437673609,0.4261520480150429,0.34667616082352115,0.4967128480973914,-0.03285965919525086,-0.07885425859380814,0.012305819363831114,prestige
2001.0,ml,22,0.08891226079327864,0.0708602152033818,0.10634485543497978,0.08554435679418725,0.0648686070360851,0.11014704213166811,-0.0033679039990913984,-0.02510229394583449,0.01999807711222012,prestige
2001.0,l,22,0.12491370994027338,0.06136080694538115,0.20195487117234923,0.092941625223875,0.042485238031620534,0.15700012144432512,-0.03197208471639838,-0.061148149055077414,-0.010497982257057083,prestige
2001.0,xls,22,0.00031892148641129975,0.0001403118440601692,0.0005332094157860678,0.0005612757975656203,7.874751245789815e-05,0.0012525464990547593,0.00024235431115432053,-0.00022539510459014617,0.0008203624039520483,prestige
2002.0,xcu,23,0.0007795623281823485,3.473814387149666e-06,0.0023146303994311447,0.0,0.0,0.0,-0.0007795623281823485,-0.0023146303994311447,-3.473814387149666e-06,prestige
2002.0,cu,23,0.00486568257994448,0.002008241505405519,0.009465541479082915,0.007197698856183507,0.002904024541518286,0.01217619005761677,0.0023320162762390266,-0.003190405317855386,0.008084061143897706,prestige
2002.0,mcu,23,0.35646864724600785,0.27357268454899286,0.43581180225007116,0.4108302897367938,0.3109839866964131,0.5149094290927287,0.054361642490785955,-0.015643269148224257,0.1480635895640715,prestige
2002.0,m,23,0.47692687748456813,0.41263223900727,0.5351768919431488,0.4358988332539039,0.35457442660501326,0.5087903801632525,-0.04102804423066425,-0.11782739622153948,0.012815232541901683,prestige
2002.0,ml,23,0.10151410131345315,0.07761657713282658,0.12813277673832438,0.08854699048187224,0.06129202639066775,0.11982453181057075,-0.012967110831580905,-0.03357952889821225,0.007755779754399487,prestige
2002.0,l,23,0.05938841251987517,0.04062379716772652,0.08507377493724062,0.05739258104702428,0.02816845156001455,0.10714461679376827,-0.001995831472850894,-0.02377990634646318,0.03107913289747085,prestige
2002.0,xls,23,5.671652796889681e-05,0.0,0.00012621581634982164,0.000133606624222378,2.0460358056265986e-05,0.0002820745801819338,7.68900962534812e-05,-3.952401302480549e-05,0.0002233896005426675,prestige
2003.0,xcu,20,0.00029120682318166727,1.2525050100200399e-05,0.0008095458933986272,9.230608849723491e-05,0.0,0.00021760816602138508,-0.00019890073468443236,-0.0006522979819858562,7.183229995165729e-05,prestige
2003.0,cu,20,0.0037199527940006117,0.001361329163622531,0.007157937085948225,0.008869640763702301,0.0032516696801196824,0.017051378110192094,0.005149687969701689,-0.00010711607275736358,0.012394325666752736,prestige
2003.0,mcu,20,0.37120264388229807,0.3055076873694116,0.4481997801350895,0.4297530213958657,0.37074139496033653,0.48860654488142147,0.05855037751356762,0.023070438190704215,0.09445173089517336,prestige
2003.0,m,20,0.446750567156179,0.38557724343371563,0.5015127589434919,0.398780994637384,0.3438285247197355,0.44723682925487973,-0.04796957251879502,-0.07656948704969697,-0.015835977310524493,prestige
2003.0,ml,20,0.09998807623155935,0.07597887136936028,0.12937487736168082,0.0996332417663185,0.06084460417942142,0.15558420675143692,-0.00035483446524084417,-0.031364245959969936,0.03698191016260157,prestige
2003.0,l,20,0.07360380265711237,0.0334857331916506,0.13588427280588578,0.05801620921847839,0.019763195614825924,0.12197795203838413,-0.015587593438633987,-0.032933640912382725,0.0014872363446114813,prestige
2003.0,xls,20,0.004443750455668846,3.5979381546295564e-05,0.013110889044299755,0.004854586129753915,0.0,0.014563758389261744,0.00041083567408506903,-0.00042136989789613504,0.0017234454087447116,prestige
2004.0,xcu,23,0.00020953429161369244,0.0,0.000550518339484027,0.00010982132071120288,0.0,0.0003294639621336086,-9.971297090248956e-05,-0.00023045608228154757,0.0,prestige
2004.0,cu,23,0.005323155764840804,0.001410597483370451,0.010859397062839506,0.005376746110625133,0.002392965760595995,0.008857089191497105,5.359034578432918e-05,-0.004598455288809789,0.0036994186933253935,prestige
2004.0,mcu,23,0.34250455310013195,0.2805741304912662,0.4106031764084087,0.40567144228620894,0.341225875504055,0.471433530128529,0.06316688918607699,0.00718607368518927,0.11518755902871564,prestige
2004.0,m,23,0.5262023169856596,0.4705627382472708,0.5804937963717302,0.4739717743388575,0.42148882037010643,0.525162967422702,-0.05223054264680205,-0.10203504333910174,0.0009588906428094386,prestige
2004.0,ml,23,0.06602363757669151,0.05286652621431499,0.07823226871393936,0.068053599804818,0.053251282210787884,0.08314934804288998,0.002029962228126486,-0.008908234980404025,0.012776501253484908,prestige
2004.0,l,23,0.05839669757669963,0.035434327638141104,0.08706558800360754,0.04579323839017256,0.027200165267875578,0.06721058328391102,-0.012603459186527069,-0.027903053508623724,0.0012340759119749386,prestige
2004.0,xls,23,0.0013401047043628451,0.00015677336345260885,0.0029256894347153097,0.0010233777486066485,4.167171011493103e-05,0.0023255498657935303,-0.00031672695575619665,-0.001365846954413184,0.00062745177626301,prestige
2005.0,xcu,23,0.0001074521931527189,0.0,0.00029210932979735797,0.00012030169756406662,0.0,0.00031231054254545984,1.2849504411347718e-05,-0.00019585518337132357,0.00019061026792006975,prestige
2005.0,cu,23,0.0024921404410972177,0.0009380242873177023,0.004308922956174648,0.0032188569093644583,0.001409589161260863,0.0058389647112643195,0.0007267164682672406,-0.00189114262626243,0.0033917510664092476,prestige
2005.0,mcu,23,0.393041090474589,0.34168074004240945,0.4452300559917018,0.4268535066482786,0.3800848404812156,0.4710933537851465,0.033812416173689575,-0.00854053508202258,0.07238949257856404,prestige
2005.0,m,23,0.4782514866474624,0.44100269803435727,0.5131994916849845,0.4451198290304123,0.39491700021584975,0.5036441543585598,-0.033131657617050114,-0.09605813894526632,0.024169330908649662,prestige
2005.0,ml,23,0.08060467508623352,0.061479354044879586,0.1028915694255018,0.09828562450842002,0.06968246773965586,0.1348234184533479,0.017680949422186495,-0.009554025083304987,0.05001039318854618,prestige
2005.0,l,23,0.045319219342878185,0.032495237301824305,0.05835525247918652,0.02637509391127856,0.016178915628100452,0.03827186600910344,-0.018944125431599627,-0.029286675426317202,-0.009124079811438675,prestige
2005.0,xls,23,0.0001839358145869552,3.471165671050142e-05,0.00040376170744532995,2.6787294682012095e-05,0.0,6.629124946041648e-05,-0.0001571485199049431,-0.0003724138033481915,-1.733662467245434e-05,prestige
2006.0,xcu,21,0.00016171295482977324,8.855238980761994e-06,0.00037060245251183496,0.00016142050040355123,0.0,0.0004842615012106537,-2.9245442622201053e-07,-0.00018478380862835226,0.00020280694793687034,prestige
2006.0,cu,21,0.0025353012436203125,0.000981563348690153,0.005136143797636023,0.0017407283861872323,0.0006251704179526709,0.0031433099394522247,-0.0007945728574330802,-0.0028130662157381096,0.0009369875327938566,prestige
2006.0,mcu,21,0.3737099590437174,0.28993719822514225,0.4537532527865551,0.3813317266494271,0.27970897494601143,0.481278392444947,0.007621767605709706,-0.041894322024236215,0.06105014091725903,prestige
2006.0,m,21,0.42308825822168245,0.3466146342659278,0.49175403085428715,0.4430890240470903,0.3615610652505889,0.5233753400358498,0.02000076582540783,-0.032015330156243624,0.07396450297278245,prestige
2006.0,ml,21,0.07878323411635269,0.05172292036885419,0.11497212407098288,0.06976705356278812,0.03993518039413531,0.10841010298777616,-0.009016180553564568,-0.03147587775302045,0.010783496198708616,prestige
2006.0,l,21,0.12096812915812481,0.04552042451786594,0.23491899850222378,0.10306717713620939,0.022642736904393362,0.2238203992436771,-0.017900952021915426,-0.03284407949430774,-0.004546208555978255,prestige
2006.0,xls,21,0.0007534052616726966,0.00011429481608248105,0.00172684876847143,0.000842869717894312,1.3814635224556897e-05,0.00227307924781876,8.946445622161543e-05,-0.000236534401781977,0.0006082099016350206,prestige
2007.0,xcu,19,0.00010551504751735214,0.0,0.0002945143434949746,4.508444316204251e-05,0.0,0.0001352533294861275,-6.043060435530963e-05,-0.0002834989439664337,0.0001242379299575866,prestige
2007.0,cu,19,0.004189427033748745,0.0008474710685301686,0.008762674232868197,0.06475917326054129,0.004039993969301921,0.17021223327287452,0.060569746226792544,-0.0009590671195765725,0.16739761960374008,prestige
2007.0,mcu,19,0.3447278127830479,0.27731939998080835,0.41172931614137787,0.30644373893729004,0.2406178089531603,0.3828708312261501,-0.03828407384575788,-0.0889612544395496,0.006759841296359522,prestige
2007.0,m,19,0.5016776926627192,0.4556440901396084,0.5507554018221936,0.5069212830702506,0.42506102987874683,0.5870804157895885,0.005243590407531418,-0.06436428476997187,0.06443430611026704,prestige
2007.0,ml,19,0.0819102657264924,0.060950516762091664,0.11110584621471216,0.06818479234019466,0.04576053041488196,0.09446362216101928,-0.013725473386297746,-0.03197466860585974,0.0065001053755331705,prestige
2007.0,l,19,0.06555682637397577,0.03494844935552769,0.10687254905702506,0.05329946840592024,0.024523545211145786,0.09380144974178709,-0.012257357968055528,-0.02532707036441236,-0.00017516834201245047,prestige
2007.0,xls,19,0.0018324603724984988,0.0002269512205860832,0.00427804429048575,0.00034645954264109593,2.603590351094159e-05,0.0008262651340233722,-0.0014860008298574028,-0.0035894006750097737,-0.00017392738986587414,prestige
2008.0,xcu,22,9.01965382568617e-06,0.0,2.7058961477058513e-05,0.00022204416448228664,1.191625257688962e-05,0.0005755090658003091,0.00021302451065660047,1.191625257688962e-05,0.0005484501043232506,prestige
2008.0,cu,22,0.004316760026809824,0.0009455157153640504,0.00853383549677159,0.009107227195511608,0.001021888311686532,0.021657435080040324,0.004790467168701784,8.643091695168115e-05,0.012661562219231471,prestige
2008.0,mcu,22,0.36466426071410096,0.30083291186520633,0.42418690694438793,0.41364038082638854,0.33739551678456886,0.49227796702817433,0.04897612011228758,-0.014037718125584804,0.12076382252688271,prestige
2008.0,m,22,0.47636359351214347,0.41352756768137755,0.5380258643407967,0.4630567791618434,0.4015502964326269,0.5192477405783805,-0.013306814350300067,-0.0617890024115957,0.03254471548549839,prestige
2008.0,ml,22,0.09807920373029738,0.06746300095931965,0.14257473020703634,0.0582700035440109,0.042490651361913524,0.0752147685955139,-0.03980920018628648,-0.08933679244036542,-0.007253111204301388,prestige
2008.0,l,22,0.056084324292844136,0.029312531226992053,0.09450733042503429,0.05395451430408269,0.026706211914795493,0.0905271628490521,-0.002129809988761444,-0.01596084524868484,0.011780132565895463,prestige
2008.0,xls,22,0.00048283806997866563,2.0184266901733894e-05,0.001161863113972782,0.0017490508036806516,1.152644743363648e-05,0.004442594150606586,0.001266212733701986,-1.1506741618340536e-05,0.0033034244208656844,prestige
2009.0,xcu,22,0.0009980626486871902,4.691563228867858e-05,0.0024042091704742628,0.0003365655098802661,2.2738642048296874e-05,0.0007647284819998737,-0.0006614971388069241,-0.0016665103218941367,-2.4176990240381708e-05,prestige
2009.0,cu,22,0.011159181329173968,0.0025177573311028177,0.022817814705809618,0.009029456795440757,0.0017992114675759706,0.02096277657250013,-0.0021297245337332116,-0.0160607330288642,0.01240797148971654,prestige
2009.0,mcu,22,0.31662141387115955,0.2530585914496761,0.38176038314690014,0.34307351441871475,0.26580643791566166,0.4225869171428196,0.026452100547555202,-0.03273983321941452,0.08618555368119556,prestige
2009.0,m,22,0.46871507597987744,0.4250572011427926,0.5196379290774727,0.49079822091348524,0.4280545951768728,0.5573876967977464,0.0220831449336078,-0.03850702674539033,0.07960438899949179,prestige
2009.0,ml,22,0.10393832914416988,0.0783981952150147,0.1325660038111048,0.07610131318357766,0.0506981005156143,0.10173757160185816,-0.027837015960592223,-0.052815584506108716,-0.0012932375479521006,prestige
2009.0,l,22,0.09796054639144995,0.0537689002928249,0.15071253156638453,0.07957101349609519,0.03425462686627805,0.13363952142338528,-0.018389532895354763,-0.037117799412867074,-0.0006620222185074845,prestige
2009.0,xls,22,0.0006073906354819921,9.491196677934598e-05,0.001356245794884034,0.0010899156828061837,0.0,0.0030357211966407366,0.0004825250473241916,-0.00023634060936935758,0.0017521100354001842,prestige
2010.0,xcu,15,0.0006473502189866145,0.00012157526811688594,0.001339966918657518,1.9794140934283453e-05,0.0,5.9382422802850356e-05,-0.0006275560780523311,-0.0013340522465902019,-8.198698624831903e-05,prestige
2010.0,cu,15,0.005377740157950974,0.0017409118967440964,0.011371589373953474,0.008416584169128015,0.002875669244873131,0.016388403847053146,0.003038844011177041,0.0003422159501817122,0.0059130388551231075,prestige
2010.0,mcu,15,0.36906420045933747,0.28210022921652617,0.46508292921427485,0.32024446573839666,0.22546475889932863,0.4240858766307059,-0.04881973472094081,-0.13164276835388922,0.032072438342948706,prestige
2010.0,m,15,0.4883077075706968,0.41312309519615115,0.5566074183719255,0.5008569180786502,0.429021104726561,0.5694906311445195,0.012549210507953379,-0.04133896194519077,0.0649321500666482,prestige
2010.0,ml,15,0.06510478084562908,0.05116264538046904,0.07835477580916592,0.08423246940461741,0.050666087960357736,0.12164294001925778,0.01912768855898833,-0.013338837233606692,0.05561803828914805,prestige
2010.0,l,15,0.0708151177585262,0.028628815740466003,0.12105889923758308,0.08603727598966242,0.038901761302145954,0.14238005183493002,0.01522215823113622,-0.0022274337674997023,0.03463127496914547,prestige
2010.0,xls,15,0.0006831029888729028,0.00015185935758648986,0.0013580346076672196,0.00019249247861106742,1.9794140934283453e-05,0.00046361553356041483,-0.0004906105102618354,-0.001009964026924368,-9.167804392905813e-05,prestige
2011.0,xcu,27,0.00030268853326474536,4.5512972628841915e-05,0.0006357711209142537,0.0011042479339205406,0.0,0.003266696926042139,0.0008015594006557952,-0.00032974272865063695,0.0027828108442297253,prestige
2011.0,cu,27,0.009418537157783118,0.002444986322488984,0.020599354783313036,0.006443107304907987,0.0011985695046771712,0.014710881691550102,-0.0029754298528751307,-0.00833755237655805,0.0024753289644407466,prestige
2011.0,mcu,27,0.31635477612447716,0.2576206621996063,0.3748047169059415,0.3281084387252831,0.249911429646825,0.39997832191347177,0.011753662600805959,-0.0355143130841055,0.056273448617866394,prestige
2011.0,m,27,0.5155435366692179,0.4679638726718474,0.5628736377611248,0.5013657060417452,0.44838295941763096,0.557647614109327,-0.014177830627472687,-0.059723074696339216,0.03615251097581919,prestige
2011.0,ml,27,0.09700189431511345,0.07572257969510465,0.12550917843156548,0.08954428203999927,0.06881213518866268,0.11398019516869028,-0.007457612275114184,-0.03788460950636298,0.019670572288917103,prestige
2011.0,l,27,0.06073426588224309,0.03997319261130309,0.08428029817822258,0.0726687109886191,0.0339436727237707,0.11886227400004809,0.011934445106376014,-0.010066911729689473,0.04197837253640581,prestige
2011.0,xls,27,0.0006443013179004512,0.0002065000289488311,0.0012219769106049702,0.0007655069655247199,0.00012798299353503073,0.0018432231098280101,0.00012120564762426865,-0.0005016005931028945,0.001006818999572089,prestige
2012.0,xcu,24,0.000237172018051424,0.0,0.0006851265713957831,6.289308176100629e-05,0.0,0.00018867924528301883,-0.00017427893629041772,-0.000671058023673187,0.00016631086527174743,prestige
2012.0,cu,24,0.003448801411823968,0.0016462196026631375,0.005928400210908305,0.011360351990169576,0.005076380722734128,0.018806714462707895,0.007911550578345607,0.001700202765264442,0.015365136472700306,prestige
2012.0,mcu,24,0.37383603613026634,0.3039924500200239,0.4476017539735243,0.43856316866950484,0.36217685682134104,0.5140721546687858,0.06472713253923851,0.03305721806451205,0.10081670408420103,prestige
2012.0,m,24,0.4815392144331358,0.42993175932508204,0.5327261366484218,0.4092275496215982,0.36278075444451485,0.45568775787597465,-0.07231166481153761,-0.10313175426797948,-0.04141146732537859,prestige
2012.0,ml,24,0.07457245452512679,0.05494888213702231,0.09707798544219765,0.07282804972162658,0.05008961352543503,0.09889869084764283,-0.0017444048035002019,-0.026270739595781595,0.02028640133062318,prestige
2012.0,l,24,0.06357187559688204,0.038735510015660696,0.09353318565517693,0.06399082717640071,0.03744563114045589,0.09412554900616857,0.0004189515795186699,-0.012603999749157347,0.018372846600328327,prestige
2012.0,xls,24,0.002794445884713705,0.00012136179212149605,0.007987369632237106,0.003967159738939078,0.0,0.01186959679845138,0.0011727138542253729,-0.0003579509591464663,0.0040789247739946724,prestige
2013.0,xcu,19,4.610449914048041e-05,0.0,0.0001383134974214412,9.41710729890778e-05,0.0,0.0002713245329665173,4.806657384859739e-05,-0.00012712481142072512,0.00026013584696580125,prestige
2013.0,cu,19,0.001493850450273733,0.0007581641083086199,0.00236360143521827,0.0034264688471984297,0.0018784998959288164,0.005273547772467659,0.0019326183969246968,0.00017683241774154706,0.004034815582543388,prestige
2013.0,mcu,19,0.406726204200014,0.3281278933433078,0.5010280588306908,0.4434418815161951,0.35175926283046227,0.5395721748197091,0.03671567731618114,-0.019241213782467948,0.08515238381643714,prestige
2013.0,m,19,0.4572030146163235,0.39051972413617714,0.5135768512915828,0.42733843885547024,0.3631373851531857,0.4902091274288262,-0.029864575760853274,-0.07477882323696712,0.021936587287922006,prestige
2013.0,ml,19,0.0724278397896837,0.0552338323384421,0.09023004431002203,0.07095861842866111,0.04665585006820557,0.09689976617313152,-0.0014692213610225935,-0.028716112756790157,0.02762385722487052,prestige
2013.0,l,19,0.06131739614750982,0.023246236297158662,0.1159337640791981,0.05288138610499188,0.02410843455270256,0.08783046285224719,-0.008436010042517941,-0.037604351942637344,0.014372750217073026,prestige
2013.0,xls,19,0.0007855902970547156,8.55901061826265e-05,0.0017466012119057624,0.001859035174494102,0.00013849539611928468,0.004054960727882396,0.0010734448774393866,-0.00026272735290533867,0.002932879371045302,prestige
2014.0,xcu,22,0.0002661494386725982,0.0,0.0007799748992429802,0.00016520343623147363,0.0,0.0004956103086944209,-0.00010094600244112459,-0.00028436459054855944,0.0,prestige
2014.0,cu,22,0.00438081978798579,0.0018018088882966205,0.007566480947064591,0.0027694418979632685,0.0008667505623175827,0.005020573740763401,-0.0016113778900225212,-0.0037032580985417356,0.00030256641165450453,prestige
2014.0,mcu,22,0.3230451196471043,0.25853575690993386,0.3885440177524002,0.3194172255533279,0.24699344690369995,0.3973967710746292,-0.003627894093776396,-0.07657053375206974,0.06247687332161568,prestige
2014.0,m,22,0.5205761749009026,0.4554643651450289,0.5852249285865931,0.5159874031842908,0.44417485380432065,0.5926129969110333,-0.004588771716611761,-0.08990410018850963,0.0829413941460915,prestige
2014.0,ml,22,0.08975153152135323,0.06739982817311896,0.11414052277638154,0.08923549843020194,0.06271448024587255,0.1205961936141559,-0.0005160330911512939,-0.024819261591304043,0.03360672510551462,prestige
2014.0,l,22,0.06063388974236184,0.03247689932787209,0.09389404252046511,0.07102206248581809,0.03425431038018172,0.11233428603869518,0.010388172743456249,-0.006584118032413331,0.032466383212581114,prestige
2014.0,xls,22,0.00134631496161957,8.7514319863702e-05,0.002980343281208502,0.001403165012166381,3.3269549391869044e-05,0.00315353959485525,5.6850050546811094e-05,-0.0012119936725580797,0.0013215503999215057,prestige
2015.0,xcu,16,0.00021187531999387562,0.0,0.0004982440442462843,2.4590559949663605e-05,0.0,5.972252654462996e-05,-0.00018728476004421202,-0.0004771633298219738,1.3883342867056679e-05,prestige
2015.0,cu,16,0.0035610134515802845,0.000984856915129696,0.007215885031084055,0.0031970123036991153,0.0015615224559051397,0.004875150708773482,-0.0003640011478811692,-0.0035487220748140476,0.0022458989268295017,prestige
2015.0,mcu,16,0.28790837795996005,0.2024933299857661,0.37246338886787034,0.3619114233477133,0.2543478261684542,0.46404639147214405,0.07400304538775326,0.02271979155325502,0.12141380434864604,prestige
2015.0,m,16,0.5047007668311294,0.4446311922939217,0.5705308845950697,0.44598366186613797,0.3853935429627836,0.5090080779504922,-0.05871710496499144,-0.10291033513382294,-0.007252919336111282,prestige
2015.0,ml,16,0.11845338165011086,0.08182889162386235,0.16125999547177475,0.09369525055478183,0.06467828932493999,0.12618170679571122,-0.02475813109532904,-0.04679224614228228,-0.0002845499359910306,prestige
2015.0,l,16,0.08451312466608416,0.04043246471063812,0.14696655491290458,0.09393710343086754,0.036529133497843494,0.17741065390631522,0.009423978764783389,-0.028829629831278698,0.06475111249813086,prestige
2015.0,xls,16,0.0006514601211414117,5.9417645762437776e-05,0.0014968555990286128,0.00125095793685058,1.7874775326935963e-05,0.0036733003421110973,0.0005994978157091683,-0.0006302119550904242,0.0025419028103775563,prestige
2016.0,xcu,17,0.00041751694002832,0.0,0.0011773769805811074,0.00016882532679065768,0.0,0.0004852630234979144,-0.0002486916132376623,-0.0007133269139572517,2.1212956874058677e-05,prestige
2016.0,cu,17,0.001636594019341548,0.0004752828811403149,0.0032440615593581253,0.0031339056503042004,0.0007645042991704375,0.005981408631884205,0.0014973116309626524,-0.0010524403927889418,0.004442583640014164,prestige
2016.0,mcu,17,0.328918951985967,0.23493949544836715,0.42654090535181394,0.38094640443897143,0.25559167603367633,0.5119862511238293,0.05202745245300444,-0.014200752389729558,0.11298057678786468,prestige
2016.0,m,17,0.5168659587051145,0.4393551873392566,0.5991930222014085,0.4873238691797217,0.38321269782280976,0.594333922806132,-0.029542089525392834,-0.0765566173240185,0.016329980390444282,prestige
2016.0,ml,17,0.0751001777475252,0.05272162928316234,0.09800847501684103,0.07630260805442222,0.049313190964439445,0.10531524582861547,0.001202430306897026,-0.019410282151381093,0.023415272978165102,prestige
2016.0,l,17,0.076273204883152,0.03943926409102636,0.11597304717996836,0.05122461571118219,0.018806434130263266,0.08762270369607872,-0.025048589171969803,-0.04120790176498778,-0.010675089022703175,prestige
2016.0,xls,17,0.0007875957188713551,5.470490147217767e-05,0.0020275957616293114,0.0008997716386075505,0.00014265662937441878,0.0018436096155830001,0.00011217591973619536,-0.0006609585821731047,0.0008684000164109223,prestige
2017.0,xcu,16,1.7638758231420507e-05,0.0,5.2916274694261525e-05,0.0,0.0,0.0,-1.7638758231420507e-05,-5.2916274694261525e-05,0.0,prestige
2017.0,cu,16,0.0028412181401131307,0.001336103039001296,0.00471452008369957,0.00468845634890795,0.0012377851493305268,0.008645733643739937,0.0018472382087948193,-0.0012078464683576656,0.00533671457014638,prestige
2017.0,mcu,16,0.27904370219817903,0.21121487532225974,0.35377527446955903,0.27198350998235055,0.18809593299829885,0.36029638744174347,-0.007060192215828487,-0.07988465394585947,0.07434981826872669,prestige
2017.0,m,16,0.517657119097584,0.4656149090702426,0.5701695023680459,0.5155040284890529,0.4553982188339218,0.575277734400515,-0.002153090608531194,-0.06655067632554892,0.06183066121555791,prestige
2017.0,ml,16,0.10543954373571268,0.07830417982958329,0.13418312212822633,0.11441599998431923,0.07716471886905364,0.15419769027889027,0.008976456248606546,-0.019706491878014876,0.036817779103523386,prestige
2017.0,l,16,0.0942608668617719,0.05738344829512505,0.14525058149563597,0.0925936011449899,0.05907181015849757,0.12779905698002797,-0.001667265716781996,-0.04070898326224588,0.03678963018189943,prestige
2017.0,xls,16,0.0007399112084077722,2.3007809251389057e-05,0.0016894728718043043,0.0008144040503795531,0.0,0.002163820108224041,7.449284197178093e-05,-0.0006177464177120054,0.0007430756738166278,prestige
2018.0,xcu,21,0.00036642520093299504,0.0,0.0010535173891996442,0.00046918857783747497,0.0,0.0011879549932829671,0.00010276337690447992,-0.0005913285622678461,0.000991135120179968,prestige
2018.0,cu,21,0.004507502975247756,0.0015606030380243693,0.00881549001449057,0.0036783573004705093,0.001143771693489545,0.00782687366206221,-0.0008291456747772465,-0.0019961042994279506,0.0003879403070769132,prestige
2018.0,mcu,21,0.29147804748655276,0.21501073993700504,0.37052129768893494,0.31985568791568963,0.2529368774907419,0.38602231548823807,0.028377640429136874,-0.024971802954637204,0.07722205763240982,prestige
2018.0,m,21,0.5005594791561547,0.4346554073062274,0.5687601042169181,0.49513850027495937,0.4468664667579954,0.5450132733284666,-0.00542097888119536,-0.05269844799931497,0.03911722603617478,prestige
2018.0,ml,21,0.09865679282194167,0.06581563653357096,0.1351327160482558,0.09814222426785417,0.0725063235872768,0.12743366273435972,-0.000514568554087505,-0.03440753275956537,0.038697141522202876,prestige
2018.0,l,21,0.10299698820269326,0.05499276311214297,0.16123125771037752,0.07987232952111245,0.04271724432382028,0.12345603007807775,-0.023124658681580812,-0.04565851147672276,-0.005620844346881668,prestige
2018.0,xls,21,0.0014347641564768216,0.00040035844937061734,0.0029249498773354977,0.002843712142076411,0.0004569760211625393,0.006544142744413736,0.0014089479855995894,-0.00013218059637598887,0.003626229034449198,prestige
2019.0,xcu,15,0.0011317918817631777,0.0,0.003333840970500289,0.0005674270075741768,0.0,0.0016803439820293198,-0.000564364874189001,-0.001653496988470969,0.0,prestige
2019.0,cu,15,0.0072211589502688,0.0014795635705836918,0.01738693775887351,0.010376150732715906,0.0034264849822383953,0.017470039614760804,0.0031549917824471056,-0.00892376599645342,0.012109434306786333,prestige
2019.0,mcu,15,0.29116018079319306,0.21360042511048688,0.37228252164780806,0.283123921953326,0.20524699134244703,0.35995031699501284,-0.008036258839867083,-0.04351473214519789,0.03288653552467879,prestige
2019.0,m,15,0.5083925551120024,0.44141812761505617,0.5753622935349415,0.49117039185552286,0.4405128853675651,0.5435691811393322,-0.017222163256479572,-0.07159992110214054,0.034806294188688205,prestige
2019.0,ml,15,0.11615318411077717,0.0787918972007956,0.16246244525188688,0.1309747395315873,0.09900636646500545,0.16602034276921737,0.014821555420810137,-0.02895394407055663,0.051255856519469095,prestige
2019.0,l,15,0.07487227077238436,0.04527075874834496,0.10991090291269534,0.08204094006643595,0.04729871988473693,0.1255659706791649,0.007168669294051591,-0.01887728155951829,0.036295873917054446,prestige
2019.0,xls,15,0.0010688583796108796,1.9775464934902172e-05,0.0029404680121631727,0.0017464288528377307,0.0,0.00475568398268334,0.0006775704732268511,-0.00015493386279740045,0.0020131417878405423,prestige
2020.0,xcu,12,0.0,0.0,0.0,0.000278389605660984,0.0,0.0007396849401775928,0.000278389605660984,0.0,0.0007396849401775928,prestige
2020.0,cu,12,0.0011179270744832367,0.00022262147095502045,0.0023323494787601266,0.0032307143911546377,0.001174954547115485,0.006199396893706931,0.002112787316671401,-0.00048312227350908143,0.0053289339600386815,prestige
2020.0,mcu,12,0.27383916637084393,0.1861487815109902,0.3642977349325971,0.33565362042292524,0.2356689837075161,0.44850593657022825,0.0618144540520813,0.004344777230513886,0.1307852806031855,prestige
2020.0,m,12,0.4676543468930496,0.36801307952906326,0.5538262897036966,0.4646086567165,0.4009624588167018,0.5216041699783674,-0.003045690176549598,-0.11185094792076798,0.12967792001172812,prestige
2020.0,ml,12,0.17189923157845544,0.07051232600311932,0.3364501219010733,0.11493839161931163,0.06790997200955452,0.172306922051708,-0.056960839959143805,-0.1710661256818761,0.02004203948265798,prestige
2020.0,l,12,0.08257133747007338,0.032280865134264564,0.13833175088351607,0.07632979819254337,0.03404946992999787,0.12698671842706227,-0.006241539277530003,-0.025475734182621588,0.014284673566804778,prestige
2020.0,xls,12,0.0029179906130944798,0.0,0.008405701232973906,0.00496042905190413,0.00017120356103406952,0.014122978649048568,0.0020424384388096502,-1.6933814427398848e-05,0.0057170927110508155,prestige
2021.0,xcu,17,4.0581945092628286e-05,0.0,0.00012174583527788486,0.00021324759686361996,0.0,0.0006397427905908598,0.00017266565177099168,-0.00012174583527788486,0.0006397427905908598,prestige
2021.0,cu,17,0.0027452024927009477,0.0007898355039712048,0.00543766418332878,0.001173741154965051,0.00028549679361627875,0.002557245417049915,-0.0015714613377358967,-0.0041724106755464995,0.0002789882093180414,prestige
2021.0,mcu,17,0.3030904026067701,0.23466473961156248,0.3825441325679895,0.370264534871923,0.3066294649778238,0.4355777786883912,0.0671741322651529,0.004517675149346155,0.12879943423008086,prestige
2021.0,m,17,0.5111181464467864,0.4474243188145082,0.573055754459703,0.4762379578690428,0.4193315971242471,0.5322418088041088,-0.03488018857774361,-0.08777920630576562,0.01485781498493192,prestige
2021.0,ml,17,0.10060436675129857,0.06979234272743785,0.1374947417975047,0.09102550513023284,0.07073136623023468,0.11171288018591673,-0.00957886162106572,-0.03490730529269072,0.013020650870635654,prestige
2021.0,l,17,0.08170011669605415,0.0523056404718672,0.11046453909295825,0.060415251427730035,0.03733968897661585,0.08447200857189319,-0.021284865268324113,-0.04405771804240525,0.003248089234802968,prestige
2021.0,xls,17,0.0007011830612971614,5.3078799561678763e-05,0.001582532463506084,0.0006697619492425928,2.735882043786905e-05,0.0015816640138151925,-3.142111205456865e-05,-0.0003856914800750563,0.00038920152850677414,prestige
2022.0,xcu,16,0.0006082632472762647,0.0,0.0017690486744342026,0.0005211053488149567,5.77634011090573e-06,0.0011820668636860399,-8.715789846130799e-05,-0.0011201813440999927,0.0006874647505074578,prestige
2022.0,cu,16,0.004346130051584514,0.0010135685782036315,0.009625035470225812,0.009632484991144205,0.001270955012151794,0.022398159067021663,0.005286354939559691,-0.0012759001955734129,0.014457789919290932,prestige
2022.0,mcu,16,0.25539222245223026,0.17993925671385727,0.3502784243797651,0.23698341515871538,0.1625389589680239,0.32220116811000205,-0.01840880729351488,-0.0707096098062608,0.029131922240937722,prestige
2022.0,m,16,0.5258285322607614,0.4594851860378878,0.587854207976985,0.568557230344133,0.503272562949398,0.6381705722612662,0.04272869808337154,-0.025129468501989757,0.12187192148839764,prestige
2022.0,ml,16,0.12085279316948908,0.08623887063363408,0.1619712025299042,0.09469524687440219,0.06884512752662288,0.12455940058578849,-0.02615754629508689,-0.07294575234209706,0.008157570466121191,prestige
2022.0,l,16,0.09070673980869945,0.05306953471843707,0.1327001995124607,0.08689009141939177,0.048236914757563136,0.1340471766597839,-0.0038166483893076752,-0.026655941202478946,0.01966755350077029,prestige
2022.0,xls,16,0.002265319009959028,0.0002269801989108996,0.005661146239308493,0.002720425863398594,0.0001828028084421172,0.007012481868284041,0.00045510685343956624,-0.0005865334971885659,0.001746007484511801,prestige
2023.0,xcu,12,0.0004937363135422767,0.0,0.0012608086937785535,0.0009076184092940125,0.0,0.0027228552278820376,0.0004138820957517358,-0.0008200082000820007,0.0020616544873372084,prestige
2023.0,cu,12,0.0009470600927004011,0.00033327979672728123,0.0019163036231264266,0.0011687281608565164,0.00018254001667817617,0.0024456655862918606,0.00022166806815611536,-0.0004893121787494295,0.001196035255135882,prestige
2023.0,mcu,12,0.3032910871453537,0.2279616502334072,0.37580483686306093,0.2777680819460673,0.17378700351206605,0.38518932936817435,-0.025523005199286408,-0.11773713962144551,0.04509248693994078,prestige
2023.0,m,12,0.4806238607653858,0.4104052969366764,0.5476955420530539,0.4849334629847542,0.39780101984364247,0.5723275683763542,0.00430960221936838,-0.07748331985914336,0.10274294932368525,prestige
2023.0,ml,12,0.09441571389497576,0.05340112717406952,0.15454955578602292,0.13582892483799258,0.0708245710299028,0.2308480325232197,0.04141321094301682,0.009865236285410436,0.08231510368293439,prestige
2023.0,l,12,0.11513621113014193,0.054254175149502024,0.1877899553149704,0.09589730266665242,0.04868081766424979,0.1521604921535205,-0.01923890846348951,-0.04590237151717369,0.003340550260078219,prestige
2023.0,xls,12,0.005092330657900213,0.00023576543101484852,0.011725604662990014,0.003495880994382928,0.0,0.008044835115247269,-0.0015964496635172856,-0.004618537031139179,0.0004649146226888512,prestige
2024.0,xcu,9,0.0,0.0,0.0,0.0003522063885786588,1.7698488549077907e-05,0.0009352117813785423,0.0003522063885786588,1.7698488549077907e-05,0.0009352117813785423,prestige
2024.0,cu,9,0.004501240287048243,0.0011243368487319557,0.00974951323101622,0.007561526837219729,0.0026426578382907004,0.012976177488839506,0.0030602865501714862,-0.004044610880843448,0.010273841895740538,prestige
2024.0,mcu,9,0.3559928039736343,0.2309160956870532,0.4858095119511352,0.41352846501309487,0.28492887325863286,0.5367548746965113,0.05753566103946056,0.004375984879962137,0.10710755751224592,prestige
2024.0,m,9,0.406772046629606,0.33393981607192413,0.46442573387105535,0.4522982080992332,0.36099570790801494,0.5446225247995407,0.045526161469627235,-0.03289636339140233,0.14764620930608474,prestige
2024.0,ml,9,0.10083341660987198,0.06894989012360302,0.13567589594642096,0.050524006405939154,0.03778492268683076,0.06587881422576887,-0.05030941020393283,-0.07502430426440293,-0.025916718528679567,prestige
2024.0,l,9,0.12086929065281815,0.052054240949768786,0.21077397237980097,0.0725299105177852,0.03716602311211708,0.12021026943515054,-0.048339380135032944,-0.10452927902734922,-0.0028203300490232367,prestige
2024.0,xls,9,0.01103120184702126,0.002808181315644002,0.022020961415502423,0.0032056767381491557,0.0002966581810210433,0.007594901898320476,-0.007825525108872104,-0.016306588956125797,-0.001201074898700693,prestige
2025.0,xcu,8,0.0003769317753486619,0.0,0.0011307953260459858,0.0,0.0,0.0,-0.0003769317753486619,-0.0011307953260459858,0.0,prestige
2025.0,cu,8,0.0018199739994176766,0.000150810065494657,0.004804017220927916,0.007015908482980332,0.0008635101882108188,0.015048661118420528,0.005195934483562656,-0.0027395248750073597,0.013903646065407045,prestige
2025.0,mcu,8,0.3083552360830042,0.22478401547042942,0.402478527966727,0.44478815711431835,0.3087574764398301,0.5748338914499801,0.13643292103131416,0.018416497091254373,0.29490536443313237,prestige
2025.0,m,8,0.5301559544210849,0.4530966763137339,0.6257452935839042,0.4182748896154337,0.31619911948098783,0.526471505569985,-0.11188106480565119,-0.27476873449094585,0.010710629317552076,prestige
2025.0,ml,8,0.06779765363317627,0.04476690321584225,0.09161503582620918,0.048746882897466405,0.030645526032720975,0.06799341752544989,-0.01905077073570987,-0.030564397010300746,-0.011388431571251046,prestige
2025.0,l,8,0.08318538734956035,0.03962153709614286,0.13947347163587853,0.07093749474466349,0.03452033441395952,0.11307580045893714,-0.012247892604896865,-0.05443887921738591,0.020168907076046242,prestige
2025.0,xls,8,0.00830886273840799,0.0004674228552788798,0.022495409796075404,0.010236667145137712,0.0006154930996926291,0.02721610235228638,0.0019278044067297228,-0.00011389756300926232,0.0045745313566689745,prestige
1932.0,xcu,1,0.0008827683615819209,0.0008827683615819209,0.0008827683615819209,0.0,0.0,0.0,-0.0008827683615819209,-0.0008827683615819209,-0.0008827683615819209,indie
1932.0,cu,1,0.003884180790960452,0.003884180790960452,0.003884180790960452,0.0,0.0,0.0,-0.003884180790960452,-0.003884180790960452,-0.003884180790960452,indie
1932.0,mcu,1,0.07556497175141243,0.07556497175141243,0.07556497175141243,0.33090909090909093,0.33090909090909093,0.33090909090909093,0.2553441191576785,0.2553441191576785,0.2553441191576785,indie
1932.0,m,1,0.4179025423728814,0.4179025423728814,0.4179025423728814,0.6218181818181818,0.6218181818181818,0.6218181818181818,0.20391563944530045,0.20391563944530045,0.20391563944530045,indie
1932.0,ml,1,0.444385593220339,0.444385593220339,0.444385593220339,0.04727272727272727,0.04727272727272727,0.04727272727272727,-0.39711286594761175,-0.39711286594761175,-0.39711286594761175,indie
1932.0,l,1,0.057203389830508475,0.057203389830508475,0.057203389830508475,0.0,0.0,0.0,-0.057203389830508475,-0.057203389830508475,-0.057203389830508475,indie
1932.0,xls,1,0.00017655367231638418,0.00017655367231638418,0.00017655367231638418,0.0,0.0,0.0,-0.00017655367231638418,-0.00017655367231638418,-0.00017655367231638418,indie
1941.0,xcu,1,0.0,0.0,0.0,0.0,0.0,0.0,0.0,0.0,0.0,indie
1941.0,cu,1,0.0,0.0,0.0,0.0,0.0,0.0,0.0,0.0,0.0,indie
1941.0,mcu,1,0.001944984717977216,0.001944984717977216,0.001944984717977216,0.4796747967479675,0.4796747967479675,0.4796747967479675,0.47772981202999026,0.47772981202999026,0.47772981202999026,indie
1941.0,m,1,0.41567101972770215,0.41567101972770215,0.41567101972770215,0.3956639566395664,0.3956639566395664,0.3956639566395664,-0.020007063088135768,-0.020007063088135768,-0.020007063088135768,indie
1941.0,ml,1,0.46790775215337593,0.46790775215337593,0.46790775215337593,0.12466124661246612,0.12466124661246612,0.12466124661246612,-0.3432465055409098,-0.3432465055409098,-0.3432465055409098,indie
1941.0,l,1,0.11447624340094471,0.11447624340094471,0.11447624340094471,0.0,0.0,0.0,-0.11447624340094471,-0.11447624340094471,-0.11447624340094471,indie
1941.0,xls,1,0.0,0.0,0.0,0.0,0.0,0.0,0.0,0.0,0.0,indie
1962.0,xcu,1,0.0,0.0,0.0,0.0004175946547884187,0.0004175946547884187,0.0004175946547884187,0.0004175946547884187,0.0004175946547884187,0.0004175946547884187,indie
1962.0,cu,1,0.0,0.0,0.0,0.0026447661469933183,0.0026447661469933183,0.0026447661469933183,0.0026447661469933183,0.0026447661469933183,0.0026447661469933183,indie
1962.0,mcu,1,0.5798816568047337,0.5798816568047337,0.5798816568047337,0.2742204899777283,0.2742204899777283,0.2742204899777283,-0.3056611668270054,-0.3056611668270054,-0.3056611668270054,indie
1962.0,m,1,0.42011834319526625,0.42011834319526625,0.42011834319526625,0.45726614699331847,0.45726614699331847,0.45726614699331847,0.037147803798052215,0.037147803798052215,0.037147803798052215,indie
1962.0,ml,1,0.0,0.0,0.0,0.21659242761692651,0.21659242761692651,0.21659242761692651,0.21659242761692651,0.21659242761692651,0.21659242761692651,indie
1962.0,l,1,0.0,0.0,0.0,0.04885857461024499,0.04885857461024499,0.04885857461024499,0.04885857461024499,0.04885857461024499,0.04885857461024499,indie
1962.0,xls,1,0.0,0.0,0.0,0.0,0.0,0.0,0.0,0.0,0.0,indie
1967.0,xcu,1,0.0,0.0,0.0,0.00046382189239332097,0.00046382189239332097,0.00046382189239332097,0.00046382189239332097,0.00046382189239332097,0.00046382189239332097,indie
1967.0,cu,1,0.0015887426236949613,0.0015887426236949613,0.0015887426236949613,0.003246753246753247,0.003246753246753247,0.003246753246753247,0.0016580106230582856,0.0016580106230582856,0.0016580106230582856,indie
1967.0,mcu,1,0.17476168860644575,0.17476168860644575,0.17476168860644575,0.19294990723562153,0.19294990723562153,0.19294990723562153,0.018188218629175773,0.018188218629175773,0.018188218629175773,indie
1967.0,m,1,0.6897412619155697,0.6897412619155697,0.6897412619155697,0.6558441558441559,0.6558441558441559,0.6558441558441559,-0.03389710607141383,-0.03389710607141383,-0.03389710607141383,indie
1967.0,ml,1,0.1277802995914662,0.1277802995914662,0.1277802995914662,0.14656771799628943,0.14656771799628943,0.14656771799628943,0.01878741840482323,0.01878741840482323,0.01878741840482323,indie
1967.0,l,1,0.006128007262823422,0.006128007262823422,0.006128007262823422,0.0009276437847866419,0.0009276437847866419,0.0009276437847866419,-0.005200363478036781,-0.005200363478036781,-0.005200363478036781,indie
1967.0,xls,1,0.0,0.0,0.0,0.0,0.0,0.0,0.0,0.0,0.0,indie
1968.0,xcu,2,0.0,0.0,0.0,8.476012883539582e-05,0.0,0.00016952025767079165,8.476012883539582e-05,0.0,0.00016952025767079165,indie
1968.0,cu,2,0.0017692562603342456,0.0001809299800977022,0.003357582540570789,0.003689001749414639,0.0005971931919976113,0.006780810306831667,0.0019197454890803936,0.0004162632118999091,0.0034232277662608777,indie
1968.0,mcu,2,0.3153160113717581,0.11434774742174779,0.5162842753217683,0.3862781526250255,0.1911018214392356,0.5814544838108154,0.07096214125326744,0.06517020848904709,0.07675407401748781,indie
1968.0,m,2,0.48975700405062433,0.37213206491326245,0.6073819431879862,0.44017440794834883,0.3136124766909646,0.5667363392057331,-0.0495825961022755,-0.05851958822229786,-0.04064560398225314,indie
1968.0,ml,2,0.15013051359308616,0.0864017907106883,0.213859236475484,0.12874375162958876,0.08967621630784879,0.16781128695132874,-0.021386761963497397,-0.04604794952415525,0.003274425597160485,indie
1968.0,l,2,0.0430272147241972,0.02182428651371013,0.06423014293468428,0.04102992591878689,0.008306492625868791,0.07375335921170499,-0.0019972888054103147,-0.013517793887841337,0.009523216277020713,indie
1968.0,xls,2,0.0,0.0,0.0,0.0,0.0,0.0,0.0,0.0,0.0,indie
1969.0,xcu,2,0.0,0.0,0.0,0.0,0.0,0.0,0.0,0.0,0.0,indie
1969.0,cu,2,0.0007788349649608115,0.00013171759747102212,0.001425952332450601,0.0,0.0,0.0,-0.0007788349649608115,-0.001425952332450601,-0.00013171759747102212,indie
1969.0,mcu,2,0.47942502169624146,0.31330209818700344,0.6455479452054794,0.2636863671601019,0.17300380228136883,0.35436893203883496,-0.21573865453613955,-0.4725441429241106,0.04106683385183152,indie
1969.0,m,2,0.3361663438972868,0.20034246575342465,0.47199022204114893,0.41677517543182574,0.36311787072243346,0.470432480141218,0.08060883153453896,-0.001557741899930909,0.1627754049690088,indie
1969.0,ml,2,0.13151511084455747,0.09048998946259221,0.1725402322265227,0.2150789149570943,0.1354810238305384,0.2946768060836502,0.08356380411253683,-0.03705920839598431,0.204186816621058,indie
1969.0,l,2,0.05128225699297284,0.0401303727846812,0.06243414120126449,0.10445954245097809,0.03971756398940865,0.16920152091254753,0.05317728545800525,-0.0004128087952725498,0.10676737971128304,indie
1969.0,xls,2,0.0008324316039806459,0.0006111224281931147,0.001053740779768177,0.0,0.0,0.0,-0.0008324316039806459,-0.001053740779768177,-0.0006111224281931147,indie
1970.0,xcu,5,0.0,0.0,0.0,0.0,0.0,0.0,0.0,0.0,0.0,indie
1970.0,cu,5,0.005693524982294254,0.0007106844244921856,0.011689893426082372,0.0002505402199420771,0.0,0.000577783197853176,-0.005442984762352177,-0.011689893426082372,-0.00037322547356358074,indie
1970.0,mcu,5,0.25020966839764797,0.18555062146512152,0.31456238881533904,0.335182761910393,0.25205937946627466,0.41917311160318727,0.08497309351274501,-0.040853956600946484,0.18801985520448675,indie
1970.0,m,5,0.5590309548963287,0.4758248051861508,0.6301979889700868,0.5059045864911081,0.4327866249746398,0.575153791758237,-0.05312636840522056,-0.1483366033835162,0.06296613737985372,indie
1970.0,ml,5,0.15876564831882384,0.0986900724189862,0.20300870412842115,0.14240956844699373,0.07623793395408211,0.2304387827146425,-0.016356079871830104,-0.07494023354443424,0.03943207928979109,indie
1970.0,l,5,0.026300203404905242,0.01609582764553191,0.04091405875701207,0.016224109607707392,0.006790902016084057,0.028915178866005694,-0.01007609379719785,-0.03182063209164382,0.012671157335225804,indie
1970.0,xls,5,0.0,0.0,0.0,2.8433323855558714e-05,0.0,8.529997156667615e-05,2.8433323855558714e-05,0.0,8.529997156667615e-05,indie
1971.0,xcu,4,0.0,0.0,0.0,0.0,0.0,0.0,0.0,0.0,0.0,indie
1971.0,cu,4,3.2220646990591574e-05,0.0,9.666194097177473e-05,0.0,0.0,0.0,-3.2220646990591574e-05,-9.666194097177473e-05,0.0,indie
1971.0,mcu,4,0.33200209017200016,0.23934624569499668,0.4162395745445824,0.30313264910998966,0.1901455919648342,0.43087538710815504,-0.028869441062010504,-0.19671175340145852,0.10304175689197037,indie
1971.0,m,4,0.5189149792209711,0.46158046911911166,0.5714193241715018,0.48691852545335906,0.4428551594820264,0.5286117567190993,-0.03199645376761201,-0.09345892101061394,0.05411614135075449,indie
1971.0,ml,4,0.10111520616669281,0.086186855966527,0.11600017191363377,0.14204360922177073,0.10672256051083033,0.20259638207194267,0.04092840305507792,0.0008117131689054369,0.10805904583584444,indie
1971.0,l,4,0.04793550379334533,0.02209749042929154,0.08432787029177671,0.06782109777611882,0.009920748997112205,0.1542902868443326,0.019885593982773488,-0.02793037436382425,0.06996241655255589,indie
1971.0,xls,4,0.0,0.0,0.0,8.411843876177658e-05,0.0,0.00025235531628532975,8.411843876177658e-05,0.0,0.00025235531628532975,indie
1972.0,xcu,3,0.0,0.0,0.0,0.0,0.0,0.0,0.0,0.0,0.0,indie
1972.0,cu,3,0.0016965304052688932,0.0008828073273008165,0.0021721958925750395,0.002687031537264885,0.0,0.008061094611794654,0.0009905011319959916,-0.0021721958925750395,0.0060265066158638305,indie
1972.0,mcu,3,0.2706627805762928,0.08629441624365482,0.39405608214849924,0.34959810338045044,0.10741687979539642,0.6223277909738717,0.07893532280415766,-0.012588203964641165,0.22827170882537245,indie
1972.0,m,3,0.47664565567060474,0.42239336492890994,0.5314500110350916,0.38335373506970266,0.34323040380047504,0.40984302078913876,-0.09329192060090208,-0.1344622304155974,-0.06625057025867404,indie
1972.0,ml,3,0.20906162580182933,0.14464849921011058,0.31163098653718824,0.2602137332833803,0.029216152019002375,0.4947428246660983,0.051152107481550996,-0.1154323471911082,0.18311183812891008,indie
1972.0,l,3,0.041933407546004185,0.019328585961342827,0.06974177885676451,0.004147396729201687,0.0008525149190110826,0.006364022061943148,-0.037786010816802496,-0.06888926393775342,-0.012964563899399678,indie
1972.0,xls,3,0.0,0.0,0.0,0.0,0.0,0.0,0.0,0.0,0.0,indie
1973.0,xcu,3,0.0,0.0,0.0,0.00031065548306927616,0.0,0.0009319664492078286,0.00031065548306927616,0.0,0.0009319664492078286,indie
1973.0,cu,3,0.0001538935056940597,0.0,0.0004616805170821791,0.0,0.0,0.0,-0.0001538935056940597,-0.0004616805170821791,0.0,indie
1973.0,mcu,3,0.24192209575796342,0.16691990449316255,0.29978454909202834,0.2570901352161818,0.17305029995385326,0.3727865796831314,0.015168039458218374,-0.033628307677138675,0.07300203059110305,indie
1973.0,m,3,0.5296398660931838,0.4250538627269929,0.591274148035598,0.5074736496111941,0.315004659832246,0.6582833410244577,-0.022166216481989687,-0.1100492028947469,0.06700919298885977,indie
1973.0,ml,3,0.15599374379598838,0.1297732118627641,0.17169524636422837,0.16249238675881492,0.11183597390493942,0.22543352601156066,0.00649864296282654,-0.05467679925603318,0.09566031414879655,indie
1973.0,l,3,0.07229040084717031,0.038573366931575884,0.10818713450292398,0.07263317293073988,0.0,0.1994408201304753,0.000342772083569573,-0.051652002445266715,0.0912536856275513,indie
1973.0,xls,3,0.0,0.0,0.0,0.0,0.0,0.0,0.0,0.0,0.0,indie
1974.0,xcu,4,0.0,0.0,0.0,0.001025430680885972,0.0,0.0030762920426579163,0.001025430680885972,0.0,0.0030762920426579163,indie
1974.0,cu,4,0.0020611118195076467,0.0,0.0057821229050279335,0.0026658661681912017,0.0,0.0069177555726364325,0.000604754348683555,-0.004702279973090761,0.006784018054804763,indie
1974.0,mcu,4,0.23133733320633257,0.11542629187430736,0.348247142375188,0.27629914726909566,0.12299176474678428,0.41482035566680486,0.04496181406276309,0.007565472872476928,0.07208529154769028,indie
1974.0,m,4,0.47951105060217275,0.3469898947234199,0.6120322064809256,0.5172217267804408,0.4227914713348031,0.6116519822260784,0.03771067617826801,-0.02710467622387336,0.09046744352195574,indie
1974.0,ml,4,0.22056953812734165,0.11931942914241753,0.38960097904828694,0.1692164018113352,0.05891568232677709,0.30419710904368835,-0.05135313631600644,-0.10762073246957338,0.017498755163212143,indie
1974.0,l,4,0.0665209662446454,0.06007124698156664,0.0747799099969694,0.03357142729005124,0.014598516646478142,0.06158927146155217,-0.03294953895459416,-0.049461984987923625,-0.002514757437067583,indie
1974.0,xls,4,0.0,0.0,0.0,0.0,0.0,0.0,0.0,0.0,0.0,indie
1975.0,xcu,2,0.0,0.0,0.0,0.0,0.0,0.0,0.0,0.0,0.0,indie
1975.0,cu,2,0.007761642463695543,0.0,0.015523284927391086,0.0023445954069977156,0.0,0.004689190813995431,-0.005417047056697827,-0.010834094113395655,0.0,indie
1975.0,mcu,2,0.23516237559802908,0.1313637122350192,0.33896103896103896,0.29053358788127304,0.17157628952747384,0.4094908862350723,0.05537121228324396,0.04021257729245464,0.07052984727403333,indie
1975.0,m,2,0.4963341549120217,0.4830579202136538,0.5096103896103896,0.49322457686455773,0.4497171590194846,0.5367319947096308,-0.003109578047463979,-0.05989323059090501,0.05367407449597705,indie
1975.0,ml,2,0.17005523436670156,0.07454545454545454,0.2655650141879486,0.1670536224601728,0.10433689503456946,0.22977034988577613,-0.003001611906528756,-0.03579466430217246,0.029791440489114918,indie
1975.0,l,2,0.09034339387869683,0.07636363636363637,0.10432315139375731,0.04625198009090904,0.035512256442489,0.05699170373932908,-0.04409141378778779,-0.047331447654428226,-0.04085137992114737,indie
1975.0,xls,2,0.0003431987808552656,0.00016691704223001168,0.0005194805194805195,0.0005916372960896506,0.0002404713237946375,0.0009428032683846638,0.000248438515234385,7.355428156462582e-05,0.0004233227489041443,indie
1976.0,xcu,2,0.0,0.0,0.0,0.0,0.0,0.0,0.0,0.0,0.0,indie
1976.0,cu,2,0.00013894678338196472,0.0,0.00027789356676392944,0.0,0.0,0.0,-0.00013894678338196472,-0.00027789356676392944,0.0,indie
1976.0,mcu,2,0.38635695241726903,0.3041853512705531,0.468528553563985,0.44555531300521317,0.3753339269813001,0.5157766990291263,0.05919836058794414,0.04724814546514128,0.07114857571074701,indie
1976.0,m,2,0.5268499471316835,0.44476865360566903,0.6089312406576981,0.5060346405115748,0.415453074433657,0.5966162065894924,-0.020815306620108776,-0.029315579172012052,-0.012315034068205666,indie
1976.0,ml,2,0.06569040195497501,0.056829234403223565,0.07455156950672645,0.030285051886561366,0.020926090828138913,0.03964401294498382,-0.035405350068413645,-0.05362547867858754,-0.017185221458239745,indie
1976.0,l,2,0.02096375171269045,0.01233183856502242,0.029595664860358483,0.01812499459665079,0.007123775601068566,0.02912621359223301,-0.0028387571160396613,-0.0052080629639538545,-0.0004694512681254724,indie
1976.0,xls,2,0.0,0.0,0.0,0.0,0.0,0.0,0.0,0.0,0.0,indie
1977.0,xcu,1,0.0,0.0,0.0,0.0,0.0,0.0,0.0,0.0,0.0,indie
1977.0,cu,1,0.0,0.0,0.0,0.0,0.0,0.0,0.0,0.0,0.0,indie
1977.0,mcu,1,0.4528504840444604,0.4528504840444604,0.4528504840444604,0.6776960784313726,0.6776960784313726,0.6776960784313726,0.2248455943869122,0.2248455943869122,0.2248455943869122,indie
1977.0,m,1,0.4428110433847257,0.4428110433847257,0.4428110433847257,0.2455065359477124,0.2455065359477124,0.2455065359477124,-0.1973045074370133,-0.1973045074370133,-0.1973045074370133,indie
1977.0,ml,1,0.0853352456077447,0.0853352456077447,0.0853352456077447,0.07516339869281045,0.07516339869281045,0.07516339869281045,-0.010171846914934252,-0.010171846914934252,-0.010171846914934252,indie
1977.0,l,1,0.0190032269630692,0.0190032269630692,0.0190032269630692,0.0016339869281045752,0.0016339869281045752,0.0016339869281045752,-0.017369240034964623,-0.017369240034964623,-0.017369240034964623,indie
1977.0,xls,1,0.0,0.0,0.0,0.0,0.0,0.0,0.0,0.0,0.0,indie
1978.0,xcu,2,0.0,0.0,0.0,0.0,0.0,0.0,0.0,0.0,0.0,indie
1978.0,cu,2,0.0,0.0,0.0,0.0,0.0,0.0,0.0,0.0,0.0,indie
1978.0,mcu,2,0.2793846196873223,0.20149253731343283,0.35727670206121176,0.161529430081561,0.10974960042621204,0.21330925973690998,-0.1178551896057613,-0.14396744232430178,-0.0917429368872208,indie
1978.0,m,2,0.4929329726427567,0.4590880699562773,0.5267778753292361,0.48293234873258395,0.37932871603622803,0.5865359814289399,-0.010000623910172757,-0.14744915929300811,0.1274479114726626,indie
1978.0,ml,2,0.16280457944688873,0.09119300437226734,0.2344161545215101,0.30844327481346007,0.1805519731751354,0.43633457645178475,0.14563869536657134,0.08935896880286807,0.20191842193027465,indie
1978.0,l,2,0.06487782822303224,0.03731343283582089,0.0924422236102436,0.04709494637239494,0.0196027856590147,0.07458710708577518,-0.017782881850637304,-0.0728394379512289,0.037273674249954286,indie
1978.0,xls,2,0.0,0.0,0.0,0.0,0.0,0.0,0.0,0.0,0.0,indie
1980.0,xcu,3,0.0,0.0,0.0,0.0,0.0,0.0,0.0,0.0,0.0,indie
1980.0,cu,3,0.0004712213208778199,0.0,0.0011365788975184693,0.00022507580987157555,0.0,0.0004118616144975289,-0.00024614551100624434,-0.0007247172830209404,0.0,indie
1980.0,mcu,3,0.37783219040745536,0.2245430809399478,0.5919681757908695,0.39820529309452873,0.22885245901639348,0.6742174629324547,0.020373102687073374,-0.025439357156811004,0.08224928714158519,indie
1980.0,m,3,0.5318857673420047,0.3272400075771926,0.6649260226283725,0.5327762149484042,0.2981878088962109,0.700983606557377,0.0008904476063995581,-0.029052198680981745,0.03605758392900449,indie
1980.0,ml,3,0.07282456901944385,0.05070656691604322,0.10269799825935595,0.05754150580496017,0.013179571663920924,0.08928101132473006,-0.015283063214483687,-0.05188957021901145,0.038574444408686834,indie
1980.0,l,3,0.016765250457923004,0.007832898172323759,0.028539761706844,0.011251910342235272,0.0,0.019752436133789835,-0.005513340115687732,-0.008787325573054165,8.020339831472934e-05,indie
1980.0,xls,3,0.00022100145229525794,0.0,0.0006630043568857739,0.0,0.0,0.0,-0.00022100145229525794,-0.0006630043568857739,0.0,indie
1981.0,xcu,2,0.0001392757660167131,0.0,0.0002785515320334262,0.00013466199838405601,0.0,0.00026932399676811203,-4.613767632657083e-06,-9.227535265314167e-06,0.0,indie
1981.0,cu,2,0.0037604456824512533,0.0,0.007520891364902507,0.007002423915970913,0.0,0.014004847831941825,0.0032419782335196593,0.0,0.006483956467039319,indie
1981.0,mcu,2,0.35605147805057114,0.27799442896935933,0.43410852713178294,0.4365410093392857,0.36601131160786426,0.5070707070707071,0.08048953128871456,0.07296217993892418,0.08801688263850493,indie
1981.0,m,2,0.47532453084204807,0.42669362992922144,0.5239554317548747,0.4753887741768162,0.4740740740740741,0.4767034742795583,6.42433347681215e-05,-0.04725195747531641,0.04738044414485265,indie
1981.0,ml,2,0.14309338658389922,0.13549039433771487,0.15069637883008358,0.06827481203996151,0.017508417508417508,0.11904120657150552,-0.07481857454393771,-0.11798197682929737,-0.03165517225857806,indie
1981.0,l,2,0.021630883075013638,0.003707448601280755,0.03955431754874652,0.012388994532813547,0.0013468013468013469,0.023431187718825748,-0.00924188854220009,-0.01612312982992077,-0.0023606472544794085,indie
1981.0,xls,2,0.0,0.0,0.0,0.00026932399676811203,0.0,0.0005386479935362241,0.00026932399676811203,0.0,0.0005386479935362241,indie
1982.0,xcu,3,0.0002525252525252525,0.0,0.0007575757575757576,0.0,0.0,0.0,-0.0002525252525252525,-0.0007575757575757576,0.0,indie
1982.0,cu,3,3.68609237347488e-05,0.0,0.00011058277120424638,0.0,0.0,0.0,-3.68609237347488e-05,-0.00011058277120424638,0.0,indie
1982.0,mcu,3,0.22085534533348108,0.17424242424242423,0.25731620271234834,0.3579662977522032,0.17543859649122806,0.621903520208605,0.1371109524187221,0.001196172248803834,0.3908961111629342,indie
1982.0,m,3,0.634486340753498,0.5584106590530573,0.7473484848484849,0.49697418252279985,0.3246414602346806,0.6575091575091575,-0.13751215823069812,-0.27305841812427106,0.09909849845610019,indie
1982.0,ml,3,0.09548553477548387,0.05416666666666667,0.12181774922674281,0.1180978304082675,0.048239895697522815,0.24561403508771928,0.022612295632783636,-0.062232292735519314,0.19144736842105262,indie
1982.0,l,3,0.04888339296127709,0.023484848484848483,0.06245538900785153,0.02696168931672946,0.005215123859191655,0.07017543859649122,-0.02192170364454763,-0.056960883513346036,0.04669059011164274,indie
1982.0,xls,3,0.0,0.0,0.0,0.0,0.0,0.0,0.0,0.0,0.0,indie
1983.0,xcu,1,0.0,0.0,0.0,0.0,0.0,0.0,0.0,0.0,0.0,indie
1983.0,cu,1,0.0,0.0,0.0,0.0,0.0,0.0,0.0,0.0,0.0,indie
1983.0,mcu,1,0.0,0.0,0.0,0.4607218683651805,0.4607218683651805,0.4607218683651805,0.4607218683651805,0.4607218683651805,0.4607218683651805,indie
1983.0,m,1,0.4703196347031963,0.4703196347031963,0.4703196347031963,0.4262208067940552,0.4262208067940552,0.4262208067940552,-0.0440988279091411,-0.0440988279091411,-0.0440988279091411,indie
1983.0,ml,1,0.5296803652968036,0.5296803652968036,0.5296803652968036,0.10774946921443737,0.10774946921443737,0.10774946921443737,-0.4219308960823662,-0.4219308960823662,-0.4219308960823662,indie
1983.0,l,1,0.0,0.0,0.0,0.005307855626326964,0.005307855626326964,0.005307855626326964,0.005307855626326964,0.005307855626326964,0.005307855626326964,indie
1983.0,xls,1,0.0,0.0,0.0,0.0,0.0,0.0,0.0,0.0,0.0,indie
1984.0,xcu,7,0.0,0.0,0.0,0.0,0.0,0.0,0.0,0.0,0.0,indie
1984.0,cu,7,0.0016295135916522309,0.0003038220817889044,0.0032590271833044617,0.0019273122138405718,0.0,0.005395366102062526,0.00029779862218834094,-0.0026513830197266524,0.003935813323504338,indie
1984.0,mcu,7,0.3257794772063914,0.18839643685589355,0.4471008209941623,0.4365612628212793,0.25200210173453336,0.5974292746273948,0.11078178561488788,0.02587833811736029,0.20968924365281053,indie
1984.0,m,7,0.45287723755010667,0.4036719755948334,0.5005045117603586,0.38196386532665516,0.2901866529503745,0.4994600919092708,-0.07091337222345151,-0.14145455988755962,0.02059795855671088,indie
1984.0,ml,7,0.1707230306578207,0.08689757529815843,0.27028560093588855,0.15705297870351811,0.054052709248172556,0.3022443881267225,-0.013670051954302598,-0.09459229973080036,0.05631505591543303,indie
1984.0,l,7,0.048965638702189826,0.02972473393911623,0.06698349268440247,0.02233802516171276,0.004212028737989456,0.043041732673815135,-0.026627613540477067,-0.043556120900894175,-0.012323242701811638,indie
1984.0,xls,7,2.5102291839244924e-05,0.0,7.530687551773477e-05,0.00015655577299412914,0.0,0.00046966731898238743,0.0001314534811548842,-7.530687551773477e-05,0.00046966731898238743,indie
1985.0,xcu,2,5.889975262103899e-05,0.0,0.00011779950524207798,0.0,0.0,0.0,-5.889975262103899e-05,-0.00011779950524207798,0.0,indie
1985.0,cu,2,0.0026480701456846117,0.0009375585974123383,0.004358581693956885,0.003192106790481718,0.0,0.006384213580963436,0.0005440366447971062,-0.004358581693956885,0.005446654983551098,indie
1985.0,mcu,2,0.23980818361755457,0.17663603975248454,0.3029803274826246,0.3677111840050993,0.3283033468756046,0.407119021134594,0.1279030003875447,0.10413869365196937,0.15166730712312004,indie
1985.0,m,2,0.5983450042020606,0.5867241702606413,0.6099658381434798,0.5313844771958094,0.5224323322209863,0.5403366221706326,-0.06696052700625121,-0.08753350592249354,-0.04638754809000867,indie
1985.0,ml,2,0.11893849149527552,0.049240193191188594,0.18863678979936246,0.0877570594441794,0.07007786429365963,0.10543625459469917,-0.031181432051096122,-0.08320053520466329,0.020837671102471034,indie
1985.0,l,2,0.04014245103418268,0.03321946047826599,0.04706544159009938,0.009955172564430159,0.0003707823507601038,0.019539562778100213,-0.03018727846975252,-0.03284867812750589,-0.027525878811999166,indie
1985.0,xls,2,5.889975262103899e-05,0.0,0.00011779950524207798,0.0,0.0,0.0,-5.889975262103899e-05,-0.00011779950524207798,0.0,indie
1986.0,xcu,2,0.0,0.0,0.0,0.000380517503805175,0.0,0.00076103500761035,0.000380517503805175,0.0,0.00076103500761035,indie
1986.0,cu,2,0.0020293815698157014,0.0012414649286157666,0.002817298211015636,0.008614030236692325,0.0020073603211776514,0.015220700152207,0.006584648666876624,0.0007658953925618849,0.012403401941191364,indie
1986.0,mcu,2,0.35001732612167946,0.3428651922806029,0.35716945996275606,0.34625565174793627,0.31047172967547676,0.3820395738203957,-0.0037616743737431957,-0.046697730287279304,0.0391743815397928,indie
1986.0,m,2,0.5155679334802841,0.4748603351955307,0.5562755317650373,0.5487070043228011,0.512937595129376,0.5844764135162261,0.03313907084251699,-0.04333793663566132,0.10961607832069542,indie
1986.0,ml,2,0.0836778053124521,0.08268770249330892,0.08466790813159528,0.04782006372426956,0.01902587519025875,0.07661425225828036,-0.03585774158818254,-0.06366182730305017,-0.008053655873314913,indie
1986.0,l,2,0.048645480269337904,0.015354275250035217,0.08193668528864059,0.04822273246449564,0.026430244228839078,0.0700152207001522,-0.0004227478048422634,-0.055506441059801515,0.05466094545011699,indie
1986.0,xls,2,6.207324643078833e-05,0.0,0.00012414649286157667,0.0,0.0,0.0,-6.207324643078833e-05,-0.00012414649286157667,0.0,indie
1987.0,xcu,2,0.0,0.0,0.0,0.0,0.0,0.0,0.0,0.0,0.0,indie
1987.0,cu,2,0.0003337338139100254,0.0,0.0006674676278200508,0.001858470335954253,0.0,0.003716940671908506,0.0015247365220442276,-0.0006674676278200508,0.003716940671908506,indie
1987.0,mcu,2,0.22391598600491133,0.18992248062015504,0.2579094913896676,0.33869583735799474,0.23536165327210104,0.4420300214438885,0.11477985135308341,-0.022547838117566582,0.25210754082373343,indie
1987.0,m,2,0.602162595114137,0.6,0.6043251902282739,0.48042204986504217,0.43845604002859184,0.5223880597014925,-0.12174054524909478,-0.16154395997140814,-0.08193713052678142,indie
1987.0,ml,2,0.14732899117183515,0.11507141903617675,0.17958656330749354,0.16272185561443347,0.08548963545389564,0.2399540757749713,0.015392864442598325,-0.0940969278535979,0.12488265673879455,indie
1987.0,l,2,0.026258693895206547,0.022026431718061675,0.03049095607235142,0.01630178682657532,0.002296211251435132,0.030307362401715512,-0.009956907068631227,-0.019730220466626543,-0.00018359367063590717,indie
1987.0,xls,2,0.0,0.0,0.0,0.0,0.0,0.0,0.0,0.0,0.0,indie
1989.0,xcu,3,0.0,0.0,0.0,0.0,0.0,0.0,0.0,0.0,0.0,indie
1989.0,cu,3,0.008163951762811804,0.0,0.024225295245785806,0.003758129442977764,0.0,0.007944915254237288,-0.00440582231983404,-0.016280379991548518,0.0033294730746960045,indie
1989.0,mcu,3,0.3259370977058402,0.20983064849235852,0.42902838864454224,0.3696411353117715,0.33888245512449333,0.3987485779294653,0.043704037605931334,-0.03027981071507696,0.1290518066321348,indie
1989.0,m,3,0.5334450162399492,0.4771424763427962,0.6299049979347378,0.4752583613294384,0.4104664391353811,0.5211349160393747,-0.05818665491051084,-0.10877008189536308,0.0008861543712457842,indie
1989.0,ml,3,0.1026355220811893,0.055311208849793424,0.12763320941759604,0.13105947358297343,0.11595251881876086,0.15540386803185438,0.02842395150178413,-0.011680690598835183,0.10009265918206095,indie
1989.0,l,3,0.02981841221020959,0.018572726355102452,0.03825136612021858,0.020282900332838912,0.004766949152542373,0.035381114903299204,-0.009535511877370676,-0.013805777202560078,-0.0028702512169193756,indie
1989.0,xls,3,0.0,0.0,0.0,0.0,0.0,0.0,0.0,0.0,0.0,indie
1990.0,xcu,4,0.0,0.0,0.0,0.0,0.0,0.0,0.0,0.0,0.0,indie
1990.0,cu,4,0.0004512156279859858,0.0,0.0013536468839579574,0.0006888478195121984,0.0,0.0013776956390243967,0.00023763219152621258,-0.000378607882397895,0.0010915044569765327,indie
1990.0,mcu,4,0.20867444391227905,0.07467199347272094,0.3350629966939171,0.2281573336758057,0.07124284971398856,0.3743967470143913,0.019482889763526662,-0.005855278490383559,0.05266926877219552,indie
1990.0,m,4,0.6128704518413574,0.5030534927116072,0.769772104294623,0.5578338653682904,0.48558895283508813,0.6407010126842158,-0.05503658647306697,-0.11986459949696526,-0.0071236545597230805,indie
1990.0,ml,4,0.12978939650630852,0.09398404033333412,0.1727651575100712,0.18600717476246625,0.10134838356968878,0.2706659659552437,0.05621777825615773,-0.029249182965678827,0.15426232827473796,indie
1990.0,l,4,0.04821449211206909,0.018947319900311673,0.0774816643238265,0.027312778373925463,0.021965486587446032,0.033562604186410445,-0.020901713738143625,-0.0448215941634216,0.003018166687134359,indie
1990.0,xls,4,0.0,0.0,0.0,0.0,0.0,0.0,0.0,0.0,0.0,indie
1991.0,xcu,6,0.00037436096508592357,0.0,0.0008783960943629163,0.0,0.0,0.0,-0.00037436096508592357,-0.0008783960943629163,0.0,indie
1991.0,cu,6,0.001052249828624436,0.0004092316252942801,0.001674292654065158,0.0012207221773557957,0.0,0.0028250662474532903,0.00016847234873135957,-0.0016233818711519521,0.0021155678498942427,indie
1991.0,mcu,6,0.34038521877140493,0.2719911410481623,0.4150375019956601,0.37936348914475587,0.20845740612143346,0.5486953832878732,0.03897827037335094,-0.11483545110446657,0.19675881892513192,indie
1991.0,m,6,0.5085710847548731,0.463408313623485,0.5489039645078287,0.5399468085118001,0.39212086871929414,0.734185583665365,0.03137572375692699,-0.14244547856487083,0.2285973034361407,indie
1991.0,ml,6,0.0948584197682001,0.05245215282357678,0.139473121673553,0.059883427205393185,0.021671510128379163,0.10718927044190894,-0.034974992562806916,-0.0718948001873328,-0.004856144101454046,indie
1991.0,l,6,0.05373347037999108,0.02767570146314295,0.09181977377876296,0.01958555296069508,0.0028516448900171034,0.04178521635930058,-0.034147917419296,-0.0794590850808598,-0.0044748900629183784,indie
1991.0,xls,6,0.001025195531820437,0.0,0.0029707208236492305,0.0,0.0,0.0,-0.001025195531820437,-0.0029707208236492305,0.0,indie
1992.0,xcu,1,0.0,0.0,0.0,0.0,0.0,0.0,0.0,0.0,0.0,indie
1992.0,cu,1,0.006019934866278496,0.006019934866278496,0.006019934866278496,0.00033211557622052476,0.00033211557622052476,0.00033211557622052476,-0.005687819290057972,-0.005687819290057972,-0.005687819290057972,indie
1992.0,mcu,1,0.2834303759992105,0.2834303759992105,0.2834303759992105,0.2922617070740618,0.2922617070740618,0.2922617070740618,0.00883133107485129,0.00883133107485129,0.00883133107485129,indie
1992.0,m,1,0.5509720714497187,0.5509720714497187,0.5509720714497187,0.529724344071737,0.529724344071737,0.529724344071737,-0.02124772737798175,-0.02124772737798175,-0.02124772737798175,indie
1992.0,ml,1,0.09454258363761966,0.09454258363761966,0.09454258363761966,0.09996678844237794,0.09996678844237794,0.09996678844237794,0.005424204804758276,0.005424204804758276,0.005424204804758276,indie
1992.0,l,1,0.0647389716766999,0.0647389716766999,0.0647389716766999,0.07771504483560279,0.07771504483560279,0.07771504483560279,0.012976073158902895,0.012976073158902895,0.012976073158902895,indie
1992.0,xls,1,0.00029606237047271293,0.00029606237047271293,0.00029606237047271293,0.0,0.0,0.0,-0.00029606237047271293,-0.00029606237047271293,-0.00029606237047271293,indie
1993.0,xcu,3,0.0,0.0,0.0,0.0,0.0,0.0,0.0,0.0,0.0,indie
1993.0,cu,3,0.001555783593358218,0.0001725327812284334,0.004111124953282671,0.00761059237035617,0.00010022048506714773,0.019014084507042252,0.006054808776997951,-0.0002834725604964014,0.01490295955375958,indie
1993.0,mcu,3,0.32777104002134094,0.19755003450655625,0.5069141646941572,0.29182153475135914,0.18339529120198264,0.4070422535211267,-0.03594950526998181,-0.09987191117303046,0.006178138667658761,indie
1993.0,m,3,0.48607935684234826,0.3462065528840165,0.5644124700239808,0.4653569066495044,0.45492957746478874,0.4795550210463018,-0.020722450192843855,-0.08603292618162511,0.10872302458077221,indie
1993.0,ml,3,0.14584638792611346,0.11573439641210913,0.20324361628709456,0.18736499650680963,0.07816901408450705,0.29120198265179675,0.04151860858069617,-0.03756538232760208,0.0879583663647022,indie
1993.0,l,3,0.03842768741220281,0.02703376105643453,0.05141476880607315,0.046813338577815326,0.04084507042253521,0.057001239157372985,0.008385651165612518,0.005586470351299833,0.013811309366100682,indie
1993.0,xls,3,0.000319744204636291,0.0,0.0009592326139088729,0.0010326311441553077,0.0,0.0030978934324659233,0.0007128869395190167,-0.0009592326139088729,0.0030978934324659233,indie
1994.0,xcu,7,1.06761185903253e-05,0.0,3.2028355770975904e-05,0.0,0.0,0.0,-1.06761185903253e-05,-3.2028355770975904e-05,0.0,indie
1994.0,cu,7,0.004454093241997101,0.0010195276080166877,0.008181424616092147,0.001158473890382003,0.0,0.0026779520282353476,-0.003295619351615098,-0.00646938154859297,-0.0005596966350053492,indie
1994.0,mcu,7,0.3241970773811989,0.2173743616548636,0.41901192035000806,0.344713749058711,0.20278779834023547,0.4563082459346216,0.02051667167751209,-0.03153783227774681,0.07467619019070061,indie
1994.0,m,7,0.5321296562723573,0.45577809017490983,0.6327617113220577,0.5737800875554935,0.4729147857353121,0.7102875191735414,0.04165043128313617,-0.001069020579038904,0.08698150288490274,indie
1994.0,ml,7,0.11126210859059663,0.08328803434018775,0.13966701357961397,0.06274890389274942,0.041851307908890106,0.08418891289512923,-0.0485132046978472,-0.06353192751294051,-0.033994659213302705,indie
1994.0,l,7,0.027946388395259814,0.011600080825626479,0.05544702004644046,0.01756273787547336,0.007381506796322847,0.028240111107834687,-0.010383650519786455,-0.03712861034755069,0.008990852201791813,indie
1994.0,xls,7,0.0,0.0,0.0,3.604772719080062e-05,0.0,0.00010814318157240186,3.604772719080062e-05,0.0,0.00010814318157240186,indie
1995.0,xcu,11,0.0001211152290288981,0.0,0.0003633456870866943,0.0005143371480005143,0.0,0.001543011444001543,0.0003932219189716162,0.0,0.0011796657569148486,indie
1995.0,cu,11,0.0029330868221624407,0.0008032072503385777,0.005665869398920567,0.003193749467636568,0.0001551624065218511,0.008958784939378739,0.0002606626454741273,-0.004649392341947188,0.005914509080819243,indie
1995.0,mcu,11,0.3152121326572235,0.20817673793671368,0.42016180374563944,0.36073310398690067,0.2562286754185962,0.4690434844156308,0.045520971329677196,-0.036644850167165725,0.13368417022908197,indie
1995.0,m,11,0.5143996800374032,0.4444489912400576,0.5882148688526901,0.5355042432537966,0.456519292250294,0.6135628302239975,0.021104563216393424,-0.07380410384301916,0.11524623754195316,indie
1995.0,ml,11,0.09716468543542732,0.058467625505201966,0.14113999551092396,0.06351003385912773,0.033765049767784334,0.10289976011738902,-0.033654651576299585,-0.07602290169476565,0.0024343223206803174,indie
1995.0,l,11,0.07010628648609495,0.03207273989188055,0.13631948063259275,0.036544532284537974,0.012312855865436364,0.06922138614311411,-0.03356175420155697,-0.07968997010305802,-0.0007742897646794821,indie
1995.0,xls,11,6.301333265973868e-05,0.0,0.0001319146391408302,0.0,0.0,0.0,-6.301333265973868e-05,-0.0001319146391408302,0.0,indie
1996.0,xcu,9,0.0,0.0,0.0,0.0,0.0,0.0,0.0,0.0,0.0,indie
1996.0,cu,9,0.0011553498038849657,0.00020275344200710303,0.0023159890567216214,0.01576940882344399,8.499853089258216e-05,0.04645537783605177,0.014614059019559023,-0.0010799781084845964,0.044583816611103264,indie
1996.0,mcu,9,0.30327553065608254,0.2633737140622194,0.34745172638458605,0.3700642762026261,0.2837919944086164,0.4439953398491507,0.06678874554654357,-0.003061855767375623,0.12709219503703126,indie
1996.0,m,9,0.5546984304377802,0.5070985941957464,0.5965469357745431,0.5244957003308823,0.43099693301828335,0.6233773455549143,-0.03020273010689789,-0.1042412966172517,0.055326416017763065,indie
1996.0,ml,9,0.10612262792847879,0.08879229550378512,0.12490909855886018,0.07510552023962404,0.05967735153311161,0.09091685944960577,-0.031017107688854753,-0.049746822381657715,-0.009598440587738066,indie
1996.0,l,9,0.034719725143879776,0.020098395090454836,0.05156707872738393,0.014565094403423557,0.005355364446156836,0.027837533630695643,-0.020154630740456217,-0.03661204490083266,-0.006489422781345058,indie
1996.0,xls,9,2.833602989360026e-05,0.0,6.005724645240008e-05,0.0,0.0,0.0,-2.833602989360026e-05,-6.005724645240027e-05,0.0,indie
1997.0,xcu,8,1.2512512512512513e-05,0.0,3.753753753753754e-05,4.485109436670255e-05,0.0,0.00013455328310010766,3.2338581854190034e-05,0.0,9.701574556257012e-05,indie
1997.0,cu,8,0.007252795496606278,0.0013276757499600333,0.016232242120356455,0.011454386719347884,0.0017311539538815144,0.02542146956162378,0.004201591222741606,-0.009485917988792466,0.017983202827082604,indie
1997.0,mcu,8,0.3886934321116012,0.2766500390918769,0.5324111981181344,0.39103757566775366,0.2893305924869658,0.5233339424600805,0.002344143556152478,-0.03673548231989374,0.035442517273762374,indie
1997.0,m,8,0.4440591110656663,0.34062615117053685,0.5288893485568739,0.4565145577889672,0.3490162481190447,0.5516625169771495,0.0124554467233009,-0.06324374756944645,0.0823214303727901,indie
1997.0,ml,8,0.11715016940046127,0.08396387423226728,0.1461448056477887,0.10254873835226724,0.050206089200687525,0.16677281954014214,-0.01460143104819403,-0.06301316990375574,0.04078522102278802,indie
1997.0,l,8,0.04263357809406146,0.025025824347092936,0.06695095740822221,0.0383998903772973,0.014143641733963255,0.06736039827274949,-0.004233687716764162,-0.020803840026617903,0.013080747139437694,indie
1997.0,xls,8,0.00019840131909097425,0.0,0.0005432289052978707,0.0,0.0,0.0,-0.00019840131909097425,-0.0005432289052978707,0.0,indie
1998.0,xcu,7,1.8161345392466673e-05,0.0,5.448403617740002e-05,0.0,0.0,0.0,-1.8161345392466673e-05,-5.448403617740002e-05,0.0,indie
1998.0,cu,7,0.00197786045879516,0.0004648800058896905,0.004309345086217074,0.0007932101213611486,0.0,0.0023796303640834454,-0.0011846503374340115,-0.001983251207859115,-0.00045521263522718615,indie
1998.0,mcu,7,0.36054286239423317,0.24555639944481425,0.5114888643936687,0.3070657792967043,0.1937902768091447,0.40036105435293856,-0.053477083097528855,-0.16229833807110217,0.05573527743292844,indie
1998.0,m,7,0.523309709886354,0.40325987035212085,0.6121755647878759,0.5834660033248557,0.4851835584947258,0.7171181825718456,0.06015629343850171,-0.07229295711043095,0.1891483897004014,indie
1998.0,ml,7,0.07806434363014307,0.05472678110998473,0.10385089145617686,0.07876872110678068,0.04264189126250471,0.10867588743830955,0.0007043774766376104,-0.021579384401618877,0.02106035039357412,indie
1998.0,l,7,0.03604252898693936,0.02151509682368079,0.05030568476253077,0.02990628615029824,0.009158180980642314,0.05992125370422371,-0.006136242836641121,-0.023035349232566782,0.01544349451461386,indie
1998.0,xls,7,4.4533298142811195e-05,0.0,0.00010665334291336372,0.0,0.0,0.0,-4.4533298142811195e-05,-0.00010665334291336372,0.0,indie
1999.0,xcu,10,0.0,0.0,0.0,0.0,0.0,0.0,0.0,0.0,0.0,indie
1999.0,cu,10,0.0021025162667833407,0.0008894272786995964,0.004012675543670358,0.003646763601551803,0.0007434734954165006,0.0077931435150155725,0.0015442473347684624,-0.0013935289273979887,0.005843271689548942,indie
1999.0,mcu,10,0.3717928411942827,0.3110212182167347,0.43202641612509557,0.3900866084014125,0.31378990325447664,0.4572078254740888,0.01829376720712983,-0.04203864859885312,0.06755036621918081,indie
1999.0,m,10,0.48589820863132277,0.4364519014620657,0.5341976332950473,0.5122979735665528,0.45467350266236795,0.5835784128845763,0.026399764935230052,-0.0311537563654593,0.082088936099176,indie
1999.0,ml,10,0.11350596204136365,0.08676379246719985,0.14279335389510123,0.07963629381399444,0.057785834622662506,0.10319732841603865,-0.03386966822736921,-0.07337303912618906,0.0001479306412813024,indie
1999.0,l,10,0.026680840275499235,0.013990193332252448,0.040116540989617915,0.013802627981264349,0.00565336521932458,0.023083602361825648,-0.012878212294234886,-0.01972141986950593,-0.004647237085396926,indie
1999.0,xls,10,1.963159074827224e-05,0.0,5.250295377246133e-05,0.0005297326352240263,2.956247536460386e-05,0.001426839914133023,0.000510101044475754,-8.431252460182728e-06,0.0014184640338624139,indie
2000.0,xcu,6,0.00024872766234263193,0.0,0.0007461829870278958,0.0,0.0,0.0,-0.00024872766234263193,-0.0007461829870278958,0.0,indie
2000.0,cu,6,0.004847085528641551,0.0027240706342062876,0.00731854326341735,0.0012598248886600773,0.0,0.003648241070179707,-0.0035872606399814733,-0.006501499655748366,-0.0012492136567065697,indie
2000.0,mcu,6,0.5096057800663133,0.3283914629512454,0.6661400474447025,0.5559183503623446,0.34388512642852476,0.7304310773078261,0.04631257029603131,-0.049301614516898074,0.16745308738647757,indie
2000.0,m,6,0.39517970720289747,0.26888495290826353,0.5273344709487768,0.38316180934724525,0.23922783917864104,0.5603108457519295,-0.012017897855652215,-0.12225653484314142,0.07551468176838468,indie
2000.0,ml,6,0.07491148168963396,0.034507574194193286,0.13055538099823508,0.0543629544718337,0.01993905169419362,0.0962938422623474,-0.02054852721780026,-0.04592975424158099,0.004483060585552499,indie
2000.0,l,6,0.015173363154524897,0.010458699199213006,0.020025410542085117,0.005297060929916334,0.002401889428474085,0.009035212099728228,-0.009876302224608563,-0.014506179482631545,-0.005437943113562413,indie
2000.0,xls,6,3.385469564628614e-05,0.0,0.00010156408693885842,0.0,0.0,0.0,-3.385469564628614e-05,-0.00010156408693885842,0.0,indie
2001.0,xcu,9,0.0,0.0,0.0,8.304268393954493e-05,0.0,0.00024912805181863477,8.304268393954493e-05,0.0,0.00024912805181863477,indie
2001.0,cu,9,0.006524932901545272,0.002824128378615203,0.011163058191744827,0.006469691358426168,0.0010409193850135741,0.01393712717787767,-5.524154311910452e-05,-0.007544140403659419,0.007759732127009637,indie
2001.0,mcu,9,0.2957589374858356,0.21039345265233722,0.38482462601056616,0.3717734205793937,0.24934300572270465,0.4826947713212987,0.07601448309355813,0.002155069099890538,0.1551570917450048,indie
2001.0,m,9,0.5462553872586404,0.47416173411179735,0.612292898320968,0.5068646490912341,0.3994205370133671,0.6233735579258076,-0.03939073816740635,-0.12548729527137417,0.05918021070270626,indie
2001.0,ml,9,0.11664320721792065,0.07401727545581153,0.1594926243715242,0.0790434241572573,0.05303110382662898,0.10874125849813017,-0.03759978306066335,-0.0784787959852424,0.004249886897067481,indie
2001.0,l,9,0.03458057467775958,0.01889062283112597,0.05163332709282466,0.035392379053523715,0.016541386334718692,0.05417495068528805,0.0008118043757641344,-0.018546709247726247,0.01741265145117815,indie
2001.0,xls,9,0.00023696045829847448,0.0,0.0005829959602269664,0.00037339307622552944,0.0,0.0011201792286765883,0.00013643261792705495,-0.0004927312876353886,0.0010111041850465708,indie
2002.0,xcu,5,0.0006232859636000997,0.0,0.0018698578908002994,0.0,0.0,0.0,-0.0006232859636000997,-0.0018698578908002994,0.0,indie
2002.0,cu,5,0.002429889693539752,0.0005852180555214344,0.004329856117504559,0.005080393764557928,0.0002958579881656805,0.011192687788946856,0.0026505040710181763,-0.0012648649373288028,0.008510010994657077,indie
2002.0,mcu,5,0.44187091210584395,0.2704423381943287,0.6066036527876187,0.48876567141012706,0.31505717010313805,0.6770000766593204,0.04689475930428311,-0.01898972529495846,0.1107436196650835,indie
2002.0,m,5,0.459037337500972,0.3261351380592627,0.5834360212211612,0.4191222324885578,0.27254926310624106,0.5357102667578901,-0.03991510501241419,-0.0743529031449976,0.0049017998870932705,indie
2002.0,ml,5,0.06522007560435546,0.028147258599785986,0.10451909265419972,0.054196749418789214,0.015382370532394513,0.10363309083882868,-0.011023326185566243,-0.03615910893718021,0.007535284699513617,indie
2002.0,l,5,0.030508735032332972,0.01901275977697871,0.0432499645417733,0.03280244316504209,0.00994195220799409,0.0594405848424517,0.00229370813270912,-0.01801814377906803,0.030105156646447626,indie
2002.0,xls,5,0.00030976409935577705,0.0,0.0008794294209793233,3.250975292587776e-05,0.0,9.75292587776333e-05,-0.0002772543464298993,-0.00078190016220169,0.0,indie
2003.0,xcu,8,0.0,0.0,0.0,2.9366850698931047e-05,0.0,8.810055209679314e-05,2.9366850698931047e-05,0.0,8.810055209679314e-05,indie
2003.0,cu,8,0.0034424514552490173,0.0001494469481559284,0.008391414458120337,0.00894837617588248,0.0015406737880032868,0.020621527926855242,0.005505924720633462,-0.003776428991629923,0.018128969276524118,indie
2003.0,mcu,8,0.4045273172622694,0.35043516279898584,0.4438667326093168,0.4581107573752955,0.3162580882089969,0.5832829562694295,0.05358344011302607,-0.08898603357530492,0.1914316249027179,indie
2003.0,m,8,0.4370060576184739,0.3679592172196469,0.4968073235495388,0.428834247667531,0.319292715879373,0.5862777613459883,-0.00817180995094291,-0.1384071057369612,0.11922275199647507,indie
2003.0,ml,8,0.12609201692411648,0.06968549487743439,0.18288980256338802,0.08722409326519595,0.026125985359091736,0.16334688111035142,-0.03886792365892053,-0.07961155963378042,0.0019026385450379008,indie
2003.0,l,8,0.028600717345951814,0.014968383583938294,0.04874943314824705,0.01596287669796604,0.006655390302833086,0.027734340608228873,-0.012637840647985774,-0.024064236538749346,-0.00037149837861057816,indie
2003.0,xls,8,0.00033143939393939396,0.0,0.000994318181818182,0.0008902819674300871,0.0,0.002568134316423376,0.0005588425734906932,0.0,0.001573816134605194,indie
2004.0,xcu,11,4.4931262392215534e-05,0.0,0.00012265801212537296,0.0,0.0,0.0,-4.4931262392215534e-05,-0.00012265801212537296,0.0,indie
2004.0,cu,11,0.007255524295113872,0.0010287984283084166,0.018431810732639102,0.0038793760319901648,0.00034099564891143275,0.00905406864601818,-0.003376148263123707,-0.01208258457874069,0.0028160819412500035,indie
2004.0,mcu,11,0.36775875216785514,0.27981245299506724,0.4707047981992127,0.4134215775990928,0.29009148121842593,0.5688424616712978,0.045662825431237675,-0.026875567160493042,0.12334109808743485,indie
2004.0,m,11,0.4947710417106233,0.40565567123340035,0.5815858491956045,0.4702827559283192,0.34453071059109114,0.578120631609612,-0.02448828578230411,-0.09329312284196264,0.047608788249521625,indie
2004.0,ml,11,0.08308205837178938,0.061275101267153784,0.10412710732966378,0.08418108562604942,0.04441485828590354,0.13941895000294505,0.001099027254260046,-0.028749142613729912,0.042010546758828975,indie
2004.0,l,11,0.0450606736825331,0.028081642872770995,0.06766269021295579,0.026629719471716825,0.007468178486163637,0.056188279854559604,-0.018430954210816277,-0.029264553620173484,-0.006909468590081092,indie
2004.0,xls,11,0.0020270185096928823,0.0003066416582811372,0.004918055089116158,0.0016054853428314737,0.0,0.00377850654266947,-0.00042153316686140857,-0.0015577285812962496,0.0008715311552463514,indie
2005.0,xcu,13,1.7289970088351747e-05,0.0,5.186991026505524e-05,9.940950752529973e-06,0.0,2.9822852257589916e-05,-7.349019335821774e-06,-5.186991026505524e-05,2.9822852257589916e-05,indie
2005.0,cu,13,0.0016349426381900675,0.0004483578809938455,0.00340224442659791,0.008343282950703105,0.003131515486441315,0.01566017499484726,0.006708340312513038,0.0013046959974915386,0.013939136309723727,indie
2005.0,mcu,13,0.4416752092199463,0.333295576217891,0.5502711402739995,0.46500871615539413,0.3601948914041085,0.5638596555542159,0.023333506935447834,-0.02577026024239208,0.06875952075862805,indie
2005.0,m,13,0.4386530716074514,0.3561542829051101,0.5177650873380557,0.43328382156498946,0.3514470725538743,0.5175875166487817,-0.005369250042461915,-0.05423014871397857,0.05037892916498645,indie
2005.0,ml,13,0.0923022384505686,0.06433163211550819,0.12000879846993055,0.07599709442897004,0.05548016386254932,0.10010186996796924,-0.016305144021598564,-0.030307163804194247,-0.00251774939771666,indie
2005.0,l,13,0.02570899987475437,0.016148371128144157,0.0359338392954357,0.017357143949190714,0.007505318255669312,0.029897110256827487,-0.008351855925563655,-0.016600314000016346,-0.0011296101533304495,indie
2005.0,xls,13,8.248239000973292e-06,0.0,2.474471700291988e-05,0.0,0.0,0.0,-8.248239000973292e-06,-2.474471700291988e-05,0.0,indie
2006.0,xcu,4,0.0,0.0,0.0,0.0,0.0,0.0,0.0,0.0,0.0,indie
2006.0,cu,4,0.0075269490767315645,0.0009570082449941107,0.0183681844272842,0.012008860280494464,0.004593397425711108,0.01942432313527782,0.0044819112037629,-0.003720534835056598,0.012684357242582397,indie
2006.0,mcu,4,0.514206196605016,0.3439065917165782,0.6555883168711838,0.5408963927328622,0.3291971291568066,0.7273414109225812,0.026690196127846177,-0.01837270179570505,0.08092284187369148,indie
2006.0,m,4,0.39457888974327077,0.23001520325368477,0.5591425762328568,0.39427787677841175,0.20635628589434135,0.5821994676624822,-0.0003010129648590154,-0.023658917359343418,0.023056891429625415,indie
2006.0,ml,4,0.049339106901260116,0.01761404740304754,0.07880297124141533,0.04240789033451495,0.010998680158380994,0.08196823408840709,-0.006931216566745169,-0.02372386120230532,0.008981174886731821,indie
2006.0,l,4,0.034348857673721526,0.013446753132300582,0.06311061794737796,0.010390648740119385,0.002702702702702703,0.018078594777536067,-0.02395820893360214,-0.046306120973501314,-0.00961940409078388,indie
2006.0,xls,4,0.0,0.0,0.0,1.8331133597301656e-05,0.0,5.499340079190497e-05,1.8331133597301656e-05,0.0,5.499340079190497e-05,indie
2007.0,xcu,13,1.833029355965136e-05,0.0,5.499088067895407e-05,0.0,0.0,0.0,-1.833029355965136e-05,-5.499088067895407e-05,0.0,indie
2007.0,cu,13,0.0011644983502730746,0.00034398040374164566,0.002053526315954747,0.0782381150328666,3.7450378248820315e-05,0.23202086645580727,0.07707361668259352,-0.0006296404045421724,0.23076935587901937,indie
2007.0,mcu,13,0.35977780133029713,0.2898231867418451,0.43492857098303084,0.24437148392641223,0.1486470690147513,0.34382170813875934,-0.1154063174038849,-0.1990100107260422,-0.02787918434048328,indie
2007.0,m,13,0.4963956308662113,0.45008442076477967,0.5417708919231079,0.5142986984495784,0.36030495904390825,0.642533606508578,0.017903067583367127,-0.15979769006881292,0.16302803791610532,indie
2007.0,ml,13,0.11260113026579499,0.07047391337786794,0.16509920718384224,0.14847946393725853,0.04914045793992142,0.3070764774162076,0.035878333671463536,-0.0706521138744077,0.19711752794853504,indie
2007.0,l,13,0.029801996740578755,0.02259450727025631,0.03821890017909873,0.014574529487236735,0.00650979015414845,0.023492313048801602,-0.01522746725334202,-0.023456082898928778,-0.007272041191767229,indie
2007.0,xls,13,0.0002406121532851424,0.0,0.0006271859426895765,3.770916664738077e-05,0.0,9.41435224191717e-05,-0.00020290298663776165,-0.0005881341648628545,2.0126720908432678e-05,indie
2008.0,xcu,7,0.0,0.0,0.0,3.792331904888316e-05,0.0,0.00011376995714664948,3.792331904888316e-05,0.0,0.00011376995714664948,indie
2008.0,cu,7,0.0006837853054264828,5.93096736312046e-05,0.0014482847822469384,0.0023476684817572624,0.000256763346024248,0.004922731608456503,0.0016638831763307795,-0.00098958973748151,0.004483542175470776,indie
2008.0,mcu,7,0.35484535472201345,0.19538536458074388,0.5092644328008479,0.38536980398909154,0.2817611993193645,0.49277898350932053,0.03052444926707809,-0.06044530409049042,0.12140380117030176,indie
2008.0,m,7,0.4359387344830258,0.3270094511345644,0.5561761263334785,0.44419294845554164,0.3593267740802648,0.525875932374737,0.008254213972515856,-0.07864554052526143,0.09784876142808606,indie
2008.0,ml,7,0.1362905498801313,0.07520807515037621,0.20660634120513524,0.1343878632854831,0.049565239192913384,0.24115541740845645,-0.0019026865946482063,-0.037036967220858384,0.039509830513382554,indie
2008.0,l,7,0.07215615997560447,0.034080439359833084,0.11011567645878019,0.03366379246907755,0.010220084255910556,0.06864009380996586,-0.03849236750652692,-0.06933966615053361,-0.01659520994785832,indie
2008.0,xls,7,8.541563379858952e-05,2.0390685534847682e-05,0.00016138681037500803,0.0,0.0,0.0,-8.541563379858952e-05,-0.00016138681037500803,-2.0390685534847682e-05,indie
2009.0,xcu,7,7.372456502506635e-05,0.0,0.00022117369507519905,3.57321517901808e-05,0.0,0.0001071964553705424,-3.799241323488555e-05,-0.00011397723970465665,0.0,indie
2009.0,cu,7,0.0013708371859168153,0.00039091060997780054,0.002481225156926582,0.004009073175398261,0.0008307922685036504,0.008295351445095401,0.0026382359894814456,-0.0006489059331604621,0.006314612560403646,indie
2009.0,mcu,7,0.28973076360362376,0.2159791560911652,0.3697313682184537,0.38932198747238334,0.3352460707310742,0.44209503109468873,0.09959122386875957,0.05017581839663443,0.15904384543391517,indie
2009.0,m,7,0.5338502103167303,0.4722157001154144,0.5997332765071296,0.5174796803835279,0.4662735508932362,0.5759115684648186,-0.016370529933202427,-0.1087607116643495,0.074348359714932,indie
2009.0,ml,7,0.08878937272845551,0.05948338408193595,0.11950475339391411,0.06256479871997225,0.03331146825464024,0.0933158702716476,-0.026224574008483256,-0.06973160791477864,0.005941167501927136,indie
2009.0,l,7,0.08601363954773492,0.025229212203922352,0.1820398141775967,0.026588728096928138,0.011337169120638337,0.046340534309556446,-0.05942491145080678,-0.15331216197374978,-0.0020190541778976404,indie
2009.0,xls,7,0.00017145205251373156,4.212832287146649e-05,0.0003036291831895915,0.0,0.0,0.0,-0.00017145205251373156,-0.0003036291831895915,-4.212832287146649e-05,indie
2010.0,xcu,1,0.0,0.0,0.0,0.0,0.0,0.0,0.0,0.0,0.0,indie
2010.0,cu,1,0.0,0.0,0.0,0.0,0.0,0.0,0.0,0.0,0.0,indie
2010.0,mcu,1,0.4356010568031704,0.4356010568031704,0.4356010568031704,0.4009512485136742,0.4009512485136742,0.4009512485136742,-0.03464980828949621,-0.03464980828949621,-0.03464980828949621,indie
2010.0,m,1,0.4739101717305152,0.4739101717305152,0.4739101717305152,0.47776456599286565,0.47776456599286565,0.47776456599286565,0.003854394262350458,0.003854394262350458,0.003854394262350458,indie
2010.0,ml,1,0.08718626155878467,0.08718626155878467,0.08718626155878467,0.059334126040428065,0.059334126040428065,0.059334126040428065,-0.027852135518356608,-0.027852135518356608,-0.027852135518356608,indie
2010.0,l,1,0.0033025099075297227,0.0033025099075297227,0.0033025099075297227,0.06195005945303211,0.06195005945303211,0.06195005945303211,0.058647549545502387,0.058647549545502387,0.058647549545502387,indie
2010.0,xls,1,0.0,0.0,0.0,0.0,0.0,0.0,0.0,0.0,0.0,indie
2011.0,xcu,1,0.0,0.0,0.0,0.0,0.0,0.0,0.0,0.0,0.0,indie
2011.0,cu,1,0.00306044376434583,0.00306044376434583,0.00306044376434583,0.0,0.0,0.0,-0.00306044376434583,-0.00306044376434583,-0.00306044376434583,indie
2011.0,mcu,1,0.2663861259882683,0.2663861259882683,0.2663861259882683,0.4186813186813187,0.4186813186813187,0.4186813186813187,0.15229519269305042,0.15229519269305042,0.15229519269305042,indie
2011.0,m,1,0.6550624840601887,0.6550624840601887,0.6550624840601887,0.5516483516483517,0.5516483516483517,0.5516483516483517,-0.10341413241183706,-0.10341413241183706,-0.10341413241183706,indie
2011.0,ml,1,0.05751083907166539,0.05751083907166539,0.05751083907166539,0.02857142857142857,0.02857142857142857,0.02857142857142857,-0.02893941050023682,-0.02893941050023682,-0.02893941050023682,indie
2011.0,l,1,0.017980107115531753,0.017980107115531753,0.017980107115531753,0.001098901098901099,0.001098901098901099,0.001098901098901099,-0.016881206016630654,-0.016881206016630654,-0.016881206016630654,indie
2011.0,xls,1,0.0,0.0,0.0,0.0,0.0,0.0,0.0,0.0,0.0,indie
