year,mean,lo,hi,n_movies,category,genre
1921.0,0.07002647961682884,0.06472952086553323,0.07532343836812445,2,Medium close-up,Drama
1922.0,0.04025178639281474,0.01988640640660855,0.060837825433641475,10,Medium close-up,Drama
1923.0,0.03759455864548183,0.024363038512708,0.05147413496492581,14,Medium close-up,Drama
1924.0,0.03356460651640893,0.022910856539261063,0.04544738921323708,11,Medium close-up,Drama
1925.0,0.05662907508789818,0.030601749099603084,0.08377446303240509,11,Medium close-up,Drama
1926.0,0.04997219521296068,0.03403659475842133,0.06641062073367526,15,Medium close-up,Drama
1927.0,0.07230115340378857,0.05096093540834783,0.09368480655480883,20,Medium close-up,Drama
1928.0,0.10040379130491348,0.0737309110545336,0.12973925270562758,19,Medium close-up,Drama
1929.0,0.033839429717221384,0.024747147711701122,0.044453073844227545,23,Medium close-up,Drama
1930.0,0.02859902091494335,0.01920294974321265,0.03959005629562328,22,Medium close-up,Drama
1931.0,0.039652841890044234,0.030864193449038745,0.048215174261560946,27,Medium close-up,Drama
1932.0,0.05587650277757152,0.042355483141945774,0.07010638927488845,23,Medium close-up,Drama
1933.0,0.050645309584864406,0.03848904519358985,0.06319560071807906,19,Medium close-up,Drama
1934.0,0.0805766598833847,0.06284739613194708,0.09893707852302547,24,Medium close-up,Drama
1935.0,0.06583316206078363,0.049166794706813136,0.08757144482515217,18,Medium close-up,Drama
1936.0,0.06936686731244414,0.05082792785691243,0.08851347628110703,24,Medium close-up,Drama
1937.0,0.07179734082759218,0.05803575566671791,0.08558100402947522,22,Medium close-up,Drama
1938.0,0.06381457085570971,0.05137425703416912,0.07769550246029994,24,Medium close-up,Drama
1939.0,0.07562938759348174,0.06207581205680049,0.08879578468803541,29,Medium close-up,Drama
1940.0,0.07427758103812093,0.05683529568015255,0.09296393844971923,22,Medium close-up,Drama
1941.0,0.08566098415101786,0.05905188906171786,0.12219911841305488,18,Medium close-up,Drama
1942.0,0.06793252431480824,0.05371193307786912,0.08453130351476122,29,Medium close-up,Drama
1943.0,0.07568688801417746,0.05513496917813922,0.09879104786103154,24,Medium close-up,Drama
1944.0,0.054000777567875954,0.04135012692312539,0.0664520142531208,25,Medium close-up,Drama
1945.0,0.06853471918062358,0.05343593962396807,0.086650083533965,25,Medium close-up,Drama
1946.0,0.06032758673894025,0.04492309490475792,0.08062454955058652,29,Medium close-up,Drama
1947.0,0.069182232354865,0.050578447904443366,0.09071727053819019,22,Medium close-up,Drama
1948.0,0.06913611242070193,0.05094566192015662,0.08490449851846422,28,Medium close-up,Drama
1949.0,0.05549632288481017,0.04363728406854308,0.06842553718022942,27,Medium close-up,Drama
1950.0,0.03334799129084373,0.021067141724944814,0.04523531738339494,15,Medium close-up,Drama
1951.0,0.05048340467938407,0.0372887263230186,0.06477492001489268,26,Medium close-up,Drama
1952.0,0.05363801553884726,0.03517470031380336,0.0734742640715695,20,Medium close-up,Drama
1953.0,0.0518792245857062,0.03958835760586253,0.06522914548300626,22,Medium close-up,Drama
1954.0,0.058793386647699265,0.0397004733464016,0.07769006853147058,29,Medium close-up,Drama
1955.0,0.03682454193737699,0.026541265481800667,0.048216641994872196,29,Medium close-up,Drama
1956.0,0.06016219707351321,0.04130611293307057,0.08261649213348882,28,Medium close-up,Drama
1957.0,0.08105552027365255,0.0583201198092966,0.10563705922902644,23,Medium close-up,Drama
1958.0,0.09143701877135017,0.062122315456327286,0.1269428695442825,21,Medium close-up,Drama
1959.0,0.09348373622342981,0.061543515997501935,0.1267148038221876,22,Medium close-up,Drama
1960.0,0.0946887506869024,0.07249060364365023,0.1181114868895347,31,Medium close-up,Drama
1961.0,0.10819347805508005,0.08834903346178415,0.12959991809720953,24,Medium close-up,Drama
1962.0,0.12795091073616813,0.10148145249176385,0.15631096431260705,27,Medium close-up,Drama
1963.0,0.11762146233084146,0.08241936609988312,0.1568881853299935,18,Medium close-up,Drama
1964.0,0.1397247295315487,0.10591193310496397,0.1788266182598007,23,Medium close-up,Drama
1965.0,0.1271748786514292,0.09255282399138232,0.167572038151307,19,Medium close-up,Drama
1966.0,0.13581174036510912,0.11124418228094482,0.16308955013830692,20,Medium close-up,Drama
1967.0,0.17060660429041413,0.1387577697704339,0.20832706099210316,19,Medium close-up,Drama
1968.0,0.2085350694451098,0.16544244071074393,0.2562801120224444,19,Medium close-up,Drama
1969.0,0.1947335744655826,0.14595668537181058,0.241571634903933,18,Medium close-up,Drama
1970.0,0.18814946735299334,0.14618666243809897,0.23234075225182652,23,Medium close-up,Drama
1971.0,0.21354183902556398,0.1813307352637271,0.2534330199454186,20,Medium close-up,Drama
1972.0,0.21455616219284987,0.18346567330550825,0.2486139381345066,27,Medium close-up,Drama
1973.0,0.19185097818269642,0.15879772818470764,0.23535410600797038,22,Medium close-up,Drama
1974.0,0.20363224178521286,0.16103446462313406,0.24611576742682606,20,Medium close-up,Drama
1975.0,0.17696396226863878,0.14265088082171906,0.21506207818511916,26,Medium close-up,Drama
1976.0,0.20798381429938953,0.1725700648163067,0.24240326583667207,21,Medium close-up,Drama
1977.0,0.18244322692623474,0.15563311516759865,0.20942185755723872,19,Medium close-up,Drama
1978.0,0.18139274513994286,0.14447927418530018,0.21650479727170865,20,Medium close-up,Drama
1979.0,0.21336660598199844,0.1774574747230119,0.24624033847771873,20,Medium close-up,Drama
1980.0,0.22253179796213554,0.18579622703955398,0.25554426023938914,17,Medium close-up,Drama
1981.0,0.18330330359416375,0.14766706725095624,0.2205898468287233,22,Medium close-up,Drama
1982.0,0.19956868757738072,0.15910119583365695,0.24823163132594026,16,Medium close-up,Drama
1983.0,0.2106175225428196,0.17485942253968956,0.24482585355183856,20,Medium close-up,Drama
1984.0,0.18341975092497914,0.14646970825196406,0.22188190704783411,17,Medium close-up,Drama
1985.0,0.21584202099792554,0.1820461378078923,0.2506722282892632,21,Medium close-up,Drama
1986.0,0.23371056901529488,0.18289226672114092,0.28849721962983144,15,Medium close-up,Drama
1987.0,0.21338351449750984,0.18422788328650194,0.2468215449662971,18,Medium close-up,Drama
1988.0,0.22522425076005806,0.18881124629767057,0.2658575677577054,21,Medium close-up,Drama
1989.0,0.26753354496617426,0.23122887997564295,0.3001104840965382,18,Medium close-up,Drama
1990.0,0.2631702994822855,0.22427781497859506,0.30541292858178526,20,Medium close-up,Drama
1991.0,0.2807565479591909,0.24557704857540968,0.31377922478501385,27,Medium close-up,Drama
1992.0,0.25882780226840196,0.2291581704287524,0.2880127772165402,20,Medium close-up,Drama
1993.0,0.2600556711482808,0.22925393505807506,0.2918579510228913,26,Medium close-up,Drama
1994.0,0.2614616523371032,0.23069184082040692,0.29173596671244734,22,Medium close-up,Drama
1995.0,0.29843850731261945,0.253784423796085,0.33284850107778735,26,Medium close-up,Drama
1996.0,0.277597934795898,0.2361458642225145,0.32056559467605505,23,Medium close-up,Drama
1997.0,0.2897946430628778,0.24220223776794397,0.33399977888139676,22,Medium close-up,Drama
1998.0,0.2944482105794097,0.24768850076766,0.34042131822558336,22,Medium close-up,Drama
1999.0,0.2797349997155585,0.23970402216844997,0.3220334447904135,17,Medium close-up,Drama
2000.0,0.31816026279787474,0.2808658916985951,0.35417067623509774,14,Medium close-up,Drama
2001.0,0.31815111719921757,0.281752501668628,0.3530695250384881,18,Medium close-up,Drama
2002.0,0.3009536593900842,0.25617760667507333,0.3461149857794351,22,Medium close-up,Drama
2003.0,0.29581731994572685,0.2568961675496224,0.33410403603633854,11,Medium close-up,Drama
2004.0,0.32116337948102824,0.26517984956088636,0.3705455314596902,19,Medium close-up,Drama
2005.0,0.3035289981271262,0.24898124699530044,0.3568832081904941,13,Medium close-up,Drama
2006.0,0.24997231381323326,0.19058504065407025,0.30748411867109154,14,Medium close-up,Drama
2007.0,0.2555718173718354,0.2132126059408672,0.29768295006836987,11,Medium close-up,Drama
2008.0,0.25326736251251236,0.20582288519906858,0.30197163725409676,19,Medium close-up,Drama
2009.0,0.24362499951421565,0.18329910709609498,0.2992182678642227,15,Medium close-up,Drama
2010.0,0.3056738738131021,0.24508227108811323,0.36994224807609355,16,Medium close-up,Drama
2011.0,0.20495715850088403,0.14964910502621048,0.2608637385117908,10,Medium close-up,Drama
2012.0,0.26514424613089815,0.21728256145641497,0.31414229192682247,19,Medium close-up,Drama
2013.0,0.28311750718326195,0.23122273383445,0.3423886517304406,11,Medium close-up,Drama
2014.0,0.26676371309835994,0.21226630990789613,0.3241949530785157,15,Medium close-up,Drama
2015.0,0.25306192504805036,0.19293538310969974,0.30872927922562965,13,Medium close-up,Drama
2016.0,0.27983274696515936,0.21732975465104004,0.3506248640388417,12,Medium close-up,Drama
2017.0,0.24185049822764332,0.1929349623116921,0.28859953252106657,15,Medium close-up,Drama
2018.0,0.27791195120344797,0.22516886690832,0.32743780282193874,14,Medium close-up,Drama
2019.0,0.21062449902576671,0.16977699782445163,0.25750356423051907,24,Medium close-up,Drama
2020.0,0.23289369254776968,0.18766607674805272,0.2833542847606621,15,Medium close-up,Drama
2021.0,0.24232383439611513,0.18058142164058233,0.2959920209954351,7,Medium close-up,Drama
2022.0,0.25308038005255973,0.19714358107584348,0.31142613179915035,15,Medium close-up,Drama
2023.0,0.24631753437655746,0.20773814046574032,0.2854591939459104,8,Medium close-up,Drama
2024.0,0.22722222794315877,0.1721872261741638,0.29696985560284866,14,Medium close-up,Drama
2025.0,0.22705651315137554,0.16626970415580208,0.2858453521403691,7,Medium close-up,Drama
1921.0,0.2813038337602663,0.22377125193199382,0.3388364155885388,2,Medium,Drama
1922.0,0.3047230393070737,0.2594490507447841,0.3538865663769612,10,Medium,Drama
1923.0,0.34607640222590375,0.2958920667353331,0.394701558653127,14,Medium,Drama
1924.0,0.35978734964321357,0.3045760123163088,0.4125667637099748,11,Medium,Drama
1925.0,0.33975702587289863,0.2805913267886219,0.40455802976792593,11,Medium,Drama
1926.0,0.38642356063476474,0.33814517667129623,0.44130389428432926,15,Medium,Drama
1927.0,0.41178560154166943,0.3680946372174452,0.44886099066116836,20,Medium,Drama
1928.0,0.4570139147389427,0.4204601568600073,0.4921778554699553,19,Medium,Drama
1929.0,0.4658760590651454,0.4173357359643575,0.5145031889558657,23,Medium,Drama
1930.0,0.4689702822771855,0.42055131967886367,0.5173494971363057,22,Medium,Drama
1931.0,0.4613915541619354,0.4189904537156262,0.5007378453986508,27,Medium,Drama
1932.0,0.516857350106872,0.4850647175395372,0.548152084117473,23,Medium,Drama
1933.0,0.4835300146305884,0.4540008847133967,0.515050131662352,19,Medium,Drama
1934.0,0.46697037448933654,0.44335935881551697,0.4885931032057667,24,Medium,Drama
1935.0,0.5034546386233701,0.4718444383740802,0.5335354123955669,18,Medium,Drama
1936.0,0.486482285349217,0.44584249047046615,0.5253202992151581,24,Medium,Drama
1937.0,0.5043616499167474,0.4706413297508821,0.5372528574660465,22,Medium,Drama
1938.0,0.495739056328323,0.46216407959653416,0.5294215857503843,24,Medium,Drama
1939.0,0.47402258147203225,0.4403004531531362,0.5060538850180571,29,Medium,Drama
1940.0,0.5098344786497327,0.4740341589785337,0.547858645905442,22,Medium,Drama
1941.0,0.4688360802962235,0.43168374507233526,0.511443127625505,18,Medium,Drama
1942.0,0.4818979817050551,0.43959975388339473,0.5163769759126946,29,Medium,Drama
1943.0,0.45390011395745705,0.4216381769879053,0.4871824601594197,24,Medium,Drama
1944.0,0.4853577456878328,0.44742658004763614,0.5228619727794533,25,Medium,Drama
1945.0,0.471632109877535,0.4361868218545884,0.5025227456167982,25,Medium,Drama
1946.0,0.510266571277108,0.4819088046639386,0.5355667412499108,29,Medium,Drama
1947.0,0.5154498262929886,0.48242244687369173,0.5486085577138009,22,Medium,Drama
1948.0,0.48724291219095045,0.4441817754343702,0.5310726736479809,28,Medium,Drama
1949.0,0.49546699025835156,0.4661223078446203,0.526264220568736,27,Medium,Drama
1950.0,0.4640778202130154,0.4154455049624761,0.5095784653767637,15,Medium,Drama
1951.0,0.44440889254435506,0.4041989705008485,0.48654688634706783,26,Medium,Drama
1952.0,0.43021522168511517,0.39589564932779253,0.4656297567523147,20,Medium,Drama
1953.0,0.394133445145019,0.3509163663023107,0.4369737774936019,22,Medium,Drama
1954.0,0.45953365944848534,0.42076576340379546,0.4993008806828259,29,Medium,Drama
1955.0,0.4889768052423574,0.4462602919619806,0.5347715390601744,29,Medium,Drama
1956.0,0.42728692041314054,0.39427841751781667,0.4639423474649998,28,Medium,Drama
1957.0,0.45835611849544,0.41699464350891674,0.49870149303410183,23,Medium,Drama
1958.0,0.49008251759631694,0.44126065555201877,0.5375911812817118,21,Medium,Drama
1959.0,0.47893602678046887,0.42567868115724405,0.5285278255593037,22,Medium,Drama
1960.0,0.5053719015577786,0.47266919638359034,0.5360917610870488,31,Medium,Drama
1961.0,0.498279652334104,0.4507128530244749,0.5478512609394082,24,Medium,Drama
1962.0,0.5232618358970816,0.48051049685015795,0.5647094899683008,27,Medium,Drama
1963.0,0.48590958544383905,0.44031555204462086,0.5377571872231863,18,Medium,Drama
1964.0,0.49071290693098385,0.4483305369874532,0.5329019384810845,23,Medium,Drama
1965.0,0.45161362937481175,0.39820305014575363,0.5050631730863789,19,Medium,Drama
1966.0,0.45914816913952733,0.42992837577428644,0.49010682159798186,20,Medium,Drama
1967.0,0.48588240504400393,0.4364834131732488,0.5297136091658989,19,Medium,Drama
1968.0,0.42699390642549845,0.3992493310025996,0.45372498669168265,19,Medium,Drama
1969.0,0.40339634689183584,0.3569823404313294,0.44763093398194786,18,Medium,Drama
1970.0,0.42652668822079126,0.3919039991696514,0.4628697746904291,23,Medium,Drama
1971.0,0.4210473662772835,0.3813218050728669,0.45508017575989956,20,Medium,Drama
1972.0,0.4200316391725465,0.38849765360467575,0.4496186031938734,27,Medium,Drama
1973.0,0.4472440495776871,0.4177643734041635,0.4796371714362022,22,Medium,Drama
1974.0,0.4379009950388887,0.3967927933382987,0.47423158836879836,20,Medium,Drama
1975.0,0.4196765536194328,0.38329008904643735,0.4582587435680773,26,Medium,Drama
1976.0,0.413669674237176,0.3780606808035354,0.4499841675216848,21,Medium,Drama
1977.0,0.43288894392902266,0.3931673324217719,0.4703957793188107,19,Medium,Drama
1978.0,0.43866426745335996,0.4138493116824678,0.4645738829095958,20,Medium,Drama
1979.0,0.4350678374514175,0.3968960692159417,0.4789830689697473,20,Medium,Drama
1980.0,0.42544558887156203,0.40452090910938665,0.44628083567702453,17,Medium,Drama
1981.0,0.4242868793808061,0.39173344458883563,0.45455743403005483,22,Medium,Drama
1982.0,0.4119978552959551,0.36732511984466887,0.456894453901755,16,Medium,Drama
1983.0,0.4110510489479613,0.3753648458230383,0.444027968506141,20,Medium,Drama
1984.0,0.41983791588157393,0.3744049692290782,0.4605250989048613,17,Medium,Drama
1985.0,0.42614425481811935,0.39800215203439027,0.4524438772305306,21,Medium,Drama
1986.0,0.4383247687132898,0.3885669724963721,0.48501704018326275,15,Medium,Drama
1987.0,0.452698971585028,0.41625286168736936,0.48527227825566716,18,Medium,Drama
1988.0,0.39783106453588424,0.3452286818084475,0.4474787324471696,21,Medium,Drama
1989.0,0.422992684865213,0.39804049227420374,0.44639735012660453,18,Medium,Drama
1990.0,0.4044849840277041,0.3672400476824689,0.4403890214249598,20,Medium,Drama
1991.0,0.39504924577630773,0.36800996720967694,0.41981167033367245,27,Medium,Drama
1992.0,0.4171879147870198,0.39008611983085145,0.44500064522984445,20,Medium,Drama
1993.0,0.40138642258453827,0.3790141920778825,0.422978770071722,26,Medium,Drama
1994.0,0.3999304471025502,0.36868369046794847,0.4328762216433464,22,Medium,Drama
1995.0,0.3899155236100102,0.36221055919471745,0.4211900454558551,26,Medium,Drama
1996.0,0.4082521131882668,0.38175907685363075,0.43386752256666977,23,Medium,Drama
1997.0,0.391639447167575,0.3614748975750463,0.4203447602416405,22,Medium,Drama
1998.0,0.39646033997444957,0.35397707315073645,0.4356083320162164,22,Medium,Drama
1999.0,0.4197412528219638,0.38490081050072467,0.45444236263323934,17,Medium,Drama
2000.0,0.35189752148548964,0.30978840302341204,0.3916631862760547,14,Medium,Drama
2001.0,0.3677499318941808,0.3250850967776123,0.4093313652183748,18,Medium,Drama
2002.0,0.38250748371643967,0.34711149327154267,0.41922109670718294,22,Medium,Drama
2003.0,0.3709782968084069,0.31333859756378174,0.438201374270549,11,Medium,Drama
2004.0,0.3697123416958548,0.32408014025729015,0.41434230034168756,19,Medium,Drama
2005.0,0.40050391568742855,0.35848498308404714,0.4430943923094427,13,Medium,Drama
2006.0,0.44720135120356186,0.3832030635793629,0.511792133830778,14,Medium,Drama
2007.0,0.41578996076120855,0.3828097446780798,0.4541149580239728,11,Medium,Drama
2008.0,0.41126467117382126,0.3657330137996937,0.4629162868807601,19,Medium,Drama
2009.0,0.448855881982691,0.40131647614457605,0.49768570653819383,15,Medium,Drama
2010.0,0.4017380758389263,0.3581866886325013,0.44604293050126737,16,Medium,Drama
2011.0,0.43019854306036337,0.3773813594526923,0.4822332329670272,10,Medium,Drama
2012.0,0.3991120505498433,0.36214512069095395,0.43594224162095546,19,Medium,Drama
2013.0,0.39226617723430146,0.341647398961473,0.4384311441717296,11,Medium,Drama
2014.0,0.3955006507855969,0.34379164243532684,0.44508639963248503,15,Medium,Drama
2015.0,0.42341250926029667,0.36568986127024455,0.482907007257999,13,Medium,Drama
2016.0,0.372901639149865,0.3279561323954722,0.4225217310074244,12,Medium,Drama
2017.0,0.4073490756251265,0.3630996596844221,0.4551369896068526,15,Medium,Drama
2018.0,0.4392429885454581,0.3878087774748374,0.4908361892123112,14,Medium,Drama
2019.0,0.4146417160953075,0.37152037734251797,0.4526045660729163,24,Medium,Drama
2020.0,0.4534084273893352,0.41236767795483326,0.49041846309889,15,Medium,Drama
2021.0,0.404606828279037,0.34285215893686916,0.45928694458246694,7,Medium,Drama
2022.0,0.41074887222111245,0.35739226636835486,0.46395979856873365,15,Medium,Drama
2023.0,0.4573773360014032,0.4073276639509621,0.49462874335971624,8,Medium,Drama
2024.0,0.37720858797516926,0.3136945625066606,0.43193333884815255,14,Medium,Drama
2025.0,0.42756233008663536,0.35315011995344653,0.5011992429922001,7,Medium,Drama
1921.0,0.1992957243852797,0.18965790935788554,0.20893353941267387,2,Medium long,Drama
1922.0,0.21513787735525725,0.16410399719961283,0.2653744745191786,10,Medium long,Drama
1923.0,0.210407353313891,0.18471979406462558,0.2380620995542213,14,Medium long,Drama
1924.0,0.22663387449344582,0.17982216796938622,0.27070238679888015,11,Medium long,Drama
1925.0,0.1732287470807026,0.12946314738213424,0.21910149413990818,11,Medium long,Drama
1926.0,0.17054477927199144,0.14755273813701833,0.19676086408606475,15,Medium long,Drama
1927.0,0.17834930788344386,0.15436857322998565,0.20348304302590678,20,Medium long,Drama
1928.0,0.15980842993329764,0.13702400843206008,0.18160329497404712,19,Medium long,Drama
1929.0,0.23760785275860227,0.21334061462552198,0.26307850834068847,23,Medium long,Drama
1930.0,0.269058816638345,0.23616763774345995,0.3020433777250802,22,Medium long,Drama
1931.0,0.2710905173822759,0.24585249027144782,0.29971419665533805,27,Medium long,Drama
1932.0,0.24187787315040382,0.22064176756961806,0.26434962720683614,23,Medium long,Drama
1933.0,0.2656652205315745,0.22712841604847256,0.30371571140032505,19,Medium long,Drama
1934.0,0.2576195709658424,0.23106913438126703,0.2844890264853008,24,Medium long,Drama
1935.0,0.2292742775914079,0.20488881420973012,0.2523258258973551,18,Medium long,Drama
1936.0,0.221038220022534,0.20613767150478876,0.23801406625824112,24,Medium long,Drama
1937.0,0.21520191018767906,0.19217331126596585,0.24035218110089998,22,Medium long,Drama
1938.0,0.2354421603785671,0.2128168545623179,0.2562128798474037,24,Medium long,Drama
1939.0,0.22512390088046905,0.20426667730674117,0.24779154593094704,29,Medium long,Drama
1940.0,0.2174519416321135,0.1977823029549185,0.2390304037573951,22,Medium long,Drama
1941.0,0.23317070023207448,0.19808353302186096,0.27430195823341336,18,Medium long,Drama
1942.0,0.20468943850148785,0.18466104399558697,0.2233860291895309,29,Medium long,Drama
1943.0,0.21215569703371462,0.18374939739805596,0.23844547975602037,24,Medium long,Drama
1944.0,0.23984570846894201,0.2195810427003295,0.26047569315359526,25,Medium long,Drama
1945.0,0.2297332416832927,0.20743935242842743,0.25468798686222355,25,Medium long,Drama
1946.0,0.23500690141302027,0.21268520501907598,0.2565454099159301,29,Medium long,Drama
1947.0,0.22525253822453759,0.20333425475846284,0.2449935405435433,22,Medium long,Drama
1948.0,0.2184607110325097,0.19787807825055476,0.24068756868399918,28,Medium long,Drama
1949.0,0.24635923794669054,0.2229799701082311,0.2703459774232247,27,Medium long,Drama
1950.0,0.29178680220763625,0.257147279263208,0.32952171542447595,15,Medium long,Drama
1951.0,0.2422077349941697,0.2154478359234817,0.2702617541885462,26,Medium long,Drama
1952.0,0.25226325733031063,0.22286989698930693,0.2796482217329209,20,Medium long,Drama
1953.0,0.24346985160172518,0.21472986387995702,0.27567366402853016,22,Medium long,Drama
1954.0,0.22798730824018035,0.20336564652336106,0.25522358243476234,29,Medium long,Drama
1955.0,0.23443748891952926,0.20721618134699163,0.26346999058392007,29,Medium long,Drama
1956.0,0.25495144009405507,0.2156220295422385,0.2984379805019544,28,Medium long,Drama
1957.0,0.20545752436363646,0.176168015526141,0.23934447152883254,23,Medium long,Drama
1958.0,0.20726985954708924,0.16673742275598893,0.24577430924057997,21,Medium long,Drama
1959.0,0.20697756738577544,0.1769464727763031,0.23815170888217058,22,Medium long,Drama
1960.0,0.19986191553704044,0.16328366412925852,0.23623357374603438,31,Medium long,Drama
1961.0,0.16980727209809468,0.14259999270305357,0.19964734198020143,24,Medium long,Drama
1962.0,0.15669417110808387,0.13588402388957024,0.17830170955360014,27,Medium long,Drama
1963.0,0.15847345622802222,0.13059307303814163,0.1859318597222543,18,Medium long,Drama
1964.0,0.15412526610349173,0.12830996227014252,0.18130829672431711,23,Medium long,Drama
1965.0,0.14664693722833314,0.12328996064934204,0.1718584957870026,19,Medium long,Drama
1966.0,0.1433261114218058,0.12436472295889969,0.1667912644193338,20,Medium long,Drama
1967.0,0.12939392952934547,0.11037457907555634,0.1494227484685843,19,Medium long,Drama
1968.0,0.14432116366604186,0.11941443335503851,0.16843069526885762,19,Medium long,Drama
1969.0,0.1319529945910503,0.10916308457387776,0.15496041169654856,18,Medium long,Drama
1970.0,0.15715219244754586,0.1377561848408176,0.17795252417951216,23,Medium long,Drama
1971.0,0.13415735287589742,0.11465245405118382,0.15635802232192592,20,Medium long,Drama
1972.0,0.13969579298686885,0.12075074832872351,0.1572883472317912,27,Medium long,Drama
1973.0,0.13138498009286373,0.11366687622035418,0.1494863057155619,22,Medium long,Drama
1974.0,0.1444530530655376,0.12127884653744675,0.16679920711272084,20,Medium long,Drama
1975.0,0.1569811850893081,0.13646487021274042,0.17840534318443033,26,Medium long,Drama
1976.0,0.13840274710283992,0.12228307168724763,0.1545776839524582,21,Medium long,Drama
1977.0,0.15045152281919746,0.12792599057659318,0.17610193938651086,19,Medium long,Drama
1978.0,0.18975351192445641,0.15805522886160528,0.22732336672391817,20,Medium long,Drama
1979.0,0.14047255788924884,0.12395770211830515,0.1562865373246913,20,Medium long,Drama
1980.0,0.15354191697380679,0.13562146075008585,0.17584962073690705,17,Medium long,Drama
1981.0,0.14795692358185852,0.1299714587106628,0.16698538364303328,22,Medium long,Drama
1982.0,0.1541832974027337,0.12729127412570138,0.17652537022668094,16,Medium long,Drama
1983.0,0.1379011900472177,0.11414439872250098,0.1635269480040312,20,Medium long,Drama
1984.0,0.14288946632555952,0.1251911645858418,0.15987503979396303,17,Medium long,Drama
1985.0,0.12563500283029785,0.1120712927102864,0.13976860069803224,21,Medium long,Drama
1986.0,0.14497795826711526,0.12375159281467138,0.16674027153701254,15,Medium long,Drama
1987.0,0.13195764881410346,0.11313340655220132,0.15162379508780852,18,Medium long,Drama
1988.0,0.12169082670224396,0.10231447847265743,0.14017510938054634,21,Medium long,Drama
1989.0,0.11746510539093889,0.09737457741597996,0.14054087244671654,18,Medium long,Drama
1990.0,0.12071366058149273,0.10085048157861276,0.14047298544894474,20,Medium long,Drama
1991.0,0.11613801707779564,0.09923120055003612,0.13296546690767735,27,Medium long,Drama
1992.0,0.11741178211199577,0.10316617333760447,0.1317439602394129,20,Medium long,Drama
1993.0,0.1070536182832266,0.09606041529263079,0.11915149506133929,26,Medium long,Drama
1994.0,0.11028997044097001,0.09178926115614151,0.12714909003960054,22,Medium long,Drama
1995.0,0.09862144508545517,0.08524798981139221,0.11299584538834936,26,Medium long,Drama
1996.0,0.10124283309349197,0.08484624944233427,0.11731353617027966,23,Medium long,Drama
1997.0,0.09033635164686935,0.07589505596398988,0.10596956278207251,22,Medium long,Drama
1998.0,0.09008410125334053,0.07667492584942025,0.10334569733799254,22,Medium long,Drama
1999.0,0.10441899106957474,0.08607892583322647,0.12319523992627224,17,Medium long,Drama
2000.0,0.07939170725777064,0.06320499330340949,0.09403971235628261,14,Medium long,Drama
2001.0,0.07358284699704887,0.06134422429078187,0.0870435465079666,18,Medium long,Drama
2002.0,0.08716416550906937,0.0705012588265285,0.10420800090102984,22,Medium long,Drama
2003.0,0.09061035633338224,0.06902304729003945,0.1114593811518087,11,Medium long,Drama
2004.0,0.08695606753508435,0.07191464892021472,0.10397101152020488,19,Medium long,Drama
2005.0,0.07928667231571075,0.061077981415547204,0.0975879746896333,13,Medium long,Drama
2006.0,0.09072184499121841,0.07092805614363484,0.1105298619154178,14,Medium long,Drama
2007.0,0.10669190175721967,0.08970006006879953,0.12629599058061516,11,Medium long,Drama
2008.0,0.08509918522905574,0.06978674828714165,0.10136494314280652,19,Medium long,Drama
2009.0,0.0935261493304625,0.06979870667604224,0.11889077860838228,15,Medium long,Drama
2010.0,0.06937574150075537,0.053007763061805796,0.08841786037274545,16,Medium long,Drama
2011.0,0.09081556717464098,0.06799928432660429,0.11679056687334054,10,Medium long,Drama
2012.0,0.10038317823039039,0.07933659413686409,0.12406496920833664,19,Medium long,Drama
2013.0,0.06886229983287791,0.052322242205664116,0.08332017236731537,11,Medium long,Drama
2014.0,0.07161862953587952,0.05553538003582727,0.08721562477852016,15,Medium long,Drama
2015.0,0.09755394648028469,0.08342873278556626,0.11170089976472108,13,Medium long,Drama
2016.0,0.08118133265934234,0.06184223368416119,0.10115710862950564,12,Medium long,Drama
2017.0,0.08525104281179034,0.062417114036823235,0.11129779276989199,15,Medium long,Drama
2018.0,0.08694282360882431,0.06839289352529301,0.10816267750994679,14,Medium long,Drama
2019.0,0.09616396764693369,0.07731060597681187,0.11486987126270612,24,Medium long,Drama
2020.0,0.0762538101086731,0.060566203676350364,0.09721135559080578,15,Medium long,Drama
2021.0,0.0725933141635704,0.05389003702930922,0.09142291170987431,7,Medium long,Drama
2022.0,0.08181371803372926,0.06369319111640914,0.10108763615512513,15,Medium long,Drama
2023.0,0.08110749187629666,0.07019040877519771,0.09137950282599998,8,Medium long,Drama
2024.0,0.08863993652282633,0.06673207766535422,0.11077579242452044,14,Medium long,Drama
2025.0,0.08186121252005485,0.06572599460758126,0.0946836452199383,7,Medium long,Drama
1921.0,0.4228847999884194,0.353837606159219,0.49193199381761976,2,Long,Drama
1922.0,0.4011086921895344,0.3141055800159651,0.4818490872349822,10,Long,Drama
1923.0,0.3763956425160294,0.3204830712758942,0.4367420453885262,14,Long,Drama
1924.0,0.35326455525158396,0.2906402004278957,0.4232688519073235,11,Long,Drama
1925.0,0.40244393616634383,0.3211602663609842,0.5004374409825035,11,Long,Drama
1926.0,0.35952972258199034,0.2971060574021078,0.41643207748160543,15,Long,Drama
1927.0,0.2999244367753456,0.2534309159347569,0.3507254938783493,20,Long,Drama
1928.0,0.24257048222203412,0.2105561708566674,0.2711709782789902,19,Long,Drama
1929.0,0.2422238791319769,0.19562815875873124,0.28923161939530134,23,Long,Drama
1930.0,0.2051713765542418,0.16327013578026703,0.2519489493820447,22,Long,Drama
1931.0,0.20424009918300023,0.16522639968682243,0.24455097689392122,27,Long,Drama
1932.0,0.15594200089838137,0.12561382384862924,0.18957814502491924,23,Long,Drama
1933.0,0.16973857824829625,0.13946945024627191,0.2007733549091342,19,Long,Drama
1934.0,0.17180092484730078,0.15129194246259345,0.1930257381570651,24,Long,Drama
1935.0,0.1748504756255497,0.14504957860658735,0.20647094846415934,18,Long,Drama
1936.0,0.20194781149133137,0.16520679152900591,0.24087005738853254,24,Long,Drama
1937.0,0.1798744063953751,0.14922287965269168,0.21242001535192814,22,Long,Drama
1938.0,0.17437257145315113,0.1512949243192249,0.19951607486195969,24,Long,Drama
1939.0,0.1928871453983296,0.15956182203807087,0.2303365692870856,29,Long,Drama
1940.0,0.17235096967713617,0.13909733150990525,0.2057306872096934,22,Long,Drama
1941.0,0.17502407729891503,0.14215034169802357,0.211028595397614,18,Long,Drama
1942.0,0.20950401721158704,0.1693041323877776,0.2697878608938657,29,Long,Drama
1943.0,0.21644391514566919,0.18475892508862013,0.2501296013656397,24,Long,Drama
1944.0,0.192189169286746,0.1616930332244072,0.22314002397281466,25,Long,Drama
1945.0,0.2015190301003834,0.17111006624674638,0.23179171783860344,25,Long,Drama
1946.0,0.17294866029498654,0.15014679978206075,0.19830711046172247,29,Long,Drama
1947.0,0.16598865507986268,0.1388930797383904,0.1950243621183218,22,Long,Drama
1948.0,0.19835393713409294,0.16253365995439004,0.23580049056309746,28,Long,Drama
1949.0,0.17394230501130714,0.1471039560393126,0.2029050583020514,27,Long,Drama
1950.0,0.19239137478882698,0.15676048055456435,0.22598078580261252,15,Long,Drama
1951.0,0.22363993503048885,0.18661635810714686,0.26070046160202026,26,Long,Drama
1952.0,0.23724642298361784,0.200823989624558,0.27694011924702394,20,Long,Drama
1953.0,0.276641365630248,0.2371179602383442,0.31697530418593534,22,Long,Drama
1954.0,0.21353415403639342,0.17561059654777525,0.2520635560259561,29,Long,Drama
1955.0,0.20241680002541654,0.17522393481908205,0.22809171376019208,29,Long,Drama
1956.0,0.23252956532478583,0.20323686139084943,0.26056765998445824,28,Long,Drama
1957.0,0.20568868043536379,0.17348338167767322,0.23920866850717679,23,Long,Drama
1958.0,0.17678816067585185,0.14261821760417817,0.2120844841484118,21,Long,Drama
1959.0,0.1877607271074745,0.15490900030709706,0.22641216774093578,22,Long,Drama
1960.0,0.17105443848099003,0.14562973394745546,0.2007013694030326,31,Long,Drama
1961.0,0.1868684645115707,0.14706019547550803,0.2289294294560456,24,Long,Drama
1962.0,0.16246203080095242,0.13011379458334005,0.19794498536711042,27,Long,Drama
1963.0,0.20410762960071943,0.16848966977879104,0.23891077027394997,18,Long,Drama
1964.0,0.186312761979041,0.1518768272919015,0.22728218152195775,23,Long,Drama
1965.0,0.2261417970273888,0.1820060232987991,0.2697194239045769,19,Long,Drama
1966.0,0.20807115936016124,0.17538608846399506,0.24436586095139948,20,Long,Drama
1967.0,0.18391652630594005,0.15963402710460844,0.20698058927646146,19,Long,Drama
1968.0,0.17472416206893793,0.1476961251333925,0.20329813486408804,19,Long,Drama
1969.0,0.21758953519966118,0.16312641444901996,0.29338610204001725,18,Long,Drama
1970.0,0.18034861893691004,0.1453640539058319,0.2193009785391629,23,Long,Drama
1971.0,0.1864692620707916,0.15487674357408543,0.21945953750734118,20,Long,Drama
1972.0,0.1878876544310902,0.1649687512555285,0.20840547811010976,27,Long,Drama
1973.0,0.18959596266447365,0.1582068130476569,0.21892187510488179,22,Long,Drama
1974.0,0.1670851780378588,0.13892227686918704,0.19822887975250564,20,Long,Drama
1975.0,0.19651556453780178,0.16944186873899938,0.22510315028543362,26,Long,Drama
1976.0,0.18751982377559298,0.16199034721532984,0.21243034568526978,21,Long,Drama
1977.0,0.17855358315027425,0.15190494278528463,0.20772018350625782,19,Long,Drama
1978.0,0.1576339859590164,0.13575511598154455,0.18198133360711366,20,Long,Drama
1979.0,0.16289788881256173,0.14196413559546417,0.18628543472046433,20,Long,Drama
1980.0,0.16292551483688267,0.13893055965894505,0.18725236507801607,17,Long,Drama
1981.0,0.197308167712662,0.15888662827105254,0.2528153814914958,22,Long,Drama
1982.0,0.18837702275700177,0.1560623866651402,0.22044869079641735,16,Long,Drama
1983.0,0.17829144644176065,0.15374043938684623,0.20552688257825003,20,Long,Drama
1984.0,0.19740271953647184,0.16915151137916798,0.2239834851159145,17,Long,Drama
1985.0,0.18421842835532812,0.15722377761490125,0.21056940297605545,21,Long,Drama
1986.0,0.13501091854569466,0.10945502520790945,0.16530988323467471,15,Long,Drama
1987.0,0.15298039611947514,0.12459739708733261,0.18481959898686,18,Long,Drama
1988.0,0.20142642821056655,0.14594329524728855,0.2724604017901351,21,Long,Drama
1989.0,0.13816881922511426,0.11869959340598066,0.15608894023849895,18,Long,Drama
1990.0,0.1505233245869672,0.1290663981503027,0.17192866994319012,20,Long,Drama
1991.0,0.1522561469238917,0.13124991770638875,0.1778983606002443,27,Long,Drama
1992.0,0.15393793598447622,0.13153828459741512,0.1784317391971342,20,Long,Drama
1993.0,0.16805890398987605,0.1421438704035615,0.19495200061652998,26,Long,Drama
1994.0,0.16020266271572814,0.1296207603404111,0.2005175608236465,22,Long,Drama
1995.0,0.14181522967711652,0.11520558511144013,0.1745166804942075,26,Long,Drama
1996.0,0.1457455256289528,0.12259749438083845,0.16955557331947743,23,Long,Drama
1997.0,0.14951929788496787,0.12205634007821191,0.17989860406961028,22,Long,Drama
1998.0,0.14045299453952242,0.11786996101768928,0.16954915823178404,22,Long,Drama
1999.0,0.129292791573869,0.11241858575294893,0.14557665442519066,17,Long,Drama
2000.0,0.15574073470669086,0.11648933306498621,0.20779793037390473,14,Long,Drama
2001.0,0.1509010127245074,0.12988656058758496,0.17402730184868756,18,Long,Drama
2002.0,0.14460843814935537,0.11801293737971053,0.17699179443350913,22,Long,Drama
2003.0,0.15363951794600436,0.12560063834876378,0.17937556278827982,11,Long,Drama
2004.0,0.14091441488242487,0.12134652201279424,0.16140982693561978,19,Long,Drama
2005.0,0.13532655817985723,0.11319818132046049,0.1573795372367836,13,Long,Drama
2006.0,0.1490592269541223,0.1122396904173143,0.19412887755678712,14,Long,Drama
2007.0,0.14909724404850302,0.12120373328508774,0.17802942964017132,11,Long,Drama
2008.0,0.15439827223915084,0.12412863206167155,0.18990321171734637,19,Long,Drama
2009.0,0.13569147275349933,0.10466483355715514,0.17963854280666985,15,Long,Drama
2010.0,0.14205881335338316,0.11761960224818475,0.16941986682096383,16,Long,Drama
2011.0,0.1787858896826244,0.13417620751968204,0.22707474853746623,10,Long,Drama
2012.0,0.14601208119472942,0.11976527059433233,0.17461057072424346,19,Long,Drama
2013.0,0.12402572952720135,0.09577842134663041,0.15421757313269413,11,Long,Drama
2014.0,0.16304434975461513,0.13871005236200865,0.1869266647529365,15,Long,Drama
2015.0,0.13812868861703673,0.1018040841642798,0.18007991937738105,13,Long,Drama
2016.0,0.15382309871246821,0.11337737955608726,0.19699970904045463,12,Long,Drama
2017.0,0.1624134982861319,0.12786818977764056,0.19623641499579242,15,Long,Drama
2018.0,0.10793298521322547,0.08593134748852495,0.13422708682478943,14,Long,Drama
2019.0,0.18455400401994707,0.14002114430223506,0.23568576692304874,24,Long,Drama
2020.0,0.1399170774561821,0.1113425603697812,0.17746249558655547,15,Long,Drama
2021.0,0.18542435300309873,0.13631554684880692,0.23045540378140542,7,Long,Drama
2022.0,0.15084568896944148,0.133979859874467,0.16932679867463202,15,Long,Drama
2023.0,0.1321522363214757,0.10011212802571705,0.16084338869683495,8,Long,Drama
2024.0,0.20174341940209758,0.15550981965226665,0.2620914667365149,14,Long,Drama
2025.0,0.1727803442867695,0.1472662211954343,0.19787827376861217,7,Long,Drama
1922.0,0.04648407357333088,0.015702674978300322,0.08222130653903452,3,Medium close-up,Comedy
1923.0,0.022489700698947523,0.005885289101828176,0.0397426827030849,5,Medium close-up,Comedy
1924.0,0.01688747140156737,0.005448121447996312,0.02903035823607898,5,Medium close-up,Comedy
1925.0,0.03772225509755523,0.00789232805279181,0.08464154484095451,6,Medium close-up,Comedy
1926.0,0.038514047724582764,0.023897897251940976,0.05533335100194122,15,Medium close-up,Comedy
1927.0,0.048194519975622,0.03178870621604839,0.06786951978755953,8,Medium close-up,Comedy
1928.0,0.03941544107665536,0.005681232933240928,0.09194648516885588,4,Medium close-up,Comedy
1929.0,0.019497171187703603,0.011095120706650941,0.027940437180278565,14,Medium close-up,Comedy
1930.0,0.01746239377158721,0.008219028395057526,0.03101147044064658,11,Medium close-up,Comedy
1931.0,0.01774951197610962,0.009217403367834581,0.029187910413011893,9,Medium close-up,Comedy
1932.0,0.03587729808686206,0.018572613453386077,0.053569916264141954,10,Medium close-up,Comedy
1933.0,0.033341517669260745,0.022247556989382786,0.04428711966670309,14,Medium close-up,Comedy
1934.0,0.04302599771188225,0.03166238318265729,0.052867473711766186,13,Medium close-up,Comedy
1935.0,0.048994781178711325,0.034370943714938644,0.06411702028025493,16,Medium close-up,Comedy
1936.0,0.05475978722009931,0.036312437162133726,0.0738108112651557,19,Medium close-up,Comedy
1937.0,0.04622603937924503,0.03172654774131901,0.06202263965255366,17,Medium close-up,Comedy
1938.0,0.04394826518809088,0.026990673035949504,0.0631440969998249,13,Medium close-up,Comedy
1939.0,0.05828675791780259,0.041354080944640756,0.07653001734456004,16,Medium close-up,Comedy
1940.0,0.04063524942920618,0.02840813346868858,0.054208604118382075,13,Medium close-up,Comedy
1941.0,0.044695489959653514,0.032132231668319314,0.05926739839952279,20,Medium close-up,Comedy
1942.0,0.04089284293871019,0.019677820131315873,0.07288129077647941,10,Medium close-up,Comedy
1943.0,0.04492749646353006,0.03308294907820194,0.06096236021758445,12,Medium close-up,Comedy
1944.0,0.035254203658992185,0.024624247667998714,0.04619989068407292,13,Medium close-up,Comedy
1945.0,0.042131536063134974,0.03063472763079825,0.056667971652455844,14,Medium close-up,Comedy
1946.0,0.035300989505204675,0.018068330431394625,0.05452543886466393,5,Medium close-up,Comedy
1947.0,0.030417848346187843,0.01837293093323446,0.04379140092068956,15,Medium close-up,Comedy
1948.0,0.04553858264016098,0.03397157218566554,0.05879355208541567,12,Medium close-up,Comedy
1949.0,0.02900673034326644,0.017986863356043725,0.04018323903199551,11,Medium close-up,Comedy
1950.0,0.02030961843916742,0.0113857186629689,0.03191566381115497,14,Medium close-up,Comedy
1951.0,0.023407007428445124,0.014925690099056838,0.03289121594342369,12,Medium close-up,Comedy
1952.0,0.021185970169314745,0.012593120030552026,0.03162096173811431,14,Medium close-up,Comedy
1953.0,0.016863414596391846,0.007196888685080626,0.03341833692965937,11,Medium close-up,Comedy
1954.0,0.015622011661796222,0.005398584817853548,0.03335126312490943,8,Medium close-up,Comedy
1955.0,0.013199553507223917,0.007013986705289597,0.02131187227111845,11,Medium close-up,Comedy
1956.0,0.04198094893579479,0.014933748798693552,0.07179485039950632,8,Medium close-up,Comedy
1957.0,0.0280603723280688,0.016428518477040473,0.04327641251348183,10,Medium close-up,Comedy
1958.0,0.022257330589419297,0.013735791663572286,0.031227483992097637,12,Medium close-up,Comedy
1959.0,0.06268434979642776,0.030536251820417908,0.10706602279158903,8,Medium close-up,Comedy
1960.0,0.04235214938206333,0.028278304678804964,0.058661963426561256,16,Medium close-up,Comedy
1961.0,0.06217993561698816,0.04221951372575088,0.08260475050490818,13,Medium close-up,Comedy
1962.0,0.07400461053704385,0.0450335863859913,0.10648903341160772,12,Medium close-up,Comedy
1963.0,0.08284690358425613,0.06775429640553474,0.09820553741492286,21,Medium close-up,Comedy
1964.0,0.09440625936231764,0.06254350556117841,0.12807084012799877,17,Medium close-up,Comedy
1965.0,0.1278175881017968,0.0715365794416455,0.1960480174316636,10,Medium close-up,Comedy
1966.0,0.12752665630708165,0.09126952491468135,0.16331385853518965,16,Medium close-up,Comedy
1967.0,0.13494986686720542,0.09152679319448287,0.18221657190602183,14,Medium close-up,Comedy
1968.0,0.13573178623572188,0.0982111457180912,0.17939115293010507,13,Medium close-up,Comedy
1969.0,0.14632466638594543,0.10744314859597204,0.18883677120149697,12,Medium close-up,Comedy
1970.0,0.17783246894565893,0.12086765195092249,0.24573736304534882,13,Medium close-up,Comedy
1971.0,0.19677311654071095,0.13543004621573262,0.25987836823171767,8,Medium close-up,Comedy
1972.0,0.1605876400918863,0.12624013178662813,0.196857351513053,11,Medium close-up,Comedy
1973.0,0.16917021451647396,0.10078197161380822,0.25615269017553244,8,Medium close-up,Comedy
1974.0,0.1585507427994672,0.12158230086323986,0.19263682572231816,15,Medium close-up,Comedy
1975.0,0.12984540015243662,0.08488216715199001,0.18403404708584337,11,Medium close-up,Comedy
1976.0,0.16672282146992978,0.13527510424260253,0.2010332270730991,13,Medium close-up,Comedy
1977.0,0.1550945150958091,0.1257060009279593,0.18420909829798962,21,Medium close-up,Comedy
1978.0,0.13374503174965743,0.10963396962485279,0.15887846145841297,18,Medium close-up,Comedy
1979.0,0.13938305204375553,0.1109642140648404,0.1660644207551156,13,Medium close-up,Comedy
1980.0,0.1525737774790903,0.12805265940763186,0.17707743096873735,26,Medium close-up,Comedy
1981.0,0.13461800440313695,0.11085166934100048,0.162826540578347,20,Medium close-up,Comedy
1982.0,0.1628255165405494,0.1351245708046263,0.19320372911752495,20,Medium close-up,Comedy
1983.0,0.13544724352234233,0.10684120015419889,0.1680507191646014,18,Medium close-up,Comedy
1984.0,0.16212720776888154,0.13828724839891982,0.18361733068905534,24,Medium close-up,Comedy
1985.0,0.17962108119876594,0.14225764184011702,0.21898298652811862,23,Medium close-up,Comedy
1986.0,0.19899842897534972,0.16178888940477595,0.23508905980730244,26,Medium close-up,Comedy
1987.0,0.22568495019115137,0.1953079610710235,0.2570433503340321,31,Medium close-up,Comedy
1988.0,0.19866489116622305,0.16352604755976727,0.2304038818251552,27,Medium close-up,Comedy
1989.0,0.21482915387539803,0.17978187713184646,0.2534778489839873,25,Medium close-up,Comedy
1990.0,0.20674958715091976,0.17014707688151792,0.24536695702010636,18,Medium close-up,Comedy
1991.0,0.22237987326444308,0.17859435642886004,0.27205195686249783,18,Medium close-up,Comedy
1992.0,0.18541511429176313,0.1562094316246709,0.21342249936379992,19,Medium close-up,Comedy
1993.0,0.20846064314122298,0.17577066274442224,0.245350889474372,20,Medium close-up,Comedy
1994.0,0.22311517629174257,0.19548165931744388,0.2507533943703752,24,Medium close-up,Comedy
1995.0,0.22339610246315095,0.1803174189882458,0.2628379764615466,21,Medium close-up,Comedy
1996.0,0.1870390138112018,0.1567452943941239,0.21881189828222794,21,Medium close-up,Comedy
1997.0,0.23713097846553505,0.19084678320353374,0.2854563481310906,14,Medium close-up,Comedy
1998.0,0.22834610654833373,0.18035013438518446,0.2738547273815504,20,Medium close-up,Comedy
1999.0,0.20890368016037145,0.17401336850675342,0.2410397008811213,22,Medium close-up,Comedy
2000.0,0.24259822444648435,0.2130062347441025,0.27526651891437326,21,Medium close-up,Comedy
2001.0,0.21661764875561382,0.1709385117333626,0.2564311530142247,18,Medium close-up,Comedy
2002.0,0.1928903980508723,0.16094977158949858,0.2239570061362581,19,Medium close-up,Comedy
2003.0,0.20049263783317664,0.16003363657712394,0.24447553677356418,25,Medium close-up,Comedy
2004.0,0.15670252409772945,0.12093849066783462,0.19783749097984688,18,Medium close-up,Comedy
2005.0,0.20757336168719479,0.17401147563644112,0.24212726875555135,23,Medium close-up,Comedy
2006.0,0.16096649403838204,0.12852755823753914,0.19244980363772407,27,Medium close-up,Comedy
2007.0,0.17181179279670997,0.13168005553911144,0.2046268418667779,25,Medium close-up,Comedy
2008.0,0.17967651759288816,0.1441714036058479,0.21835891017548714,22,Medium close-up,Comedy
2009.0,0.16042563114295433,0.13884213260445316,0.18133321925932802,19,Medium close-up,Comedy
2010.0,0.18409237857278965,0.13208027245751536,0.24269002712862764,18,Medium close-up,Comedy
2011.0,0.15652891057193072,0.12491897609438718,0.18642639067465575,20,Medium close-up,Comedy
2012.0,0.17253236572220212,0.1394606761758571,0.210979148275918,18,Medium close-up,Comedy
2013.0,0.14535905249923448,0.10791198901040704,0.18736008910860177,18,Medium close-up,Comedy
2014.0,0.17066683797892068,0.13954948459656044,0.20611048885891078,19,Medium close-up,Comedy
2015.0,0.1416637563179877,0.1131010345688949,0.17210583425828593,19,Medium close-up,Comedy
2016.0,0.19307573856110416,0.1508130870474938,0.23230136990946507,19,Medium close-up,Comedy
2017.0,0.1911208771555253,0.14955147744991384,0.2339403777929022,19,Medium close-up,Comedy
2018.0,0.15837184542807672,0.12233346931832145,0.1944492776277756,18,Medium close-up,Comedy
2019.0,0.15876477496573835,0.12845208186512663,0.18515935823832397,23,Medium close-up,Comedy
2020.0,0.18135282510535966,0.14467247249298826,0.21807599410776027,12,Medium close-up,Comedy
2021.0,0.13065327876604868,0.09710345492875268,0.16417980982871253,13,Medium close-up,Comedy
2022.0,0.1943533234825899,0.14803200152061632,0.24676481638804473,13,Medium close-up,Comedy
2023.0,0.164999864781699,0.1353025101252662,0.19749601173759798,15,Medium close-up,Comedy
2024.0,0.16121808929363152,0.12573557015286524,0.1968172421388589,16,Medium close-up,Comedy
2025.0,0.17457143086141694,0.1275891609784048,0.2252013090218746,7,Medium close-up,Comedy
1922.0,0.2508475919921476,0.21423498776927327,0.3116128057988523,3,Medium,Comedy
1923.0,0.26719501485565134,0.22794983966404284,0.31705801035605374,5,Medium,Comedy
1924.0,0.3756663179166424,0.2754408260838488,0.4754149363067016,5,Medium,Comedy
1925.0,0.22814006811644294,0.15424056097014208,0.2997351760975853,6,Medium,Comedy
1926.0,0.352361958112585,0.2993352339882532,0.4063439931749058,15,Medium,Comedy
1927.0,0.3821265826219945,0.30188920087931037,0.450845461390637,8,Medium,Comedy
1928.0,0.35436480834643125,0.2291491809126765,0.46177343399483783,4,Medium,Comedy
1929.0,0.364730867847045,0.30413748645339,0.42426775830640934,14,Medium,Comedy
1930.0,0.4307377819653372,0.3693646944703608,0.506199877582226,11,Medium,Comedy
1931.0,0.4026065354455554,0.3509383175210107,0.45255722922765174,9,Medium,Comedy
1932.0,0.544782897262134,0.48378602352317984,0.6026001228375304,10,Medium,Comedy
1933.0,0.4628151102646837,0.40867116952554816,0.5098066155658135,14,Medium,Comedy
1934.0,0.4730792615498624,0.43788599027632835,0.5060842272136984,13,Medium,Comedy
1935.0,0.47422138277180714,0.4293375122370049,0.5176620351688385,16,Medium,Comedy
1936.0,0.48430271966219457,0.44197392546699515,0.5256086511109541,19,Medium,Comedy
1937.0,0.457063433118351,0.41222819554712803,0.5041664164127386,17,Medium,Comedy
1938.0,0.4876655924611399,0.44744175276101805,0.5241756297903652,13,Medium,Comedy
1939.0,0.49967808552849347,0.42966059560700437,0.5621540854657399,16,Medium,Comedy
1940.0,0.5121947459730241,0.4481412042319104,0.5756816372413709,13,Medium,Comedy
1941.0,0.5084885916346416,0.4689502647502728,0.5537148221119086,20,Medium,Comedy
1942.0,0.4551972922307826,0.4153747386018339,0.5042429502401908,10,Medium,Comedy
1943.0,0.4873591180291576,0.4388669898691992,0.539251343516031,12,Medium,Comedy
1944.0,0.5161742927781008,0.46888285244545314,0.5587533337448416,13,Medium,Comedy
1945.0,0.48555199092566026,0.43408105388695933,0.5351872270585972,14,Medium,Comedy
1946.0,0.44583675708201104,0.3777663720483121,0.5363136862760594,5,Medium,Comedy
1947.0,0.46593285977530413,0.4217147748178287,0.5102647924198349,15,Medium,Comedy
1948.0,0.5291093277969251,0.4653550532289884,0.5913652113475913,12,Medium,Comedy
1949.0,0.4380194210999107,0.39513431545256694,0.48211444691706895,11,Medium,Comedy
1950.0,0.4257242416924087,0.38142372593980983,0.47541306682991163,14,Medium,Comedy
1951.0,0.45622765854527914,0.39820338712161735,0.5164133587830276,12,Medium,Comedy
1952.0,0.40049163208571986,0.34711866772258104,0.45418658293384817,14,Medium,Comedy
1953.0,0.4182245298415754,0.35744351099810845,0.4751328736894415,11,Medium,Comedy
1954.0,0.4048033200638539,0.352275638107756,0.46353680532811203,8,Medium,Comedy
1955.0,0.39313311777176485,0.3065455241755596,0.4752252303594947,11,Medium,Comedy
1956.0,0.4686042894785267,0.40573419534548893,0.5289746786347351,8,Medium,Comedy
1957.0,0.4222146944186512,0.35536725131895164,0.48987365528429244,10,Medium,Comedy
1958.0,0.48121230356888084,0.4260449099850404,0.5400868428558243,12,Medium,Comedy
1959.0,0.5207031285310617,0.4485593358364066,0.5858771416243826,8,Medium,Comedy
1960.0,0.5204461118987893,0.47115865636438536,0.5645629736631536,16,Medium,Comedy
1961.0,0.502942026307675,0.4448453283687735,0.5552756388408411,13,Medium,Comedy
1962.0,0.4733474574716882,0.4121912308581279,0.5337008605994783,12,Medium,Comedy
1963.0,0.5029256032890049,0.4621805969894347,0.5387948547505741,21,Medium,Comedy
1964.0,0.5042382142101082,0.4587733426475045,0.5507719464993412,17,Medium,Comedy
1965.0,0.41203690517124497,0.3531705264109282,0.4714586732681135,10,Medium,Comedy
1966.0,0.48065520495122704,0.4475013898682366,0.5189077861396322,16,Medium,Comedy
1967.0,0.4684209394454702,0.420828172026515,0.514738112159473,14,Medium,Comedy
1968.0,0.4764461452493004,0.44316189499123365,0.5071010252307121,13,Medium,Comedy
1969.0,0.4263001160739697,0.3628180296038327,0.4745617825495858,12,Medium,Comedy
1970.0,0.4748716044527695,0.4277943994298908,0.519427358650495,13,Medium,Comedy
1971.0,0.47527100718867993,0.43513685916526434,0.5175421640632011,8,Medium,Comedy
1972.0,0.4901481233715824,0.44547048072339607,0.526749373619098,11,Medium,Comedy
1973.0,0.46566345110208357,0.3879638827540139,0.5280453023610079,8,Medium,Comedy
1974.0,0.4442531514092476,0.4055413674663727,0.4823231783846809,15,Medium,Comedy
1975.0,0.4553834386437472,0.4106150105628253,0.494219870244626,11,Medium,Comedy
1976.0,0.4586904669340427,0.4137124283941566,0.5032239163588171,13,Medium,Comedy
1977.0,0.4521781140123738,0.41899901158948666,0.4830259129792022,21,Medium,Comedy
1978.0,0.46495854276783155,0.4255323922096984,0.5068215601031695,18,Medium,Comedy
1979.0,0.4579055918954472,0.41058234858453047,0.5025488772245441,13,Medium,Comedy
1980.0,0.43003697738062524,0.40659589095267923,0.45785525892054874,26,Medium,Comedy
1981.0,0.46115799018619674,0.42785475509981846,0.49475860891106777,20,Medium,Comedy
1982.0,0.47504058884918177,0.43924790754045095,0.5114418202434236,20,Medium,Comedy
1983.0,0.45630905265085886,0.42681394252675287,0.48728855023638423,18,Medium,Comedy
1984.0,0.45929411120340863,0.4301064969708825,0.4880043937636038,24,Medium,Comedy
1985.0,0.43274019286298915,0.404700981586199,0.45991393139413644,23,Medium,Comedy
1986.0,0.4089920930646483,0.3730049888798442,0.4482069071972541,26,Medium,Comedy
1987.0,0.4287116966819821,0.4031653421390171,0.45181268545122616,31,Medium,Comedy
1988.0,0.44851468724530397,0.42418773139229554,0.47585239819655134,27,Medium,Comedy
1989.0,0.4277264108339082,0.4056014761115957,0.448511396884973,25,Medium,Comedy
1990.0,0.4292883416345666,0.401630098838421,0.4572107983544089,18,Medium,Comedy
1991.0,0.4134014256876297,0.37948763705554883,0.44553341807406577,18,Medium,Comedy
1992.0,0.45588035402759586,0.43157729102840225,0.48008685754131275,19,Medium,Comedy
1993.0,0.4108547946066647,0.38476164660610773,0.4402576045039762,20,Medium,Comedy
1994.0,0.4328380430236856,0.40997135760550824,0.4561919475012786,24,Medium,Comedy
1995.0,0.4185443295615161,0.3792267610502545,0.45449589697068166,21,Medium,Comedy
1996.0,0.4219244338622068,0.37405213540552135,0.46744230592290253,21,Medium,Comedy
1997.0,0.4317904610530183,0.39785027942787365,0.466501596942236,14,Medium,Comedy
1998.0,0.4018194946271752,0.358615535918882,0.4417079712706251,20,Medium,Comedy
1999.0,0.4318308449064267,0.39682217420096383,0.468210514732819,22,Medium,Comedy
2000.0,0.4254068118321682,0.3986823808041752,0.4542053047434577,21,Medium,Comedy
2001.0,0.42189746870743355,0.37723054736697176,0.4648354340394575,18,Medium,Comedy
2002.0,0.42258656350426055,0.38384618184715846,0.4614737129196634,19,Medium,Comedy
2003.0,0.43967946902009103,0.39091552973415106,0.48169392998123445,25,Medium,Comedy
2004.0,0.44565509158175476,0.3933766877011709,0.4885383908232251,18,Medium,Comedy
2005.0,0.4139487629208748,0.3711441800856935,0.45585810557585527,23,Medium,Comedy
2006.0,0.4068094420485789,0.3561208216506242,0.45834976180931897,27,Medium,Comedy
2007.0,0.4438468547793395,0.409504457320231,0.47897207469015973,25,Medium,Comedy
2008.0,0.4582324811582242,0.40348991727270145,0.5051319465057827,22,Medium,Comedy
2009.0,0.4514040936582095,0.39710519986122544,0.5038095961413035,19,Medium,Comedy
2010.0,0.4445245719932319,0.4037673621739063,0.4879527054642746,18,Medium,Comedy
2011.0,0.43422603974352986,0.37167870131141034,0.4894548727148743,20,Medium,Comedy
2012.0,0.41005779046302626,0.3548475929887753,0.45648497175517777,18,Medium,Comedy
2013.0,0.3888984760820319,0.3234590965461429,0.4477489111859118,18,Medium,Comedy
2014.0,0.4340099191780427,0.3883948282511344,0.48442083917205603,19,Medium,Comedy
2015.0,0.44308014518248856,0.39155141298951374,0.495203819221861,19,Medium,Comedy
2016.0,0.3546063238292201,0.29151768476078527,0.41561342689726877,19,Medium,Comedy
2017.0,0.3795429508274199,0.31679925014164373,0.4412835344586621,19,Medium,Comedy
2018.0,0.4354719296550003,0.37983173286550237,0.49665029980869174,18,Medium,Comedy
2019.0,0.4027909236765967,0.3677331657884371,0.4345180221553316,23,Medium,Comedy
2020.0,0.4580972774545116,0.4154321154452349,0.5046249880191387,12,Medium,Comedy
2021.0,0.3840958390005472,0.3455535510603335,0.42021950682778186,13,Medium,Comedy
2022.0,0.4272578838519089,0.3786086163584021,0.4759067895242926,13,Medium,Comedy
2023.0,0.3758671862594661,0.32609393767834244,0.4210283285608415,15,Medium,Comedy
2024.0,0.4092603716057126,0.37578922174075113,0.44585017719310016,16,Medium,Comedy
2025.0,0.43502946016833477,0.3776735248987123,0.5050686136559607,7,Medium,Comedy
1922.0,0.23610115244621824,0.14989381596881043,0.3034581697372395,3,Medium long,Comedy
1923.0,0.24130547041963107,0.18729952201440142,0.2953114188248608,5,Medium long,Comedy
1924.0,0.22752648180034543,0.19043179196934162,0.2576127449524822,5,Medium long,Comedy
1925.0,0.20998326164633282,0.17494032855001052,0.2447751226317368,6,Medium long,Comedy
1926.0,0.23294706443563787,0.21023852727518985,0.25360973739252685,15,Medium long,Comedy
1927.0,0.2208864247007914,0.19188818858096646,0.24641608914440136,8,Medium long,Comedy
1928.0,0.17848601318032917,0.13491182303797064,0.21927699233461712,4,Medium long,Comedy
1929.0,0.27651103765165275,0.23626541724494626,0.3151432830912535,14,Medium long,Comedy
1930.0,0.28675971099564396,0.2583211849728621,0.31190431044688893,11,Medium long,Comedy
1931.0,0.3230403270720558,0.2772993152914391,0.3754032888344808,9,Medium long,Comedy
1932.0,0.2619002753506045,0.22229543077066186,0.298183981812859,10,Medium long,Comedy
1933.0,0.2815464495632225,0.24183821655163365,0.3258382368384415,14,Medium long,Comedy
1934.0,0.28744175497345165,0.25909374869110874,0.31841206436227554,13,Medium long,Comedy
1935.0,0.2732170450851471,0.24093017605456427,0.30458371119669825,16,Medium long,Comedy
1936.0,0.25403414961672816,0.23529894634948337,0.2742508113614323,19,Medium long,Comedy
1937.0,0.24840606976596563,0.22089993301720834,0.28468389450223,17,Medium long,Comedy
1938.0,0.27027239287868104,0.2446909978263316,0.2954487678752105,13,Medium long,Comedy
1939.0,0.23772425701762295,0.20144963390072312,0.27162887796790947,16,Medium long,Comedy
1940.0,0.2512218561126434,0.2090372624476255,0.2906277214360646,13,Medium long,Comedy
1941.0,0.2611150434753207,0.22900904454892557,0.2982465092270852,20,Medium long,Comedy
1942.0,0.2715114960686188,0.2424757761839455,0.3001008099906091,10,Medium long,Comedy
1943.0,0.26077321569785966,0.21361162737745523,0.3003352926091111,12,Medium long,Comedy
1944.0,0.25710847710686113,0.22719527017087757,0.28976022790450595,13,Medium long,Comedy
1945.0,0.2749432195004911,0.2535601252300499,0.29756175114536443,14,Medium long,Comedy
1946.0,0.2707332132660377,0.2033646336481239,0.3384342050823993,5,Medium long,Comedy
1947.0,0.30329171275382655,0.2769440583843411,0.33228679821610535,15,Medium long,Comedy
1948.0,0.24075645208645025,0.21814234097344817,0.26416693777533434,12,Medium long,Comedy
1949.0,0.29971418451544635,0.2669058800271629,0.3360099705324901,11,Medium long,Comedy
1950.0,0.34270996439788953,0.3033256860625392,0.38178276717345955,14,Medium long,Comedy
1951.0,0.26133463613549146,0.20951894341144847,0.3151803375096078,12,Medium long,Comedy
1952.0,0.2796742773082348,0.25091773885208263,0.3122420671991193,14,Medium long,Comedy
1953.0,0.31014170921564443,0.27376872599149144,0.34147415906185224,11,Medium long,Comedy
1954.0,0.28115635184338406,0.23797447166354804,0.3242235080163548,8,Medium long,Comedy
1955.0,0.31173778721639106,0.23673567493319672,0.3795187327506386,11,Medium long,Comedy
1956.0,0.26529543056028493,0.2075700104043794,0.3270047799340237,8,Medium long,Comedy
1957.0,0.31832708820905664,0.2761272042111976,0.3573643446415019,10,Medium long,Comedy
1958.0,0.3122102647749749,0.27709538204666234,0.3498557267945027,12,Medium long,Comedy
1959.0,0.2418221541645491,0.19504189001646074,0.29966409773461977,8,Medium long,Comedy
1960.0,0.24513779533084,0.19833793033828886,0.29829752373486906,16,Medium long,Comedy
1961.0,0.2133330591328885,0.16780109279480285,0.258068124239069,13,Medium long,Comedy
1962.0,0.21944777434532403,0.18499575641068697,0.25328029733833296,12,Medium long,Comedy
1963.0,0.19696696663931113,0.1711952139662059,0.22008021296002506,21,Medium long,Comedy
1964.0,0.19309419761107188,0.16546806433274225,0.2225919481120035,17,Medium long,Comedy
1965.0,0.18909031225558887,0.15561806994089233,0.22415814728978792,10,Medium long,Comedy
1966.0,0.17064233650469401,0.14826939833960265,0.19764113552686574,16,Medium long,Comedy
1967.0,0.16560577521164332,0.13267678879640435,0.20186168386537562,14,Medium long,Comedy
1968.0,0.18895671962142482,0.15398557815102143,0.22102568606405681,13,Medium long,Comedy
1969.0,0.1591860431622047,0.12858996153169192,0.18734522862223543,12,Medium long,Comedy
1970.0,0.1676063495332256,0.13672930093240954,0.19865013921797356,13,Medium long,Comedy
1971.0,0.16924790347099125,0.12986939213154186,0.21217865349185386,8,Medium long,Comedy
1972.0,0.16716485160519462,0.13644957930349794,0.20611590851912115,11,Medium long,Comedy
1973.0,0.11995455384132218,0.08744809924943231,0.15130612889392464,8,Medium long,Comedy
1974.0,0.16903671594404143,0.14592003245099222,0.19234599718629336,15,Medium long,Comedy
1975.0,0.1913296645554969,0.16172441897086212,0.21743488869741168,11,Medium long,Comedy
1976.0,0.15592580345805432,0.13302797202561994,0.17846108922570214,13,Medium long,Comedy
1977.0,0.16072542364967132,0.1374112738370763,0.1847421186414404,21,Medium long,Comedy
1978.0,0.1977514622271651,0.16668781224497561,0.2351325461677446,18,Medium long,Comedy
1979.0,0.15979629249046987,0.14001044735988072,0.18237657150050707,13,Medium long,Comedy
1980.0,0.16829536718677662,0.15018426991822065,0.18691660412688102,26,Medium long,Comedy
1981.0,0.16063673327469158,0.1425683475767732,0.18163789547649897,20,Medium long,Comedy
1982.0,0.16517039351048532,0.1431533704211497,0.18718409332029226,20,Medium long,Comedy
1983.0,0.1783091832104592,0.15323648841201007,0.20462347799500036,18,Medium long,Comedy
1984.0,0.16420442750194217,0.14630045602039787,0.1849442522575024,24,Medium long,Comedy
1985.0,0.1443055987971551,0.1263543787439845,0.1625102188103592,23,Medium long,Comedy
1986.0,0.15167238956137818,0.13332126990941162,0.173457113481282,26,Medium long,Comedy
1987.0,0.13621532532230934,0.11935627560527036,0.15324239934895265,31,Medium long,Comedy
1988.0,0.13909465818098052,0.12041445229275806,0.15824501853811035,27,Medium long,Comedy
1989.0,0.1360998047196672,0.12034351647233728,0.15192092196065285,25,Medium long,Comedy
1990.0,0.13324895447752266,0.11022406618268767,0.15573520324102977,18,Medium long,Comedy
1991.0,0.14240636835165454,0.12696618527913772,0.15922095973071249,18,Medium long,Comedy
1992.0,0.13785673368645246,0.11913309129858786,0.1565521155877717,19,Medium long,Comedy
1993.0,0.14628803674971483,0.12735133881970948,0.16549326238585826,20,Medium long,Comedy
1994.0,0.12430383702857913,0.11055628649062547,0.14043786712804027,24,Medium long,Comedy
1995.0,0.12545812157462716,0.10576972184244314,0.14843092805237718,21,Medium long,Comedy
1996.0,0.13757393749824667,0.11988021451324238,0.15462745458935928,21,Medium long,Comedy
1997.0,0.12375401508826633,0.10475978682562258,0.14205012235290965,14,Medium long,Comedy
1998.0,0.1033594381802588,0.08807928788438067,0.1193438812178534,20,Medium long,Comedy
1999.0,0.10899123732347565,0.09794353943570525,0.11964324190154264,22,Medium long,Comedy
2000.0,0.11110284121294299,0.0962205142091284,0.1275720922078251,21,Medium long,Comedy
2001.0,0.10907448315616977,0.09312339055281382,0.12843828691229417,18,Medium long,Comedy
2002.0,0.1058791285617405,0.0875610927048548,0.1272630013511628,19,Medium long,Comedy
2003.0,0.12477176031100859,0.10408708583153221,0.14466375030397008,25,Medium long,Comedy
2004.0,0.1295980358423484,0.11075849526260118,0.14861950681047936,18,Medium long,Comedy
2005.0,0.10807384943356539,0.09142516609327767,0.12506380944111792,23,Medium long,Comedy
2006.0,0.11830318854553942,0.09954554322285555,0.13871619230289747,27,Medium long,Comedy
2007.0,0.12227088622575646,0.10510303352275006,0.13867486270384227,25,Medium long,Comedy
2008.0,0.10993260641041172,0.09344944938762774,0.12542506396742623,22,Medium long,Comedy
2009.0,0.10520820791578211,0.08875996776513255,0.12226862022050702,19,Medium long,Comedy
2010.0,0.10889871175200222,0.08310697326958959,0.13813856037180794,18,Medium long,Comedy
2011.0,0.09668566225673367,0.08129280194522509,0.11445271738656536,20,Medium long,Comedy
2012.0,0.11904542585145195,0.09582985678277824,0.14319294165353494,18,Medium long,Comedy
2013.0,0.11624616453915088,0.09476122329513668,0.14160162363703319,18,Medium long,Comedy
2014.0,0.1072416125922278,0.08906438212303372,0.13000839868709377,19,Medium long,Comedy
2015.0,0.11308072508172776,0.09530265412111665,0.129731726501051,19,Medium long,Comedy
2016.0,0.08681174587561624,0.07290218002970159,0.10154073971600915,19,Medium long,Comedy
2017.0,0.0862600544761649,0.07143269970724035,0.1023201263908177,19,Medium long,Comedy
2018.0,0.10046049494824623,0.08347988486033972,0.11902378586688464,18,Medium long,Comedy
2019.0,0.10945761140480834,0.09576210849388073,0.12321572369969294,23,Medium long,Comedy
2020.0,0.10181016349599008,0.07791215131378922,0.1298131796673505,12,Medium long,Comedy
2021.0,0.08710300370015654,0.07091111999746051,0.10322339034093699,13,Medium long,Comedy
2022.0,0.09250222981038583,0.07485965497289182,0.1124382314208298,13,Medium long,Comedy
2023.0,0.09163796840076169,0.07339428577733023,0.11163530041570881,15,Medium long,Comedy
2024.0,0.10046929906394479,0.08679466117790431,0.11608193925499542,16,Medium long,Comedy
2025.0,0.08478865021065322,0.06429700950944084,0.10887953616028767,7,Medium long,Comedy
1922.0,0.439638857998738,0.29983388704318936,0.5212526546007797,3,Long,Comedy
1923.0,0.44358131083178043,0.3553117040583661,0.5437684915182922,5,Long,Comedy
1924.0,0.3429478320312417,0.25178124081345077,0.46556969311344326,5,Long,Comedy
1925.0,0.4898622210513024,0.3824969272611582,0.605091269849151,6,Long,Comedy
1926.0,0.3505749763190737,0.2791760229613476,0.4202684243591494,15,Long,Comedy
1927.0,0.32281979404408967,0.2369452982244384,0.42331416864456356,8,Long,Comedy
1928.0,0.3823000033685808,0.2551542214502027,0.5397610447927832,4,Long,Comedy
1929.0,0.3220664571527027,0.2714167499126848,0.37624535082691785,14,Long,Comedy
1930.0,0.24347755189997083,0.1881559178902615,0.2926565555089141,11,Long,Comedy
1931.0,0.23724093080619024,0.1606262909462517,0.3039603084599692,9,Long,Comedy
1932.0,0.1332127314815974,0.0997653771253502,0.18351910155169165,10,Long,Comedy
1933.0,0.19612233893230177,0.15177676309962604,0.23843472044393174,14,Long,Comedy
1934.0,0.1758934067704356,0.1495415555458343,0.20347017804813894,13,Long,Comedy
1935.0,0.18458959421585364,0.14614121217227294,0.22846217445190123,16,Long,Comedy
1936.0,0.1886845066617257,0.1488549415813764,0.23349689909496385,19,Long,Comedy
1937.0,0.22399181353398911,0.17290211593292704,0.2727765146642546,17,Long,Comedy
1938.0,0.17929933302636844,0.1434383444426051,0.21655048600896715,13,Long,Comedy
1939.0,0.18046228097044453,0.11318204048115289,0.27637262086324804,16,Long,Comedy
1940.0,0.1770706582124766,0.11194941711024554,0.2647700301656753,13,Long,Comedy
1941.0,0.16654799526170366,0.13929660232543292,0.1964214681549406,20,Long,Comedy
1942.0,0.21019069467963333,0.1696101431229208,0.25530154596981475,10,Long,Comedy
1943.0,0.19216243334440533,0.1526515363016658,0.2328602228644018,12,Long,Comedy
1944.0,0.1748123372202566,0.13357519660880604,0.21995951387420948,13,Long,Comedy
1945.0,0.17996579196324863,0.14328654036476282,0.22339604043151062,14,Long,Comedy
1946.0,0.2366979861652156,0.17698691278070983,0.282388149911189,5,Long,Comedy
1947.0,0.1852617562109082,0.1507571445517948,0.2172444085373972,15,Long,Comedy
1948.0,0.16649114838012255,0.11190589556669502,0.2238628923037661,12,Long,Comedy
1949.0,0.21901074744366536,0.17546614236687744,0.26655439136624764,11,Long,Comedy
1950.0,0.19848273069976272,0.1681456490743877,0.22824376673194172,14,Long,Comedy
1951.0,0.24356561991579084,0.18118912704717965,0.31772029891008097,12,Long,Comedy
1952.0,0.278674498382217,0.23038442759500208,0.3199828308070557,14,Long,Comedy
1953.0,0.23823893075724792,0.19322270615963993,0.28495399243588493,11,Long,Comedy
1954.0,0.28004791260230955,0.23699868082898218,0.320500380984841,8,Long,Comedy
1955.0,0.26355272656009043,0.17809005584905643,0.37187078850911004,11,Long,Comedy
1956.0,0.21089303973206713,0.16840287209566623,0.25010580814806993,8,Long,Comedy
1957.0,0.21240530432052665,0.1575055894407975,0.2762598365871873,10,Long,Comedy
1958.0,0.16692228554768354,0.12176503129918755,0.21394043097505364,12,Long,Comedy
1959.0,0.14575412338753074,0.11649325955943936,0.17669761207767926,8,Long,Comedy
1960.0,0.16874850609498238,0.14179466562093543,0.19591035449385302,16,Long,Comedy
1961.0,0.19929498518993577,0.134268916138331,0.2805215208128044,13,Long,Comedy
1962.0,0.20522095929629144,0.15234780278406562,0.25729361443209037,12,Long,Comedy
1963.0,0.1919508330884358,0.15678861556483822,0.24475014711109752,21,Long,Comedy
1964.0,0.17321640875672442,0.13703790035526023,0.21013637344565525,17,Long,Comedy
1965.0,0.21982074442695798,0.17031011092919296,0.26934870758625795,10,Long,Comedy
1966.0,0.183424770464577,0.1554110803254124,0.2111815837339453,16,Long,Comedy
1967.0,0.19597281052363485,0.15377382089707872,0.24620352743756208,14,Long,Comedy
1968.0,0.1621022721383482,0.13065676498081935,0.19574595334799022,13,Long,Comedy
1969.0,0.2340225590707298,0.15523564618269906,0.34276784238233743,12,Long,Comedy
1970.0,0.1452023538234426,0.10805597825850811,0.1803552532050132,13,Long,Comedy
1971.0,0.12840914989375807,0.0832666219680155,0.1815720858960185,8,Long,Comedy
1972.0,0.1491133776891103,0.12007870582128811,0.17976929996511812,11,Long,Comedy
1973.0,0.2062627331524245,0.16312247430959162,0.2753809964571756,8,Long,Comedy
1974.0,0.18742854510562082,0.16012625276036677,0.21707146132348937,15,Long,Comedy
1975.0,0.18764335709706365,0.16091483209900756,0.22358118061108948,11,Long,Comedy
1976.0,0.18085559801219211,0.15168180323229868,0.21528565699452948,13,Long,Comedy
1977.0,0.19687315249943507,0.152207866204776,0.2510226388622223,21,Long,Comedy
1978.0,0.17459584326236213,0.13983111420301034,0.20974514515143958,18,Long,Comedy
1979.0,0.20893783722194093,0.17741089565475746,0.24059379460516006,13,Long,Comedy
1980.0,0.2130687723620605,0.189517840611582,0.23799142205647575,26,Long,Comedy
1981.0,0.20336020950147868,0.18068996960525668,0.22760811140004944,20,Long,Comedy
1982.0,0.15640168201416593,0.1339822181706883,0.1819422182014173,20,Long,Comedy
1983.0,0.19211362869780832,0.15817333442806217,0.22812541353177776,18,Long,Comedy
1984.0,0.1753976714004418,0.15589218324667076,0.1971858354466045,24,Long,Comedy
1985.0,0.19107760930769385,0.157284435131007,0.23090592875861227,23,Long,Comedy
1986.0,0.1912037166077846,0.1539129738628221,0.2393382782187541,26,Long,Comedy
1987.0,0.160643910057057,0.14580566087038244,0.17626248174528147,31,Long,Comedy
1988.0,0.1633709774775856,0.13662519388489425,0.19980579403127158,27,Long,Comedy
1989.0,0.1710572606003086,0.14875524730758258,0.1932464723743722,25,Long,Comedy
1990.0,0.164553745723938,0.12993362821308785,0.19822925087383703,18,Long,Comedy
1991.0,0.16394117443134507,0.14792040421978522,0.18029986362557018,18,Long,Comedy
1992.0,0.17280976371742277,0.13909272923535632,0.20875723694895845,19,Long,Comedy
1993.0,0.1787916709024454,0.15223379487986585,0.2101191535335665,20,Long,Comedy
1994.0,0.1602388493136921,0.1422880863686395,0.176936698376753,24,Long,Comedy
1995.0,0.17767261799910938,0.13405935802908553,0.22945899028061872,21,Long,Comedy
1996.0,0.19434956920405477,0.15483571268564025,0.24093727627852843,21,Long,Comedy
1997.0,0.14242159744825322,0.11282040945386346,0.1739976880650417,14,Long,Comedy
1998.0,0.20382009361577672,0.14287303744935678,0.2863832766894135,20,Long,Comedy
1999.0,0.18398266087129403,0.14135365907465,0.23409382022530276,22,Long,Comedy
2000.0,0.1556812543179396,0.12506109240715418,0.1874700824106162,21,Long,Comedy
2001.0,0.18223958436341428,0.12783098762428552,0.24954772148938428,18,Long,Comedy
2002.0,0.20511828674823485,0.16071836924299882,0.2529222393041515,19,Long,Comedy
2003.0,0.1660182840399478,0.12791314592635533,0.2167358604881432,25,Long,Comedy
2004.0,0.20622749581269698,0.14669462148552673,0.27605721590406324,18,Long,Comedy
2005.0,0.19475877567051364,0.14957534645508888,0.2445976734205216,23,Long,Comedy
2006.0,0.24312572927316203,0.17490812378502274,0.3152351456738315,27,Long,Comedy
2007.0,0.1891318709670628,0.1496238017994592,0.23089107627182476,25,Long,Comedy
2008.0,0.17289605190365395,0.12807514657992372,0.228090170494952,22,Long,Comedy
2009.0,0.20293723077886366,0.14397747463591165,0.26723753345779744,19,Long,Comedy
2010.0,0.18677576444831376,0.13805204586326555,0.23639093190651275,18,Long,Comedy
2011.0,0.23273885383225473,0.16740354382040468,0.3085454888404403,20,Long,Comedy
2012.0,0.2136005005904233,0.15653534889626614,0.27734535004459754,18,Long,Comedy
2013.0,0.24614423293538945,0.17653854793867987,0.31544501739254416,18,Long,Comedy
2014.0,0.19453013768173444,0.14937077852467928,0.23965733566302097,19,Long,Comedy
2015.0,0.20979353162934553,0.15398857494189486,0.27405335749591336,19,Long,Comedy
2016.0,0.256542664598485,0.1886288327799467,0.3389648390909387,19,Long,Comedy
2017.0,0.2322464020356214,0.1633745391716285,0.31070349703707867,19,Long,Comedy
2018.0,0.20724489126322615,0.15052701872808325,0.2661337971310363,18,Long,Comedy
2019.0,0.2205472362629861,0.17824873597960178,0.264732118266524,23,Long,Comedy
2020.0,0.16665735228735884,0.1351063049066156,0.2048919334500997,12,Long,Comedy
2021.0,0.2776901794339438,0.22727989426727765,0.33645334933994053,13,Long,Comedy
2022.0,0.19199810716347632,0.13965448781184464,0.25038961325823783,13,Long,Comedy
2023.0,0.24440773689944048,0.19782116625966978,0.29436581604667933,15,Long,Comedy
2024.0,0.22221856822606265,0.18384971124934113,0.2655629071861544,16,Long,Comedy
2025.0,0.1838515336691437,0.13235294524030247,0.23919541055241952,7,Long,Comedy
1922.0,0.05312388808235536,0.005270447026236824,0.11741347190901069,3,Medium close-up,Adventure
1923.0,0.04209574521525092,0.04209574521525092,0.04209574521525092,1,Medium close-up,Adventure
1924.0,0.01234888374192848,0.004995299675107636,0.02228452989403843,4,Medium close-up,Adventure
1925.0,0.016746392266966077,0.008778049936911624,0.02471473459702053,4,Medium close-up,Adventure
1926.0,0.03981386894023468,0.017655600497653932,0.06782840539888975,6,Medium close-up,Adventure
1927.0,0.04397510369842829,0.020784762880867884,0.07046869118732489,5,Medium close-up,Adventure
1929.0,0.028167634137336636,0.005822309658731387,0.05479688636738395,4,Medium close-up,Adventure
1930.0,0.00598963671357482,0.0030093821915383252,0.009797157444459777,3,Medium close-up,Adventure
1931.0,0.05202589307120595,0.05202589307120595,0.05202589307120595,1,Medium close-up,Adventure
1932.0,0.02113736044694292,0.01684105214890158,0.025433668744984258,2,Medium close-up,Adventure
1933.0,0.015551785425755372,0.015551785425755372,0.015551785425755372,1,Medium close-up,Adventure
1934.0,0.044616740896531656,0.027440839843078855,0.06178793832034755,5,Medium close-up,Adventure
1935.0,0.06627562958785303,0.049192746339322566,0.08087688295439271,7,Medium close-up,Adventure
1936.0,0.08273988377281213,0.047372341018408634,0.11869218189648302,5,Medium close-up,Adventure
1937.0,0.07729915203485781,0.05283765241632583,0.1003085323433639,7,Medium close-up,Adventure
1938.0,0.05270940359795059,0.034815714762330835,0.0688979055892111,5,Medium close-up,Adventure
1939.0,0.05158691806870514,0.034929986456991136,0.06798424256538381,7,Medium close-up,Adventure
1940.0,0.06833902681695989,0.040065669375227965,0.09228044412791182,7,Medium close-up,Adventure
1941.0,0.058947371309150585,0.003781415725155638,0.087735290096167,3,Medium close-up,Adventure
1942.0,0.043759702026852795,0.025246158250408747,0.056917289990510024,5,Medium close-up,Adventure
1943.0,0.09657494828515578,0.03232745184475688,0.1845104201790903,5,Medium close-up,Adventure
1944.0,0.04377597627766797,0.024684299119019405,0.06596427319093179,4,Medium close-up,Adventure
1945.0,0.08706712933503423,0.012080223880597015,0.14441067527780416,3,Medium close-up,Adventure
1946.0,0.024056166927454138,0.009260637046916015,0.04102298518861999,4,Medium close-up,Adventure
1947.0,0.0468878423639471,0.017220958277822582,0.07788903118510586,5,Medium close-up,Adventure
1948.0,0.07633583066832059,0.02895272441619653,0.12371893692044464,4,Medium close-up,Adventure
1949.0,0.06036012866556536,0.01565662824802743,0.09299311462130418,3,Medium close-up,Adventure
1950.0,0.044997707034505535,0.02808902025246107,0.05792083450566438,4,Medium close-up,Adventure
1951.0,0.051225496541990455,0.019995075064186386,0.09850519666030645,6,Medium close-up,Adventure
1952.0,0.04723993204589773,0.029082075275704375,0.06449235680724749,9,Medium close-up,Adventure
1953.0,0.040180805825918035,0.024632398584703476,0.05543732881106401,6,Medium close-up,Adventure
1954.0,0.05318660029916012,0.021978608434149026,0.09261974780032839,8,Medium close-up,Adventure
1955.0,0.035565033132237876,0.0028944756864042343,0.05520642402024963,3,Medium close-up,Adventure
1956.0,0.07773771209308045,0.01710291992751671,0.16407376000395804,5,Medium close-up,Adventure
1957.0,0.09080435945574575,0.04335207805203685,0.14310756736839628,8,Medium close-up,Adventure
1958.0,0.03840848093257009,0.00043659322944653413,0.06213102951763858,3,Medium close-up,Adventure
1959.0,0.08291708925083756,0.04155752947371329,0.1346589610485414,6,Medium close-up,Adventure
1960.0,0.0792290676187739,0.014801397334713418,0.1661007538385974,3,Medium close-up,Adventure
1961.0,0.08169967526388322,0.04369340913876606,0.1197059413890004,2,Medium close-up,Adventure
1962.0,0.09433862385390064,0.043978624686231385,0.1536621893366942,8,Medium close-up,Adventure
1963.0,0.10080058738072556,0.06529394921036508,0.1392353212375169,9,Medium close-up,Adventure
1964.0,0.09063633985966668,0.03939209290655579,0.14945262495190795,3,Medium close-up,Adventure
1965.0,0.05612724573691424,0.0332849294662338,0.08189609392231391,6,Medium close-up,Adventure
1966.0,0.13344350756493786,0.08786752987286006,0.18865508724948354,11,Medium close-up,Adventure
1967.0,0.1606347567942762,0.08774814705041048,0.24839997658882024,5,Medium close-up,Adventure
1968.0,0.1169024692741364,0.06584098314333216,0.15918139857884997,8,Medium close-up,Adventure
1969.0,0.15074755094014075,0.09392262208961812,0.2082732741726607,8,Medium close-up,Adventure
1970.0,0.19689730811202316,0.1596600535425048,0.24392130163741402,4,Medium close-up,Adventure
1971.0,0.15510560416682848,0.111658800908932,0.2306628773331285,3,Medium close-up,Adventure
1972.0,0.19814175316692711,0.13800494633210844,0.2521743222048915,5,Medium close-up,Adventure
1973.0,0.09663546861564884,0.08289373056286582,0.11615798836055298,5,Medium close-up,Adventure
1974.0,0.15150290401564806,0.14726590002346868,0.15457922001759358,3,Medium close-up,Adventure
1975.0,0.12422921761861856,0.10200429625345137,0.15036934781364428,10,Medium close-up,Adventure
1976.0,0.14235031852359542,0.07811957470632429,0.2065810623408665,5,Medium close-up,Adventure
1977.0,0.17616633731859355,0.13991423041684567,0.20963997774333898,12,Medium close-up,Adventure
1978.0,0.14131458280888898,0.10813091986145643,0.17449160383106044,6,Medium close-up,Adventure
1979.0,0.14015036161748234,0.08973191462662279,0.1905688086083419,5,Medium close-up,Adventure
1980.0,0.17814377270167453,0.14583442729389615,0.20785062576631896,8,Medium close-up,Adventure
1981.0,0.16101775175098842,0.13348933294877494,0.18883626544164336,13,Medium close-up,Adventure
1982.0,0.20228244064405665,0.1688186324174226,0.24156515929499697,8,Medium close-up,Adventure
1983.0,0.17358545503717146,0.13416824362504345,0.21615369181912766,10,Medium close-up,Adventure
1984.0,0.239413386116063,0.19428135961891047,0.28713917781280957,14,Medium close-up,Adventure
1985.0,0.16351305466558586,0.12905771774129418,0.19939121337239468,16,Medium close-up,Adventure
1986.0,0.2113141552304082,0.1237409426997977,0.288487557619931,8,Medium close-up,Adventure
1987.0,0.2604251526448648,0.2117459106327008,0.30954692770481107,6,Medium close-up,Adventure
1988.0,0.17316201122968794,0.10467544593688524,0.24231224398319182,8,Medium close-up,Adventure
1989.0,0.17733960270808005,0.12625950350251164,0.23705187145818288,10,Medium close-up,Adventure
1990.0,0.23435535592524642,0.11299572650901983,0.3483034122776218,5,Medium close-up,Adventure
1991.0,0.23825061574206552,0.1615612029201745,0.30665047154333736,9,Medium close-up,Adventure
1992.0,0.1863283659004802,0.12920133804456313,0.25044788243688326,6,Medium close-up,Adventure
1993.0,0.16281991300066448,0.10649754424117928,0.22343682316965982,9,Medium close-up,Adventure
1994.0,0.25624881886995016,0.20450771517173796,0.31153855008153336,8,Medium close-up,Adventure
1995.0,0.2429633437245183,0.19160943375695658,0.2975518434229458,15,Medium close-up,Adventure
1996.0,0.2823492647241619,0.23281471373477683,0.3327868031028513,15,Medium close-up,Adventure
1997.0,0.25670187352595286,0.20411989483934095,0.31025662261820236,14,Medium close-up,Adventure
1998.0,0.21602046002530667,0.1541183877919247,0.2757181141178466,15,Medium close-up,Adventure
1999.0,0.21338976005600568,0.16414543685879734,0.25769804462717677,11,Medium close-up,Adventure
2000.0,0.2775745056101538,0.2265889009516715,0.3284017362787735,15,Medium close-up,Adventure
2001.0,0.22832646337336943,0.17409777803776338,0.28288825791943595,15,Medium close-up,Adventure
2002.0,0.22434845431208045,0.18821335260592148,0.2655607085668138,18,Medium close-up,Adventure
2003.0,0.2543858713642567,0.20403464485272432,0.2990987768758587,17,Medium close-up,Adventure
2004.0,0.19348356304575048,0.14696403220145587,0.24962331426662776,17,Medium close-up,Adventure
2005.0,0.20700978122311264,0.16097015595930556,0.25113162309731807,15,Medium close-up,Adventure
2006.0,0.20197874056681156,0.14804889044401887,0.25517657214839057,18,Medium close-up,Adventure
2007.0,0.19460103071083695,0.14715770168054695,0.2422857199335697,19,Medium close-up,Adventure
2008.0,0.19354426048897624,0.157368164061047,0.23179594456248093,21,Medium close-up,Adventure
2009.0,0.22303322335865947,0.18173794750960812,0.26804008327657275,20,Medium close-up,Adventure
2010.0,0.23677108244123285,0.18913704930811004,0.29237960552549513,22,Medium close-up,Adventure
2011.0,0.19819996910913587,0.14846695867618825,0.2518381932772024,19,Medium close-up,Adventure
2012.0,0.232367122811338,0.18999097839712584,0.2794145190442809,24,Medium close-up,Adventure
2013.0,0.19784976359687598,0.14547685879739672,0.25221583391994623,21,Medium close-up,Adventure
2014.0,0.21994806226335922,0.1795539574105963,0.26233992002120476,26,Medium close-up,Adventure
2015.0,0.19911397227135055,0.16253980086135347,0.2316521132741752,24,Medium close-up,Adventure
2016.0,0.19584178936773386,0.16554309278022453,0.2255764829617019,27,Medium close-up,Adventure
2017.0,0.1746227800504357,0.14229866074530367,0.20929763446987956,25,Medium close-up,Adventure
2018.0,0.19853848588064693,0.15905839896910148,0.23748714892532352,24,Medium close-up,Adventure
2019.0,0.17983030359259405,0.15316627883207629,0.20743861697129362,28,Medium close-up,Adventure
2020.0,0.20422130607945002,0.15424347620606535,0.266508644375099,7,Medium close-up,Adventure
2021.0,0.1705503756780687,0.13986702570218879,0.2025903967438257,23,Medium close-up,Adventure
2022.0,0.15698219037349595,0.12941789554343958,0.18496281146895086,18,Medium close-up,Adventure
2023.0,0.17436464922304762,0.14106564523584678,0.21136733814733166,25,Medium close-up,Adventure
2024.0,0.1782741173281216,0.14171051626403955,0.2179662515089621,22,Medium close-up,Adventure
2025.0,0.17947734946972305,0.1333918462562307,0.24073226818190946,14,Medium close-up,Adventure
1922.0,0.22317309937380472,0.11237208586596907,0.31630552014903424,3,Medium,Adventure
1923.0,0.19365047470738936,0.19365047470738936,0.19365047470738936,1,Medium,Adventure
1924.0,0.20041875139388174,0.15396600275569036,0.24377275183759717,4,Medium,Adventure
1925.0,0.22784246523702867,0.16632823854438242,0.26661820359187305,4,Medium,Adventure
1926.0,0.3475552619440232,0.2668630017983609,0.42968652016233905,6,Medium,Adventure
1927.0,0.3277802899362655,0.23241742302305113,0.41721280568691627,5,Medium,Adventure
1929.0,0.314978426823252,0.21246008973628186,0.4065137841194507,4,Medium,Adventure
1930.0,0.2966439952494187,0.17789249712232724,0.4400188823980646,3,Medium,Adventure
1931.0,0.3430489433845943,0.3430489433845943,0.3430489433845943,1,Medium,Adventure
1932.0,0.2704543232746105,0.2056299771590839,0.3352786693901371,2,Medium,Adventure
1933.0,0.26013895621263533,0.26013895621263533,0.26013895621263533,1,Medium,Adventure
1934.0,0.44338226747679954,0.3795842881932849,0.48810509455352113,5,Medium,Adventure
1935.0,0.497656071777704,0.436137633075827,0.546238155621889,7,Medium,Adventure
1936.0,0.4226567069439263,0.3805644055102714,0.4657298194951169,5,Medium,Adventure
1937.0,0.46844898776500216,0.3871556101985449,0.5339349074447162,7,Medium,Adventure
1938.0,0.4520444943584673,0.4122182657756257,0.5054618787631429,5,Medium,Adventure
1939.0,0.33364839138171093,0.2612130168954202,0.40107606305217175,7,Medium,Adventure
1940.0,0.40565137947193264,0.3151843749871821,0.49072476711526836,7,Medium,Adventure
1941.0,0.42274154994630414,0.40728614249481215,0.4350691303786019,3,Medium,Adventure
1942.0,0.4024288677483357,0.22609039014966387,0.5241137419510897,5,Medium,Adventure
1943.0,0.40452907387854575,0.33328103734544634,0.469468465164754,5,Medium,Adventure
1944.0,0.4412113829263469,0.3182432149672408,0.564179550885453,4,Medium,Adventure
1945.0,0.38656336214178916,0.36245335820895525,0.40949810156620786,3,Medium,Adventure
1946.0,0.39712983689362774,0.3063455662851943,0.4879141075020612,4,Medium,Adventure
1947.0,0.40417661518712267,0.3458926410641218,0.4428620097903889,5,Medium,Adventure
1948.0,0.4433211095111214,0.3837134266851444,0.4876729337219946,4,Medium,Adventure
1949.0,0.4863805669337536,0.4123187263556116,0.5373835560955853,3,Medium,Adventure
1950.0,0.4244567444367429,0.34160194914915315,0.5073115397243326,4,Medium,Adventure
1951.0,0.4050809860701648,0.34029798380316156,0.4711472623606708,6,Medium,Adventure
1952.0,0.3670004575522187,0.30804352442767313,0.41589686712699026,9,Medium,Adventure
1953.0,0.33404193942760063,0.2419739403705691,0.41776389405232284,6,Medium,Adventure
1954.0,0.4011519237434976,0.3269834935118111,0.47903393133603267,8,Medium,Adventure
1955.0,0.34915538964775106,0.14854992251494353,0.5735358296238108,3,Medium,Adventure
1956.0,0.37019318252500655,0.2794829792066905,0.453101604166889,5,Medium,Adventure
1957.0,0.4204320810218498,0.36231016249017506,0.47632726542246684,8,Medium,Adventure
1958.0,0.259321232721748,0.011687264911337989,0.41861624606888087,3,Medium,Adventure
1959.0,0.3598122517064664,0.27237031666019584,0.46422945429766266,6,Medium,Adventure
1960.0,0.33324791521429153,0.3306212227988127,0.3358002328891189,3,Medium,Adventure
1961.0,0.3713889876158931,0.2989050326384502,0.443872942593336,2,Medium,Adventure
1962.0,0.34034035392261885,0.27997789517666716,0.4116605894104612,8,Medium,Adventure
1963.0,0.4259723670120296,0.36603784510557746,0.4779805471176487,9,Medium,Adventure
1964.0,0.4466683460969632,0.3691366933799232,0.5348220366321373,3,Medium,Adventure
1965.0,0.3715762778817633,0.3208431249954901,0.43075164455718534,6,Medium,Adventure
1966.0,0.4392105670475908,0.3992905655112808,0.4736470896630062,11,Medium,Adventure
1967.0,0.3482296280030756,0.30207469778268886,0.3950563118410674,5,Medium,Adventure
1968.0,0.36396193596749804,0.2863554914933466,0.4348228343135911,8,Medium,Adventure
1969.0,0.36362339005804956,0.30821583855480955,0.4259865170983464,8,Medium,Adventure
1970.0,0.3243682255588777,0.29169724069622377,0.35726084764241495,4,Medium,Adventure
1971.0,0.37273443598871897,0.2722175282279745,0.43091848381089687,3,Medium,Adventure
1972.0,0.3789187185729307,0.30702829136335114,0.4806691543360765,5,Medium,Adventure
1973.0,0.3890060215387403,0.3524397448255425,0.4290078484376795,5,Medium,Adventure
1974.0,0.28830114487602004,0.17271038999120317,0.4293830626295034,3,Medium,Adventure
1975.0,0.36789608967369886,0.31848997205875623,0.417034668337768,10,Medium,Adventure
1976.0,0.33687872098006544,0.26978635094679004,0.40362011180365165,5,Medium,Adventure
1977.0,0.3591108328872658,0.3287749191470478,0.3860034895480909,12,Medium,Adventure
1978.0,0.30907670998049896,0.24596891630990114,0.37101925780279776,6,Medium,Adventure
1979.0,0.42252979667213275,0.3543213130303861,0.4907382803138794,5,Medium,Adventure
1980.0,0.3809825513362989,0.358050384674663,0.40332290113699965,8,Medium,Adventure
1981.0,0.3804871509238831,0.34088204045227677,0.4224752426025826,13,Medium,Adventure
1982.0,0.3630208792604915,0.31058907156871196,0.4104373575582531,8,Medium,Adventure
1983.0,0.35800212934202574,0.300993027640746,0.41129083967565055,10,Medium,Adventure
1984.0,0.35773902419175224,0.3190779186626308,0.40111303953135197,14,Medium,Adventure
1985.0,0.3595580376426397,0.32647664336849314,0.3941385863782563,16,Medium,Adventure
1986.0,0.337276898178425,0.26471708137436534,0.4092996581080941,8,Medium,Adventure
1987.0,0.34868196010024827,0.297363106190885,0.3916510341323168,6,Medium,Adventure
1988.0,0.2852670035034308,0.19121787396353102,0.36639337773896713,8,Medium,Adventure
1989.0,0.3853965447205376,0.3569410569352628,0.4104819137921599,10,Medium,Adventure
1990.0,0.35081224725135096,0.3054020878519728,0.3879969756339524,5,Medium,Adventure
1991.0,0.3638209182160291,0.3322675104614479,0.40167811791631364,9,Medium,Adventure
1992.0,0.37701966649035495,0.3360292699716869,0.4124573528606059,6,Medium,Adventure
1993.0,0.35320317261744066,0.31807226536674976,0.39465130101590123,9,Medium,Adventure
1994.0,0.33732752575144287,0.30701015476111676,0.36309396050713727,8,Medium,Adventure
1995.0,0.31828561388184234,0.2980285236271234,0.34128557404427756,15,Medium,Adventure
1996.0,0.31080006747816474,0.28423117156617206,0.33476036772845486,15,Medium,Adventure
1997.0,0.36382403971186383,0.3336948694863413,0.39708578945704937,14,Medium,Adventure
1998.0,0.3275520793882766,0.28050703595379384,0.37405173759870014,15,Medium,Adventure
1999.0,0.3451929092343954,0.30691324401239434,0.38420243731124853,11,Medium,Adventure
2000.0,0.3323461616923279,0.2947509399260564,0.3697073651896182,15,Medium,Adventure
2001.0,0.3403374477459998,0.30337267816149766,0.37624182127847755,15,Medium,Adventure
2002.0,0.3398813542300603,0.31169516950683057,0.3670091695157549,18,Medium,Adventure
2003.0,0.3329110875793029,0.2867038302928227,0.372041409624699,17,Medium,Adventure
2004.0,0.33199676440162196,0.29615834481377024,0.36187088614463153,17,Medium,Adventure
2005.0,0.3314619491453181,0.2823708479219628,0.37355267611170684,15,Medium,Adventure
2006.0,0.3099326449385392,0.25647884005318133,0.3624857368038091,18,Medium,Adventure
2007.0,0.3690061609936997,0.3375202216539273,0.4091546528637471,19,Medium,Adventure
2008.0,0.3376470623518318,0.30239926411738205,0.37143567526935406,21,Medium,Adventure
2009.0,0.3398707013519005,0.3009424776258765,0.37819464740363845,20,Medium,Adventure
2010.0,0.3465707885911749,0.3293602630692219,0.36393117465573144,22,Medium,Adventure
2011.0,0.3186111437494139,0.2704238051089894,0.3595638809559545,19,Medium,Adventure
2012.0,0.31651510607542416,0.28721075029313137,0.34847157448529026,24,Medium,Adventure
2013.0,0.3096827480405056,0.267954421895877,0.3414088970586644,21,Medium,Adventure
2014.0,0.33432326574420096,0.30626796556171004,0.3623580973528656,26,Medium,Adventure
2015.0,0.34433465427725835,0.3148204752843816,0.3726601364177195,24,Medium,Adventure
2016.0,0.31765747415733325,0.2743132305772312,0.35749397502013897,27,Medium,Adventure
2017.0,0.3172850760435941,0.2730809866828515,0.3610668383263294,25,Medium,Adventure
2018.0,0.3676268466769603,0.3419528501562883,0.39260528165922015,24,Medium,Adventure
2019.0,0.3606399676063617,0.3281126204766858,0.3899924281750664,28,Medium,Adventure
2020.0,0.3526670640009124,0.31792875568159323,0.38346548282681847,7,Medium,Adventure
2021.0,0.3751367738417577,0.3451269743674001,0.4034040993407202,23,Medium,Adventure
2022.0,0.3677133056959455,0.3342088036613256,0.4029578988284681,18,Medium,Adventure
2023.0,0.3430087198496692,0.31706419494111676,0.37061667685818006,25,Medium,Adventure
2024.0,0.32200690470481913,0.2878453104536149,0.35584131934509244,22,Medium,Adventure
2025.0,0.3583403431737132,0.31737104787160075,0.39388066921356757,14,Medium,Adventure
1922.0,0.1735091196497579,0.13329738209628395,0.2513272293606217,3,Medium long,Adventure
1923.0,0.21027779173155173,0.21027779173155173,0.21027779173155173,1,Medium long,Adventure
1924.0,0.2332637962984791,0.15320192136881058,0.3348504811383183,4,Medium long,Adventure
1925.0,0.17078501888569106,0.13771921544808868,0.1951356457038023,4,Medium long,Adventure
1926.0,0.1518759106429442,0.12072047652106006,0.18490342432183923,6,Medium long,Adventure
1927.0,0.15604134275715836,0.09222094268497731,0.22231433094794437,5,Medium long,Adventure
1929.0,0.24135347098486448,0.16342807915931656,0.3597944441489465,4,Medium long,Adventure
1930.0,0.27423439798751614,0.19763507621472667,0.32519203348512027,3,Medium long,Adventure
1931.0,0.1299448573483577,0.1299448573483577,0.1299448573483577,1,Medium long,Adventure
1932.0,0.13163732283607743,0.12537810975986172,0.13789653591229314,2,Medium long,Adventure
1933.0,0.14214735821619,0.14214735821619,0.14214735821619,1,Medium long,Adventure
1934.0,0.26249329210063777,0.21091385841779892,0.31410131745680037,5,Medium long,Adventure
1935.0,0.21842328675358486,0.1906116450023818,0.23722470447514582,7,Medium long,Adventure
1936.0,0.22305616101956627,0.18981491007812004,0.28120445744794426,5,Medium long,Adventure
1937.0,0.16388972628893209,0.13972041517086098,0.18710038484074865,7,Medium long,Adventure
1938.0,0.2483413928243023,0.20336353830501325,0.29331924734359127,5,Medium long,Adventure
1939.0,0.18904791806449858,0.14510159775887618,0.2371010012879004,7,Medium long,Adventure
1940.0,0.1961774493792978,0.13223635189552468,0.2501764825278784,7,Medium long,Adventure
1941.0,0.27473023848362604,0.20670198561398975,0.376250864652986,3,Medium long,Adventure
1942.0,0.1947528036504608,0.10307889772138876,0.2554965585223989,5,Medium long,Adventure
1943.0,0.20473341201440537,0.1355916620102056,0.2770693489893355,5,Medium long,Adventure
1944.0,0.2774943457958772,0.2599003608365547,0.29937621824416216,4,Medium long,Adventure
1945.0,0.207737072933778,0.13842720106372874,0.3421641791044776,3,Medium long,Adventure
1946.0,0.2684021075179842,0.2125203158774902,0.3591229361880678,4,Medium long,Adventure
1947.0,0.27673764436334763,0.22646466140829286,0.3344023117360332,5,Medium long,Adventure
1948.0,0.22665079251642795,0.2118429718657785,0.23803209306078296,4,Medium long,Adventure
1949.0,0.22415574958069553,0.15613608748481167,0.30061552443508077,3,Medium long,Adventure
1950.0,0.2393507606934051,0.15187563725057426,0.30298905211751787,4,Medium long,Adventure
1951.0,0.21236198233535486,0.1339719276635497,0.28811333529943634,6,Medium long,Adventure
1952.0,0.27403148537997446,0.2393051102089385,0.3204982486202538,9,Medium long,Adventure
1953.0,0.2822329723200536,0.20730655210814597,0.3353018626616899,6,Medium long,Adventure
1954.0,0.2459191797549974,0.1977711542998869,0.30452003640171676,8,Medium long,Adventure
1955.0,0.17816519893871074,0.04051361523134824,0.3510999007608336,3,Medium long,Adventure
1956.0,0.18265977633932926,0.11456246973221833,0.2502704109083765,5,Medium long,Adventure
1957.0,0.18464699646041496,0.12861009881512897,0.2399971039444836,8,Medium long,Adventure
1958.0,0.1316955365793277,0.05521225147770017,0.1759179265658747,3,Medium long,Adventure
1959.0,0.19213476688508244,0.15218200219588174,0.23957770392915126,6,Medium long,Adventure
1960.0,0.20065147611935838,0.09846883208405406,0.26169493771534585,3,Medium long,Adventure
1961.0,0.07842812721290433,0.057222573173299644,0.09963368125250903,2,Medium long,Adventure
1962.0,0.19369362050000977,0.15486313609138885,0.24261135386273947,8,Medium long,Adventure
1963.0,0.1352297180730767,0.10142998145464235,0.16623208034240863,9,Medium long,Adventure
1964.0,0.18707240837624672,0.14833339162673567,0.23896913867880568,3,Medium long,Adventure
1965.0,0.18802497596849724,0.152200700414611,0.2248734207760482,6,Medium long,Adventure
1966.0,0.1255865368947438,0.10269068634010937,0.14778458118668522,11,Medium long,Adventure
1967.0,0.12570536620313877,0.08220941280944902,0.18726133324160235,5,Medium long,Adventure
1968.0,0.11715506444661043,0.08703441243469237,0.15273887313635798,8,Medium long,Adventure
1969.0,0.1590341346296738,0.12728442680547786,0.19298691727252554,8,Medium long,Adventure
1970.0,0.125154455364885,0.10490046924222535,0.1416609176605598,4,Medium long,Adventure
1971.0,0.10336351122667471,0.0750057608111222,0.12356580765303056,3,Medium long,Adventure
1972.0,0.15522285050326798,0.11745347940486044,0.18996743401549435,5,Medium long,Adventure
1973.0,0.13660149931210389,0.09547558441296064,0.17674529494149682,5,Medium long,Adventure
1974.0,0.1434577611303054,0.12676291691731836,0.16498875965203794,3,Medium long,Adventure
1975.0,0.15509040535115695,0.1164408366735734,0.19525958701356802,10,Medium long,Adventure
1976.0,0.14619051527099378,0.1135487472881912,0.18253878249989045,5,Medium long,Adventure
1977.0,0.10684066430330157,0.09045719736504576,0.1232075515894115,12,Medium long,Adventure
1978.0,0.1131613104954946,0.08641620637375201,0.14785689861131798,6,Medium long,Adventure
1979.0,0.1245096464288074,0.11366721781757491,0.1352774735810365,5,Medium long,Adventure
1980.0,0.12182884520554038,0.09675163763108946,0.14711862734448145,8,Medium long,Adventure
1981.0,0.1095744399996647,0.09066051450300561,0.12759340945296313,13,Medium long,Adventure
1982.0,0.0836045201590781,0.06153230315665117,0.10159485270515024,8,Medium long,Adventure
1983.0,0.10341106177243405,0.09107134263498153,0.11476070152030624,10,Medium long,Adventure
1984.0,0.1027389918834266,0.08060744454429085,0.12561550935203306,14,Medium long,Adventure
1985.0,0.11947420806056272,0.09630283347937181,0.1401053171166716,16,Medium long,Adventure
1986.0,0.09318729303082897,0.0758940685463348,0.11349025639459139,8,Medium long,Adventure
1987.0,0.12863978460276848,0.10762059222152764,0.1485978301237699,6,Medium long,Adventure
1988.0,0.08704839713630874,0.05879592258671056,0.11727848888814835,8,Medium long,Adventure
1989.0,0.11351181046122294,0.08175326145447959,0.14585357961255987,10,Medium long,Adventure
1990.0,0.12233462696795419,0.07472139620866176,0.16865853090250568,5,Medium long,Adventure
1991.0,0.12005611275091492,0.0893734010147006,0.15556932768807308,9,Medium long,Adventure
1992.0,0.12268456547795308,0.10957311229852053,0.13598187899096983,6,Medium long,Adventure
1993.0,0.1242521870231396,0.08529833368299189,0.16718404257696773,9,Medium long,Adventure
1994.0,0.07936145416987843,0.05527855379629447,0.10292701304909159,8,Medium long,Adventure
1995.0,0.10053737769243148,0.08063692169403372,0.12215149477650639,15,Medium long,Adventure
1996.0,0.07811665289851162,0.06335721518126476,0.09479052831395686,15,Medium long,Adventure
1997.0,0.09703236052405238,0.07268538951333414,0.12270657545311153,14,Medium long,Adventure
1998.0,0.08175965057767148,0.06375262814655137,0.09806976826406996,15,Medium long,Adventure
1999.0,0.09015957605651168,0.07483426886205045,0.1078001949986044,11,Medium long,Adventure
2000.0,0.07286015752582058,0.05733391550404571,0.08906491233121429,15,Medium long,Adventure
2001.0,0.077634133499226,0.06467267073615426,0.0898910641842848,15,Medium long,Adventure
2002.0,0.07408645825401888,0.059407429664734765,0.0887699890294996,18,Medium long,Adventure
2003.0,0.0855439211458254,0.06761371304976167,0.10610582384411829,17,Medium long,Adventure
2004.0,0.07736422930146843,0.06095973879787621,0.09428532125932451,17,Medium long,Adventure
2005.0,0.08631941568378117,0.06656176169883467,0.11007434039745627,15,Medium long,Adventure
2006.0,0.07948021572752054,0.05594762421064852,0.1057547774905285,18,Medium long,Adventure
2007.0,0.0875662471502225,0.07034683013032926,0.10785178078335259,19,Medium long,Adventure
2008.0,0.07411182286561127,0.0595165765327992,0.09044280536125193,21,Medium long,Adventure
2009.0,0.06231226004431889,0.04962592062700546,0.0759393188100218,20,Medium long,Adventure
2010.0,0.0646082952310982,0.05466366840423425,0.07569161912082875,22,Medium long,Adventure
2011.0,0.0680959934262872,0.05566065524473929,0.08222464926866772,19,Medium long,Adventure
2012.0,0.07359473490310037,0.05975812557351771,0.08884540612311917,24,Medium long,Adventure
2013.0,0.06784900282344804,0.05505450191603178,0.08333427120392238,21,Medium long,Adventure
2014.0,0.07022351471718018,0.0553858118145825,0.08536091403763205,26,Medium long,Adventure
2015.0,0.07383271117262086,0.062063296018203304,0.08618050216484763,24,Medium long,Adventure
2016.0,0.07070679534026454,0.060999819475363815,0.08116056837539366,27,Medium long,Adventure
2017.0,0.08535453543590082,0.06885679292402419,0.10205116102406912,25,Medium long,Adventure
2018.0,0.07024776411245282,0.06027768982391065,0.08107327575747154,24,Medium long,Adventure
2019.0,0.07789801306061973,0.06708781505829157,0.08975107927268085,28,Medium long,Adventure
2020.0,0.07087116380829796,0.052883746756177345,0.0867097179484406,7,Medium long,Adventure
2021.0,0.07379596813510368,0.0633452730001293,0.08611218413249483,23,Medium long,Adventure
2022.0,0.080909072166242,0.0687020111962707,0.09490170934704645,18,Medium long,Adventure
2023.0,0.07917803479722639,0.06803642183581113,0.09368768640766556,25,Medium long,Adventure
2024.0,0.08341797733006887,0.07006645071258252,0.09841924434708829,22,Medium long,Adventure
2025.0,0.07307165747413447,0.05729198458496706,0.08608753250956805,14,Medium long,Adventure
1922.0,0.5055754901911328,0.3853809196980096,0.6019081326459952,3,Long,Adventure
1923.0,0.5391570804239715,0.5391570804239715,0.5391570804239715,1,Long,Adventure
1924.0,0.5113080612026139,0.3594453047093301,0.5923066357735468,4,Long,Adventure
1925.0,0.5552645160642304,0.4916931463761714,0.6188358857522895,4,Long,Adventure
1926.0,0.43723596622759625,0.35589976518403116,0.5175642286526169,6,Long,Adventure
1927.0,0.42672713141738583,0.33355260561046635,0.5379885934918441,5,Long,Adventure
1929.0,0.3815794415196153,0.20920503763802428,0.5364154866707408,4,Long,Adventure
1930.0,0.37770933843160653,0.2388623355166106,0.5516411454881579,3,Long,Adventure
1931.0,0.406617118197075,0.406617118197075,0.406617118197075,1,Long,Adventure
1932.0,0.5320239336088283,0.4725916044853891,0.5914562627322675,2,Long,Adventure
1933.0,0.4800452415576022,0.4800452415576022,0.4800452415576022,1,Long,Adventure
1934.0,0.22468210024469007,0.15840882737687423,0.31183790456435195,5,Long,Adventure
1935.0,0.18689341797921025,0.13626595401125458,0.24599086592915564,7,Long,Adventure
1936.0,0.24231913874484529,0.22669862644726116,0.25703365170396425,5,Long,Adventure
1937.0,0.2535155428111192,0.1714037851351931,0.3786306466145614,7,Long,Adventure
1938.0,0.21648244428655433,0.1595324525040098,0.27732040608497577,5,Long,Adventure
1939.0,0.3808905095322422,0.2631443676647614,0.5046985902449654,7,Long,Adventure
1940.0,0.30129485731405303,0.19556506419629807,0.4432926971286837,7,Long,Adventure
1941.0,0.19233240464052695,0.1889563681784899,0.19661820336356592,3,Long,Adventure
1942.0,0.3265401976030765,0.16700228036419268,0.596205690853504,5,Long,Adventure
1943.0,0.2444645891902157,0.16414516797911946,0.3487290138217685,5,Long,Adventure
1944.0,0.2054687702279866,0.12514088612467014,0.285796654331303,4,Long,Adventure
1945.0,0.22182821129817487,0.15333839870832938,0.26609141791044777,3,Long,Adventure
1946.0,0.2856115239751166,0.21606541430204806,0.3998910013093177,4,Long,Adventure
1947.0,0.23665032714531825,0.2011396194220117,0.27271894656824863,5,Long,Adventure
1948.0,0.22467191997626734,0.20904295273536275,0.24058662351780172,4,Long,Adventure
1949.0,0.19910571033900545,0.14351220721278968,0.2646595208070618,3,Long,Adventure
1950.0,0.264772835986387,0.20257369781019552,0.3056151207670277,4,Long,Adventure
1951.0,0.27362153779671083,0.17518920822739004,0.39421603817080203,6,Long,Adventure
1952.0,0.28164509138831795,0.24048088777580723,0.32758798567345165,9,Long,Adventure
1953.0,0.29602121304586204,0.2394264812509949,0.35959619667945947,6,Long,Adventure
1954.0,0.2529490238209714,0.1735443919262004,0.3316446359299516,8,Long,Adventure
1955.0,0.40938738727438734,0.17831893165750193,0.7400929820677441,3,Long,Adventure
1956.0,0.3139121563800368,0.24187726830315728,0.38918033091843995,5,Long,Adventure
1957.0,0.23750708429817502,0.18257781352172978,0.3000674760044099,8,Long,Adventure
1958.0,0.460161627843288,0.31551475881929447,0.7390515851692637,3,Long,Adventure
1959.0,0.3055620208832573,0.23508170062142483,0.3894528299210185,6,Long,Adventure
1960.0,0.32633825854911286,0.29937856364917675,0.3735800232889119,3,Long,Adventure
1961.0,0.40084959412529025,0.24616118024889602,0.5555380080016845,2,Long,Adventure
1962.0,0.3074196394744399,0.24092293133077167,0.37419218154582234,8,Long,Adventure
1963.0,0.28127940272428414,0.21497126566281427,0.3723005304910297,9,Long,Adventure
1964.0,0.20732987110897816,0.14513064984408044,0.2656386493980022,3,Long,Adventure
1965.0,0.3103424971171767,0.267198538238916,0.3511416740758227,6,Long,Adventure
1966.0,0.23393826129875628,0.19625224954846646,0.2741307350415477,11,Long,Adventure
1967.0,0.2929974842074815,0.22547203078222852,0.39174040145985706,5,Long,Adventure
1968.0,0.29722368594621607,0.24955021595832722,0.3478449731779875,8,Long,Adventure
1969.0,0.2607198856560259,0.2169334576457101,0.29961910560880745,8,Long,Adventure
1970.0,0.30357507098948777,0.2520989836825297,0.3550420429516892,4,Long,Adventure
1971.0,0.2713567166826368,0.2587756356094938,0.29383672733825916,3,Long,Adventure
1972.0,0.2156201347301284,0.16579585337145197,0.2625218581103346,5,Long,Adventure
1973.0,0.3238033567221651,0.25249485989351944,0.39012939097267096,5,Long,Adventure
1974.0,0.3719157760113491,0.20526702760510662,0.49222949858273873,3,Long,Adventure
1975.0,0.26855803196559025,0.2336170037655683,0.30503660403584887,10,Long,Adventure
1976.0,0.31044190955677375,0.2528313229819452,0.3704580201953708,5,Long,Adventure
1977.0,0.28417261408492284,0.2347279192579857,0.3477488690271532,12,Long,Adventure
1978.0,0.3621577990749995,0.2942396630622382,0.43552337949723585,6,Long,Adventure
1979.0,0.21336599756686314,0.17759951106695604,0.24185951688354818,5,Long,Adventure
1980.0,0.24202447196660806,0.1962059001916584,0.28685387640822735,8,Long,Adventure
1981.0,0.2842677598835999,0.23864445470981552,0.34853797082161053,13,Long,Adventure
1982.0,0.24981400808842813,0.1841909304082155,0.31693056410080767,8,Long,Adventure
1983.0,0.2679588946849999,0.21936608357109946,0.31351168714563127,10,Long,Adventure
1984.0,0.21189454713976733,0.18318234975312506,0.24311606217468873,14,Long,Adventure
1985.0,0.27360536616909376,0.22686038426407826,0.3265417733972268,16,Long,Adventure
1986.0,0.28216965529355226,0.1736347097141509,0.42397987810973214,8,Long,Adventure
1987.0,0.18231774987029492,0.15172064292007678,0.2167508579253005,6,Long,Adventure
1988.0,0.36149980849724195,0.23821724828272187,0.5112769371736946,8,Long,Adventure
1989.0,0.23765223626634926,0.19893851146943853,0.2832545866189837,10,Long,Adventure
1990.0,0.2069757436087659,0.13104284978449057,0.27776778651176043,5,Long,Adventure
1991.0,0.20721833781307578,0.15946914915388008,0.26376785514972617,9,Long,Adventure
1992.0,0.24279184835176168,0.19654222875716398,0.2963684410232252,6,Long,Adventure
1993.0,0.26380285521389163,0.20471803797619034,0.33268269039620774,9,Long,Adventure
1994.0,0.2301481592099744,0.17490742074567087,0.31170208217825174,8,Long,Adventure
1995.0,0.23611650393574632,0.1876873058154418,0.2906412659254687,15,Long,Adventure
1996.0,0.21705699871921996,0.16548141548635564,0.27453887381281844,15,Long,Adventure
1997.0,0.17959477801382223,0.1464295348525159,0.22089714762089557,14,Long,Adventure
1998.0,0.2780554451581654,0.2005116471336944,0.37232269854235045,15,Long,Adventure
1999.0,0.24116668165938018,0.18454369043104646,0.30880310338193606,11,Long,Adventure
2000.0,0.19862360862378325,0.16050927933034173,0.24388529203312329,15,Long,Adventure
2001.0,0.2482051146963988,0.19441200601135036,0.3161039452402394,15,Long,Adventure
2002.0,0.25773535386707463,0.21915881267332735,0.299546871644915,18,Long,Adventure
2003.0,0.22264696595626202,0.17992322442304526,0.28636230828423814,17,Long,Adventure
2004.0,0.2807941777400022,0.23378191019811223,0.3354698320334516,17,Long,Adventure
2005.0,0.26360332662699215,0.2141289190341715,0.31991385195375655,15,Long,Adventure
2006.0,0.30583760601803023,0.22142783371638453,0.4047593116510667,18,Long,Adventure
2007.0,0.23562855845103173,0.19143555676607277,0.2788326862239582,19,Long,Adventure
2008.0,0.26032615168470125,0.21225849877323533,0.3102384090217099,21,Long,Adventure
2009.0,0.250329124321116,0.20644790243752772,0.3009252223860601,20,Long,Adventure
2010.0,0.23094273288465555,0.19596118168545987,0.26870193020578437,22,Long,Adventure
2011.0,0.28771152223277463,0.22082547322065205,0.36314276823553465,19,Long,Adventure
2012.0,0.23680829256896482,0.1990363319663713,0.2764692157273869,24,Long,Adventure
2013.0,0.2730717303403911,0.22510415891239402,0.3258272913451599,21,Long,Adventure
2014.0,0.23602605887818265,0.20443903224655988,0.2674405555869834,26,Long,Adventure
2015.0,0.2504291529242005,0.2060476105243996,0.3038497812088679,24,Long,Adventure
2016.0,0.2799823778894397,0.23321174688401533,0.33240297010966835,27,Long,Adventure
2017.0,0.28123214314157685,0.22954177865078512,0.33874035980121897,25,Long,Adventure
2018.0,0.2251098353291571,0.1930687807054199,0.25725143721610666,24,Long,Adventure
2019.0,0.24112340200635218,0.20400980067471916,0.28276567501873134,28,Long,Adventure
2020.0,0.23577235981433575,0.1894116781051421,0.28954915533728953,7,Long,Adventure
2021.0,0.25267452025201825,0.21605295076576578,0.2922916893780224,23,Long,Adventure
2022.0,0.2563081106355592,0.21780685161462587,0.29755937984686137,18,Long,Adventure
2023.0,0.26010591480067413,0.22701088419554144,0.29373146027170743,25,Long,Adventure
2024.0,0.2766799330816505,0.23469299638780883,0.32128629738428954,22,Long,Adventure
2025.0,0.23460523763892874,0.19833190122639208,0.2722288369365599,14,Long,Adventure
1921.0,0.07002647961682884,0.06472952086553323,0.07532343836812445,2,Medium close-up,Romance
1922.0,0.04918605405526565,0.022659295667941275,0.0755397407806641,9,Medium close-up,Romance
1923.0,0.03568389213876112,0.024172812985088592,0.0467938362998916,13,Medium close-up,Romance
1924.0,0.027528791655946596,0.018479534498763307,0.036722001608148494,7,Medium close-up,Romance
1925.0,0.035279715208708956,0.013134817449563376,0.05911307946104673,8,Medium close-up,Romance
1926.0,0.04940405539296677,0.033258479558800104,0.06489871831794669,15,Medium close-up,Romance
1927.0,0.0785464369219227,0.057856533273089907,0.09883857448234949,17,Medium close-up,Romance
1928.0,0.09985070834749843,0.05969572779951648,0.14059330424476593,10,Medium close-up,Romance
1929.0,0.03186036529138615,0.018971070915997142,0.04635489505487045,17,Medium close-up,Romance
1930.0,0.022619829295960042,0.014451683658355691,0.031075777709166443,22,Medium close-up,Romance
1931.0,0.031779748017706076,0.021275027308593562,0.04339044053467288,17,Medium close-up,Romance
1932.0,0.04529186456545112,0.029985514198513735,0.06180863148075242,18,Medium close-up,Romance
1933.0,0.04913901816081275,0.03812909008459877,0.05979068303110098,14,Medium close-up,Romance
1934.0,0.07201166653369936,0.054579261244286206,0.09048651935759587,21,Medium close-up,Romance
1935.0,0.07518089922721356,0.05630991082520614,0.0975341681275374,18,Medium close-up,Romance
1936.0,0.0600304377940553,0.0396373419019605,0.0797894501072771,20,Medium close-up,Romance
1937.0,0.0624229156265503,0.03966631820822965,0.08414528603392786,16,Medium close-up,Romance
1938.0,0.05645501177335625,0.037637406976374445,0.07756998747486785,15,Medium close-up,Romance
1939.0,0.06916427547840995,0.05206232060781429,0.08647204730518068,20,Medium close-up,Romance
1940.0,0.07784393216533193,0.049888167410585924,0.10432018208833652,15,Medium close-up,Romance
1941.0,0.057930229015011325,0.042184391449269415,0.07503555458922334,22,Medium close-up,Romance
1942.0,0.07380442826714793,0.05194427958566086,0.09767044173781977,19,Medium close-up,Romance
1943.0,0.06842748586085033,0.045655420733098515,0.0963339134080759,14,Medium close-up,Romance
1944.0,0.059569573898037645,0.0444423823376716,0.07583503799280149,13,Medium close-up,Romance
1945.0,0.06256867573797867,0.037958366515126185,0.08945366533748364,13,Medium close-up,Romance
1946.0,0.05040247690812043,0.0376282501054329,0.06284149344830775,13,Medium close-up,Romance
1947.0,0.06386342326853019,0.04234044507407051,0.0886554889685531,14,Medium close-up,Romance
1948.0,0.04885128442733877,0.03363695743507706,0.06510761072558358,14,Medium close-up,Romance
1949.0,0.04392908072601884,0.029895651374273382,0.059690486319482844,17,Medium close-up,Romance
1950.0,0.028348778860256236,0.015921608425259366,0.04238422540576145,13,Medium close-up,Romance
1951.0,0.05211549605683677,0.02877886030907084,0.08328066761691506,12,Medium close-up,Romance
1952.0,0.022388000071102972,0.013455050016875782,0.03199482177593589,12,Medium close-up,Romance
1953.0,0.033289496626905786,0.019113845541516808,0.04906630072485019,16,Medium close-up,Romance
1954.0,0.0385144389060023,0.01953254966562301,0.05920606500699129,16,Medium close-up,Romance
1955.0,0.029799055800378758,0.014252894968543615,0.04895785297546,12,Medium close-up,Romance
1956.0,0.04567538918250017,0.023383440261901402,0.07121281597122439,14,Medium close-up,Romance
1957.0,0.052844847444998864,0.029590836295641576,0.0815320079862004,12,Medium close-up,Romance
1958.0,0.06729364122871906,0.03510493213704894,0.1039089549775899,21,Medium close-up,Romance
1959.0,0.08757712661854411,0.04277751410798798,0.1449643695313176,12,Medium close-up,Romance
1960.0,0.07623280009647423,0.05414792278295495,0.09968535642794848,20,Medium close-up,Romance
1961.0,0.11324949618796225,0.08677507730828835,0.14390647379919821,12,Medium close-up,Romance
1962.0,0.10469692595011611,0.07632029706000285,0.1366025513115127,9,Medium close-up,Romance
1963.0,0.08086663237598886,0.06725807181273301,0.09349353185995478,10,Medium close-up,Romance
1964.0,0.06755133732179285,0.03664155975087851,0.10561870103354024,10,Medium close-up,Romance
1965.0,0.1350311303891231,0.09554093888298322,0.17120869346734088,8,Medium close-up,Romance
1966.0,0.11878449021077314,0.07482944681991875,0.16783574454931335,8,Medium close-up,Romance
1967.0,0.1633815425530386,0.10842172910196457,0.22017395424795166,9,Medium close-up,Romance
1968.0,0.18422440182799488,0.11070390870780404,0.2653528907210264,7,Medium close-up,Romance
1969.0,0.242053776521416,0.18361684283836566,0.3004907102044664,5,Medium close-up,Romance
1970.0,0.14661568807178718,0.09944321887853202,0.17719499383734538,4,Medium close-up,Romance
1971.0,0.16075712076908108,0.07257063590567278,0.21217976687651938,3,Medium close-up,Romance
1972.0,0.1754734253928701,0.1278383696423111,0.22990219297466197,7,Medium close-up,Romance
1973.0,0.2214936321217034,0.13874221766884703,0.2994497641846506,3,Medium close-up,Romance
1974.0,0.2022929936534458,0.13600267887701248,0.27462225970277077,9,Medium close-up,Romance
1975.0,0.1741504823224409,0.11792503298684852,0.23847791213773864,6,Medium close-up,Romance
1976.0,0.2336319437441097,0.14054218437744373,0.3141548164455287,3,Medium close-up,Romance
1977.0,0.1811698401956444,0.123107257541358,0.2400340119970931,6,Medium close-up,Romance
1978.0,0.124816996113015,0.08169693810131903,0.16886075265499004,8,Medium close-up,Romance
1979.0,0.2073014445213149,0.14160473108853233,0.27531487369709245,6,Medium close-up,Romance
1980.0,0.15778238604180786,0.08926599594591406,0.21948161796841287,7,Medium close-up,Romance
1981.0,0.16174549098585836,0.11200257939037998,0.21574172149202034,9,Medium close-up,Romance
1982.0,0.1967889653285757,0.12452016104787242,0.2887495198833749,5,Medium close-up,Romance
1983.0,0.20240061158684614,0.1674016644712476,0.23954506761325745,10,Medium close-up,Romance
1984.0,0.17338521612896335,0.15494616274870118,0.19345298922538406,10,Medium close-up,Romance
1985.0,0.1992659083896037,0.12997956703974164,0.27847670959587656,6,Medium close-up,Romance
1986.0,0.23756391293515894,0.17526841793139508,0.2936773024307265,7,Medium close-up,Romance
1987.0,0.17305632762482764,0.13338906663882644,0.2132562364511918,10,Medium close-up,Romance
1988.0,0.2513024557983576,0.18995205514316205,0.32244010383047733,9,Medium close-up,Romance
1989.0,0.22404907779379135,0.1690996910028494,0.2838052166128861,5,Medium close-up,Romance
1990.0,0.25445079347943345,0.18859325845406646,0.3243466556069452,5,Medium close-up,Romance
1991.0,0.20607264152101984,0.14839944759712484,0.26177384326099257,8,Medium close-up,Romance
1992.0,0.24719645432903922,0.19421490469981414,0.30605673055798216,9,Medium close-up,Romance
1993.0,0.23590409278011595,0.20256536555142624,0.27108809270441087,8,Medium close-up,Romance
1994.0,0.28128875770392764,0.24012362581449365,0.3208340704322694,11,Medium close-up,Romance
1995.0,0.24561763532392314,0.1999946065755115,0.2910788613885452,12,Medium close-up,Romance
1996.0,0.27856382071527624,0.2271135992796294,0.32730251695815277,9,Medium close-up,Romance
1997.0,0.2902443394121609,0.1927351295616692,0.3791942926207525,7,Medium close-up,Romance
1998.0,0.34453890476579324,0.27699878497404623,0.41630072170147886,9,Medium close-up,Romance
1999.0,0.2701596429502393,0.2424661092528387,0.29826724527042175,11,Medium close-up,Romance
2000.0,0.2529290708344359,0.23076462853138446,0.2770998110686571,6,Medium close-up,Romance
2001.0,0.29466263548170424,0.21335076363272956,0.3645323676945892,9,Medium close-up,Romance
2002.0,0.21160130129797242,0.13088292029065657,0.2986519958985261,6,Medium close-up,Romance
2003.0,0.24426143195095196,0.2113980686371864,0.28447423138103234,5,Medium close-up,Romance
2004.0,0.1733055416669278,0.0879563540065851,0.2594514095511027,6,Medium close-up,Romance
2005.0,0.26544922917291597,0.22146616780346068,0.3037747114707558,10,Medium close-up,Romance
2006.0,0.20295145228854194,0.11259327345240763,0.2933096311246763,4,Medium close-up,Romance
2007.0,0.1918943021841779,0.12050491147425493,0.2492839432145138,7,Medium close-up,Romance
2008.0,0.22405951291925286,0.1838915357622454,0.2730128891882097,11,Medium close-up,Romance
2009.0,0.20498083966663222,0.14039730236546702,0.2731326266829081,7,Medium close-up,Romance
2010.0,0.18570461133207697,0.1118273553139773,0.2581017668123399,6,Medium close-up,Romance
2011.0,0.20500180418173322,0.1378074451738243,0.2483464194441383,4,Medium close-up,Romance
2012.0,0.3017328224006706,0.19947298223520835,0.4123642558787821,6,Medium close-up,Romance
2013.0,0.2163573467387695,0.20020240719991325,0.23251228627762574,2,Medium close-up,Romance
2014.0,0.19536080179837165,0.10609981181178532,0.284621791784958,4,Medium close-up,Romance
2015.0,0.22832660077552713,0.14322593623227278,0.35514646600376243,3,Medium close-up,Romance
2017.0,0.32021954674220965,0.32021954674220965,0.32021954674220965,1,Medium close-up,Romance
2018.0,0.20662094363955866,0.09768185316515371,0.3383163223371285,5,Medium close-up,Romance
2019.0,0.09025694022555125,0.07949165213057563,0.10102222832052689,2,Medium close-up,Romance
2020.0,0.2381323188229135,0.20363363670450285,0.27263100094132414,2,Medium close-up,Romance
2022.0,0.10663627959308741,0.025828525426002957,0.1719276024132529,3,Medium close-up,Romance
2023.0,0.2014617883596096,0.20112024500322373,0.20180333171599546,2,Medium close-up,Romance
2024.0,0.281372883920982,0.11774466319920866,0.5184648572072507,3,Medium close-up,Romance
1921.0,0.2813038337602663,0.22377125193199382,0.3388364155885388,2,Medium,Romance
1922.0,0.26179364160946955,0.21697019372996806,0.3031830886833594,9,Medium,Romance
1923.0,0.3121947452889484,0.26190656034643445,0.3664436802424852,13,Medium,Romance
1924.0,0.3509727079346194,0.2858657105738621,0.41469015359854705,7,Medium,Romance
1925.0,0.28943483225032823,0.19198100465724738,0.38608068999839457,8,Medium,Romance
1926.0,0.3594108425084187,0.313321256076758,0.4007850552713719,15,Medium,Romance
1927.0,0.417031613341958,0.3844865871773629,0.44506300509596797,17,Medium,Romance
1928.0,0.41304375924871123,0.35316200910713097,0.46319195763217347,10,Medium,Romance
1929.0,0.4199568909630716,0.3615100585940587,0.4783137156616772,17,Medium,Romance
1930.0,0.4693234121908547,0.41661029789419685,0.5220956211914349,22,Medium,Romance
1931.0,0.46592778741683033,0.42284954217422727,0.5104826748059702,17,Medium,Romance
1932.0,0.5264725853198021,0.4710284551693242,0.5753789684175779,18,Medium,Romance
1933.0,0.4614254613418677,0.4286854144995264,0.4940866477420997,14,Medium,Romance
1934.0,0.4843533961195312,0.45262377701566625,0.5118865971716697,21,Medium,Romance
1935.0,0.4912661365367898,0.4622414621172394,0.5208874075224696,18,Medium,Romance
1936.0,0.49268220612793334,0.45632187639205024,0.5258836742665056,20,Medium,Romance
1937.0,0.47149931700289427,0.4299258756228561,0.5159455661484889,16,Medium,Romance
1938.0,0.5017284245623425,0.45502163590624867,0.5465866765680999,15,Medium,Romance
1939.0,0.5075351438136503,0.46924243676068667,0.5452668270171597,20,Medium,Romance
1940.0,0.5580546045296154,0.520891676580063,0.592341569433073,15,Medium,Romance
1941.0,0.4891755014130185,0.4540796649433676,0.5270057926093371,22,Medium,Romance
1942.0,0.5046714155740321,0.4783659416474244,0.534101653376931,19,Medium,Romance
1943.0,0.47570945719414587,0.4324813279242689,0.5275585707375656,14,Medium,Romance
1944.0,0.49058837576238723,0.432192853948785,0.534869907938709,13,Medium,Romance
1945.0,0.5000954586510217,0.4530449638821331,0.5457862655622802,13,Medium,Romance
1946.0,0.5219624261863145,0.48059080530916126,0.5609232662403859,13,Medium,Romance
1947.0,0.5097921203450334,0.4683605610231129,0.5574661371939799,14,Medium,Romance
1948.0,0.5169565265514302,0.4576892696010559,0.5699816767653616,14,Medium,Romance
1949.0,0.49315302263931976,0.45164233669436277,0.536658491517826,17,Medium,Romance
1950.0,0.42019282429575383,0.37751021000415563,0.4601927112855703,13,Medium,Romance
1951.0,0.4228507344230661,0.35973589427581104,0.4932897652578467,12,Medium,Romance
1952.0,0.43680804171283566,0.39295557634835165,0.4791117597412467,12,Medium,Romance
1953.0,0.3842348015799653,0.322542703279901,0.43537308607911057,16,Medium,Romance
1954.0,0.46070845351473555,0.4012608268970138,0.5184410179397841,16,Medium,Romance
1955.0,0.49316933452545536,0.41022125412028115,0.5715291058389104,12,Medium,Romance
1956.0,0.44634373625866114,0.4043912489915295,0.48610305724114206,14,Medium,Romance
1957.0,0.43839627079716587,0.3887344857729563,0.48563327961612396,12,Medium,Romance
1958.0,0.44836178062701204,0.37196960347125535,0.5162081637396566,21,Medium,Romance
1959.0,0.4399733104977563,0.3659636104403003,0.5118782887444873,12,Medium,Romance
1960.0,0.5209534752685572,0.48311455753088106,0.5546553937252388,20,Medium,Romance
1961.0,0.5439206219628426,0.4996013949126676,0.5851318381477587,12,Medium,Romance
1962.0,0.5898596153012099,0.5529356488359282,0.6246571141918498,9,Medium,Romance
1963.0,0.533542283619257,0.4889673902596784,0.5729400917086432,10,Medium,Romance
1964.0,0.5539949888766845,0.5010523161659116,0.5894398261886977,10,Medium,Romance
1965.0,0.4901390844757972,0.42340772151175937,0.5517830708052739,8,Medium,Romance
1966.0,0.49585845563411507,0.45163877672351155,0.5461272006938002,8,Medium,Romance
1967.0,0.4633382100695596,0.3968168958388615,0.5187788033004307,9,Medium,Romance
1968.0,0.440848085235852,0.4057541673642326,0.47862764540211733,7,Medium,Romance
1969.0,0.4571414147058075,0.43495729707941855,0.482604505274585,5,Medium,Romance
1970.0,0.49491209595242514,0.4204187140464686,0.5694054778583817,4,Medium,Romance
1971.0,0.4998093441537968,0.40478960247101775,0.5770606702197562,3,Medium,Romance
1972.0,0.46965417450264235,0.4200369946357226,0.5176803158760499,7,Medium,Romance
1973.0,0.5292374930125326,0.5238016801185966,0.5398742318136344,3,Medium,Romance
1974.0,0.3980945167069593,0.31353724701152075,0.4783359646585787,9,Medium,Romance
1975.0,0.46741424876848736,0.3813456361207976,0.5515461998044245,6,Medium,Romance
1976.0,0.3688107384723722,0.23128654970760235,0.5086019636805978,3,Medium,Romance
1977.0,0.4708077983344607,0.45619792660180103,0.4882339136487164,6,Medium,Romance
1978.0,0.46062919479493103,0.4192822796455553,0.5074468623082248,8,Medium,Romance
1979.0,0.45778619608477533,0.4051531343227015,0.5089212016541212,6,Medium,Romance
1980.0,0.4474370702637259,0.3919482711269701,0.5226728543328744,7,Medium,Romance
1981.0,0.48446964352384875,0.44522235648071284,0.5235957816783359,9,Medium,Romance
1982.0,0.4849235893026669,0.41689501636749215,0.5335288272569942,5,Medium,Romance
1983.0,0.45115715638323317,0.41127651084497174,0.4930792167917449,10,Medium,Romance
1984.0,0.45392639933909074,0.423068943553263,0.48155339321470797,10,Medium,Romance
1985.0,0.44373277149762846,0.40255790878521847,0.48517515407460876,6,Medium,Romance
1986.0,0.4702467805581557,0.4276599688436272,0.5268420926992908,7,Medium,Romance
1987.0,0.46987327022041026,0.4429390634270161,0.49170052971272016,10,Medium,Romance
1988.0,0.4725699074992812,0.4157110413116688,0.5330985515453086,9,Medium,Romance
1989.0,0.4582007917244774,0.4189027541998522,0.49871443380422226,5,Medium,Romance
1990.0,0.41948243027609494,0.36558476954479185,0.47906375227543807,5,Medium,Romance
1991.0,0.4524657942436199,0.4108235798810765,0.486535157601524,8,Medium,Romance
1992.0,0.4146297534590649,0.37128612703969316,0.45831100441889205,9,Medium,Romance
1993.0,0.4120639561165286,0.37543992688376937,0.4428837849910415,8,Medium,Romance
1994.0,0.39062976293770396,0.358606252453278,0.4292984662686947,11,Medium,Romance
1995.0,0.46873305720253683,0.4418700565528971,0.49507422218836533,12,Medium,Romance
1996.0,0.4512795991091131,0.39007124128427273,0.5106142787349376,9,Medium,Romance
1997.0,0.3990001665815562,0.34808389989482574,0.45082211788196425,7,Medium,Romance
1998.0,0.3882916017159121,0.31821787744347424,0.4597255220536523,9,Medium,Romance
1999.0,0.4417691876231343,0.3961386525030881,0.4804689833426809,11,Medium,Romance
2000.0,0.44453048852107874,0.379650841196118,0.5091666893406823,6,Medium,Romance
2001.0,0.42188386010863216,0.351988961546893,0.49035732825053036,9,Medium,Romance
2002.0,0.49796331642992503,0.42965383904472204,0.5612039257076659,6,Medium,Romance
2003.0,0.49505187331040307,0.39442949208446415,0.58367568230281,5,Medium,Romance
2004.0,0.4883359280664754,0.43050335060702805,0.5449346874227318,6,Medium,Romance
2005.0,0.44753584944808245,0.3920650556470112,0.49724319522407034,10,Medium,Romance
2006.0,0.5367412788108017,0.44387860710197413,0.6567453258326492,4,Medium,Romance
2007.0,0.48444371757682564,0.43252660510646773,0.5398974900230566,7,Medium,Romance
2008.0,0.4959767583017694,0.4417008260592925,0.5449138502687546,11,Medium,Romance
2009.0,0.5434751901416534,0.4954309017617381,0.5771569295269275,7,Medium,Romance
2010.0,0.5236194174096204,0.4610892837053056,0.5779029386916336,6,Medium,Romance
2011.0,0.5470458557944842,0.48921050044574166,0.6009253179876701,4,Medium,Romance
2012.0,0.442261596163626,0.38299468153512284,0.5008894479569782,6,Medium,Romance
2013.0,0.4272476006965199,0.3951031458756364,0.4593920555174034,2,Medium,Romance
2014.0,0.5330832507754402,0.47180361134901755,0.5986383801974979,4,Medium,Romance
2015.0,0.5178513304429048,0.40190808922332705,0.6080396955778322,3,Medium,Romance
2017.0,0.48140934844192634,0.48140934844192634,0.48140934844192634,1,Medium,Romance
2018.0,0.49290764832375,0.4366106154783795,0.5375331748724678,5,Medium,Romance
2019.0,0.5314367002699514,0.5034263643159731,0.5594470362239298,2,Medium,Romance
2020.0,0.4796691358951241,0.47933009099466584,0.4800081807955824,2,Medium,Romance
2022.0,0.560721030020198,0.5088225858196984,0.6475580303233597,3,Medium,Romance
2023.0,0.502637451429029,0.48263217279174725,0.5226427300663109,2,Medium,Romance
2024.0,0.3699943012993921,0.294375221352909,0.44695108331471967,3,Medium,Romance
1921.0,0.1992957243852797,0.18965790935788554,0.20893353941267387,2,Medium long,Romance
1922.0,0.20091489559686326,0.154169552008888,0.248442315758445,9,Medium long,Romance
1923.0,0.2065670582743983,0.1759823991905093,0.23871448603489243,13,Medium long,Romance
1924.0,0.2682535831033047,0.23076594915598495,0.31550767356436477,7,Medium long,Romance
1925.0,0.1977575957742964,0.14000720451903603,0.2651400889108208,8,Medium long,Romance
1926.0,0.19711983851673853,0.16572380754386523,0.2286088364792019,15,Medium long,Romance
1927.0,0.18554753409929367,0.15838969942220327,0.21196414364847724,17,Medium long,Romance
1928.0,0.14164624801780287,0.11644123156884982,0.16685298119975783,10,Medium long,Romance
1929.0,0.2507136844854612,0.21584642871895374,0.28468784586680285,17,Medium long,Romance
1930.0,0.2749360057054289,0.2429423284026234,0.3070849241430052,22,Medium long,Romance
1931.0,0.28886924449564405,0.262283111756995,0.32035463168337197,17,Medium long,Romance
1932.0,0.23357505951693827,0.20404589552168065,0.26521522002539816,18,Medium long,Romance
1933.0,0.26670310011490767,0.22681950879821614,0.30581502986004705,14,Medium long,Romance
1934.0,0.24896292772689774,0.22667231544045588,0.27252152022083526,21,Medium long,Romance
1935.0,0.24462312797210956,0.21176808561521032,0.27247110428695515,18,Medium long,Romance
1936.0,0.23560149740202768,0.2169148482221092,0.25401726596814217,20,Medium long,Romance
1937.0,0.2335268781333969,0.20221239018399112,0.27496842347189965,16,Medium long,Romance
1938.0,0.25510286775760516,0.23161652359881646,0.27741083284750856,15,Medium long,Romance
1939.0,0.24203532107150635,0.2139506949201475,0.2736441177799993,20,Medium long,Romance
1940.0,0.2183487767597047,0.1925642780289687,0.24741500073137418,15,Medium long,Romance
1941.0,0.2634442543856884,0.23277637890080907,0.29449147290577293,22,Medium long,Romance
1942.0,0.21689296385445048,0.19408317332178415,0.2421303517035762,19,Medium long,Romance
1943.0,0.2423037771719024,0.19754781663131485,0.2858316164456332,14,Medium long,Romance
1944.0,0.2393064809379254,0.2073774842939509,0.2714574666100409,13,Medium long,Romance
1945.0,0.26384105135835173,0.24217019936357256,0.28626409666725733,13,Medium long,Romance
1946.0,0.23372020610203753,0.20262666241745672,0.26956442842705025,13,Medium long,Romance
1947.0,0.25427482612746605,0.21906356481224898,0.28437051560072196,14,Medium long,Romance
1948.0,0.23545857960930325,0.20969934993435013,0.2591974881420611,14,Medium long,Romance
1949.0,0.27449010671937335,0.23968160719674775,0.3095036106151391,17,Medium long,Romance
1950.0,0.3042254358196975,0.2563186371175585,0.3491951803828551,13,Medium long,Romance
1951.0,0.23868705606221283,0.1936998830480988,0.2890793782550986,12,Medium long,Romance
1952.0,0.27196407691721675,0.2373127677430292,0.3066206368548412,12,Medium long,Romance
1953.0,0.2961243893078024,0.26882666258715715,0.3232799145243404,16,Medium long,Romance
1954.0,0.2523903673969806,0.21636196466091254,0.28736051146846214,16,Medium long,Romance
1955.0,0.2652431028685159,0.20656089170854375,0.33016032390966066,12,Medium long,Romance
1956.0,0.24789999106992827,0.21039335822798094,0.2919715828067802,14,Medium long,Romance
1957.0,0.26919338695996814,0.21696193637322767,0.3189240077622353,12,Medium long,Romance
1958.0,0.22947686258578393,0.18190038685777304,0.2737716024659689,21,Medium long,Romance
1959.0,0.22505528355263624,0.1768883069338957,0.270417509604101,12,Medium long,Romance
1960.0,0.23063832650035568,0.19252799101513948,0.27798969509444993,20,Medium long,Romance
1961.0,0.16740827935144145,0.13537834059901618,0.2108050369148695,12,Medium long,Romance
1962.0,0.16663342199082953,0.13961681475743903,0.19005301435010355,9,Medium long,Romance
1963.0,0.20190834086967913,0.1795768096596148,0.22348823216916053,10,Medium long,Romance
1964.0,0.20931659601010777,0.175619000888871,0.24358816588715962,10,Medium long,Romance
1965.0,0.14759024135796367,0.12629689872606215,0.1706818029956734,8,Medium long,Romance
1966.0,0.1593005055262535,0.12189925088322115,0.203074003630995,8,Medium long,Romance
1967.0,0.14214786899051654,0.11094025864471257,0.18523180146621457,9,Medium long,Romance
1968.0,0.1540824863457617,0.1078298342029042,0.2081517174047864,7,Medium long,Romance
1969.0,0.14545145683512434,0.10286637974761532,0.1880365339226333,5,Medium long,Romance
1970.0,0.17878662097862816,0.12816311339096642,0.23352444841621495,4,Medium long,Romance
1971.0,0.1876966426761453,0.11188680421367575,0.28842082207782727,3,Medium long,Romance
1972.0,0.15393953157831036,0.1324708483524617,0.17616199748200317,7,Medium long,Romance
1973.0,0.11917508344643467,0.06445619551236244,0.16317282685790843,3,Medium long,Romance
1974.0,0.1679447490752566,0.13626086475463633,0.19615286842391008,9,Medium long,Romance
1975.0,0.1625399791163313,0.12093982966288215,0.2027433827247381,6,Medium long,Romance
1976.0,0.14774626651316294,0.13086809067650385,0.17560170301503172,3,Medium long,Romance
1977.0,0.1952806095250692,0.15133091493391335,0.24232239802414438,6,Medium long,Romance
1978.0,0.23767788508184756,0.17650755821079187,0.31058607901515345,8,Medium long,Romance
1979.0,0.1356384696417056,0.11740874285331566,0.15825642792276276,6,Medium long,Romance
1980.0,0.1647141581643702,0.1252376996563805,0.21158151431413683,7,Medium long,Romance
1981.0,0.1644491118624909,0.13259986854693845,0.20467572351487162,9,Medium long,Romance
1982.0,0.16348911138346356,0.13831038124468661,0.20142526912967948,5,Medium long,Romance
1983.0,0.13796290463449531,0.11333284795586904,0.16456735987285076,10,Medium long,Romance
1984.0,0.17070506799903556,0.1555589005294378,0.18657610529755303,10,Medium long,Romance
1985.0,0.13598651036976425,0.10409540997183728,0.16284907221855052,6,Medium long,Romance
1986.0,0.14216605050601666,0.11209533816344955,0.17455967530604735,7,Medium long,Romance
1987.0,0.15723626959428522,0.13158346927931575,0.18166449671997068,10,Medium long,Romance
1988.0,0.12091131078259942,0.09434800484020703,0.15180281428178244,9,Medium long,Romance
1989.0,0.13849221538618361,0.10066970794771017,0.1864203054544011,5,Medium long,Romance
1990.0,0.12012196384528537,0.09010944226643143,0.1455895739794209,5,Medium long,Romance
1991.0,0.15108146303384015,0.12950828683303034,0.17496656035802566,8,Medium long,Romance
1992.0,0.12185964269897104,0.09196368956319687,0.15374746018530683,9,Medium long,Romance
1993.0,0.13192783756039986,0.09858491133062632,0.16712834899336423,8,Medium long,Romance
1994.0,0.12555516640806377,0.09859330949449557,0.1566234667936513,11,Medium long,Romance
1995.0,0.12766860887063913,0.10961384029804956,0.14852580121044284,12,Medium long,Romance
1996.0,0.0995003526853054,0.08020442031129907,0.11699463090553797,9,Medium long,Romance
1997.0,0.09884936811277166,0.06853523249847447,0.13382076091078554,7,Medium long,Romance
1998.0,0.0938236338334341,0.06077744125568683,0.12972755129199304,9,Medium long,Romance
1999.0,0.10226122896780501,0.08621430358897177,0.11605150199940359,11,Medium long,Romance
2000.0,0.09253014947872858,0.07941067342746348,0.103823652303212,6,Medium long,Romance
2001.0,0.09764117924691064,0.06960551455238405,0.1340217548492966,9,Medium long,Romance
2002.0,0.11835361987399855,0.10112413286086445,0.13602056053004946,6,Medium long,Romance
2003.0,0.10419946979003622,0.09607002641764503,0.11330340090041588,5,Medium long,Romance
2004.0,0.1457972389853179,0.10553405485213783,0.18386370651155493,6,Medium long,Romance
2005.0,0.10795216189487408,0.07996557544212154,0.13499330138094195,10,Medium long,Romance
2006.0,0.12290976663889952,0.06844771810245727,0.16188073307814074,4,Medium long,Romance
2007.0,0.14756358259947902,0.12113682444665741,0.17640785097441325,7,Medium long,Romance
2008.0,0.10850509783517878,0.09234905350399322,0.1251503871651995,11,Medium long,Romance
2009.0,0.11951936103605346,0.09301479075455514,0.1503529866388952,7,Medium long,Romance
2010.0,0.10669535952015409,0.07238229212914837,0.141374825469251,6,Medium long,Romance
2011.0,0.10225171434222777,0.07008667500125752,0.13193081676371646,4,Medium long,Romance
2012.0,0.09820366459641705,0.05596009149331515,0.14336614599942824,6,Medium long,Romance
2013.0,0.07807437942979213,0.05841499661575587,0.09773376224382839,2,Medium long,Romance
2014.0,0.12523030854746156,0.09427300227293131,0.1561876148219918,4,Medium long,Romance
2015.0,0.09146646133557196,0.0639277076054824,0.10617896536694942,3,Medium long,Romance
2017.0,0.04302407932011332,0.04302407932011332,0.04302407932011332,1,Medium long,Romance
2018.0,0.11731392735126407,0.07774866362787983,0.16042630174259273,5,Medium long,Romance
2019.0,0.14375888304010867,0.10517288693743139,0.18234487914278594,2,Medium long,Romance
2020.0,0.09409841518583603,0.07110919359899592,0.11708763677267614,2,Medium long,Romance
2022.0,0.1370624452921355,0.12662911236292124,0.15243022136669876,3,Medium long,Romance
2023.0,0.10592974481411721,0.08679883945841392,0.1250606501698205,2,Medium long,Romance
2024.0,0.10096540312020497,0.06500531246981552,0.13778359232904688,3,Medium long,Romance
1921.0,0.4228847999884194,0.353837606159219,0.49193199381761976,2,Long,Romance
1922.0,0.4502529058816714,0.3683308725717034,0.5230050424429816,9,Long,Romance
1923.0,0.41501594084844773,0.3452150252608048,0.4794445292428599,13,Long,Romance
1924.0,0.32501409366532574,0.2563353117311828,0.40091863423027807,7,Long,Romance
1925.0,0.4408643163635588,0.3154058397746797,0.5715606244365024,8,Long,Romance
1926.0,0.36698846646399047,0.3155690893796064,0.4226088444730282,15,Long,Romance
1927.0,0.28919260541279324,0.2595440544726144,0.32513165001570965,17,Long,Romance
1928.0,0.3004469997568374,0.24553604165066154,0.3709376847229071,10,Long,Romance
1929.0,0.27869124984555105,0.2342473776023432,0.32782300715776164,17,Long,Romance
1930.0,0.20984252097572667,0.163950516403193,0.26116742668179543,22,Long,Romance
1931.0,0.19280267138864338,0.15536350305502894,0.2347760701777686,17,Long,Romance
1932.0,0.17021940418716663,0.12484408725194275,0.22770397938602738,18,Long,Romance
1933.0,0.1933495024556539,0.1656463574778188,0.221094966753714,14,Long,Romance
1934.0,0.1723726365379799,0.14193825704095359,0.2072508266746797,21,Long,Romance
1935.0,0.16842922877213218,0.13997981603842943,0.20060843332995656,18,Long,Romance
1936.0,0.19053236057411482,0.15094032272298097,0.2358866002834937,20,Long,Romance
1937.0,0.20705248951231237,0.1611435552790413,0.2547254483587272,16,Long,Romance
1938.0,0.158861630665786,0.12453782440683149,0.1974584893938233,15,Long,Romance
1939.0,0.15731709456243825,0.12201546153992698,0.19864457803274774,20,Long,Romance
1940.0,0.1268031319471572,0.10273714411178726,0.15242707089827162,15,Long,Romance
1941.0,0.16305052380616133,0.14034357792428262,0.18869541261529532,22,Long,Romance
1942.0,0.17637768514773502,0.15263585964625753,0.2006289520482566,19,Long,Romance
1943.0,0.1835810290311168,0.14974903530087116,0.21513720284765425,14,Long,Romance
1944.0,0.18336484783773466,0.14289798880525012,0.22997222822020716,13,Long,Romance
1945.0,0.15643225911765918,0.12781998897748545,0.18669451199519338,13,Long,Romance
1946.0,0.17885714551164553,0.1419973707293255,0.21890181409193255,13,Long,Romance
1947.0,0.1563776778223705,0.12105061311834454,0.19024949478651884,14,Long,Romance
1948.0,0.1777760676168738,0.1294848221489902,0.23894217437783308,14,Long,Romance
1949.0,0.17002811123222386,0.133944974966878,0.20764690517407705,17,Long,Romance
1950.0,0.22513499564936032,0.1842640806509236,0.26172392374732545,13,Long,Romance
1951.0,0.25390920598639416,0.1919425064339424,0.31458904051975023,12,Long,Romance
1952.0,0.25134892958099486,0.20085257485306612,0.30959850507527775,12,Long,Romance
1953.0,0.2652736079727034,0.22635612034646022,0.3131279754376333,16,Long,Romance
1954.0,0.213591566750978,0.16880311897909894,0.2595914390874156,16,Long,Romance
1955.0,0.18098363208005497,0.13996175407998007,0.22108890683028395,12,Long,Romance
1956.0,0.239851774260017,0.19568842521921745,0.28326182902530117,14,Long,Romance
1957.0,0.19965246123651748,0.15313035585278104,0.2542885617182028,12,Long,Romance
1958.0,0.21969853285196433,0.15181994405821106,0.302887127565892,21,Long,Romance
1959.0,0.21088943809627977,0.163030133925416,0.25909174808851604,12,Long,Romance
1960.0,0.15568272130633448,0.13374797733926247,0.17942954743203476,20,Long,Romance
1961.0,0.1489242253321445,0.11563093673877205,0.19187583428279129,12,Long,Romance
1962.0,0.12009595722917973,0.09128165093042384,0.1576460358614088,9,Long,Romance
1963.0,0.1627408369493735,0.14155545279007886,0.1876391186311893,10,Long,Romance
1964.0,0.1416989443110062,0.10674763720390061,0.19547274109446502,10,Long,Romance
1965.0,0.18324452899315422,0.13129070638607881,0.23758762270856038,8,Long,Romance
1966.0,0.17055033451653318,0.13038860114847195,0.20708612222183562,8,Long,Romance
1967.0,0.19204278483819393,0.16340475280771327,0.22095973126812204,9,Long,Romance
1968.0,0.18174430512276443,0.14806079136998362,0.2155576960712484,7,Long,Romance
1969.0,0.12839874405290544,0.08826907289599283,0.17100764988031333,5,Long,Romance
1970.0,0.1389096250715306,0.08190994263777535,0.19590930750528582,4,Long,Romance
1971.0,0.12475654993741735,0.04632401255749433,0.20434032652733766,3,Long,Romance
1972.0,0.1759374209243916,0.1350798992886927,0.2195676333515027,7,Long,Romance
1973.0,0.10451787876950634,0.06549235386594254,0.1470565056348018,3,Long,Romance
1974.0,0.201596843261058,0.12568966075725843,0.29806467327605896,9,Long,Romance
1975.0,0.16743555625780296,0.11908002791018779,0.22054248532155232,6,Long,Romance
1976.0,0.20457686255554966,0.1456833462247873,0.318859649122807,3,Long,Romance
1977.0,0.12511790710098825,0.10233353154230236,0.1495141011518639,6,Long,Romance
1978.0,0.15387534041744017,0.11249959274157764,0.20087876426273224,8,Long,Romance
1979.0,0.16630105810111706,0.15365997679417442,0.1815090583899292,6,Long,Romance
1980.0,0.1988481079676408,0.13818661605066118,0.2816827351558235,7,Long,Romance
1981.0,0.14945618869920088,0.12713989778927587,0.1745947219072582,9,Long,Romance
1982.0,0.13267963781191336,0.10910365730177896,0.15707526170098385,5,Long,Romance
1983.0,0.16280192474603036,0.13066930459164317,0.20516277212506703,10,Long,Romance
1984.0,0.1712548935712039,0.1412579342569381,0.21008703387699038,10,Long,Romance
1985.0,0.1820825495838718,0.1361293958541416,0.2271496748196078,6,Long,Romance
1986.0,0.1182937639425714,0.09392112226587791,0.14757672641011557,7,Long,Romance
1987.0,0.16446450294091453,0.1327108011035359,0.19385117928531542,10,Long,Romance
1988.0,0.11363896594664867,0.09310773501497767,0.13220085829194125,9,Long,Romance
1989.0,0.1169767522888436,0.09131667069423828,0.15020668277750396,5,Long,Romance
1990.0,0.15154368686407702,0.10530851845732492,0.20397640715320273,5,Long,Romance
1991.0,0.1527773012894015,0.13131310330640858,0.181798799289142,8,Long,Romance
1992.0,0.15356914813419975,0.12403529254339031,0.18462524295920563,9,Long,Romance
1993.0,0.1690973157153642,0.13643010963225946,0.20327858521845354,8,Long,Romance
1994.0,0.14205883593694055,0.11727363831330073,0.1672390161252653,11,Long,Romance
1995.0,0.11535298420652379,0.09752309106521197,0.13603078596596904,12,Long,Romance
1996.0,0.11788334661656398,0.09685347335173404,0.13796410014294605,9,Long,Romance
1997.0,0.1407808056181617,0.10100244863981182,0.20166177811655298,7,Long,Romance
1998.0,0.11751747453864006,0.09922520828977137,0.13524976711877304,9,Long,Romance
1999.0,0.12195802209777216,0.10703172507504545,0.13639750039465234,11,Long,Romance
2000.0,0.14116477182062476,0.10476749506056116,0.1775620485806884,6,Long,Romance
2001.0,0.11987553662289513,0.0962454566357497,0.1460474055412477,9,Long,Romance
2002.0,0.11723313197976383,0.09782406534966168,0.1348112395058721,6,Long,Romance
2003.0,0.11011788668105722,0.06416057338975568,0.15671830224389735,5,Long,Romance
2004.0,0.1363501065727059,0.10494238653045035,0.171966454543791,6,Long,Romance
2005.0,0.125441163410508,0.09938763804346619,0.15431144371856326,10,Long,Romance
2006.0,0.09523680543765792,0.06396216587850316,0.12390166615327682,4,Long,Romance
2007.0,0.12456147453222592,0.09370680552775452,0.16155053340094833,7,Long,Romance
2008.0,0.11026174926305443,0.09030152156194673,0.1337932790811468,11,Long,Romance
2009.0,0.08144394984794137,0.06505889757556112,0.09956864557785884,7,Long,Romance
2010.0,0.12052345969647815,0.10443825942945684,0.1373189264153923,6,Long,Romance
2011.0,0.09281345137650798,0.07276703216785514,0.11285987058516082,4,Long,Romance
2012.0,0.0962731827420815,0.06687544056905399,0.125670924915109,6,Long,Romance
2013.0,0.14064709058577907,0.13868507608342068,0.14260910508813748,2,Long,Romance
2014.0,0.09173559378775943,0.058765170756828466,0.11685782496148725,4,Long,Romance
2015.0,0.08101275964854293,0.0625503896801935,0.09754290653167058,3,Long,Romance
2017.0,0.05541784702549575,0.05541784702549575,0.05541784702549575,1,Long,Romance
2018.0,0.09755176167599458,0.06803816013131041,0.14396088052286998,5,Long,Romance
2019.0,0.16599034066834928,0.1605378704720088,0.17144281086468977,2,Long,Romance
2020.0,0.12484330516462777,0.09374019454032005,0.15594641578893548,2,Long,Romance
2022.0,0.11418717558864512,0.09193026899103363,0.1275264677574591,3,Long,Romance
2023.0,0.10640453475571472,0.09606986899563319,0.11673920051579625,2,Long,Romance
2024.0,0.16709356292833152,0.03290511606941627,0.24238169692715147,3,Long,Romance
1923.0,0.03717659618608905,0.00702883011675006,0.06732436225542805,2,Medium close-up,Action
1924.0,0.0032351079541458614,0.0032351079541458614,0.0032351079541458614,1,Medium close-up,Action
1925.0,0.08919015017241008,0.02692234668691855,0.1514579536579016,2,Medium close-up,Action
1926.0,0.02431937095731376,0.00634248100943113,0.04468497417807229,4,Medium close-up,Action
1927.0,0.06629829131949627,0.035826032540675845,0.09834322176200605,3,Medium close-up,Action
1928.0,0.011433786032529926,0.011433786032529926,0.011433786032529926,1,Medium close-up,Action
1929.0,0.04639228900486059,0.008154424412308084,0.08463015359741309,2,Medium close-up,Action
1930.0,0.010859763986356687,0.010859763986356687,0.010859763986356687,1,Medium close-up,Action
1931.0,0.04929317045636947,0.046560447841532994,0.05202589307120595,2,Medium close-up,Action
1932.0,0.03243222140723048,0.01684105214890158,0.04119225037257824,3,Medium close-up,Action
1934.0,0.023902145578504112,0.023902145578504112,0.023902145578504112,1,Medium close-up,Action
1935.0,0.0855969033125169,0.06339891288662274,0.10779489373841107,2,Medium close-up,Action
1936.0,0.10251819151723653,0.10092213114754098,0.10411425188693207,2,Medium close-up,Action
1937.0,0.0708627650787392,0.06474986154698173,0.07697566861049668,2,Medium close-up,Action
1938.0,0.0639063526489064,0.041593998316717395,0.07858565761035755,4,Medium close-up,Action
1939.0,0.04389858561540776,0.04389858561540776,0.04389858561540776,1,Medium close-up,Action
1940.0,0.08275139309880077,0.06008734997214037,0.10550062159950603,4,Medium close-up,Action
1941.0,0.05053944602484678,0.01575348394356444,0.08532540810612912,2,Medium close-up,Action
1942.0,0.0648081560601199,0.05015081438518183,0.08810827917694074,5,Medium close-up,Action
1943.0,0.050185923443787105,0.045937387260993306,0.05724841541538148,3,Medium close-up,Action
1945.0,0.12456058206225282,0.10471048884670148,0.14441067527780416,2,Medium close-up,Action
1946.0,0.03779030443302952,0.003720705484416526,0.07185990338164251,2,Medium close-up,Action
1947.0,0.022123697628020394,0.022123697628020394,0.022123697628020394,1,Medium close-up,Action
1948.0,0.07056880171027596,0.021518815955330534,0.11913265306122449,4,Medium close-up,Action
1949.0,0.07645557480036687,0.062013418751711784,0.08877146942066293,4,Medium close-up,Action
1950.0,0.03373102637443627,0.02217687074829932,0.04528518200057323,2,Medium close-up,Action
1951.0,0.040311652518434674,0.015708265033425664,0.07409674578812005,4,Medium close-up,Action
1952.0,0.05117372490032113,0.029454665605284702,0.07372755298363792,6,Medium close-up,Action
1953.0,0.06417233272389894,0.03952255598427752,0.08882210946352037,2,Medium close-up,Action
1954.0,0.06683226570913281,0.019050355545020912,0.12506653568181236,5,Medium close-up,Action
1955.0,0.047923203135459704,0.04394308623535886,0.05412463332617872,3,Medium close-up,Action
1957.0,0.12916463037214396,0.06858793284032119,0.1716832553863373,3,Medium close-up,Action
1958.0,0.10411726524576731,0.06213102951763858,0.15519001701644924,3,Medium close-up,Action
1960.0,0.06666898480800512,0.06321469870229988,0.07012327091371036,2,Medium close-up,Action
1961.0,0.1197059413890004,0.1197059413890004,0.1197059413890004,1,Medium close-up,Action
1962.0,0.030440418291440202,0.0023569844164158652,0.06771535023329524,4,Medium close-up,Action
1963.0,0.07902342364081978,0.056679167869115914,0.11263157894736842,3,Medium close-up,Action
1964.0,0.07712820345036178,0.07119210518018729,0.08306430172053629,2,Medium close-up,Action
1965.0,0.039579093009106524,0.023739956172388606,0.0672513683940975,3,Medium close-up,Action
1966.0,0.12924633293093876,0.0747660278217668,0.19723816180555648,7,Medium close-up,Action
1967.0,0.13371132793140866,0.07680343011948279,0.19061922574333456,4,Medium close-up,Action
1968.0,0.18854550439259965,0.14885444090935843,0.22823656787584087,4,Medium close-up,Action
1969.0,0.18351431410661534,0.12546915365568476,0.26816463595113216,5,Medium close-up,Action
1970.0,0.14347578385730322,0.07760179045094802,0.1920940260563342,5,Medium close-up,Action
1971.0,0.18599669277448888,0.15385948748880637,0.21376557106444868,10,Medium close-up,Action
1972.0,0.207633244954958,0.1792654874283909,0.23479073232185846,13,Medium close-up,Action
1973.0,0.16608089582373703,0.1316113311701886,0.20600252189470855,10,Medium close-up,Action
1974.0,0.1687690720478415,0.13222117643333337,0.2057699395184908,12,Medium close-up,Action
1975.0,0.17499522861152184,0.12027144356142165,0.2279223774707608,6,Medium close-up,Action
1976.0,0.21286584793210972,0.18192508364245064,0.24306152864426547,5,Medium close-up,Action
1977.0,0.19394035361300105,0.16052239474575825,0.22356361056121393,8,Medium close-up,Action
1978.0,0.14659125117685223,0.09247754176811351,0.1879582888094624,3,Medium close-up,Action
1979.0,0.1499955795010989,0.04748376623376623,0.27529390808692555,3,Medium close-up,Action
1980.0,0.1739884648932596,0.131888606454756,0.20422963770010638,9,Medium close-up,Action
1981.0,0.211649670255293,0.17632851589302603,0.24966918997774842,11,Medium close-up,Action
1982.0,0.25075049225992896,0.20023037056610948,0.3074230819406208,8,Medium close-up,Action
1983.0,0.19211769423506578,0.15232332496070733,0.23506921866140953,11,Medium close-up,Action
1984.0,0.2217744414406279,0.18349811079448525,0.26519662256806353,15,Medium close-up,Action
1985.0,0.20344366596945104,0.15812122338409007,0.2446691069987309,12,Medium close-up,Action
1986.0,0.2771550377107511,0.20574687689172197,0.3484164590737104,8,Medium close-up,Action
1987.0,0.26772073119175793,0.21797020796081204,0.3158771981805021,9,Medium close-up,Action
1988.0,0.2512333399967235,0.21337679971348011,0.2916930730611414,11,Medium close-up,Action
1989.0,0.2509265928230051,0.2189199317140742,0.2832542457032883,12,Medium close-up,Action
1990.0,0.2699548283082993,0.23031522601198642,0.3136683395788856,17,Medium close-up,Action
1991.0,0.28127649945826755,0.23251006494871349,0.33334434664670365,12,Medium close-up,Action
1992.0,0.27877273252043644,0.23098041944581324,0.33017561090001624,10,Medium close-up,Action
1993.0,0.263378819034135,0.21841776381894876,0.3062524999669171,12,Medium close-up,Action
1994.0,0.2804328667065181,0.24972838590075383,0.31514063058897396,15,Medium close-up,Action
1995.0,0.32246156673909593,0.27598533312336526,0.366803277209609,18,Medium close-up,Action
1996.0,0.329660101242952,0.29358686113213445,0.3668188404916369,14,Medium close-up,Action
1997.0,0.3136232672164115,0.27350932413609724,0.34887890990153025,23,Medium close-up,Action
1998.0,0.2876093669618335,0.24111933473476532,0.3301156022737634,18,Medium close-up,Action
1999.0,0.2916901858255706,0.2535461054100758,0.33696117965679545,13,Medium close-up,Action
2000.0,0.3193227905259626,0.279178711603819,0.35694903903440467,16,Medium close-up,Action
2001.0,0.28096391097827234,0.24078079923530243,0.32299376581283157,17,Medium close-up,Action
2002.0,0.2470833126463494,0.2138514560605129,0.283177504917999,17,Medium close-up,Action
2003.0,0.293287366025129,0.255347910022705,0.33120914919672995,23,Medium close-up,Action
2004.0,0.31412436099426766,0.25600996844906787,0.3696626172871936,16,Medium close-up,Action
2005.0,0.2520020970683516,0.19996916420470495,0.30520099161101805,13,Medium close-up,Action
2006.0,0.3277784157237631,0.264003968269321,0.38365755741098556,13,Medium close-up,Action
2007.0,0.283477813873107,0.22878361491665516,0.3325357044681497,15,Medium close-up,Action
2008.0,0.25525090069094264,0.21455368002973038,0.29703173678167427,24,Medium close-up,Action
2009.0,0.25930576074087264,0.2151074821543865,0.30307926900926896,17,Medium close-up,Action
2010.0,0.2822282225286382,0.2381136598412718,0.332948914607643,22,Medium close-up,Action
2011.0,0.24960871376008656,0.21691837937195269,0.28408747947487406,20,Medium close-up,Action
2012.0,0.2715233300865928,0.22694537670594908,0.3219166033123276,22,Medium close-up,Action
2013.0,0.3026450286336645,0.2560405457057933,0.35026586450628416,20,Medium close-up,Action
2014.0,0.28016022118854184,0.24126953063354334,0.32211418679232456,29,Medium close-up,Action
2015.0,0.23071865614400958,0.1957270415312102,0.26243183998764064,19,Medium close-up,Action
2016.0,0.24930200709903794,0.2135045210358801,0.28891934451874085,25,Medium close-up,Action
2017.0,0.22934698786508584,0.1969201431824428,0.2598654107832505,25,Medium close-up,Action
2018.0,0.22160653635034452,0.19004255673971926,0.252436511051548,21,Medium close-up,Action
2019.0,0.20911870650782788,0.17607924292743302,0.24467155954767272,23,Medium close-up,Action
2020.0,0.28131948115779687,0.23208311441892607,0.336425715799744,12,Medium close-up,Action
2021.0,0.23751673565710993,0.20332433645950154,0.27566816680255934,22,Medium close-up,Action
2022.0,0.23365241157423727,0.19004280903231008,0.2825458284867846,20,Medium close-up,Action
2023.0,0.1894616434692591,0.15008607961865156,0.23208168728852316,20,Medium close-up,Action
2024.0,0.20657017649008472,0.16652842254967226,0.2489000898353464,17,Medium close-up,Action
2025.0,0.20721256258338117,0.16208374916036547,0.2557062402088101,18,Medium close-up,Action
1923.0,0.24711822607386197,0.24594948772933048,0.24828696441839346,2,Medium,Action
1924.0,0.18313524157817004,0.18313524157817004,0.18313524157817004,1,Medium,Action
1925.0,0.2702155779574324,0.27005885703436494,0.27037229888049985,2,Medium,Action
1926.0,0.32951401132236924,0.23736793485833493,0.453052017830444,4,Medium,Action
1927.0,0.4388057682228077,0.366922827145795,0.523153942428035,3,Medium,Action
1928.0,0.2825701862687208,0.2825701862687208,0.2825701862687208,1,Medium,Action
1929.0,0.45815882354289283,0.43163904607922393,0.48467860100656174,2,Medium,Action
1930.0,0.5400086250833105,0.5400086250833105,0.5400086250833105,1,Medium,Action
1931.0,0.42241261896326276,0.3430489433845943,0.5017762945419313,2,Medium,Action
1932.0,0.45181508950553906,0.3352786693901371,0.5183484173082984,3,Medium,Action
1934.0,0.3220774012432324,0.3220774012432324,0.3220774012432324,1,Medium,Action
1935.0,0.469001646114828,0.34057195835116244,0.5974313338784935,2,Medium,Action
1936.0,0.5016087660256799,0.37198460855409204,0.6312329234972678,2,Medium,Action
1937.0,0.4586484136359602,0.3728534084053891,0.5444434188665312,2,Medium,Action
1938.0,0.4269157591374543,0.32753678421313237,0.5245792873439523,4,Medium,Action
1939.0,0.333922660246765,0.333922660246765,0.333922660246765,1,Medium,Action
1940.0,0.44949042377712217,0.3553763327718057,0.5436045147824387,4,Medium,Action
1941.0,0.46608472532086853,0.4350691303786019,0.4971003202631351,2,Medium,Action
1942.0,0.4685442032006496,0.39830107883351207,0.5397093016484793,5,Medium,Action
1943.0,0.4679354209646642,0.4220350404312668,0.49906789140087443,3,Medium,Action
1945.0,0.39861836410820606,0.3877386266502042,0.40949810156620786,2,Medium,Action
1946.0,0.4364038738965864,0.27407586373520176,0.5987318840579711,2,Medium,Action
1947.0,0.44300598536909774,0.44300598536909774,0.44300598536909774,1,Medium,Action
1948.0,0.48857411120105165,0.4067769320843091,0.5619539988586945,4,Medium,Action
1949.0,0.4851648256434079,0.41619893207189235,0.5421337084834974,4,Medium,Action
1950.0,0.411006018916595,0.3458215616427138,0.47619047619047616,2,Medium,Action
1951.0,0.3772419689421812,0.3233784144111984,0.4214783119485124,4,Medium,Action
1952.0,0.3641740673344441,0.3107195604505853,0.407174974943452,6,Medium,Action
1953.0,0.3080731131677985,0.30164797519022035,0.3144982511453766,2,Medium,Action
1954.0,0.34190032968116024,0.26812574203735495,0.4550263611720718,5,Medium,Action
1955.0,0.441970147204329,0.38546951981763367,0.5486871288545467,3,Medium,Action
1957.0,0.3499737010714687,0.2602596248452725,0.4515314068177885,3,Medium,Action
1958.0,0.4647890987872329,0.34766018718502517,0.6104053508102527,3,Medium,Action
1960.0,0.5662696934257676,0.5269031711677802,0.6056362156837551,2,Medium,Action
1961.0,0.443872942593336,0.443872942593336,0.443872942593336,1,Medium,Action
1962.0,0.3487992227589102,0.24749134618193105,0.44212562174191294,4,Medium,Action
1963.0,0.4496317111192846,0.36132723112128146,0.5022238275298517,3,Medium,Action
1964.0,0.39942157997179784,0.3691366933799233,0.42970646656367245,2,Medium,Action
1965.0,0.3573162844878435,0.29604038378920233,0.41519157517364996,3,Medium,Action
1966.0,0.4393350498255966,0.4160699642470714,0.4591058340465227,7,Medium,Action
1967.0,0.39271674553021535,0.3393731789299178,0.4232137227225941,4,Medium,Action
1968.0,0.4085404588584035,0.3506677148176768,0.47851600627839735,4,Medium,Action
1969.0,0.3256620151422725,0.3053595262028301,0.34000716345265886,5,Medium,Action
1970.0,0.40436503043978644,0.31862093809270836,0.5342417604720364,5,Medium,Action
1971.0,0.41557971072610966,0.3693450265481151,0.4622466068067626,10,Medium,Action
1972.0,0.4359943015722211,0.4012216268226615,0.47221203546809154,13,Medium,Action
1973.0,0.3928372698109437,0.36677342808367003,0.42447183724705095,10,Medium,Action
1974.0,0.40033307820595837,0.35605596235536624,0.4420911902127933,12,Medium,Action
1975.0,0.3799440211767949,0.3300448388884474,0.43011106280419736,6,Medium,Action
1976.0,0.3985653268302677,0.36707102883257103,0.4351143656872555,5,Medium,Action
1977.0,0.37081887801105007,0.33682372658642945,0.39951338587795215,8,Medium,Action
1978.0,0.380008715223124,0.3182071187930277,0.4427576550351892,3,Medium,Action
1979.0,0.4212377146215918,0.3530869091269448,0.5393668831168831,3,Medium,Action
1980.0,0.4011941231157827,0.3676925042496265,0.4383445467583274,9,Medium,Action
1981.0,0.37585681000451265,0.3396255772066079,0.40884090824966013,11,Medium,Action
1982.0,0.382148614990247,0.3269198127790463,0.43332396579545257,8,Medium,Action
1983.0,0.35756664223445633,0.3285581497438511,0.3880201227802328,11,Medium,Action
1984.0,0.39260631392443757,0.3502694643650055,0.43424815872515593,15,Medium,Action
1985.0,0.35383640307176917,0.30846747298966554,0.4013597388847182,12,Medium,Action
1986.0,0.3446606017564792,0.29094327417901383,0.40301590430905754,8,Medium,Action
1987.0,0.3908404797042538,0.344751262455592,0.4343810732598096,9,Medium,Action
1988.0,0.40720076584909215,0.36105516377766184,0.45203072139857786,11,Medium,Action
1989.0,0.3912600468646197,0.3694465691032177,0.4092051594155389,12,Medium,Action
1990.0,0.3628912306304886,0.33647593470772047,0.38783070632091354,17,Medium,Action
1991.0,0.3841712532573088,0.3483259269296471,0.41618038699559834,12,Medium,Action
1992.0,0.38782907688995083,0.3368815137314436,0.4379235326894775,10,Medium,Action
1993.0,0.3589159419525137,0.3286655275646554,0.38903611950741135,12,Medium,Action
1994.0,0.36747902586683456,0.3445536000845026,0.3982222522659714,15,Medium,Action
1995.0,0.32398314253026217,0.2981551167721271,0.3529024051282144,18,Medium,Action
1996.0,0.33554440655198053,0.30913768557501486,0.36483755056797085,14,Medium,Action
1997.0,0.3379256455877385,0.31396782267014284,0.36460681121144256,23,Medium,Action
1998.0,0.3625845906995616,0.32438108724997133,0.3941576376516471,18,Medium,Action
1999.0,0.3522373619111653,0.3222776279421233,0.3830571865278174,13,Medium,Action
2000.0,0.3606260298344705,0.31988496313848963,0.40346358757995476,16,Medium,Action
2001.0,0.35301875535418725,0.3185485697457254,0.3896764731084385,17,Medium,Action
2002.0,0.3629531208798315,0.3427056446989733,0.38280355773078806,17,Medium,Action
2003.0,0.33744172831677277,0.31203032712208334,0.36112818343252046,23,Medium,Action
2004.0,0.3243015027826496,0.2856963165314882,0.35946022920950577,16,Medium,Action
2005.0,0.3896785710639641,0.34894840290327367,0.43122768060044475,13,Medium,Action
2006.0,0.29997467564887015,0.2757269038163915,0.32536091620428087,13,Medium,Action
2007.0,0.35236093469081087,0.3205748610127548,0.3929450538378461,15,Medium,Action
2008.0,0.3763803693381232,0.34253568428497466,0.41193636251354937,24,Medium,Action
2009.0,0.3445140802758998,0.30783531523665086,0.3857530291560597,17,Medium,Action
2010.0,0.3487813748266657,0.3228981335455366,0.3736490318926271,22,Medium,Action
2011.0,0.3493978910425449,0.32169784797274376,0.3777275110080644,20,Medium,Action
2012.0,0.3496244736960036,0.3209931051171299,0.3775902095700916,22,Medium,Action
2013.0,0.3429013706898506,0.3096835955021209,0.379657141923263,20,Medium,Action
2014.0,0.34730462316066424,0.3209039519455989,0.3729995258050203,29,Medium,Action
2015.0,0.37871626519160057,0.34360641513217866,0.4089642113655311,19,Medium,Action
2016.0,0.3595577260527407,0.3278712517358268,0.39238379687089747,25,Medium,Action
2017.0,0.3412271292416137,0.3096724232267086,0.3717563651173656,25,Medium,Action
2018.0,0.39054946061251516,0.36696035303805574,0.41593421860118884,21,Medium,Action
2019.0,0.4010672691228023,0.3774949153916767,0.42268601463930533,23,Medium,Action
2020.0,0.401219990426621,0.35497053441563214,0.4520427062303827,12,Medium,Action
2021.0,0.3815738334665337,0.3504252131675569,0.4126772195204807,22,Medium,Action
2022.0,0.3570265157575057,0.3283560308223502,0.38871180196937016,20,Medium,Action
2023.0,0.36607964347024097,0.3343806201364863,0.39364122510814487,20,Medium,Action
2024.0,0.3500609782501494,0.3024099867056929,0.3965285869350514,17,Medium,Action
2025.0,0.37384193123979986,0.3376537092889279,0.4169895995002153,18,Medium,Action
1923.0,0.20436641459864252,0.18327416824898868,0.2254586609482964,2,Medium long,Action
1924.0,0.16302130951543709,0.16302130951543709,0.16302130951543709,1,Medium long,Action
1925.0,0.18288959388987358,0.17292576419213973,0.1928534235876074,2,Medium long,Action
1926.0,0.1942066872692821,0.14611523968219425,0.24229813485636997,4,Medium long,Action
1927.0,0.1646147352178082,0.10578752938542484,0.2600125156445557,3,Medium long,Action
1928.0,0.23280906114123143,0.23280906114123143,0.23280906114123143,1,Medium long,Action
1929.0,0.21651660675497364,0.21577371472255846,0.21725949878738884,2,Medium long,Action
1930.0,0.14337240757439135,0.14337240757439135,0.14337240757439135,1,Medium long,Action
1931.0,0.18506070513020212,0.1299448573483577,0.2401765529120465,2,Medium long,Action
1932.0,0.2125220327727727,0.13789653591229314,0.2681345400513305,3,Medium long,Action
1934.0,0.22217766192099458,0.22217766192099458,0.22217766192099458,1,Medium long,Action
1935.0,0.22810950431658492,0.22194429746500552,0.2342747111681643,2,Medium long,Action
1936.0,0.18023283231475798,0.16444672131147542,0.19601894331804054,2,Medium long,Action
1937.0,0.17011368682745792,0.14574703398351097,0.19448033967140485,2,Medium long,Action
1938.0,0.22738172081564245,0.1936492203163895,0.2573608627215701,4,Medium long,Action
1939.0,0.16073578092085464,0.16073578092085464,0.16073578092085464,1,Medium long,Action
1940.0,0.1974719906527532,0.16664414822005905,0.23238193585432315,4,Medium long,Action
1941.0,0.28572786461518324,0.20670198561398975,0.3647537436163767,2,Medium long,Action
1942.0,0.21231893169041355,0.1710609115153429,0.24346350320489812,5,Medium long,Action
1943.0,0.19242257789795322,0.10201627450194412,0.3257412398921833,3,Medium long,Action
1945.0,0.1405235198484282,0.13842720106372874,0.14261983863312766,2,Medium long,Action
1946.0,0.21546592806184758,0.18971417069243157,0.2412176854312636,2,Medium long,Action
1947.0,0.22952782088228774,0.22952782088228774,0.22952782088228774,1,Medium long,Action
1948.0,0.22095857530548674,0.20388505755019054,0.238032093060783,4,Medium long,Action
1949.0,0.1651508767618452,0.1519136080267515,0.18044107930513176,4,Medium long,Action
1950.0,0.2654121115342095,0.2622527944969905,0.26857142857142857,2,Medium long,Action
1951.0,0.27142241707105474,0.21282706016644398,0.31328880043971874,4,Medium long,Action
1952.0,0.2580616767191956,0.23713329766025815,0.27995056125394885,6,Medium long,Action
1953.0,0.2325659183600826,0.15158382186314598,0.3135480148570192,2,Medium long,Action
1954.0,0.23329308492430148,0.1707452529337034,0.32478735938634085,5,Medium long,Action
1955.0,0.2296264843883987,0.20358446018458898,0.27171115523200234,3,Medium long,Action
1957.0,0.16876520760155814,0.15307709397911576,0.1901107247071991,3,Medium long,Action
1958.0,0.12373716142352653,0.058670377519414646,0.1759179265658747,3,Medium long,Action
1960.0,0.12748397922324717,0.10124630605165104,0.1537216523948433,2,Medium long,Action
1961.0,0.09963368125250903,0.09963368125250903,0.09963368125250903,1,Medium long,Action
1962.0,0.2276659331149418,0.16989293543862294,0.29289440245726406,4,Medium long,Action
1963.0,0.1443964931009712,0.11544687728713644,0.17986270022883297,3,Medium long,Action
1964.0,0.13724583623462805,0.10057697764605732,0.17391469482319877,2,Medium long,Action
1965.0,0.19370326264936877,0.1221151691687206,0.24588285837032794,3,Medium long,Action
1966.0,0.13783640217499557,0.10780634037655305,0.16604737146489795,7,Medium long,Action
1967.0,0.14435939704850284,0.09846710714147879,0.21577301518978065,4,Medium long,Action
1968.0,0.09352506915349562,0.06076810770363603,0.1340398485458784,4,Medium long,Action
1969.0,0.12226234898517227,0.08944011659410818,0.15704935172428758,5,Medium long,Action
1970.0,0.16297909674936123,0.13437535177403764,0.20024476874812064,5,Medium long,Action
1971.0,0.12678365470755554,0.10680289372585544,0.14662120600602016,10,Medium long,Action
1972.0,0.11704254238690565,0.10059715126701099,0.13342385268400314,13,Medium long,Action
1973.0,0.1617659664496188,0.1384977042754007,0.18677075507592927,10,Medium long,Action
1974.0,0.1413923328150236,0.12144301387073214,0.16196007162270692,12,Medium long,Action
1975.0,0.16174219103862666,0.13830819882334092,0.18943548328734394,6,Medium long,Action
1976.0,0.09774978997428826,0.08006404781964228,0.11677822777653657,5,Medium long,Action
1977.0,0.10996624856735225,0.08670274625737608,0.13393206582853795,8,Medium long,Action
1978.0,0.15915397003064122,0.07066061227479127,0.25329527327680296,3,Medium long,Action
1979.0,0.10642819597455848,0.06439258995368721,0.14545454545454545,3,Medium long,Action
1980.0,0.1430279604829612,0.11348910369814734,0.1743146916602707,9,Medium long,Action
1981.0,0.10117614151168057,0.08466288857206242,0.1182079263721764,11,Medium long,Action
1982.0,0.08876009784648475,0.06308651310057718,0.11608389850083523,8,Medium long,Action
1983.0,0.10606214499581891,0.08372443323205875,0.12789677986688947,11,Medium long,Action
1984.0,0.10873725027063359,0.09084996723587209,0.12499676835658803,15,Medium long,Action
1985.0,0.11623896972420161,0.09244291306984033,0.13871040292131706,12,Medium long,Action
1986.0,0.09985228741977445,0.07958810481000649,0.11846432580958713,8,Medium long,Action
1987.0,0.10318475949957534,0.08663886375609826,0.12214034074799936,9,Medium long,Action
1988.0,0.09207828948366945,0.06691659259425392,0.11804559971111583,11,Medium long,Action
1989.0,0.10061072044694004,0.08358589530251564,0.11806618366070802,12,Medium long,Action
1990.0,0.09400203845399338,0.07582197288433408,0.11275133691835783,17,Medium long,Action
1991.0,0.10401320347789501,0.08783738015383193,0.122488488384369,12,Medium long,Action
1992.0,0.09897142160459747,0.08010336983024982,0.11779432295297541,10,Medium long,Action
1993.0,0.10571391692213904,0.08312906194397097,0.13379091990249822,12,Medium long,Action
1994.0,0.08791892698172148,0.07351646902228154,0.10272429086060575,15,Medium long,Action
1995.0,0.07916023591532258,0.06372829524882459,0.09846700284836679,18,Medium long,Action
1996.0,0.07372139717343147,0.05634810050094254,0.0930888658425195,14,Medium long,Action
1997.0,0.0729216279875898,0.05973315721889478,0.08943989420947206,23,Medium long,Action
1998.0,0.07703280090217365,0.06326585499153779,0.09228966628427454,18,Medium long,Action
1999.0,0.07169043239383749,0.060044991492121454,0.08360732123134365,13,Medium long,Action
2000.0,0.07706637441693237,0.061552667512699895,0.09538729601749746,16,Medium long,Action
2001.0,0.06904258906928636,0.058286968756319564,0.08051235109392216,17,Medium long,Action
2002.0,0.0857270151816798,0.06660453075308549,0.10869849326042973,17,Medium long,Action
2003.0,0.07781947626933283,0.0633869059216223,0.09293815267285796,23,Medium long,Action
2004.0,0.05744136643701206,0.04652273429346931,0.06996304768791745,16,Medium long,Action
2005.0,0.07724746553734768,0.05826413134197765,0.09627776599406197,13,Medium long,Action
2006.0,0.06757438293687909,0.04250161955460259,0.1013074343185699,13,Medium long,Action
2007.0,0.06401126179119869,0.04944214482613777,0.08395121144201585,15,Medium long,Action
2008.0,0.06446144205358068,0.05346951699059833,0.07584678091202025,24,Medium long,Action
2009.0,0.062082858007398475,0.04712643311871127,0.07868592395628289,17,Medium long,Action
2010.0,0.06935014374808877,0.05421106711955378,0.09063239787628707,22,Medium long,Action
2011.0,0.0616836915475954,0.05340544307162316,0.07043245900263256,20,Medium long,Action
2012.0,0.06377718549166221,0.051702857561966256,0.07680430553327766,22,Medium long,Action
2013.0,0.05720943103205104,0.04601601669409138,0.06870193566966824,20,Medium long,Action
2014.0,0.062298907863978396,0.05097258074514814,0.07525995305486036,29,Medium long,Action
2015.0,0.06688027260806147,0.05382193826353675,0.08110424290763282,19,Medium long,Action
2016.0,0.06727006661189842,0.05754495133169251,0.0770244703766059,25,Medium long,Action
2017.0,0.07067145897490038,0.05660824012863949,0.0870556253284947,25,Medium long,Action
2018.0,0.0649868606680414,0.05738754943294967,0.07356635154028435,21,Medium long,Action
2019.0,0.07475322537747614,0.06359234592561057,0.08755211675915482,23,Medium long,Action
2020.0,0.06239665320403338,0.04564803282026537,0.07904974218760456,12,Medium long,Action
2021.0,0.05637376210728411,0.04806570645677671,0.0645282820876279,22,Medium long,Action
2022.0,0.06858639538951262,0.05699088505684701,0.08040235585227616,20,Medium long,Action
2023.0,0.07592757344133283,0.06572102500648758,0.08709349091664212,20,Medium long,Action
2024.0,0.07957029506974794,0.06533592018430058,0.09531426671836106,17,Medium long,Action
2025.0,0.07414144228867393,0.062069133089170433,0.08500171920312002,18,Medium long,Action
1923.0,0.46339671709069674,0.45764880706678773,0.4691446271146057,2,Long,Action
1924.0,0.5799282649975385,0.5799282649975385,0.5799282649975385,1,Long,Action
1925.0,0.4140088723255975,0.35082009893256966,0.4771976457186254,2,Long,Action
1926.0,0.4158842437907947,0.3171473516843364,0.4997527973892664,4,Long,Action
1927.0,0.27793051210166303,0.16442428035043805,0.3462442628456286,3,Long,Action
1928.0,0.43475226796929517,0.43475226796929517,0.43475226796929517,1,Long,Action
1929.0,0.25615728607781485,0.24888843977364591,0.2634261323819838,2,Long,Action
1930.0,0.2245658054651664,0.2245658054651664,0.2245658054651664,1,Long,Action
1931.0,0.29938994568482236,0.19216277317256972,0.406617118197075,2,Long,Action
1932.0,0.2642894891931953,0.14287000765455446,0.4725916044853891,3,Long,Action
1934.0,0.3963104070583517,0.3963104070583517,0.3963104070583517,1,Long,Action
1935.0,0.1832677258558373,0.09360719611332917,0.27292825559834544,2,Long,Action
1936.0,0.17081048905668356,0.07833845628415301,0.26328252182921413,2,Long,Action
1937.0,0.2526373040224857,0.16817426619900314,0.3371003418459682,2,Long,Action
1938.0,0.22544487315544534,0.16087924932063347,0.2900104969902572,4,Long,Action
1939.0,0.4245034607282576,0.4245034607282576,0.4245034607282576,1,Long,Action
1940.0,0.24100278706762973,0.16901097410329546,0.312994600031964,4,Long,Action
1941.0,0.14755963479468942,0.10616290141088895,0.1889563681784899,2,Long,Action
1942.0,0.1784390765781874,0.14126186793229684,0.21327212171180449,5,Long,Action
1943.0,0.2297570391937042,0.16191573738263906,0.33655349340602075,3,Long,Action
1945.0,0.19969660799203845,0.15333839870832938,0.24605481727574752,2,Long,Action
1946.0,0.2850098239265243,0.11367753623188406,0.45634211162116456,2,Long,Action
1947.0,0.24837064952338728,0.24837064952338728,0.24837064952338728,1,Long,Action
1948.0,0.19199687310551505,0.12782630017208044,0.22964055618223383,4,Long,Action
1949.0,0.2420499306962167,0.1689767397621844,0.33743620584224376,4,Long,Action
1950.0,0.24860948793389526,0.18439909297052154,0.312819882897269,2,Long,Action
1951.0,0.23431349487552716,0.1861094389074963,0.3030280558962654,4,Long,Action
1952.0,0.2966677737384425,0.24160851578980044,0.35270923444025254,6,Long,Action
1953.0,0.3293207533988345,0.3049295012801558,0.3537120055175132,2,Long,Action
1954.0,0.3097634284446996,0.17659523844469113,0.4412896060456804,5,Long,Action
1955.0,0.19470016489875908,0.1217714817199685,0.3077588239918245,3,Long,Action
1957.0,0.25300315440474913,0.06540924035300225,0.4316183705208367,3,Long,Action
1958.0,0.2157301773268653,0.10032769223863176,0.31551475881929447,3,Long,Action
1960.0,0.15500422816970294,0.09512184676003255,0.2148866095793733,2,Long,Action
1961.0,0.24616118024889602,0.24616118024889602,0.24616118024889602,1,Long,Action
1962.0,0.33500807423424145,0.24582776150222538,0.45199728344203083,4,Long,Action
1963.0,0.2552242211677031,0.2177006570588449,0.30558352402746,3,Long,Action
1964.0,0.30908126624454446,0.2656386493980022,0.3525238830910868,2,Long,Action
1965.0,0.3393488042775225,0.2954130789667424,0.3895173993985393,3,Long,Action
1966.0,0.21160785862830886,0.17467052281592996,0.2420706852816187,7,Long,Action
1967.0,0.24770666308629474,0.22105405367595599,0.2848655718004963,4,Long,Action
1968.0,0.2574719224765703,0.2307726162055315,0.28417122874760914,4,Long,Action
1969.0,0.2535324333175386,0.19983463356238768,0.30708427988578835,5,Long,Action
1970.0,0.22231324859267945,0.15790183234123037,0.2801463333063833,5,Long,Action
1971.0,0.21316241780997744,0.17948198019828424,0.25067191371836456,10,Long,Action
1972.0,0.19962600603598582,0.17982043346715648,0.21908677168489535,13,Long,Action
1973.0,0.23645840406618457,0.20477201318969743,0.27803067708384877,10,Long,Action
1974.0,0.23575673157731272,0.18062397537447997,0.2964419087327626,12,Long,Action
1975.0,0.23068548864613958,0.1782143823623931,0.2874193891332404,6,Long,Action
1976.0,0.20922704608199666,0.15940010991032086,0.2634537405370896,5,Long,Action
1977.0,0.23629706078730628,0.1906136562019477,0.287005057929566,8,Long,Action
1978.0,0.22378399729199408,0.1854895169313534,0.2577120257799912,3,Long,Action
1979.0,0.2469095179187377,0.24358766233766235,0.2500890630566441,3,Long,Action
1980.0,0.21308624504363805,0.1833320258699675,0.24153697309582461,9,Long,Action
1981.0,0.23537909452278385,0.20112366271184293,0.2669798529838915,11,Long,Action
1982.0,0.18734970858339223,0.1455468036843832,0.24845074793181185,8,Long,Action
1983.0,0.24206365179589628,0.19794709274024372,0.29391967510708594,11,Long,Action
1984.0,0.21032372085363213,0.1822969149719633,0.23976400688952745,15,Long,Action
1985.0,0.25083745108361183,0.20188459035044892,0.31774551704996556,12,Long,Action
1986.0,0.18225810256421246,0.1426878466252408,0.22328723034607767,8,Long,Action
1987.0,0.16190485369541244,0.13172971721719343,0.1952172564816341,9,Long,Action
1988.0,0.18397257807720832,0.15916015475920534,0.213216725686816,11,Long,Action
1989.0,0.19098620935656044,0.17137855750713873,0.20978297098435006,12,Long,Action
1990.0,0.18057546334185803,0.15745804992539467,0.20300423023109576,17,Long,Action
1991.0,0.1577730734360853,0.1392399175283848,0.17797886985133823,12,Long,Action
1992.0,0.157617348597868,0.13351019450733728,0.19096047669560204,10,Long,Action
1993.0,0.18211806324732774,0.15575405909181989,0.20767299457924504,12,Long,Action
1994.0,0.17007248141641687,0.15041371736044187,0.18947278724545563,15,Long,Action
1995.0,0.17244008659321508,0.14340325794862968,0.20749748880131957,18,Long,Action
1996.0,0.14675989963083896,0.12079602740230606,0.17488588940075345,14,Long,Action
1997.0,0.16451033985406188,0.14881266908243357,0.18168371374794504,23,Long,Action
1998.0,0.16957258164848418,0.1366870518232861,0.2128651405017509,18,Long,Action
1999.0,0.17854719101049957,0.1481444475511965,0.20998484941342038,13,Long,Action
2000.0,0.1392316535856766,0.12353376714021412,0.15328656401192003,16,Long,Action
2001.0,0.19108100545263987,0.1628897464128049,0.2231789031711536,17,Long,Action
2002.0,0.2004225098847725,0.17567418785941594,0.2250640208160756,17,Long,Action
2003.0,0.17364684208156617,0.1575193050261851,0.19201656264383934,23,Long,Action
2004.0,0.1847213530631767,0.15957187451752308,0.21198980631537553,16,Long,Action
2005.0,0.17665025354824784,0.14551156694423306,0.21155144272322352,13,Long,Action
2006.0,0.18018014860851442,0.1489763309245113,0.22012210206631805,13,Long,Action
2007.0,0.1747059676360551,0.14625363931061228,0.21052484598264293,15,Long,Action
2008.0,0.18078157324171684,0.15525659883340542,0.2147838820708936,24,Long,Action
2009.0,0.20012644212443437,0.17075225346593795,0.23106967894185762,17,Long,Action
2010.0,0.18427465440510746,0.15442367632342052,0.2127382502284597,22,Long,Action
2011.0,0.21469795175195303,0.17984232264763647,0.25228522080295723,20,Long,Action
2012.0,0.17979552202568264,0.15363469009602548,0.20704581591399662,22,Long,Action
2013.0,0.1554049649165977,0.13053298077476497,0.17916472659096827,20,Long,Action
2014.0,0.1832799736940794,0.15481124701499502,0.21696133760764813,29,Long,Action
2015.0,0.19364369842613977,0.15785964905613378,0.24532572942734873,19,Long,Action
2016.0,0.20004657425131747,0.16143373081751064,0.242468586501636,25,Long,Action
2017.0,0.21630227003416602,0.1880658887470798,0.24895912737222445,25,Long,Action
2018.0,0.18313282098455516,0.15805055494956552,0.20910822702943974,21,Long,Action
2019.0,0.17987370761542493,0.15812341045441589,0.2012527161203795,23,Long,Action
2020.0,0.13436117453155147,0.1126553882811618,0.1578230026961883,12,Long,Action
2021.0,0.18533349097707227,0.16275864310490099,0.21541044205576318,22,Long,Action
2022.0,0.2033001079186862,0.1658337706471273,0.2390633776242036,20,Long,Action
2023.0,0.22970635373721499,0.19733092183830417,0.2689032213239199,20,Long,Action
2024.0,0.2304424898073884,0.19014372353689005,0.27850390512423473,17,Long,Action
2025.0,0.21016473232063343,0.1783205063153047,0.24592559703231462,18,Long,Action
