movie id	movie IMDB	character_name	actor IMDB	gender	gender source	category
a.boy.named.cha_tt0064107	tt0064107	Charlie_Brown	nm0730435	male	wiki	human
a.boy.named.cha_tt0064107	tt0064107	Linus_Van_Pelt	nm0318537	male	fandom	human
a.boy.named.cha_tt0064107	tt0064107	Lucy_Van_Pelt	nm0272244	female	wiki	human
a.boy.named.cha_tt0064107	tt0064107	Snoopy	nm0006837	male	wiki	animal
a.boy.named.cha_tt0064107	tt0064107	Schroeder	nm0679568	male	fandom	human
a.boy.named.cha_tt0064107	tt0064107	Patty	nm0238741	female	wiki	human
a.boy.named.cha_tt0064107	tt0064107	Violet_Gray	nm0022817	female	fandom	human
a.boy.named.cha_tt0064107	tt0064107	Frieda	nm0578883	female	wiki	human
a.boy.named.cha_tt0064107	tt0064107	Sally_Brown	nm0838060	unknown	none	human
a.boy.named.cha_tt0064107	tt0064107	Pig_Pen	nm0002211	male	wiki	human
a.boy.named.cha_tt0064107	tt0064107	3rd_Boy	nm0679569	unknown	none	human
a.boy.named.cha_tt0064107	tt0064107	2nd_Boy	nm0136931	unknown	none	human
a.bugs.life_tt0120623	tt0120623	Dot	nm0659363	female	wiki	animal
a.bugs.life_tt0120623	tt0120623	Mr._Soil	nm0001522	male	wiki	animal
a.bugs.life_tt0120623	tt0120623	Francis	nm0001459	male	wiki	animal
a.bugs.life_tt0120623	tt0120623	Doctor_Flora	nm0566052	female	wiki	animal
a.bugs.life_tt0120623	tt0120623	Rosie	nm0001372	female	wiki	animal
a.bugs.life_tt0120623	tt0120623	Gypsy	nm0001404	female	wiki	animal
a.bugs.life_tt0120623	tt0120623	Princess_Atta	nm0000506	female	wiki	animal
a.bugs.life_tt0120623	tt0120623	Cornelius	nm0652250	male	wiki	animal
a.bugs.life_tt0120623	tt0120623	Manny	nm0364893	male	wiki	animal
a.bugs.life_tt0120623	tt0120623	Hopper	nm0000228	male	wiki	animal
a.bugs.life_tt0120623	tt0120623	Queen	nm0226887	female	wiki	animal
a.bugs.life_tt0120623	tt0120623	Harry_Mosquito	nm0120309	male	wiki	animal
a.bugs.life_tt0120623	tt0120623	Tuck_and_Roll	nm0574540	male	wiki	animal
a.bugs.life_tt0120623	tt0120623	Loco		unknown	none	animal
a.bugs.life_tt0120623	tt0120623	Axel	nm0348562	male	wiki	animal
a.bugs.life_tt0120623	tt0120623	Flik	nm0004929	male	wiki	animal
a.bugs.life_tt0120623	tt0120623	Molt	nm0454236	male	wiki	animal
a.bugs.life_tt0120623	tt0120623	Dim	nm0004951	male	wiki	animal
a.bugs.life_tt0120623	tt0120623	Fly_Brother_#1		unknown	none	animal
a.bugs.life_tt0120623	tt0120623	P.T._Flea	nm0001652	male	wiki	animal
a.bugs.life_tt0120623	tt0120623	Thud	nm0029460	male	wiki	animal
a.christmas.car_tt1067106	tt1067106	Ebenezer_Scrooge	nm0000120	male	wiki	human
a.christmas.car_tt1067106	tt1067106	Bob_Cratchit	nm0000198	male	wiki	human
a.christmas.car_tt1067106	tt1067106	Fred	nm0000147	male	wiki	human
a.christmas.car_tt1067106	tt1067106	Ghost_of_Christmas_Past	nm0000120	male	wiki	human
a.christmas.car_tt1067106	tt1067106	Jacob_Marley	nm0000198	male	wiki	human
a.christmas.car_tt1067106	tt1067106	Mrs._Cratchit	nm0544334	female	wiki	human
a.christmas.car_tt1067106	tt1067106	Ghost_of_Christmas_Present	nm0000120	male	wiki	human
a.christmas.car_tt1067106	tt1067106	Belinda_Cratchit	nm0703939	female	wiki	human
a.christmas.car_tt1067106	tt1067106	Tiny_Tim	nm2452327	male	wiki	human
a.christmas.car_tt1067106	tt1067106	Scrooge_as_a_Young_Man	nm0000120	male	wiki	human
a.christmas.car_tt1067106	tt1067106	Belle	nm0000705	female	wiki	human
a.christmas.car_tt1067106	tt1067106	Portly_Gentleman	nm0000144	male	wiki	human
a.christmas.car_tt1067106	tt1067106	Fred's_Sister-in-Law	nm0055444	female	wiki	human
a.christmas.car_tt1067106	tt1067106	Funerary_Undertaker	nm0884313	male	wiki	human
a.christmas.car_tt1067106	tt1067106	Undertaker's_Apprentice	nm0754512	male	wiki	human
a.christmas.car_tt1067106	tt1067106	Scrooge_as_a_Teenage_Boy		unknown	none	human
a.christmas.car_tt1067106	tt1067106	Mrs._Dilber	nm0001217	female	wiki	human
a.christmas.car_tt1067106	tt1067106	Fezziwig	nm0001364	male	wiki	human
a.christmas.car_tt1067106	tt1067106	Caroline	nm0557739	female	wiki	human
a.christmas.car_tt1067106	tt1067106	Fred's_Wife	nm0366667	female	wiki	human
a.christmas.car_tt1067106	tt1067106	Caroline's_Husband	nm0089485	male	wiki	human
a.christmas.car_tt1067106	tt1067106	Scrooge_as_a_Middle-Aged_Man	nm0000120	male	wiki	human
a.christmas.car_tt1067106	tt1067106	Business_Man_2	nm0085860	male	wiki	human
a.christmas.car_tt1067106	tt1067106	Ignorance_Boy	nm2452327	male	wiki	human
a.christmas.car_tt1067106	tt1067106	Mrs._Fezziwig	nm0055444	female	wiki	human
a.christmas.car_tt1067106	tt1067106	Want_Woman	nm0719444	unknown	none	human
a.christmas.car_tt1067106	tt1067106	Want_Girl	nm1767820	female	wiki	human
a.christmas.car_tt1067106	tt1067106	Ignorance_Man	nm0398473	unknown	none	human
a.christmas.car_tt1067106	tt1067106	Fat_Cook	nm0391327	male	wiki	human
a.goofy.movie_tt0113198	tt0113198	Max_Goof	nm0005189	male	wiki	other
a.goofy.movie_tt0113198	tt0113198	Goofy	nm0267724	male	wiki	other
a.goofy.movie_tt0113198	tt0113198	Roxanne	nm0005192	female	wiki	other
a.goofy.movie_tt0113198	tt0113198	Pete	nm0191906	male	wiki	other
a.goofy.movie_tt0113198	tt0113198	P.J.	nm0667326	male	wiki	other
a.goofy.movie_tt0113198	tt0113198	Bobby_Zimuruski		male	fandom	other
a.goofy.movie_tt0113198	tt0113198	Goth_Girls		unknown	none	other
a.goofy.movie_tt0113198	tt0113198	Miss_Maples	nm0941506	female	wiki	other
a.goofy.movie_tt0113198	tt0113198	Lisa	nm0113935	female	wiki	other
a.goofy.movie_tt0113198	tt0113198	Powerline	nm0004796	male	wiki	other
a.goofy.movie_tt0113198	tt0113198	Stacey	nm0001883	female	wiki	other
a.goofy.movie_tt0113198	tt0113198	Bigfoot	nm0919798	male	wiki	animal
a.goofy.movie_tt0113198	tt0113198	Roxanne's_Father		male	fandom	other
a.goofy.movie_tt0113198	tt0113198	Lester_the_Possum	nm0510674	male	wiki	animal
a.goofy.movie_tt0113198	tt0113198	Nerdy_kid		unknown	none	other
abominable_tt6324278	tt6324278	Yi	nm4032297	female	wiki	human
abominable_tt6324278	tt6324278	Everest	nm1660488	male	fandom	other
abominable_tt6324278	tt6324278	Jin	nm5529735	male	wiki	human
abominable_tt6324278	tt6324278	Peng	nm5294965	male	wiki	human
abominable_tt6324278	tt6324278	Dr._Zara	nm0005299	female	wiki	human
abominable_tt6324278	tt6324278	Burnish	nm0412850	male	wiki	human
abominable_tt6324278	tt6324278	Goon_Leader	nm0226206	unknown	none	human
abominable_tt6324278	tt6324278	Nai_Nai	nm0157796	female	wiki	human
abominable_tt6324278	tt6324278	Mei	nm2800003	female	fandom	human
abominable_tt6324278	tt6324278	Goons	nm0659004	unknown	none	human
abominable_tt6324278	tt6324278	Female_Customer	nm2374936	unknown	none	human
abominable_tt6324278	tt6324278	Teenage_Girl_#1	nm2374936	unknown	none	human
abominable_tt6324278	tt6324278	Teenage_Girl_#2	nm3174887	unknown	none	human
abominable_tt6324278	tt6324278	Teenage_Boy	nm3419526	unknown	none	human
abominable_tt6324278	tt6324278	Van_Driver	nm0222175	male	wiki	human
abominable_tt6324278	tt6324278	Merchant	nm0157312	male	wiki	human
abominable_tt6324278	tt6324278	Yak_Herder	nm0393222	male	wiki	human
abominable_tt6324278	tt6324278	Jin_Impersonator	nm0152059	male	wiki	human
abominable_tt6324278	tt6324278	Boy's_Mom	nm2374936	unknown	none	human
abominable_tt6324278	tt6324278	Dock_Worker	nm0401235	female	wiki	human
addams.family_tt1620981	tt1620981	Gomez_Addams	nm1209966	male	wiki	human
addams.family_tt1620981	tt1620981	Morticia_Addams	nm0000234	female	wiki	human
addams.family_tt1620981	tt1620981	Wednesday_Addams	nm1631269	female	wiki	human
addams.family_tt1620981	tt1620981	Uncle_Fester	nm1802209	male	wiki	human
addams.family_tt1620981	tt1620981	Pugsley	nm6016511	male	wiki	human
addams.family_tt1620981	tt1620981	Margaux_Needler	nm0005049	female	wiki	human
addams.family_tt1620981	tt1620981	Parker_Needler	nm3220568	female	wiki	human
addams.family_tt1620981	tt1620981	Lurch	nm0970447	male	wiki	human
addams.family_tt1620981	tt1620981	Granny	nm0000541	female	wiki	human
addams.family_tt1620981	tt1620981	Layla	nm2962353	female	wiki	human
addams.family_tt1620981	tt1620981	Character_1		unknown	none	human
addams.family_tt1620981	tt1620981	Denise	nm0305083	female	wiki	human
addams.family_tt1620981	tt1620981	Candi_the_Barista	nm5700898	female	wiki	human
addams.family_tt1620981	tt1620981	Glenn	nm4270695	male	wiki	human
addams.family_tt1620981	tt1620981	Norman_Pickering	nm0005558	male	wiki	human
addams.family_tt1620981	tt1620981	Bethany	nm5104090	female	wiki	human
addams.family_tt1620981	tt1620981	Great_Auntie_Sloom	nm0507338	female	wiki	human
addams.family_tt1620981	tt1620981	Ms._Gravely	nm1143722	female	wiki	human
addams.family_tt1620981	tt1620981	Trudy_Pickering	nm0923909	female	wiki	human
addams.family_tt1620981	tt1620981	Priest	nm0970447	male	wiki	human
addams.family_tt1620981	tt1620981	Kayla	nm2962353	female	wiki	human
addams.family_tt1620981	tt1620981	Dr._Flambe	nm0970447	male	wiki	human
addams.family_tt1620981	tt1620981	Cousin_Itt	nm0004879	male	wiki	other
addams.family_tt1620981	tt1620981	Mitch	nm1025419	unknown	none	human
addams.family.2_tt11125620	tt11125620	Gomez_Addams	nm1209966	male	wiki	human
addams.family.2_tt11125620	tt11125620	Wednesday_Addams	nm1631269	female	wiki	human
addams.family.2_tt11125620	tt11125620	Morticia_Addams	nm0000234	female	wiki	human
addams.family.2_tt11125620	tt11125620	Uncle_Fester	nm1802209	male	wiki	human
addams.family.2_tt11125620	tt11125620	Pugsley_Addams	nm9937520	male	wiki	human
addams.family.2_tt11125620	tt11125620	Cyrus_Strange	nm0352778	male	wiki	human
addams.family.2_tt11125620	tt11125620	Lurch	nm0970447	male	wiki	human
addams.family.2_tt11125620	tt11125620	Girl_on_Beach	nm2236836	female	wiki	human
addams.family.2_tt11125620	tt11125620	Granny	nm0000541	female	wiki	human
addams.family.2_tt11125620	tt11125620	Peggy	nm0695497	female	wiki	human
addams.family.2_tt11125620	tt11125620	Book_Girl	nm0695497	female	wiki	human
addams.family.2_tt11125620	tt11125620	Ophelia	nm0473873	female	wiki	human
addams.family.2_tt11125620	tt11125620	Festival_Kids		unknown	none	human
addams.family.2_tt11125620	tt11125620	Mr._Mustela	nm0001728	male	wiki	human
addams.family.2_tt11125620	tt11125620	Volcano_Kid	nm0695497	female	wiki	human
addams.family.2_tt11125620	tt11125620	Pongo	nm0263252	unknown	none	human
addams.family.2_tt11125620	tt11125620	Jerk_on_Beach	nm2010454	unknown	none	human
addams.family.2_tt11125620	tt11125620	Miss_Lurleen	nm4171388	female	wiki	human
addams.family.2_tt11125620	tt11125620	Pageant_Lady	nm4171388	female	wiki	human
addams.family.2_tt11125620	tt11125620	Big_Bad_Ronny	nm2273205	male	wiki	human
addams.family.2_tt11125620	tt11125620	Texas_Lady	nm4171388	female	wiki	human
addams.family.2_tt11125620	tt11125620	Dorky_Boy	nm4232585	male	wiki	human
addams.family.2_tt11125620	tt11125620	Madison	nm2236836	female	wiki	human
addams.family.2_tt11125620	tt11125620	Girl_in_Water	nm1057696	female	wiki	human
addams.family.2_tt11125620	tt11125620	Proposing_Girl	nm2010454	unknown	none	human
addams.family.2_tt11125620	tt11125620	Corny_Girl	nm12986287	unknown	none	human
addams.family.2_tt11125620	tt11125620	Truck_Driver	nm2010454	unknown	none	human
addams.family.2_tt11125620	tt11125620	Merch_Guy	nm4056962	unknown	none	human
addams.family.2_tt11125620	tt11125620	Dorky_Girl	nm2236836	female	wiki	human
aladdin_tt0103639	tt0103639	Aladdin	nm0918334	male	wiki	human
aladdin_tt0103639	tt0103639	Jasmine	nm0488306	female	wiki	human
aladdin_tt0103639	tt0103639	Jafar	nm0293455	male	wiki	human
aladdin_tt0103639	tt0103639	Genie	nm0000245	male	wiki	other
aladdin_tt0103639	tt0103639	Abu	nm0919798	male	wiki	animal
aladdin_tt0103639	tt0103639	Sultan	nm0780528	male	wiki	human
aladdin_tt0103639	tt0103639	Iago	nm0331906	male	wiki	animal
aladdin_tt0103639	tt0103639	Royal_Guards_(Aladdin)		male	fandom	human
aladdin_tt0103639	tt0103639	Rajah	nm0919798	male	wiki	animal
aladdin_tt0103639	tt0103639	Peddler	nm0000245	male	wiki	human
aladdin_tt0103639	tt0103639	Gazeem	nm0012121	male	wiki	human
aladdin_tt0103639	tt0103639	Harem_Girls	nm0220635	female	wiki	human
aladdin_tt0103639	tt0103639	Elephant_Abu	nm0919798	male	wiki	animal
aladdin_tt0103639	tt0103639	Farouk	nm0191906	male	wiki	human
aladdin_tt0103639	tt0103639	Cave_of_Wonders	nm0919798	male	wiki	other
alice.in.wonder_tt0043274	tt0043274	Alice	nm0064607	female	wiki	human
alice.in.wonder_tt0043274	tt0043274	Queen_of_Hearts	nm0271658	female	wiki	human
alice.in.wonder_tt0043274	tt0043274	Mad_Hatter	nm0943956	male	wiki	human
alice.in.wonder_tt0043274	tt0043274	White_Rabbit	nm0859892	male	wiki	other
alice.in.wonder_tt0043274	tt0043274	Cheshire_Cat	nm0001359	male	wiki	animal
alice.in.wonder_tt0043274	tt0043274	The_Walrus_and_the_Carpenter		male	fandom	other
alice.in.wonder_tt0043274	tt0043274	March_Hare	nm0173160	male	wiki	other
alice.in.wonder_tt0043274	tt0043274	Tweedle_Dee_and_Tweedle_Dum		unknown	none	human
alice.in.wonder_tt0043274	tt0043274	Caterpillar	nm0370821	male	wiki	other
alice.in.wonder_tt0043274	tt0043274	Cards	nm0054036	male	wiki	human
alice.in.wonder_tt0043274	tt0043274	The_Doorknob	nm0444012	male	wiki	other
alice.in.wonder_tt0043274	tt0043274	Dinah		female	fandom	animal
alice.in.wonder_tt0043274	tt0043274	Carpenter	nm0641729	male	wiki	human
alice.in.wonder_tt0043274	tt0043274	Hammer_and_Pencil_Birds		unknown	none	other
alice.in.wonder_tt0043274	tt0043274	Flamingos	nm0173416	male	wiki	animal
alice.in.wonder_tt0043274	tt0043274	King_of_Hearts	nm0873790	male	wiki	other
alice.in.wonder_tt0043274	tt0043274	Curious_Oysters	nm0641729	male	wiki	other
alice.in.wonder_tt0043274	tt0043274	Dodo	nm0859892	male	wiki	animal
alice.in.wonder_tt0043274	tt0043274	Caucus_Race_Animals		unknown	none	animal
alice.in.wonder_tt0043274	tt0043274	Bill_the_Lizard	nm0340606	male	wiki	animal
alice.in.wonder_tt0043274	tt0043274	Alice's_Sister	nm0029456	female	wiki	human
alice.in.wonder_tt0043274	tt0043274	Dormouse	nm0531763	male	wiki	animal
alvin.and.the.c_tt0952640	tt0952640	Alvin	nm0519043	male	wiki	animal
alvin.and.the.c_tt0952640	tt0952640	Theodore	nm0565366	male	wiki	animal
alvin.and.the.c_tt0952640	tt0952640	Simon	nm1131557	male	wiki	animal
alvin.and.the.c_tt1231580	tt1231580	Alvin	nm0519043	male	wiki	animal
alvin.and.the.c_tt1231580	tt1231580	Simon	nm1131557	male	wiki	animal
alvin.and.the.c_tt1231580	tt1231580	Theodore	nm0565366	male	wiki	animal
alvin.and.the.c_tt1231580	tt1231580	Brittany	nm0000775	female	wiki	animal
alvin.and.the.c_tt1231580	tt1231580	Eleanor	nm0688132	female	wiki	animal
alvin.and.the.c_tt1231580	tt1231580	Jeanette	nm0267506	female	wiki	animal
alvin.and.the.c_tt1615918	tt1615918	Alvin	nm0519043	male	wiki	animal
alvin.and.the.c_tt1615918	tt1615918	Simon	nm1131557	male	wiki	animal
alvin.and.the.c_tt1615918	tt1615918	Brittany	nm0000775	female	wiki	animal
alvin.and.the.c_tt1615918	tt1615918	Jeanette	nm0267506	female	wiki	animal
alvin.and.the.c_tt1615918	tt1615918	Theodore	nm0565366	male	wiki	animal
alvin.and.the.c_tt1615918	tt1615918	Elanor	nm0688132	female	wiki	animal
alvin.and.the.c_tt1615918	tt1615918	Spalding_Basketball		unknown	none	other
alvin.and.the.c_tt1615918	tt1615918	0.NOTAFACE		unknown	none	other
an.american.tai_tt0090633	tt0090633	Fievel_Mousekewitz	nm0322064	male	wiki	animal
an.american.tai_tt0090633	tt0090633	Papa_Mousekewitz	nm0675490	male	wiki	animal
an.american.tai_tt0090633	tt0090633	Tony_Toponi	nm0615730	male	fandom	animal
an.american.tai_tt0090633	tt0090633	Bridget	nm0089310	female	fandom	animal
an.american.tai_tt0090633	tt0090633	Tanya_Mousekewitz	nm0337602	female	fandom	animal
an.american.tai_tt0090633	tt0090633	Mama_Mousekewitz	nm0948361	female	wiki	animal
an.american.tai_tt0090633	tt0090633	Tiger	nm0001123	male	wiki	animal
an.american.tai_tt0090633	tt0090633	Gussie_Mausheimer	nm0001404	female	wiki	animal
an.american.tai_tt0090633	tt0090633	Henri	nm0001626	male	wiki	animal
an.american.tai_tt0090633	tt0090633	Warren_T._Rat	nm0278201	male	wiki	animal
an.american.tai_tt0090633	tt0090633	Honest_John	nm0743719	male	wiki	animal
an.american.tai_tt0090633	tt0090633	Moe	nm0808401	male	wiki	animal
anastasia_tt0118617	tt0118617	Anastasia_(Young)	nm0000379	female	wiki	human
anastasia_tt0118617	tt0118617	Dimitri_(Young)	nm0364385	male	fandom	human
anastasia_tt0118617	tt0118617	Vladimir	nm0001288	male	wiki	human
anastasia_tt0118617	tt0118617	Dimitri	nm0000131	male	wiki	human
anastasia_tt0118617	tt0118617	Sophie	nm0001613	female	wiki	human
anastasia_tt0118617	tt0118617	Grigori_Rasputin	nm0000502	male	wiki	human
anastasia_tt0118617	tt0118617	Dowager_Empress_Marie_Feodorovna	nm0001450	female	wiki	human
anastasia_tt0118617	tt0118617	Anastasia_Nikolaevna	nm0000212	female	wiki	human
anastasia_tt0118617	tt0118617	Bartok	nm0000279	male	wiki	animal
anastasia_tt0118617	tt0118617	Phlegmenkoff	nm0551908	female	wiki	human
anastasia_tt0118617	tt0118617	Czar_Nicolas_II	nm0429115	male	wiki	human
anastasia_tt0118617	tt0118617	Revolutionary_Soldier	nm0429115	male	wiki	human
angry.birds.mov_tt1985949	tt1985949	Red_(Young)	nm6512897	male	fandom	animal
angry.birds.mov_tt1985949	tt1985949	Chuck	nm1265802	male	wiki	animal
angry.birds.mov_tt1985949	tt1985949	Bomb	nm1104131	male	fandom	animal
angry.birds.mov_tt1985949	tt1985949	Red	nm0837177	male	wiki	animal
angry.birds.mov_tt1985949	tt1985949	Helen_the_Lunch_Mom	nm3255459	female	wiki	animal
angry.birds.mov_tt1985949	tt1985949	Bobby_Bird	nm1934618	male	wiki	animal
angry.birds.mov_tt1985949	tt1985949	Leonard	nm0352778	male	wiki	animal
angry.birds.mov_tt1985949	tt1985949	Matilda	nm0748973	female	wiki	animal
angry.birds.mov_tt1985949	tt1985949	Ross	nm0355024	male	wiki	animal
angry.birds.mov_tt1985949	tt1985949	Stella	nm0571952	female	wiki	animal
angry.birds.mov_tt1985949	tt1985949	Terence	nm0000576	male	wiki	animal
angry.birds.mov_tt1985949	tt1985949	Phillip	nm2813994	male	wiki	animal
angry.birds.mov_tt1985949	tt1985949	Mighty_Eagle	nm0227759	male	wiki	animal
angry.birds.mov_tt1985949	tt1985949	Judge_Peckinpah	nm1221047	male	wiki	animal
angry.birds.mov_tt1985949	tt1985949	Clayton_the_Waiter_Bird	nm0443505	male	wiki	animal
angry.birds.mov_tt1985949	tt1985949	Hug_Trader	nm5000758	unknown	none	animal
angry.birds.mov_tt1985949	tt1985949	Timothy_the_Birthday_Boy	nm3732165	female	wiki	animal
angry.birds.mov_tt1985949	tt1985949	Edward_the_Birthday_Dad	nm2868110	male	wiki	animal
angry.birds.mov_tt1985949	tt1985949	Olive_Blue	nm5335029	female	wiki	animal
angry.birds.mov_tt1985949	tt1985949	Hatchling_Singers	nm8148777	unknown	none	animal
angry.birds.mov_tt1985949	tt1985949	Foreman_Pig	nm0717678	male	wiki	animal
angry.birds.mov_tt1985949	tt1985949	Billy_the_Sign	nm0934671	male	fandom	animal
angry.birds.mov_tt1985949	tt1985949	Acrobat_Pig_(2)	nm2407919	trans woman	wiki	animal
angry.birds.mov_tt1985949	tt1985949	Earl_Pig	nm1627901	male	wiki	animal
angry.birds.mov_tt1985949	tt1985949	Greg_Blue	nm3707003	male	wiki	animal
angry.birds.mov_tt1985949	tt1985949	Brad_Bird	nm2590280	male	wiki	animal
angry.birds.mov_tt1985949	tt1985949	Eva_the_Birthday_Mom	nm0571952	female	wiki	animal
angry.birds.mov_tt1985949	tt1985949	Day_Care_Teacher	nm0034309	male	wiki	animal
angry.birds.mov_tt1985949	tt1985949	Cyrus	nm0355024	male	wiki	animal
angry.birds.mov_tt1985949	tt1985949	Monica_the_Crossing_Guard	nm5335029	female	wiki	animal
angry.birds.mov_tt1985949	tt1985949	Shirley_the_Old_Lady_Bird	nm2242399	female	wiki	animal
angry.birds.mov_tt1985949	tt1985949	Early_Bird	nm4761982	male	wiki	animal
angry.birds.mov_tt1985949	tt1985949	Bubbles	nm3597252	male	wiki	animal
angry.birds.mov_tt1985949	tt1985949	Photog	nm4270695	male	wiki	animal
angry.birds.mov_tt1985949	tt1985949	Yoga_Instructor	nm3255459	female	wiki	animal
angry.birds.mov_tt1985949	tt1985949	Monty_Pig	nm0851317	male	wiki	animal
angry.birds.mov_tt1985949	tt1985949	Mime	nm0355024	male	wiki	animal
angry.birds.mov_tt1985949	tt1985949	Tiny	nm0054697	male	wiki	animal
angry.birds.mov_tt1985949	tt1985949	Acrobat_Pig_(1)	nm3804613	male	wiki	animal
angry.birds.mov_tt1985949	tt1985949	Chef_Pig	nm2813994	male	wiki	animal
antz_tt0120587	tt0120587	Z	nm0000095	male	wiki	animal
antz_tt0120587	tt0120587	Princess_Bala	nm0000232	female	wiki	animal
antz_tt0120587	tt0120587	General_Mandible	nm0000432	male	wiki	animal
antz_tt0120587	tt0120587	Weaver	nm0000230	male	wiki	animal
antz_tt0120587	tt0120587	Azteca	nm0000182	female	wiki	animal
antz_tt0120587	tt0120587	Barbatus	nm0000418	male	wiki	animal
antz_tt0120587	tt0120587	Colonel_Cutter	nm0000686	male	wiki	animal
antz_tt0120587	tt0120587	Foreman	nm0789470	male	wiki	animal
antz_tt0120587	tt0120587	Queen	nm0000843	female	wiki	animal
antz_tt0120587	tt0120587	Grebs_(Drunk_Scout)	nm0001498	male	wiki	animal
antz_tt0120587	tt0120587	Muffy	nm0004852	female	wiki	animal
antz_tt0120587	tt0120587	Chip	nm0000101	male	wiki	animal
antz_tt0120587	tt0120587	Fly		unknown	none	animal
atlantis.the.lo_tt0230011	tt0230011	Milo_Thatch	nm0000150	male	wiki	human
atlantis.the.lo_tt0230011	tt0230011	Kida_Nedakh	nm0838588	female	wiki	human
atlantis.the.lo_tt0230011	tt0230011	Lyle_Tiberius_Rourke	nm0001258	male	wiki	human
atlantis.the.lo_tt0230011	tt0230011	Joshua_Sweet	nm0606862	male	wiki	human
atlantis.the.lo_tt0230011	tt0230011	Vincenzo_Santorini	nm0637038	male	wiki	human
atlantis.the.lo_tt0230011	tt0230011	Audrey_Ramirez	nm0005283	female	wiki	human
atlantis.the.lo_tt0230011	tt0230011	Helga_Sinclair	nm0160004	female	wiki	human
atlantis.the.lo_tt0230011	tt0230011	Gaetan_Molière	nm0123553	male	wiki	human
atlantis.the.lo_tt0230011	tt0230011	Kashekim_Nedakh	nm0000559	male	wiki	human
atlantis.the.lo_tt0230011	tt0230011	Preston_B._Whitmore	nm0001498	male	wiki	human
atlantis.the.lo_tt0230011	tt0230011	Cookie_(Atlantis:_The_Lost_Empire)	nm0001815	male	wiki	human
atlantis.the.lo_tt0230011	tt0230011	Wilhelmina_Packard	nm0822476	female	wiki	human
atlantis.the.lo_tt0230011	tt0230011	Fenton_Q._Harcourt	nm0001773	male	wiki	human
atlantis.the.lo_tt0230011	tt0230011	Thaddeus_Thatch		male	fandom	human
atlantis.the.lo_tt0230011	tt0230011	Queen_of_Atlantis		female	fandom	human
bad.guys_tt8115900	tt8115900	Mr._Wolf	nm0005377	male	wiki	animal
bad.guys_tt8115900	tt8115900	Mr._Snake	nm0549505	male	wiki	animal
bad.guys_tt8115900	tt8115900	Mr._Shark	nm0732497	male	wiki	animal
bad.guys_tt8115900	tt8115900	Diane_Foxington	nm5939164	female	wiki	animal
bad.guys_tt8115900	tt8115900	Mr._Pirahna	nm6588867	male	wiki	animal
bad.guys_tt8115900	tt8115900	Professor_Marmalade	nm1547964	male	wiki	animal
bad.guys_tt8115900	tt8115900	Ms._Tarantula	nm5377144	female	wiki	animal
bad.guys_tt8115900	tt8115900	Police_Chief_Misty_Luggins	nm0097504	female	wiki	animal
bad.guys_tt8115900	tt8115900	Tiffany_Fluffit	nm6530360	female	wiki	animal
bad.guys_tt8115900	tt8115900	Old_Lady	nm0329361	female	wiki	animal
bad.guys.2_tt30017619	tt30017619	Mr._Wolf	nm0005377	male	wiki	animal
bad.guys.2_tt30017619	tt30017619	Mr._Shark	nm0732497	male	wiki	animal
bad.guys.2_tt30017619	tt30017619	Mr._Pirahna	nm6588867	male	wiki	animal
bad.guys.2_tt30017619	tt30017619	Mr._Snake	nm0549505	male	wiki	animal
bad.guys.2_tt30017619	tt30017619	Ms._Tarantula	nm5377144	female	wiki	animal
bad.guys.2_tt30017619	tt30017619	Kitty_Kat	nm5335029	female	wiki	animal
bad.guys.2_tt30017619	tt30017619	Diane_Foxington	nm5939164	female	wiki	animal
bad.guys.2_tt30017619	tt30017619	Police_Chief_Misty_Luggins	nm0097504	female	wiki	human
bad.guys.2_tt30017619	tt30017619	Doom_/_Susan	nm0005169	female	wiki	animal
bad.guys.2_tt30017619	tt30017619	Pigtail_Petrova	nm7210025	female	wiki	animal
bad.guys.2_tt30017619	tt30017619	Professor_Marmalade	nm1547964	male	wiki	animal
bad.guys.2_tt30017619	tt30017619	Billionaire	nm0229084	male	wiki	human
bad.guys.2_tt30017619	tt30017619	Character_1		unknown	none	human
bad.guys.2_tt30017619	tt30017619	Agents		unknown	none	human
bad.guys.2_tt30017619	tt30017619	Tiffany_Fluffit	nm6530360	female	wiki	human
bad.guys.2_tt30017619	tt30017619	Bride	nm1648492	female	wiki	human
bad.guys.2_tt30017619	tt30017619	Character_2		unknown	none	human
bad.guys.2_tt30017619	tt30017619	Aunt_Sharon	nm0033977	female	wiki	human
bad.guys.2_tt30017619	tt30017619	Bank_Manager	nm0324233	unknown	none	human
bad.guys.2_tt30017619	tt30017619	Wedding_Head_of_Security	nm0130843	unknown	none	human
bad.guys.2_tt30017619	tt30017619	Maureen	nm1261587	female	wiki	human
bad.guys.2_tt30017619	tt30017619	Officiant	nm5620984	unknown	none	human
bad.guys.2_tt30017619	tt30017619	Prison_Guard	nm5620984	unknown	none	human
bambi_tt0034492	tt0034492	Bambi_(Young)	nm0241760	male	wiki	animal
bambi_tt0034492	tt0034492	Bambi_(Teen)	nm0017013	male	wiki	animal
bambi_tt0034492	tt0034492	Thumper_(Adult)	nm0249855	male	wiki	animal
bambi_tt0034492	tt0034492	Bambi's_Mother	nm0935514	female	wiki	animal
bambi_tt0034492	tt0034492	Friend_Owl	nm0942926	male	wiki	animal
bambi_tt0034492	tt0034492	Thumper's_Mother		unknown	none	animal
bambi_tt0034492	tt0034492	Faline_(Young)		female	fandom	animal
bambi_tt0034492	tt0034492	Thumper_(Teen)	nm0205561	male	wiki	animal
bambi_tt0034492	tt0034492	The_Great_Prince	nm0793195	male	wiki	animal
bambi_tt0034492	tt0034492	Thumper_(Young)	nm0066951	male	wiki	animal
bambi_tt0034492	tt0034492	Mrs._Possum	nm0487104	female	wiki	animal
bambi_tt0034492	tt0034492	Flower_(Young)	nm0018755	male	wiki	animal
bambi_tt0034492	tt0034492	Flower_(Teen)	nm0205561	male	wiki	animal
bambi_tt0034492	tt0034492	Flower_(Adult)	nm0001359	male	wiki	animal
bambi_tt0034492	tt0034492	Faline_(Adult)	nm0319268	female	wiki	animal
barnyard_tt0414853	tt0414853	Otis_the_Cow	nm0416673	male	wiki	animal
barnyard_tt0414853	tt0414853	Pig_the_Pig	nm0409361	male	wiki	animal
barnyard_tt0414853	tt0414853	Bessy_the_Cow	nm0843100	female	wiki	animal
barnyard_tt0414853	tt0414853	Daisy_the_Cow	nm0001073	female	wiki	animal
barnyard_tt0414853	tt0414853	Ben_the_Cow	nm0000385	male	wiki	animal
barnyard_tt0414853	tt0414853	Peck_the_Rooster	nm0667326	male	wiki	animal
barnyard_tt0414853	tt0414853	Freddy_the_Ferret	nm0164682	male	wiki	animal
barnyard_tt0414853	tt0414853	Miles_the_Mule	nm0000418	male	wiki	animal
barnyard_tt0414853	tt0414853	Dag_the_Coyote	nm0462712	male	wiki	animal
barnyard_tt0414853	tt0414853	Eddy_the_Cow	nm0120180	male	wiki	animal
barnyard_tt0414853	tt0414853	Duke_the_Dog	nm0410101	male	wiki	animal
barnyard_tt0414853	tt0414853	Pip_the_Mouse	nm0305261	male	wiki	animal
barnyard_tt0414853	tt0414853	Etta_the_Hen	nm0000510	female	wiki	animal
barnyard_tt0414853	tt0414853	Igg_the_Cow	nm0005606	male	wiki	animal
barnyard_tt0414853	tt0414853	Bud_the_Cow	nm0224007	male	wiki	animal
barnyard_tt0414853	tt0414853	Gopher	nm0667326	male	wiki	animal
barnyard_tt0414853	tt0414853	Maddy_the_Chick	nm1375655	female	wiki	animal
barnyard_tt0414853	tt0414853	Mrs._Beady	nm0051469	female	wiki	human
barnyard_tt0414853	tt0414853	Root_the_Rooster	nm0247456	male	wiki	animal
barnyard_tt0414853	tt0414853	Farmer	nm0851317	male	wiki	human
barnyard_tt0414853	tt0414853	Mr._Beady	nm0644203	male	wiki	human
barnyard_tt0414853	tt0414853	Character_1		unknown	none	human
barnyard_tt0414853	tt0414853	Snotty_Boy	nm0644203	male	wiki	human
barnyard_tt0414853	tt0414853	Officer_O'Hanlon	nm0224007	male	wiki	human
barnyard_tt0414853	tt0414853	Snotty_Boy's_Father	nm0644203	male	wiki	human
barnyard_tt0414853	tt0414853	Snotty_Boy's_Friend_1	nm0628170	female	wiki	human
barnyard_tt0414853	tt0414853	Snotty_Boy's_Friend_2	nm0500246	female	wiki	human
beauty.and.the._tt0101414	tt0101414	Belle	nm0641314	female	wiki	human
beauty.and.the._tt0101414	tt0101414	Beast	nm0000913	male	wiki	other
beauty.and.the._tt0101414	tt0101414	Gaston	nm0925369	male	wiki	human
beauty.and.the._tt0101414	tt0101414	Cogsworth	nm0001773	male	wiki	other
beauty.and.the._tt0101414	tt0101414	LeFou	nm0181425	male	wiki	human
beauty.and.the._tt0101414	tt0101414	Lumiere	nm0001583	male	wiki	other
beauty.and.the._tt0101414	tt0101414	Gaston's_Cronies		male	fandom	human
beauty.and.the._tt0101414	tt0101414	Maurice	nm0263591	male	wiki	human
beauty.and.the._tt0101414	tt0101414	Mrs._Potts	nm0001450	female	wiki	other
beauty.and.the._tt0101414	tt0101414	Chip_Potts	nm0682300	male	wiki	other
beauty.and.the._tt0101414	tt0101414	The_Bimbettes	nm0074834	female	wiki	human
beauty.and.the._tt0101414	tt0101414	Philippe	nm0808401	male	wiki	animal
beauty.and.the._tt0101414	tt0101414	Wardrobe	nm0941506	female	wiki	other
beauty.and.the._tt0101414	tt0101414	Monsieur_D'Arque	nm0419645	male	wiki	human
beauty.and.the._tt0101414	tt0101414	Chef_Bouche		male	fandom	other
beauty.and.the._tt0101414	tt0101414	The_Bookseller	nm0258423	male	wiki	human
beauty.and.the._tt0101414	tt0101414	Fifi		female	fandom	other
beavis.and.butt_tt0115641	tt0115641	Butt-Head	nm0431918	male	wiki	human
beavis.and.butt_tt0115641	tt0115641	Beavis	nm0431918	male	wiki	human
beavis.and.butt_tt0115641	tt0115641	ATF_Agent_Flemming	nm0821041	male	wiki	human
beavis.and.butt_tt0115641	tt0115641	ATF_Agent_Bork	nm0001427	male	wiki	human
beavis.and.butt_tt0115641	tt0115641	Martha_the_Old_Lady	nm0001458	female	wiki	human
beavis.and.butt_tt0115641	tt0115641	French_Dignitary	nm0241500	unknown	none	human
beavis.and.butt_tt0115641	tt0115641	Tom_Anderson	nm0431918	male	wiki	human
beavis.and.butt_tt0115641	tt0115641	Muddy_Grimes	nm0000246	male	wiki	human
beavis.and.butt_tt0115641	tt0115641	Dallas_Grimes	nm0000193	female	wiki	human
beavis.and.butt_tt0115641	tt0115641	White_House_Press_Secretary	nm0091899	male	wiki	human
beavis.and.butt_tt0115641	tt0115641	FBI_Agent_Hurly	nm0053148	female	fandom	human
beavis.and.butt_tt0115641	tt0115641	Tour_Bus_Driver	nm0000500	male	wiki	human
beavis.and.butt_tt0115641	tt0115641	President_Clinton	nm1236674	unknown	none	human
beavis.and.butt_tt0115641	tt0115641	Announcer_in_Capitol	nm0680547	unknown	none	human
beavis.and.butt_tt0115641	tt0115641	General_at_Strategic_Air_Command	nm0750575	unknown	none	human
beavis.and.butt_tt0115641	tt0115641	Principal_McVicker	nm0431918	male	wiki	human
beavis.and.butt_tt0115641	tt0115641	Mr._Van_Driessen	nm0431918	male	wiki	human
beavis.and.butt_tt0115641	tt0115641	Old_Guy	nm0003249	male	wiki	human
beavis.and.butt_tt0115641	tt0115641	Indian_Dignitary	nm0623319	male	wiki	human
beavis.and.butt_tt0115641	tt0115641	Concierge	nm0403947	male	wiki	human
beavis.and.butt_tt0115641	tt0115641	Lieutenant_at_Strategic_Air_Command	nm0091899	male	wiki	human
bedknobs.and.br_tt0066817	tt0066817	King_Leonidas	nm0918396	male	wiki	animal
bedknobs.and.br_tt0066817	tt0066817	Kangaroo		unknown	none	animal
bedknobs.and.br_tt0066817	tt0066817	Crocodile		unknown	none	animal
bedknobs.and.br_tt0066817	tt0066817	Mr._Codfish	nm0357090	male	wiki	animal
bedknobs.and.br_tt0066817	tt0066817	Fisherman_Bear	nm0268428	male	wiki	animal
bedknobs.and.br_tt0066817	tt0066817	Pig		unknown	none	animal
bedknobs.and.br_tt0066817	tt0066817	Hippopotamus		unknown	none	animal
bedknobs.and.br_tt0066817	tt0066817	Vulture		unknown	none	animal
bedknobs.and.br_tt0066817	tt0066817	Elephant		unknown	none	animal
bedknobs.and.br_tt0066817	tt0066817	Secretary_Bird	nm0918396	male	wiki	animal
bee.movie_tt0389790	tt0389790	Barry_B._Benson	nm0000632	male	wiki	animal
bee.movie_tt0389790	tt0389790	Vanessa_Bloome	nm0000250	female	wiki	human
bee.movie_tt0389790	tt0389790	Adam_Flayman	nm0000111	male	wiki	animal
bee.movie_tt0389790	tt0389790	Layton_T._Montgomery	nm0000422	male	wiki	human
bee.movie_tt0389790	tt0389790	Ken	nm0911320	male	wiki	human
bee.movie_tt0389790	tt0389790	Pilot	nm0379114	male	wiki	human
bee.movie_tt0389790	tt0389790	Jock_1	nm0936670	unknown	none	animal
bee.movie_tt0389790	tt0389790	Buzz	nm0379114	male	wiki	animal
bee.movie_tt0389790	tt0389790	Trudy	nm0005259	female	wiki	animal
bee.movie_tt0389790	tt0389790	Janet_Benson	nm0000870	female	wiki	animal
bee.movie_tt0389790	tt0389790	Martin_Benson	nm0001469	male	wiki	animal
bee.movie_tt0389790	tt0389790	Mother	nm0534134	female	wiki	human
bee.movie_tt0389790	tt0389790	Dean_Buzzwell	nm0588777	male	wiki	animal
bee.movie_tt0389790	tt0389790	Klauss_Vanderhayden	nm1166844	male	wiki	human
bee.movie_tt0389790	tt0389790	Sandy_Shrimpkin		unknown	none	animal
bee.movie_tt0389790	tt0389790	Press_Person_2	nm0936670	unknown	none	human
bee.movie_tt0389790	tt0389790	Jeanette_Chung	nm0534134	female	wiki	animal
bee.movie_tt0389790	tt0389790	Little_Girl	nm2810621	unknown	none	human
bee.movie_tt0389790	tt0389790	Mooseblood	nm0001674	male	wiki	animal
bee.movie_tt0389790	tt0389790	Ray_Liotta	nm0000501	male	wiki	human
bee.movie_tt0389790	tt0389790	Judge_Bumbleton	nm0001856	female	wiki	human
bee.movie_tt0389790	tt0389790	Timmy	nm0607402	unknown	none	human
bee.movie_tt0389790	tt0389790	Bud_Ditchwater	nm0724245	male	wiki	human
bee.movie_tt0389790	tt0389790	Lou_Lo_Duca	nm0001800	male	wiki	animal
bee.movie_tt0389790	tt0389790	Hector		unknown	none	human
bee.movie_tt0389790	tt0389790	Bee_Larry_King	nm0005092	male	wiki	animal
bee.movie_tt0389790	tt0389790	Bob_Bumble	nm0379114	male	wiki	animal
bee.movie_tt0389790	tt0389790	Sting	nm0001776	male	wiki	human
bee.movie_tt0389790	tt0389790	Bailiff	nm0224007	male	wiki	human
bee.movie_tt0389790	tt0389790	Uncle_Carl	nm0022901	male	wiki	animal
bee.movie_tt0389790	tt0389790	TSA_Agent		unknown	none	human
bee.movie_tt0389790	tt0389790	Splitz	nm1166844	male	wiki	animal
bee.movie_tt0389790	tt0389790	Freddy	nm0970447	male	wiki	human
bee.movie_tt0389790	tt0389790	Press_Person_1	nm0500140	female	wiki	human
bee.movie_tt0389790	tt0389790	Waterbug	nm0546267	male	wiki	animal
bee.movie_tt0389790	tt0389790	Janitor	nm0224007	male	wiki	human
bee.movie_tt0389790	tt0389790	Cow	nm0534134	female	wiki	animal
bee.movie_tt0389790	tt0389790	Ladybug	nm0084190	male	wiki	animal
beowulf_tt0442933	tt0442933	Beowulf	nm0935653	male	wiki	human
beowulf_tt0442933	tt0442933	Hrothgar	nm0000164	male	wiki	human
beowulf_tt0442933	tt0442933	Wealthow	nm0000705	female	wiki	human
beowulf_tt0442933	tt0442933	Unferth	nm0000518	male	wiki	human
beowulf_tt0442933	tt0442933	Ursula	nm0517844	female	wiki	human
beowulf_tt0442933	tt0442933	Wiglaf	nm0322407	male	wiki	human
beowulf_tt0442933	tt0442933	Grendel	nm0000417	male	wiki	other
beowulf_tt0442933	tt0442933	Frisian_Leader	nm0384886	male	wiki	human
beowulf_tt0442933	tt0442933	Grendel's_Mother	nm0001401	female	wiki	human
beowulf_tt0442933	tt0442933	Olaf	nm0178875	male	wiki	human
beowulf_tt0442933	tt0442933	Hondshew	nm0541908	male	wiki	human
beowulf_tt0442933	tt0442933	Yrsa	nm0366667	female	wiki	human
beowulf_tt0442933	tt0442933	Scylding's_Watch	nm0240474	male	wiki	human
beowulf_tt0442933	tt0442933	Cain	nm0444098	male	wiki	human
beowulf_tt0442933	tt0442933	Hild	nm0048922	female	wiki	human
beowulf_tt0442933	tt0442933	Cille	nm0719444	unknown	none	human
beowulf_tt0442933	tt0442933	Estrith	nm1083395	female	wiki	human
beowulf_tt0442933	tt0442933	Aesher	nm0776376	male	wiki	human
beowulf_tt0442933	tt0442933	Wulfgar	nm0003067	male	wiki	human
big.hero.6_tt2245084	tt2245084	Hiro_Hamada	nm3994407	male	wiki	human
big.hero.6_tt2245084	tt2245084	Baymax	nm0012523	male	wiki	other
big.hero.6_tt2245084	tt2245084	Go_Go_Tomago	nm1512166	female	wiki	human
big.hero.6_tt2245084	tt2245084	Tadashi_Hamada	nm2024644	male	wiki	human
big.hero.6_tt2245084	tt2245084	Honey_Lemon	nm1270009	female	wiki	human
big.hero.6_tt2245084	tt2245084	Wasabi	nm0915458	male	wiki	human
big.hero.6_tt2245084	tt2245084	Fred	nm2554352	male	wiki	human
big.hero.6_tt2245084	tt2245084	Aunt_Cass	nm0748973	female	wiki	human
big.hero.6_tt2245084	tt2245084	Professor_Robert_Callaghan	nm0000342	male	wiki	human
big.hero.6_tt2245084	tt2245084	Alistair_Krei	nm0876138	male	wiki	human
big.hero.6_tt2245084	tt2245084	Abigail_Callaghan	nm1705090	female	wiki	human
big.hero.6_tt2245084	tt2245084	Heathcliff	nm0789479	male	wiki	human
big.hero.6_tt2245084	tt2245084	Yokai		male	fandom	human
big.hero.6_tt2245084	tt2245084	Yama_	nm2128363	male	wiki	human
big.hero.6_tt2245084	tt2245084	Judy_		female	fandom	human
big.hero.6_tt2245084	tt2245084	Sergeant_Gerson		male	fandom	human
big.hero.6_tt2245084	tt2245084	The_Ringleader	nm3254464	unknown	none	human
big.hero.6_tt2245084	tt2245084	Mr._Frederickson		male	fandom	human
big.hero.6_tt2245084	tt2245084	Mochi		male	fandom	animal
black.cauldron_tt0088814	tt0088814	Taran	nm0054344	male	wiki	human
black.cauldron_tt0088814	tt0088814	Princess_Eilonwy	nm0792262	female	wiki	human
black.cauldron_tt0088814	tt0088814	Fflewddur_Fflam	nm0001329	male	wiki	human
black.cauldron_tt0088814	tt0088814	Gurgi	nm0125956	male	wiki	animal
black.cauldron_tt0088814	tt0088814	Creeper	nm0284496	male	wiki	other
black.cauldron_tt0088814	tt0088814	Pig		unknown	none	animal
black.cauldron_tt0088814	tt0088814	Dallben	nm0428086	male	wiki	human
black.cauldron_tt0088814	tt0088814	Orddu	nm0580783	female	wiki	human
black.cauldron_tt0088814	tt0088814	Henchmen	nm0719115	male	wiki	human
black.cauldron_tt0088814	tt0088814	Orwen	nm0539737	female	wiki	other
black.cauldron_tt0088814	tt0088814	Horned_King	nm0000457	male	wiki	other
black.cauldron_tt0088814	tt0088814	Orgoch	nm0370906	female	wiki	human
black.cauldron_tt0088814	tt0088814	Doli	nm0125956	male	wiki	human
black.cauldron_tt0088814	tt0088814	King_Eidilleg	nm0539395	male	wiki	human
black.cauldron_tt0088814	tt0088814	Dog		unknown	none	animal
black.cauldron_tt0088814	tt0088814	Fair_Folk_Girl	nm0723679	female	wiki	human
black.cauldron_tt0088814	tt0088814	Fair_Folk_Boy	nm0130085	male	wiki	human
black.cauldron_tt0088814	tt0088814	Frog	nm0000305	male	wiki	animal
black.cauldron_tt0088814	tt0088814	Duck		unknown	none	animal
black.cauldron_tt0088814	tt0088814	Rat	nm0357090	male	wiki	animal
bobs.burgers.mo_tt7466442	tt7466442	Louise_Belcher	nm1102891	female	wiki	human
bobs.burgers.mo_tt7466442	tt7466442	Gene_Belcher	nm1483349	male	wiki	human
bobs.burgers.mo_tt7466442	tt7466442	Tina_Belcher	nm2089814	female	fandom	human
bobs.burgers.mo_tt7466442	tt7466442	Bob_Belcher	nm0071304	male	wiki	human
bobs.burgers.mo_tt7466442	tt7466442	Linda_Belcher	nm4064518	female	fandom	human
bobs.burgers.mo_tt7466442	tt7466442	Phillip_Frond	nm0379114	male	wiki	human
bobs.burgers.mo_tt7466442	tt7466442	Jimmy_Jr.	nm0071304	male	wiki	human
bobs.burgers.mo_tt7466442	tt7466442	Felix_Fischoeder	nm0302108	male	wiki	human
bobs.burgers.mo_tt7466442	tt7466442	Calvin_Fischoeder	nm0000177	male	wiki	human
bobs.burgers.mo_tt7466442	tt7466442	Teddy	nm1926427	male	wiki	human
bobs.burgers.mo_tt7466442	tt7466442	Sergeant_Bosco	nm0170550	male	wiki	human
bobs.burgers.mo_tt7466442	tt7466442	Chloe_Barbash	nm3715867	female	wiki	human
bobs.burgers.mo_tt7466442	tt7466442	Kuchi_Kopi		unknown	none	other
bobs.burgers.mo_tt7466442	tt7466442	Jericho	nm0748620	male	wiki	animal
bolt_tt0397892	tt0397892	Bolt	nm0000237	male	wiki	animal
bolt_tt0397892	tt0397892	Mittens	nm0261435	female	wiki	animal
bolt_tt0397892	tt0397892	Penny	nm1415323	female	wiki	human
bolt_tt0397892	tt0397892	Rhino	nm0910559	male	wiki	animal
bolt_tt0397892	tt0397892	Agent	nm0314524	male	wiki	human
bolt_tt0397892	tt0397892	Joey,_Vinnie,_and_Bobby		male	fandom	animal
bolt_tt0397892	tt0397892	Mindy_Parker	nm1312566	female	wiki	human
bolt_tt0397892	tt0397892	Character_1		unknown	none	human
bolt_tt0397892	tt0397892	Penny's_Mother		female	fandom	human
bolt_tt0397892	tt0397892	Dr._Calico	nm0000532	male	wiki	human
bolt_tt0397892	tt0397892	*Pigeons		male	fandom	animal
bolt_tt0397892	tt0397892	Officer_Ester	nm1851408	female	fandom	human
bolt_tt0397892	tt0397892	Character_5		unknown	none	human
bolt_tt0397892	tt0397892	Character_6		unknown	none	human
bolt_tt0397892	tt0397892	Character_2		unknown	none	human
bolt_tt0397892	tt0397892	Dr._Calico's_Fluffy_Cat		unknown	none	animal
bolt_tt0397892	tt0397892	Dr._Calico's_Black_Cat		unknown	none	animal
bolt_tt0397892	tt0397892	Character_4		unknown	none	human
bolt_tt0397892	tt0397892	Penny's_Father_(Actor)		male	fandom	human
bolt_tt0397892	tt0397892	The_Director	nm0513851	male	wiki	human
bolt_tt0397892	tt0397892	Dr._Calico_Guard	nm0000532	male	wiki	other
bolt_tt0397892	tt0397892	Director		male	fandom	human
bolt_tt0397892	tt0397892	Officer_Martin	nm0826745	male	wiki	human
bolt_tt0397892	tt0397892	Officer_Lloyd	nm0071818	male	wiki	human
boss.baby_tt3874544	tt3874544	Tim_Templeton	nm2857474	male	fandom	human
boss.baby_tt3874544	tt3874544	Theodore_Templeton_(Boss_Baby)	nm0000285	male	wiki	human
boss.baby_tt3874544	tt3874544	Janice_Templeton	nm0001435	female	wiki	human
boss.baby_tt3874544	tt3874544	Ted_Timpleton	nm0453994	male	wiki	human
boss.baby_tt3874544	tt3874544	Francis_E._Francis	nm0000114	male	wiki	human
boss.baby_tt3874544	tt3874544	Staci	nm6510248	female	wiki	human
boss.baby_tt3874544	tt3874544	Jimbo	nm1659741	male	wiki	human
boss.baby_tt3874544	tt3874544	Yellow_Triplet		unknown	none	human
boss.baby_tt3874544	tt3874544	Blue_Triplet		unknown	none	human
boss.baby_tt3874544	tt3874544	Pirate_Theodore		unknown	none	human
boss.baby_tt3874544	tt3874544	Character_1		unknown	none	human
boss.baby_tt3874544	tt3874544	Eugene_Francis	nm0970447	male	wiki	human
boss.baby_tt3874544	tt3874544	Wizzie	nm4642699	unknown	none	human
boss.baby_tt3874544	tt3874544	*Forever_Puppies		unknown	none	animal
boss.baby_tt3874544	tt3874544	Pirate_Tim_Templeton	nm2857474	male	fandom	human
boss.baby_tt3874544	tt3874544	Character_2		unknown	none	human
boss.baby_tt3874544	tt3874544	Big_Boss_Baby	nm0592437	female	wiki	human
boss.baby_tt3874544	tt3874544	Ski_Mask_Tim_Templeton		male	fandom	human
boss.baby.2.fam_tt6932874	tt6932874	Tim_Templeton_(Young)	nm2857474	male	fandom	human
boss.baby.2.fam_tt6932874	tt6932874	Boss_Baby_/_Theodore_Templeton_(Young)	nm0000285	male	wiki	human
boss.baby.2.fam_tt6932874	tt6932874	Tina_Templeton	nm0781238	female	wiki	human
boss.baby.2.fam_tt6932874	tt6932874	Tabitha_Templeton	nm7567556	female	wiki	human
boss.baby.2.fam_tt6932874	tt6932874	Tim_Templeton	nm0005188	male	wiki	human
boss.baby.2.fam_tt6932874	tt6932874	Carol_Templeton	nm0519456	female	wiki	human
boss.baby.2.fam_tt6932874	tt6932874	Character_3		unknown	none	human
boss.baby.2.fam_tt6932874	tt6932874	Boss_Baby_/_Theodore_Templeton	nm0000285	male	wiki	human
boss.baby.2.fam_tt6932874	tt6932874	Character_1		unknown	none	human
boss.baby.2.fam_tt6932874	tt6932874	Nathan_Pickles	nm6004682	male	wiki	human
boss.baby.2.fam_tt6932874	tt6932874	Character_2		unknown	none	human
boss.baby.2.fam_tt6932874	tt6932874	Dr._Tiffany_Hamilton	nm0569891	male	wiki	human
boss.baby.2.fam_tt6932874	tt6932874	Janice_Templeton	nm0001435	female	wiki	human
boss.baby.2.fam_tt6932874	tt6932874	Ted_Templeton	nm0453994	male	wiki	human
boss.baby.2.fam_tt6932874	tt6932874	Dr._Armstrong	nm0000156	male	wiki	human
boss.baby.2.fam_tt6932874	tt6932874	Box_Kid	nm9176330	male	wiki	human
boss.baby.2.fam_tt6932874	tt6932874	*Baby_Triplets	nm12725945	unknown	none	human
boss.baby.2.fam_tt6932874	tt6932874	Precious_Templeton_(Horse)		unknown	none	animal
boss.baby.2.fam_tt6932874	tt6932874	Meghan_Glick	nm6744017	female	wiki	human
boss.baby.2.fam_tt6932874	tt6932874	Connie_(Story_Bear)	nm1121631	male	wiki	other
boss.baby.2.fam_tt6932874	tt6932874	Wizzie	nm4642699	male	fandom	human
boss.baby.2.fam_tt6932874	tt6932874	Purple_Glasses_Baby		unknown	none	human
boss.baby.2.fam_tt6932874	tt6932874	Glue_Baby	nm2554464	male	wiki	human
boss.baby.2.fam_tt6932874	tt6932874	Jimbo	nm1659741	male	wiki	human
boss.baby.2.fam_tt6932874	tt6932874	*Baby_Ninjas		unknown	none	human
boss.baby.2.fam_tt6932874	tt6932874	No_Girl	nm7875278	unknown	none	human
boss.baby.2.fam_tt6932874	tt6932874	Time_Out_Kid	nm4847816	unknown	none	human
boss.baby.2.fam_tt6932874	tt6932874	Pageant_Mom_#2	nm1154908	unknown	none	human
boss.baby.2.fam_tt6932874	tt6932874	Little_Bo_Peep_Baby	nm8500309	unknown	none	human
boss.baby.2.fam_tt6932874	tt6932874	Character_6		unknown	none	human
boss.baby.2.fam_tt6932874	tt6932874	Creepy_Girl	nm8093015	unknown	none	human
boss.baby.2.fam_tt6932874	tt6932874	Character_4		unknown	none	human
boss.baby.2.fam_tt6932874	tt6932874	*Police_Officers		male	fandom	human
boss.baby.2.fam_tt6932874	tt6932874	Movie_Patron	nm1019583	male	wiki	human
boss.baby.2.fam_tt6932874	tt6932874	Character_5		unknown	none	human
boss.baby.2.fam_tt6932874	tt6932874	Dreidel_Kid	nm12725946	unknown	none	human
brave_tt1217209	tt1217209	Merida	nm5104064	female	fandom	human
brave_tt1217209	tt1217209	Queen_Elinor	nm0000668	female	wiki	human
brave_tt1217209	tt1217209	King_Fergus	nm0175262	male	wiki	human
brave_tt1217209	tt1217209	Queen_Elinor_(Bear)	nm0000668	female	wiki	animal
brave_tt1217209	tt1217209	Lord_MacGuffin	nm0571727	male	wiki	human
brave_tt1217209	tt1217209	Witch_(Brave)	nm0910278	female	wiki	human
brave_tt1217209	tt1217209	Lord_Dingwall	nm0001059	male	wiki	human
brave_tt1217209	tt1217209	Harris,_Hubert,_and_Hamish		unknown	none	human
brave_tt1217209	tt1217209	Lord_Macintosh	nm0272401	male	wiki	human
brave_tt1217209	tt1217209	Young_Macintosh	nm2189243	male	wiki	human
brave_tt1217209	tt1217209	Maudie	nm0455435	female	wiki	human
brave_tt1217209	tt1217209	Young_MacGuffin	nm0571727	male	wiki	human
brave_tt1217209	tt1217209	Wee_Dingwall	nm1625656	male	fandom	human
brave_tt1217209	tt1217209	Harris,_Hubert,_Hamish_(Bears)		unknown	none	animal
brother.bear_tt0328880	tt0328880	Kenai	nm0001618	male	wiki	animal
brother.bear_tt0328880	tt0328880	Denahi	nm0707262	male	wiki	human
brother.bear_tt0328880	tt0328880	Koda	nm0836836	male	wiki	animal
brother.bear_tt0328880	tt0328880	Tuke	nm0858686	male	wiki	animal
brother.bear_tt0328880	tt0328880	Sitka	nm0000665	male	wiki	human
brother.bear_tt0328880	tt0328880	Tanana	nm0178616	female	wiki	human
brother.bear_tt0328880	tt0328880	Male_Lover_Bear	nm0698681	male	wiki	animal
brother.bear_tt0328880	tt0328880	Tug	nm0003817	male	wiki	animal
brother.bear_tt0328880	tt0328880	Chipmunks	nm0732436	male	wiki	animal
brother.bear_tt0328880	tt0328880	Ram_#1	nm0160364	male	wiki	animal
brother.bear_tt0328880	tt0328880	Old_Lady_Bear	nm0364680	female	wiki	animal
brother.bear_tt0328880	tt0328880	Female_Lover_Bear	nm0005306	female	wiki	animal
brother.bear_tt0328880	tt0328880	Croatian_Bear	nm1194068	male	wiki	animal
brother.bear_tt0328880	tt0328880	Older_Denahi	nm0332390	male	wiki	human
captain.underpa_tt2091256	tt2091256	George_Beard	nm0366389	male	wiki	human
captain.underpa_tt2091256	tt2091256	Harold_Hutchins	nm3042755	male	wiki	human
captain.underpa_tt2091256	tt2091256	Captain_Underpants_/_Mr._Krupp	nm1159180	male	wiki	human
captain.underpa_tt2091256	tt2091256	Professor_Poopypants	nm1802209	male	wiki	human
captain.underpa_tt2091256	tt2091256	Melvin_Sneedly	nm1443502	male	wiki	human
captain.underpa_tt2091256	tt2091256	Tommy	nm1659741	male	wiki	human
captain.underpa_tt2091256	tt2091256	Edith	nm1102891	female	wiki	human
captain.underpa_tt2091256	tt2091256	Ms._Ribble	nm0720191	female	wiki	human
captain.underpa_tt2091256	tt2091256	Sad_Girl	nm2294312	unknown	none	human
captain.underpa_tt2091256	tt2091256	Goody_Two-Shoes_Girl	nm0063944	female	wiki	human
captain.underpa_tt2091256	tt2091256	Mr._Fyde	nm0735440	male	wiki	human
captain.underpa_tt2091256	tt2091256	Ms._Dayken	nm0280164	female	fandom	human
captain.underpa_tt2091256	tt2091256	Nobel_Moderator	nm0630149	female	wiki	human
captain.underpa_tt2091256	tt2091256	Green_Dinosaur		unknown	none	other
captain.underpa_tt2091256	tt2091256	Mime	nm1121631	male	wiki	human
care.bears.movi_tt0088885	tt0088885	Nicholas	nm0443058	male	wiki	human
care.bears.movi_tt0088885	tt0088885	Jason	nm0861898	male	wiki	human
care.bears.movi_tt0088885	tt0088885	Kim	nm0838588	female	wiki	human
care.bears.movi_tt0088885	tt0088885	Tenderheart_Bear	nm0723982	male	fandom	animal
care.bears.movi_tt0088885	tt0088885	Love-A-Lot_Bear	nm0257077	female	wiki	animal
care.bears.movi_tt0088885	tt0088885	Wish_Bear	nm0337945	female	wiki	animal
care.bears.movi_tt0088885	tt0088885	Proud_Heart_Cat		female	fandom	animal
care.bears.movi_tt0088885	tt0088885	Brave_Heart_Lion	nm0377243	male	wiki	animal
care.bears.movi_tt0088885	tt0088885	Playful_Heart_Monkey	nm0525716	male	fandom	animal
care.bears.movi_tt0088885	tt0088885	Cheer_Bear	nm0114265	female	wiki	animal
care.bears.movi_tt0088885	tt0088885	Friend_Bear	nm0021993	female	wiki	animal
care.bears.movi_tt0088885	tt0088885	Champ_Bear		male	fandom	animal
care.bears.movi_tt0088885	tt0088885	Grumpy_Bear	nm0220429	male	wiki	animal
care.bears.movi_tt0088885	tt0088885	Great_Fetuccini	nm0313364	male	wiki	human
care.bears.movi_tt0088885	tt0088885	Bright_Heart_Raccoon	nm0378130	male	wiki	animal
care.bears.movi_tt0088885	tt0088885	Cozy_Heart_Penguin	nm0719697	female	wiki	animal
care.bears.movi_tt0088885	tt0088885	Funshine_Bear	nm0085461	male	fandom	animal
care.bears.movi_tt0088885	tt0088885	Share_Bear	nm0085461	female	fandom	animal
care.bears.movi_tt0088885	tt0088885	Gentle_Heart_Lamb	nm0333009	female	wiki	animal
care.bears.movi_tt0088885	tt0088885	Lotsa_Heart_Elephant	nm0333009	female	wiki	animal
care.bears.movi_tt0088885	tt0088885	Bedtime_Bear	nm0276757	male	fandom	animal
care.bears.movi_tt0088885	tt0088885	Treat_Heart_Pig	nm0719697	female	wiki	animal
care.bears.movi_tt0088885	tt0088885	Birthday_Bear		male	fandom	animal
care.bears.movi_tt0088885	tt0088885	Good_Luck_Bear	nm0525716	male	fandom	animal
care.bears.movi_tt0088885	tt0088885	Swift_Heart_Rabbit	nm0021993	female	wiki	animal
care.bears.movi_tt0088885	tt0088885	Mr._Nicholas_Cherrywood	nm0001682	male	wiki	human
care.bears.movi_tt0088885	tt0088885	Mrs._Kim_Cherrywood	nm0247720	female	wiki	human
care.bears.movi_tt0088885	tt0088885	Baby_Tugs_Bear	nm0114265	male	fandom	animal
care.bears.movi_tt0088885	tt0088885	Secret_Bear	nm0262541	female	fandom	animal
care.bears.movi_tt0088885	tt0088885	Baby_Hugs_Bear	nm0370049	female	wiki	animal
care.bears.movi_tt0088885	tt0088885	Loyal_Heart_Dog	nm0377243	male	wiki	animal
care.bears.movi_tt0088885	tt0088885	Spirit	nm0123201	female	wiki	other
care.bears.movi_tt0088885	tt0088885	Grams_Bear	nm0719697	female	wiki	animal
cars_tt0317219	tt0317219	Lightning_McQueen	nm0005562	male	wiki	other
cars_tt0317219	tt0317219	Sally_Carrera	nm0001372	female	wiki	other
cars_tt0317219	tt0317219	Luigi	nm0001724	male	wiki	other
cars_tt0317219	tt0317219	Flo	nm0507338	female	wiki	other
cars_tt0317219	tt0317219	Mater	nm1249256	male	wiki	other
cars_tt0317219	tt0317219	Ramone	nm0001507	male	wiki	other
cars_tt0317219	tt0317219	Flik_Car	nm0004929	male	wiki	other
cars_tt0317219	tt0317219	Dusty_Rust-eze	nm1137136	male	wiki	other
cars_tt0317219	tt0317219	Van	nm0454236	male	wiki	other
cars_tt0317219	tt0317219	Minny	nm0566052	female	wiki	other
cars_tt0317219	tt0317219	Mia	nm0172491	female	wiki	other
cars_tt0317219	tt0317219	Red	nm0710020	male	wiki	other
cars_tt0317219	tt0317219	Snotrod	nm0738918	male	wiki	other
cars_tt0317219	tt0317219	Fred	nm0004056	male	wiki	other
cars_tt0317219	tt0317219	Motorhome_Race_Fans		unknown	none	other
cars_tt0317219	tt0317219	Mrs._The_King	nm1872135	female	wiki	other
cars_tt0317219	tt0317219	Kori_Turbowitz	nm2277851	female	fandom	other
cars_tt0317219	tt0317219	Mike_Car	nm0000345	male	wiki	other
cars_tt0317219	tt0317219	Michael_Schumacher_Ferrari	nm1635856	male	wiki	other
cars_tt0317219	tt0317219	Darrell_Cartrip	nm1267353	male	wiki	other
cars_tt0317219	tt0317219	Sullivan_Truck	nm0000422	male	wiki	other
cars_tt0317219	tt0317219	Hamm_Truck	nm0001652	male	wiki	other
cars.2_tt1216475	tt1216475	Lightning_McQueen	nm0005562	male	wiki	other
cars.2_tt1216475	tt1216475	Mater	nm1249256	male	wiki	other
cars.2_tt1216475	tt1216475	Sally_Carrera	nm0001372	female	wiki	other
cars.2_tt1216475	tt1216475	Holley_Shiftwell	nm0607865	female	wiki	other
cars.2_tt1216475	tt1216475	Francesco_Bernoulli	nm0001806	male	wiki	other
cars.2_tt1216475	tt1216475	Miles_Axlerod		male	fandom	other
cars.2_tt1216475	tt1216475	Luigi	nm0001724	male	wiki	other
cars.2_tt1216475	tt1216475	Professor_Zundapp	nm0470981	male	wiki	other
cars.2_tt1216475	tt1216475	Van	nm0454236	male	wiki	other
cars.2_tt1216475	tt1216475	Guido	nm0702925	male	wiki	other
cars.2_tt1216475	tt1216475	Tubbs_Pacer		male	fandom	other
cars.2_tt1216475	tt1216475	Raoul_CaRoule		male	fandom	other
cars.2_tt1216475	tt1216475	The_Queen	nm0000603	female	wiki	other
cars.2_tt1216475	tt1216475	Fillmore	nm1204201	male	wiki	other
cars.2_tt1216475	tt1216475	Flo	nm0507338	female	wiki	other
cars.2_tt1216475	tt1216475	Red		male	fandom	other
cars.2_tt1216475	tt1216475	Otis	nm0307531	male	wiki	other
cars.2_tt1216475	tt1216475	Jeff_Gorvette	nm0330298	male	wiki	other
cars.2_tt1216475	tt1216475	Mel_Dorado	nm1746722	unknown	none	other
cars.2_tt1216475	tt1216475	Minny	nm0566052	female	wiki	other
cars.2_tt1216475	tt1216475	Mama_Topolino	nm0000603	female	wiki	other
cars.2_tt1216475	tt1216475	Carla_Veloso	nm3518830	female	wiki	other
cars.2_tt1216475	tt1216475	Combat_Ship	nm1204201	male	wiki	other
cars.2_tt1216475	tt1216475	Japanese_Toilet_Assistant_Cartoon	nm0814484	female	wiki	other
cars.2_tt1216475	tt1216475	Daisu_Tsashimi	nm1156606	male	wiki	other
cars.3_tt3606752	tt3606752	Lightning_McQueen	nm0005562	male	wiki	other
cars.3_tt3606752	tt3606752	Cruz_Ramirez	nm2242399	female	wiki	other
cars.3_tt3606752	tt3606752	Sterling	nm0277213	male	wiki	other
cars.3_tt3606752	tt3606752	Mater	nm1249256	male	wiki	other
cars.3_tt3606752	tt3606752	Maddy_McGear	nm6421259	female	wiki	other
cars.3_tt3606752	tt3606752	Sally_Carrera	nm0001372	female	wiki	other
cars.3_tt3606752	tt3606752	Luigi	nm0001724	male	wiki	other
cars.3_tt3606752	tt3606752	Shannon_Spokes	nm2062257	female	fandom	other
cars.3_tt3606752	tt3606752	Guido	nm0702925	male	wiki	other
cars.3_tt3606752	tt3606752	Dusty_Rust-eze	nm1137136	male	wiki	other
cars.3_tt3606752	tt3606752	Cal_Weathers	nm0678799	male	fandom	other
cars.3_tt3606752	tt3606752	Louise_Nash	nm0553269	female	wiki	other
cars.3_tt3606752	tt3606752	Chase_Racelott	nm6243733	male	fandom	other
cars.3_tt3606752	tt3606752	Fillmore	nm1204201	male	wiki	other
cars.3_tt3606752	tt3606752	Sweet_Tea	nm7363531	female	wiki	other
cars.3_tt3606752	tt3606752	Miss_Fritter	nm0216466	female	wiki	other
chicken.little_tt0371606	tt0371606	Chicken_Little	nm0103785	male	wiki	animal
chicken.little_tt0371606	tt0371606	Buck_Cluck	nm0005190	male	wiki	animal
chicken.little_tt0371606	tt0371606	Abby_Mallard	nm0000349	female	wiki	animal
chicken.little_tt0371606	tt0371606	Runt_of_the_Litter	nm0001872	male	wiki	animal
chicken.little_tt0371606	tt0371606	*Rabbits		unknown	none	animal
chicken.little_tt0371606	tt0371606	Fish_Out_of_Water	nm0007171	male	wiki	animal
chicken.little_tt0371606	tt0371606	Kirby	nm2060519	male	fandom	other
chicken.little_tt0371606	tt0371606	Foxy_Loxy	nm0781238	female	wiki	animal
chicken.little_tt0371606	tt0371606	Coach	nm0227540	male	wiki	animal
chicken.little_tt0371606	tt0371606	Character_6		unknown	none	animal
chicken.little_tt0371606	tt0371606	Leapard		unknown	none	animal
chicken.little_tt0371606	tt0371606	Dog_Announcer	nm0733427	male	wiki	animal
chicken.little_tt0371606	tt0371606	Character_1		unknown	none	animal
chicken.little_tt0371606	tt0371606	Donkey		unknown	none	animal
chicken.little_tt0371606	tt0371606	Melvin	nm0929609	male	wiki	other
chicken.little_tt0371606	tt0371606	Character_2		unknown	none	animal
chicken.little_tt0371606	tt0371606	Rodriguez	nm0926679	male	wiki	animal
chicken.little_tt0371606	tt0371606	Hollywood_Chicken_Little	nm0001842	male	wiki	animal
chicken.little_tt0371606	tt0371606	Mr._Woolensworth	nm0001772	male	wiki	animal
chicken.little_tt0371606	tt0371606	Mama_Runt	nm1851408	unknown	none	animal
chicken.little_tt0371606	tt0371606	Character_3		unknown	none	animal
chicken.little_tt0371606	tt0371606	Character_4		unknown	none	animal
chicken.little_tt0371606	tt0371606	Character_5		unknown	none	animal
chicken.little_tt0371606	tt0371606	Tina	nm0001573	female	wiki	other
chicken.little_tt0371606	tt0371606	Dalmation		unknown	none	animal
chicken.little_tt0371606	tt0371606	Mayor_Turkey_Lurkey	nm0461455	male	wiki	animal
chicken.little_tt0371606	tt0371606	Bull		unknown	none	animal
chicken.little_tt0371606	tt0371606	Hollywood_Abby	nm0568942	unknown	none	human
chicken.little_tt0371606	tt0371606	Morkubine_Porcupine	nm0227540	male	wiki	animal
chicken.little_tt0371606	tt0371606	Hollywood_Fish	nm0278181	male	wiki	animal
chicken.little_tt0371606	tt0371606	Acorn_Mascot	nm0926679	male	wiki	animal
chicken.little_tt0371606	tt0371606	Alien_Cop	nm0911320	male	wiki	other
chicken.little_tt0371606	tt0371606	Hollywood_Runt	nm0448208	male	wiki	animal
chicken.run_tt0120630	tt0120630	Rocky	nm0000154	male	wiki	animal
chicken.run_tt0120630	tt0120630	Ginger	nm0768018	female	wiki	animal
chicken.run_tt0120630	tt0120630	Mac	nm0272521	female	wiki	animal
chicken.run_tt0120630	tt0120630	Bunty	nm0001767	female	wiki	animal
chicken.run_tt0120630	tt0120630	Babs	nm0001363	female	wiki	animal
chicken.run_tt0120630	tt0120630	Fowler	nm0926368	male	wiki	animal
chicken.run_tt0120630	tt0120630	Nick	nm0001758	male	wiki	animal
chicken.run_tt0120630	tt0120630	Mrs._Tweedy	nm0001669	female	wiki	human
chicken.run_tt0120630	tt0120630	Fetcher	nm0200057	male	wiki	animal
chicken.run_tt0120630	tt0120630	Mr._Tweedy	nm0371304	male	wiki	human
chicken.run_tt0120630	tt0120630	Troll		unknown	none	human
chicken.run_tt0120630	tt0120630	Dog		female	fandom	animal
chicken.run_tt0120630	tt0120630	Circus_Man		unknown	none	human
cinderella_tt0042332	tt0042332	Cinderella	nm0940627	female	wiki	human
cinderella_tt0042332	tt0042332	Jaq	nm0531763	male	wiki	animal
cinderella_tt0042332	tt0042332	Gus/Gus_Gus	nm0531763	male	wiki	animal
cinderella_tt0042332	tt0042332	Lucifer	nm0004931	male	fandom	animal
cinderella_tt0042332	tt0042332	The_Grand_Duke	nm0887887	male	wiki	human
cinderella_tt0042332	tt0042332	Lady_Tremaine	nm0041598	female	wiki	human
cinderella_tt0042332	tt0042332	The_King	nm0887887	male	wiki	human
cinderella_tt0042332	tt0042332	Anastasia_Tremaine	nm0088520	female	wiki	human
cinderella_tt0042332	tt0042332	Luke		unknown	none	animal
cinderella_tt0042332	tt0042332	Drizella_Tremaine	nm0931521	female	wiki	human
cinderella_tt0042332	tt0042332	Fairy_Godmother	nm0271658	female	wiki	human
cinderella_tt0042332	tt0042332	Birds	nm0201428;nm0621699	female	fandom	animal
cinderella_tt0042332	tt0042332	Bert_and_Mert		unknown	none	animal
cinderella_tt0042332	tt0042332	Bruno	nm0531763	male	wiki	animal
cinderella_tt0042332	tt0042332	The_Herald	nm2210148	male	fandom	human
cinderella_tt0042332	tt0042332	Prince_Charming	nm0681055	male	wiki	human
cinderella_tt0042332	tt0042332	Major		male	fandom	animal
cinderella_tt0042332	tt0042332	Mary		female	fandom	animal
cinderella_tt0042332	tt0042332	Perla	nm0931199	female	wiki	animal
cinderella_tt0042332	tt0042332	White_Horses		unknown	none	animal
cinderella_tt0042332	tt0042332	The_Chickens		unknown	none	animal
cinderella_tt0042332	tt0042332	Cinderella's_Father		unknown	none	human
cinderella_tt0042332	tt0042332	Royal_Guards		female	fandom	human
cloudy.with.a.c_tt0844471	tt0844471	Flint_Lockwood	nm0352778	male	wiki	human
cloudy.with.a.c_tt0844471	tt0844471	Sam_Sparks	nm0267506	female	wiki	human
cloudy.with.a.c_tt0844471	tt0844471	Regina_Devereaux	nm1447581	female	wiki	human
cloudy.with.a.c_tt0844471	tt0844471	Tim_Lockwood	nm0001001	male	wiki	human
cloudy.with.a.c_tt0844471	tt0844471	Fran_Lockwood	nm0334179	female	wiki	human
cloudy.with.a.c_tt0844471	tt0844471	Mayor_Shelbourne	nm0132257	male	wiki	human
cloudy.with.a.c_tt0844471	tt0844471	Earl_Devereaux	nm0001558	male	wiki	human
cloudy.with.a.c_tt0844471	tt0844471	Cal_Devereaux	nm1442928	male	wiki	human
cloudy.with.a.c_tt0844471	tt0844471	Baby_Brent	nm1676221	male	wiki	human
cloudy.with.a.c_tt0844471	tt0844471	Flint_(Young)	nm3599186	male	fandom	human
cloudy.with.a.c_tt0844471	tt0844471	Steve	nm0000439	male	wiki	animal
cloudy.with.a.c_tt0844471	tt0844471	Patrick_Patrickson	nm0737963	male	wiki	human
cloudy.with.a.c_tt1985966	tt1985966	Flint_Lockwood	nm0352778	male	wiki	human
cloudy.with.a.c_tt1985966	tt1985966	Sam_Sparks	nm0267506	female	wiki	human
cloudy.with.a.c_tt1985966	tt1985966	Chester_V	nm0287182	male	wiki	human
cloudy.with.a.c_tt1985966	tt1985966	Earl_Devereaux	nm0187719	male	wiki	human
cloudy.with.a.c_tt1985966	tt1985966	Brent_McHale	nm1676221	male	wiki	human
cloudy.with.a.c_tt1985966	tt1985966	Barb	nm1102891	female	wiki	other
cloudy.with.a.c_tt1985966	tt1985966	Steve	nm0000439	male	wiki	animal
cloudy.with.a.c_tt1985966	tt1985966	Tim_Lockwood	nm0001001	male	wiki	human
cloudy.with.a.c_tt1985966	tt1985966	Barry	nm0970606	male	wiki	other
cloudy.with.a.c_tt1985966	tt1985966	Sentinel_Louise	nm3596979	female	wiki	human
cloudy.with.a.c_tt1985966	tt1985966	Cal_Devereaux	nm1367048	male	wiki	human
cloudy.with.a.c_tt1985966	tt1985966	Sentinel_Peter	nm2329165	male	wiki	human
cloudy.with.a.c_tt1985966	tt1985966	Manny	nm0000973	male	wiki	human
cloudy.with.a.c_tt1985966	tt1985966	Flint_(Young)	nm0033977	male	fandom	human
cloudy.with.a.c_tt1985966	tt1985966	Flinty_McCallahan	nm0446063	male	wiki	human
coco_tt2380307	tt2380307	Miguel_Rivera	nm5645519	male	wiki	human
coco_tt2380307	tt2380307	Héctor	nm0305558	male	wiki	human
coco_tt2380307	tt2380307	Imelda_Rivera	nm0005513	female	wiki	human
coco_tt2380307	tt2380307	Ernesto_de_la_Cruz	nm0000973	male	wiki	human
coco_tt2380307	tt2380307	Rosita	nm0526090	female	wiki	human
coco_tt2380307	tt2380307	Elena_Rivera		female	fandom	human
coco_tt2380307	tt2380307	Felipe/Oscar	nm0797567	male	wiki	human
coco_tt2380307	tt2380307	Victoria_Rivera	nm0650969	female	wiki	human
coco_tt2380307	tt2380307	Mama_Coco	nm0613872	female	wiki	human
coco_tt2380307	tt2380307	Luisa_Rivera		female	fandom	human
coco_tt2380307	tt2380307	Papa_Julio	nm0000778	male	wiki	human
coco_tt2380307	tt2380307	Enrique_Rivera		male	fandom	human
coco_tt2380307	tt2380307	Berto_Rivera		unknown	none	human
coco_tt2380307	tt2380307	Mama_Coco_(child)	nm0613872	female	wiki	human
coco_tt2380307	tt2380307	Frida_Kahlo	nm3086285	female	wiki	human
coco_tt2380307	tt2380307	Dante		male	fandom	animal
coco_tt2380307	tt2380307	Pepita		unknown	none	animal
coco_tt2380307	tt2380307	Rosa		unknown	none	human
coco_tt2380307	tt2380307	Head_Clerk	nm0407101	male	wiki	human
coco_tt2380307	tt2380307	Chicharrón	nm0001579	male	wiki	human
coco_tt2380307	tt2380307	Plaza_Mariachi	nm0101603	male	wiki	human
coco_tt2380307	tt2380307	Gustavo_(Coco)	nm0101603	male	wiki	human
coco_tt2380307	tt2380307	Corrections_Officer	nm0001507	male	wiki	human
coco_tt2380307	tt2380307	Juan_Ortodoncia	nm0001652	male	wiki	human
coco_tt2380307	tt2380307	Cecilia_(Coco)		unknown	none	human
coco_tt2380307	tt2380307	Monkey_Alebrije		unknown	none	other
coraline_tt0327597	tt0327597	Coraline_Jones	nm0266824	female	wiki	human
coraline_tt0327597	tt0327597	Wyborn_Lovat		male	fandom	human
coraline_tt0327597	tt0327597	Mel_Jones	nm0000159	female	wiki	human
coraline_tt0327597	tt0327597	Other_Mother	nm0000159	female	wiki	human
coraline_tt0327597	tt0327597	The_Cat	nm0202966	male	wiki	animal
coraline_tt0327597	tt0327597	April_Spink	nm0766837	female	wiki	human
coraline_tt0327597	tt0327597	Charlie_Jones	nm1894655	male	wiki	human
coraline_tt0327597	tt0327597	Other_Father	nm1894655	male	wiki	human
coraline_tt0327597	tt0327597	Other_Wybie		unknown	none	human
coraline_tt0327597	tt0327597	Miriam_Forcible	nm0294067	female	wiki	human
coraline_tt0327597	tt0327597	The_Beldam	nm0000159	female	wiki	human
coraline_tt0327597	tt0327597	Grandma's_Missing_Sister/The_Sweet_Ghost_Girl		unknown	none	human
coraline_tt0327597	tt0327597	Young_Other_Miriam_Forcible	nm0294067	female	wiki	human
coraline_tt0327597	tt0327597	Sergei_Alexander_Bobinsky	nm0574534	male	wiki	human
coraline_tt0327597	tt0327597	The_Jumping_Mice/Mouse_Circus		unknown	none	human
coraline_tt0327597	tt0327597	The_Ghost_Boy	nm3275474	male	wiki	human
coraline_tt0327597	tt0327597	Taffy_Monster		unknown	none	human
coraline_tt0327597	tt0327597	Doll_of_The_Sweet_Ghost_Girl		unknown	none	human
corpse.bride_tt0121164	tt0121164	Victor_Van_Dort	nm0000136	male	wiki	human
corpse.bride_tt0121164	tt0121164	Corpse_Bride	nm0000307	female	wiki	human
corpse.bride_tt0121164	tt0121164	Victoria_Everglot	nm0001833	female	wiki	human
corpse.bride_tt0121164	tt0121164	Finis_Everglot	nm0001215	male	wiki	human
corpse.bride_tt0121164	tt0121164	Barkis_Bittern	nm0001290	male	wiki	human
corpse.bride_tt0121164	tt0121164	Maudeline_Everglot	nm0525921	female	wiki	human
corpse.bride_tt0121164	tt0121164	William_Van_Dort	nm0925768	male	wiki	human
corpse.bride_tt0121164	tt0121164	Nell_Van_Dort	nm0001808	female	wiki	human
corpse.bride_tt0121164	tt0121164	Miss_Plum	nm0001363	female	wiki	other
corpse.bride_tt0121164	tt0121164	Bonejangles	nm0000384	male	wiki	human
corpse.bride_tt0121164	tt0121164	Pastor_Galswells	nm0000489	male	wiki	human
corpse.bride_tt0121164	tt0121164	Maggot	nm0718572	male	wiki	other
corpse.bride_tt0121164	tt0121164	Alfred		male	fandom	human
corpse.bride_tt0121164	tt0121164	Hildegarde	nm0001808	female	wiki	human
corpse.bride_tt0121164	tt0121164	Scraps		male	fandom	human
corpse.bride_tt0121164	tt0121164	General_Bonesapart	nm0746989	male	wiki	human
corpse.bride_tt0121164	tt0121164	Emil_the_Butler	nm0050573	male	fandom	human
corpse.bride_tt0121164	tt0121164	Paul_the_Head_Waiter	nm0925768	male	wiki	human
corpse.bride_tt0121164	tt0121164	Elder_Gutknecht	nm0001284	male	wiki	human
corpse.bride_tt0121164	tt0121164	The_Black_Widow	nm0001363	female	wiki	animal
corpse.bride_tt0121164	tt0121164	General_Wellington	nm0552311	male	wiki	human
corpse.bride_tt0121164	tt0121164	Fat_Chef	nm0552311	male	wiki	human
corpse.bride_tt0121164	tt0121164	Solemn_Village_Boy	nm0443120	male	fandom	human
corpse.bride_tt0121164	tt0121164	Town_Crier	nm0718572	male	wiki	human
corpse.bride_tt0121164	tt0121164	Grandfather_Everglot	nm0001215	male	wiki	human
croods_tt0481499	tt0481499	Grug_Crood	nm0000115	male	wiki	human
croods_tt0481499	tt0481499	Eep_Crood	nm1297015	female	wiki	human
croods_tt0481499	tt0481499	Guy	nm0005351	male	wiki	human
croods_tt0481499	tt0481499	Ugga_Crood	nm0001416	female	wiki	human
croods_tt0481499	tt0481499	Thunk_Crood	nm0241173	male	wiki	human
croods_tt0481499	tt0481499	Gran_Crood	nm0001458	female	wiki	human
croods_tt0481499	tt0481499	Sandy_Crood	nm0858378	female	fandom	human
croods_tt0481499	tt0481499	Belt	nm0761498	male	wiki	animal
croods_tt0481499	tt0481499	Chunky		male	fandom	animal
croods_tt0481499	tt0481499	Bear_Owl		unknown	none	animal
croods_tt0481499	tt0481499	Douglas		male	fandom	animal
croods_tt0481499	tt0481499	Punch_Monkeys		unknown	none	animal
croods_tt0481499	tt0481499	Liyotes		unknown	none	animal
croods_tt0481499	tt0481499	Brabby_&_Nabby		unknown	none	animal
croods_tt0481499	tt0481499	Mousephant		unknown	none	animal
croods.a.new.ag_tt2850386	tt2850386	Grug_Crood	nm0000115	male	wiki	human
croods.a.new.ag_tt2850386	tt2850386	Guy_Crood	nm0005351	male	wiki	human
croods.a.new.ag_tt2850386	tt2850386	Eep_Crood	nm1297015	female	wiki	human
croods.a.new.ag_tt2850386	tt2850386	Phil_Betterman	nm0227759	male	wiki	human
croods.a.new.ag_tt2850386	tt2850386	Ugga_Crood	nm0001416	female	wiki	human
croods.a.new.ag_tt2850386	tt2850386	Hope_Betterman	nm0005182	female	wiki	human
croods.a.new.ag_tt2850386	tt2850386	Dawn_Betterman	nm4511652	female	wiki	human
croods.a.new.ag_tt2850386	tt2850386	Thunk_Crood	nm0241173	male	wiki	human
croods.a.new.ag_tt2850386	tt2850386	Gran_Crood	nm0001458	female	wiki	human
croods.a.new.ag_tt2850386	tt2850386	Sandy_Crood	nm12080960	female	fandom	human
croods.a.new.ag_tt2850386	tt2850386	Spiny_Mandrilla		unknown	none	animal
croods.a.new.ag_tt2850386	tt2850386	Belt_Crood	nm0761498	male	wiki	animal
croods.a.new.ag_tt2850386	tt2850386	Chunky		male	fandom	animal
croods.a.new.ag_tt2850386	tt2850386	Wolf_Spider		unknown	none	animal
croods.a.new.ag_tt2850386	tt2850386	Wigasus		unknown	none	animal
croods.a.new.ag_tt2850386	tt2850386	Douglas		male	fandom	animal
dc.league.of.su_tt8912936	tt8912936	Krypto_the_Superdog	nm0425005	male	wiki	animal
dc.league.of.su_tt8912936	tt8912936	Ace_the_Bat-Hound	nm0366389	male	wiki	animal
dc.league.of.su_tt8912936	tt8912936	Lulu	nm0571952	female	wiki	animal
dc.league.of.su_tt8912936	tt8912936	PB	nm3364779	female	wiki	animal
dc.league.of.su_tt8912936	tt8912936	Superman_/_Clark_Kent_/_Kal-El	nm1024677	male	wiki	human
dc.league.of.su_tt8912936	tt8912936	Chip	nm0526019	male	wiki	animal
dc.league.of.su_tt8912936	tt8912936	Lex_Luthor	nm0549505	male	wiki	human
dc.league.of.su_tt8912936	tt8912936	Lois_Lane	nm1312575	female	wiki	human
dc.league.of.su_tt8912936	tt8912936	Merton	nm0005169	female	wiki	animal
dc.league.of.su_tt8912936	tt8912936	Batman_/_Bruce_Wayne	nm0000206	male	wiki	human
dc.league.of.su_tt8912936	tt8912936	Wonder_Woman_/_Diana	nm3553139	female	wiki	human
dc.league.of.su_tt8912936	tt8912936	Whiskers	nm13882777	unknown	none	animal
dc.league.of.su_tt8912936	tt8912936	Keith	nm3042755	male	wiki	animal
dc.league.of.su_tt8912936	tt8912936	Mega_Lulu	nm0571952	female	wiki	other
dc.league.of.su_tt8912936	tt8912936	Mercy_Graves	nm4224109	female	wiki	human
dc.league.of.su_tt8912936	tt8912936	Aquaman_/_Arthur_Curry	nm1318596	male	wiki	human
dc.league.of.su_tt8912936	tt8912936	Mark	nm2355635	male	wiki	animal
dc.league.of.su_tt8912936	tt8912936	Foofy_Dog	nm0005311	female	wiki	animal
dc.league.of.su_tt8912936	tt8912936	Dog-El	nm0202966	male	wiki	animal
dc.league.of.su_tt8912936	tt8912936	Waffles	nm0505946	male	wiki	animal
dc.league.of.su_tt8912936	tt8912936	Flash_/_Barry_Allen	nm4696553	male	wiki	human
dc.league.of.su_tt8912936	tt8912936	Green_Lantern_/_Jessica_Cruz	nm4745601	female	wiki	human
dc.league.of.su_tt8912936	tt8912936	Cyborg_/_Victor_Stone	nm4377526	male	wiki	human
dc.league.of.su_tt8912936	tt8912936	Corgi		unknown	none	animal
dc.league.of.su_tt8912936	tt8912936	Patty	nm1304328	female	wiki	human
dc.league.of.su_tt8912936	tt8912936	Anubis	nm0425005	male	wiki	animal
dc.league.of.su_tt8912936	tt8912936	Lara	nm0372176	female	wiki	human
dc.league.of.su_tt8912936	tt8912936	Jor-El	nm0000547	male	wiki	human
dc.league.of.su_tt8912936	tt8912936	Carl	nm0283945	male	wiki	human
despicable.me_tt1323594	tt1323594	Felonious_Gru	nm0136797	male	wiki	human
despicable.me_tt1323594	tt1323594	Agnes_Gru	nm3220568	female	wiki	human
despicable.me_tt1323594	tt1323594	Margo_Gru	nm1388927	female	wiki	human
despicable.me_tt1323594	tt1323594	Edith_Gru	nm3269138	female	wiki	human
despicable.me_tt1323594	tt1323594	Minions		male	fandom	other
despicable.me_tt1323594	tt1323594	Vector_Perkins	nm0781981	male	wiki	human
despicable.me_tt1323594	tt1323594	Dr._Nefario	nm1258970	male	wiki	human
despicable.me_tt1323594	tt1323594	Miss_Hattie	nm1325419	female	wiki	human
despicable.me_tt1323594	tt1323594	Mr._Perkins	nm0004715	male	wiki	human
despicable.me_tt1323594	tt1323594	Justin's_Mother		unknown	none	human
despicable.me_tt1323594	tt1323594	Carnival_Barker	nm1442113	male	wiki	human
despicable.me_tt1323594	tt1323594	Marlena_Gru	nm0000267	female	wiki	human
despicable.me_tt1323594	tt1323594	Fred_McDade	nm1104131	male	fandom	human
despicable.me_tt1323594	tt1323594	Kyle_Gru	nm0136797	male	wiki	other
despicable.me_tt1323594	tt1323594	Carnival_Ride_Worker	nm0579914	male	wiki	human
despicable.me_tt1323594	tt1323594	Justin's_Father		male	fandom	human
despicable.me_tt1323594	tt1323594	Gertrude		unknown	none	human
despicable.me_tt1323594	tt1323594	Justin		male	fandom	human
despicable.me_tt1323594	tt1323594	MSNBC_Anchorman	nm1097364	male	wiki	human
despicable.me_tt1323594	tt1323594	Vector's_Shark		male	fandom	animal
despicable.me.2_tt1690953	tt1690953	Gru	nm0136797	male	wiki	human
despicable.me.2_tt1690953	tt1690953	Lucy_Wilde	nm1325419	female	wiki	human
despicable.me.2_tt1690953	tt1690953	Bob_the_Minion	nm1853544	male	wiki	other
despicable.me.2_tt1690953	tt1690953	Margo	nm1388927	female	wiki	human
despicable.me.2_tt1690953	tt1690953	Agnes	nm3220568	female	wiki	human
despicable.me.2_tt1690953	tt1690953	Stuart_the_Minion	nm1853544	male	wiki	other
despicable.me.2_tt1690953	tt1690953	Edith		unknown	none	human
despicable.me.2_tt1690953	tt1690953	Silas_Ramsbottom	nm0176869	male	wiki	human
despicable.me.2_tt1690953	tt1690953	Kevin_the_Minion	nm1853544	male	wiki	other
despicable.me.2_tt1690953	tt1690953	Minions		male	fandom	other
despicable.me.2_tt1690953	tt1690953	Antonio	nm2030779	male	wiki	human
despicable.me.2_tt1690953	tt1690953	Dr._Nefario	nm1258970	male	wiki	human
despicable.me.2_tt1690953	tt1690953	Jillian	nm1840659	female	wiki	human
despicable.me.2_tt1690953	tt1690953	Italian_Waiter	nm0719208	male	wiki	human
despicable.me.2_tt1690953	tt1690953	Floyd	nm0421822	male	wiki	human
despicable.me.2_tt1690953	tt1690953	Flight_Attendant	nm3364779	female	wiki	human
despicable.me.2_tt1690953	tt1690953	Shannon	nm1102891	female	wiki	human
despicable.me.3_tt3469046	tt3469046	Gru	nm0136797	male	wiki	human
despicable.me.3_tt3469046	tt3469046	Lucy_Wilde	nm1325419	female	wiki	human
despicable.me.3_tt3469046	tt3469046	Agnes	nm7058841	female	wiki	human
despicable.me.3_tt3469046	tt3469046	Dru	nm0136797	male	wiki	human
despicable.me.3_tt3469046	tt3469046	Balthazar_Bratt	nm0005295	male	wiki	human
despicable.me.3_tt3469046	tt3469046	Minions	nm1853544	male	fandom	other
despicable.me.3_tt3469046	tt3469046	Margo	nm1388927	female	wiki	human
despicable.me.3_tt3469046	tt3469046	Edith		unknown	none	human
despicable.me.3_tt3469046	tt3469046	Silas_Ramsbottom	nm0176869	male	wiki	human
despicable.me.3_tt3469046	tt3469046	Niko	nm7777139	unknown	none	human
despicable.me.3_tt3469046	tt3469046	Scar-Faced_Man	nm0064170	male	wiki	human
despicable.me.3_tt3469046	tt3469046	Niko's_Mother	nm9086298	female	fandom	human
despicable.me.3_tt3469046	tt3469046	Valerie_Da_Vinci	nm2809577	female	wiki	human
despicable.me.3_tt3469046	tt3469046	Clive_the_Robot	nm0638762	male	wiki	other
despicable.me.3_tt3469046	tt3469046	Fritz	nm0176869	male	wiki	human
despicable.me.3_tt3469046	tt3469046	TV_Show_Host	nm0064170	male	wiki	human
despicable.me.3_tt3469046	tt3469046	Museum_Director	nm1853544	male	wiki	human
despicable.me.3_tt3469046	tt3469046	Military_Officer	nm1281932	male	wiki	human
despicable.me.3_tt3469046	tt3469046	Marlena_Gru	nm0000267	female	wiki	human
despicable.me.4_tt7510222	tt7510222	Gru	nm0136797	male	wiki	human
despicable.me.4_tt7510222	tt7510222	Gru_Jr.		male	fandom	human
despicable.me.4_tt7510222	tt7510222	Minions	nm1853544	male	fandom	other
despicable.me.4_tt7510222	tt7510222	Lucy_Wilde	nm1325419	female	wiki	human
despicable.me.4_tt7510222	tt7510222	Agnes	nm13211210	female	fandom	human
despicable.me.4_tt7510222	tt7510222	Maxime_Le_Mal	nm0002071	male	wiki	human
despicable.me.4_tt7510222	tt7510222	Poppy_Prescott	nm1428821	female	wiki	human
despicable.me.4_tt7510222	tt7510222	Edith	nm3269138	female	wiki	human
despicable.me.4_tt7510222	tt7510222	Silas_Ramsbottom	nm0176869	male	wiki	human
despicable.me.4_tt7510222	tt7510222	Margo	nm1388927	female	wiki	human
despicable.me.4_tt7510222	tt7510222	Valentina	nm0005527	female	wiki	human
despicable.me.4_tt7510222	tt7510222	Principal_Ubelschlecht	nm0719208	male	wiki	human
despicable.me.4_tt7510222	tt7510222	Perry_Prescott	nm0170306	male	wiki	human
despicable.me.4_tt7510222	tt7510222	Patsy_Prescott	nm4806887	female	wiki	human
despicable.me.4_tt7510222	tt7510222	Sensei_O'Sullivan		male	fandom	human
despicable.me.4_tt7510222	tt7510222	Lenny		male	fandom	human
despicable.me.4_tt7510222	tt7510222	Bus_Driver_Carl	nm0224007	male	wiki	human
despicable.me.4_tt7510222	tt7510222	Melora	nm0628170	female	wiki	human
dinosaur_tt0130623	tt0130623	Aladar	nm0000665	male	wiki	animal
dinosaur_tt0130623	tt0130623	Plio	nm0005569	female	wiki	animal
dinosaur_tt0130623	tt0130623	Neera	nm0000523	female	wiki	animal
dinosaur_tt0130623	tt0130623	Yar	nm0001115	male	wiki	animal
dinosaur_tt0130623	tt0130623	Kron	nm0942787	male	wiki	animal
dinosaur_tt0130623	tt0130623	Suri	nm0659363	female	wiki	animal
dinosaur_tt0130623	tt0130623	Baylene	nm0687506	female	wiki	animal
dinosaur_tt0130623	tt0130623	Zini	nm0143295	male	wiki	animal
dinosaur_tt0130623	tt0130623	T_Rex		unknown	none	animal
dinosaur_tt0130623	tt0130623	Styracosaurus		unknown	none	animal
dinosaur_tt0130623	tt0130623	Triceratops		unknown	none	animal
dinosaur_tt0130623	tt0130623	Baby_Dino		unknown	none	animal
dinosaur_tt0130623	tt0130623	Zini_(Young)		male	fandom	animal
dog.man_tt10954718	tt10954718	Dog_Man	nm0368614	male	wiki	animal
dog.man_tt10954718	tt10954718	Petey_the_Cat	nm0203457	male	wiki	animal
dog.man_tt10954718	tt10954718	Lil_Petey	nm16808810	male	fandom	animal
dog.man_tt10954718	tt10954718	Chief	nm2577076	male	wiki	human
dog.man_tt10954718	tt10954718	Sarah_Hatoff	nm0279545	female	wiki	human
dog.man_tt10954718	tt10954718	Fish	nm0315041	male	wiki	animal
dog.man_tt10954718	tt10954718	Officer_Knight	nm0368614	male	wiki	human
dog.man_tt10954718	tt10954718	Mayor	nm0652783	female	wiki	human
dog.man_tt10954718	tt10954718	Grampa	nm0740535	male	wiki	animal
dog.man_tt10954718	tt10954718	Seamus	nm0101710	male	wiki	human
dog.man_tt10954718	tt10954718	Grump	nm2162374	unknown	none	human
dog.man_tt10954718	tt10954718	Butler	nm8097440	female	wiki	human
dog.man_tt10954718	tt10954718	Big_Jim	nm2326037	unknown	none	animal
dog.man_tt10954718	tt10954718	Ice_Cream_Building	nm0340582	male	wiki	other
dog.man_tt10954718	tt10954718	Nurse	nm0923909	female	wiki	human
dog.man_tt10954718	tt10954718	Scientist	nm0628170	female	wiki	human
dog.man_tt10954718	tt10954718	Rocco	nm1631893	male	wiki	human
dog.man_tt10954718	tt10954718	Flippy_the_Fish	nm0315041	male	wiki	animal
dog.man_tt10954718	tt10954718	Milly	nm0132685	female	wiki	human
dog.man_tt10954718	tt10954718	Realtor	nm3830257	female	wiki	human
dog.man_tt10954718	tt10954718	Apartment_Building	nm0820298	unknown	none	other
dog.man_tt10954718	tt10954718	Doctor	nm1195879	female	wiki	human
dog.man_tt10954718	tt10954718	Dippy	nm2177528	female	wiki	human
dog.man_tt10954718	tt10954718	Mr._Whiskers	nm11398939	unknown	none	animal
dog.man_tt10954718	tt10954718	Surfer	nm3060627	unknown	none	human
dog.man_tt10954718	tt10954718	Janet	nm7968922	female	wiki	human
dog.man_tt10954718	tt10954718	Harold_Hutchins	nm1261587	female	wiki	human
dog.man_tt10954718	tt10954718	3D_Guy	nm0579914	male	wiki	human
elemental_tt15789038	tt15789038	Ember_(Little_Kid)	nm14942750	female	fandom	other
elemental_tt15789038	tt15789038	Wade_Ripple	nm6974206	male	wiki	other
elemental_tt15789038	tt15789038	Bernie_Lumen	nm0215455	male	wiki	other
elemental_tt15789038	tt15789038	Ember_Lumen	nm2301427	female	wiki	other
elemental_tt15789038	tt15789038	Ember_(Big_Kid)	nm8738974	female	fandom	other
elemental_tt15789038	tt15789038	Cinder_Lumen	nm1937116	female	wiki	other
elemental_tt15789038	tt15789038	Alan_Ripple	nm0455058	male	wiki	other
elemental_tt15789038	tt15789038	Flarry	nm0011095	male	wiki	other
elemental_tt15789038	tt15789038	Lake_Ripple		non-binary	fandom	other
elemental_tt15789038	tt15789038	Clod	nm14290527	male	fandom	other
elemental_tt15789038	tt15789038	Brook_Ripple	nm0001573	female	wiki	other
elemental_tt15789038	tt15789038	Gale_Cumulus	nm1018488	female	wiki	other
elemental_tt15789038	tt15789038	Marco_Ripple	nm11236221	male	wiki	other
elemental_tt15789038	tt15789038	Wood_Immigration_Official	nm3268490	unknown	none	other
elemental_tt15789038	tt15789038	Flarietta	nm0094335	female	wiki	other
elemental_tt15789038	tt15789038	Eddy_Ripple		female	fandom	other
elemental_tt15789038	tt15789038	Lutz	nm0455058	male	wiki	other
elemental_tt15789038	tt15789038	Polo_Ripple	nm11236221	male	wiki	other
elemental_tt15789038	tt15789038	Harold	nm0481573	male	wiki	other
elemental_tt15789038	tt15789038	Fern_Grouchwood	nm3419214	male	wiki	other
elemental_tt15789038	tt15789038	Ghibli		female	fandom	other
elemental_tt15789038	tt15789038	Doorman	nm0114383	unknown	none	other
elio_tt4900148	tt4900148	Elio_Solis	nm10354026	male	wiki	human
elio_tt4900148	tt4900148	Olga_Solis	nm0757855	female	wiki	human
elio_tt4900148	tt4900148	Glordon	nm10419915	male	fandom	other
elio_tt4900148	tt4900148	Ambassador_Grigon	nm0004951	male	wiki	other
elio_tt4900148	tt4900148	Bryce	nm5242533	male	wiki	human
elio_tt4900148	tt4900148	Ambassador_Helix	nm16762572	male	fandom	other
elio_tt4900148	tt4900148	OOOOO	nm0376602	female	wiki	other
elio_tt4900148	tt4900148	Ambassador_Questa	nm3553139	female	wiki	other
elio_tt4900148	tt4900148	Gunther_Melmac	nm0402360	male	wiki	human
elio_tt4900148	tt4900148	Ambassador_Mira	nm5057049	unknown	none	other
elio_tt4900148	tt4900148	Colonel_Markwell	nm0876645	female	wiki	human
elio_tt4900148	tt4900148	Caleb	nm6285673	male	wiki	human
elio_tt4900148	tt4900148	Aquarii		unknown	none	other
elio_tt4900148	tt4900148	Ambassador_Tegmen	nm0777788	male	wiki	other
elio_tt4900148	tt4900148	Turais	nm0307143	male	fandom	other
emoji.movie_tt4877122	tt4877122	Gene	nm2554352	male	wiki	other
emoji.movie_tt4877122	tt4877122	Hi-5	nm0179479	male	wiki	other
emoji.movie_tt4877122	tt4877122	Jailbreak	nm0267506	female	wiki	human
emoji.movie_tt4877122	tt4877122	Mel_Meh	nm0942833	male	wiki	other
emoji.movie_tt4877122	tt4877122	Mary_Meh	nm0177639	female	wiki	other
emoji.movie_tt4877122	tt4877122	Smiler	nm0748973	female	wiki	other
emoji.movie_tt4877122	tt4877122	Reggie_Ram_Tech	nm0796928	unknown	none	other
emoji.movie_tt4877122	tt4877122	Alex	nm1545471	male	wiki	human
emoji.movie_tt4877122	tt4877122	Cat_Heart_Eyes	nm9138272	unknown	none	other
emoji.movie_tt4877122	tt4877122	Hysterical_Laughter	nm4412715	male	wiki	other
emoji.movie_tt4877122	tt4877122	Addie	nm6616259	female	wiki	human
emoji.movie_tt4877122	tt4877122	Angel	nm3596979	female	wiki	other
emoji.movie_tt4877122	tt4877122	Devil_Steven	nm0005003	male	wiki	other
emoji.movie_tt4877122	tt4877122	Travis	nm4677867	male	wiki	human
emoji.movie_tt4877122	tt4877122	Poop	nm0001772	male	wiki	other
emoji.movie_tt4877122	tt4877122	Akiko_Glitter	nm0004694	female	wiki	human
emoji.movie_tt4877122	tt4877122	Laughter	nm1902232	male	wiki	other
emoji.movie_tt4877122	tt4877122	Gavel	nm0150255	male	wiki	other
emoji.movie_tt4877122	tt4877122	Spam	nm1301904	female	wiki	other
emoji.movie_tt4877122	tt4877122	Alien	nm0134945	unknown	none	other
emoji.movie_tt4877122	tt4877122	Nerd_Emoji	nm0226206	unknown	none	other
emoji.movie_tt4877122	tt4877122	Trojan_Soldier	nm5000758	unknown	none	other
emoji.movie_tt4877122	tt4877122	Fist_Bump		unknown	none	other
emoji.movie_tt4877122	tt4877122	Mr._Schnoebelen	nm0244195	unknown	none	human
emoji.movie_tt4877122	tt4877122	Ram_Tech_Bouncer	nm11091744	unknown	none	other
emoji.movie_tt4877122	tt4877122	Ronnie_Ram_Tech	nm0014582	male	wiki	other
emoji.movie_tt4877122	tt4877122	Poop_Jr.	nm9138270	unknown	none	other
emoji.movie_tt4877122	tt4877122	Heart_Eyes		unknown	none	other
emoji.movie_tt4877122	tt4877122	Flamenca	nm0005527	female	wiki	human
emoji.movie_tt4877122	tt4877122	Thumbs_Up		unknown	none	other
emoji.movie_tt4877122	tt4877122	Rocket	nm7699979	unknown	none	other
emoji.movie_tt4877122	tt4877122	Pizza	nm1902232	male	wiki	other
emoji.movie_tt4877122	tt4877122	Broom	nm1902232	male	wiki	other
emoji.movie_tt4877122	tt4877122	Trojan_Horse	nm0970447	male	wiki	animal
encanto_tt2953050	tt2953050	Mirabel_Madrigal	nm3715867	female	wiki	human
encanto_tt2953050	tt2953050	Abuela_Alma	nm1239720	female	wiki	human
encanto_tt2953050	tt2953050	Bruno_Madrigal	nm0000491	male	wiki	human
encanto_tt2953050	tt2953050	Julieta_Madrigal	nm0148382	female	wiki	human
encanto_tt2953050	tt2953050	Isabela_Madrigal	nm4058898	female	wiki	human
encanto_tt2953050	tt2953050	Luisa_Madrigal	nm8731846	female	wiki	human
encanto_tt2953050	tt2953050	Mirabel_(Young)	nm13117200	female	fandom	human
encanto_tt2953050	tt2953050	Antonio_Madrigal	nm7418176	male	wiki	human
encanto_tt2953050	tt2953050	Pepa_Madrigal	nm1333962	female	wiki	human
encanto_tt2953050	tt2953050	Dolores_Madrigal	nm4624481	female	wiki	human
encanto_tt2953050	tt2953050	Camilo_Madrigal	nm7968341	male	wiki	human
encanto_tt2953050	tt2953050	*Town_Kids	nm13117202	unknown	none	human
encanto_tt2953050	tt2953050	Felix_Madrigal	nm8871347	male	wiki	human
encanto_tt2953050	tt2953050	Agustin_Madrigal	nm0005519	male	wiki	human
encanto_tt2953050	tt2953050	Character_2		unknown	none	human
encanto_tt2953050	tt2953050	Mariano_Guzman	nm8349062	male	wiki	human
encanto_tt2953050	tt2953050	Osvaldo	nm4222238	male	wiki	human
encanto_tt2953050	tt2953050	Coffee_Kid		unknown	none	human
encanto_tt2953050	tt2953050	*Donkeys		female	fandom	animal
encanto_tt2953050	tt2953050	Pedro_Madrigal		male	fandom	human
encanto_tt2953050	tt2953050	Character_1		unknown	none	human
encanto_tt2953050	tt2953050	Pico	nm0876138	male	wiki	animal
encanto_tt2953050	tt2953050	Capybara		unknown	none	animal
encanto_tt2953050	tt2953050	Senora_Guzman	nm0692419	female	fandom	human
encanto_tt2953050	tt2953050	Old_Arturo	nm0253476	unknown	none	human
enchanted_tt0461770	tt0461770	Giselle_(Animated)	nm0010736	female	wiki	human
enchanted_tt0461770	tt0461770	Queen_Narissa_(Animated)	nm0000215	female	wiki	human
enchanted_tt0461770	tt0461770	Nathaniel_(Animated)	nm0001758	male	wiki	human
enchanted_tt0461770	tt0461770	Pip_(Live)	nm0071818	male	wiki	animal
enchanted_tt0461770	tt0461770	Pip_(Animated)	nm0071818	male	wiki	animal
enchanted_tt0461770	tt0461770	Forest_Deer		unknown	none	animal
enchanted_tt0461770	tt0461770	Destiny_(Animated)		male	fandom	animal
enchanted_tt0461770	tt0461770	Bunny	nm1911958	female	wiki	animal
enchanted_tt0461770	tt0461770	Queen_Narissa_as_a_Dragon		unknown	none	other
enchanted_tt0461770	tt0461770	Forest_Owl		unknown	none	animal
enchanted_tt0461770	tt0461770	Troll	nm0851317	male	wiki	other
enchanted_tt0461770	tt0461770	Forest_Birds		unknown	none	animal
enchanted_tt0461770	tt0461770	Hedgehogs		unknown	none	animal
enchanted_tt0461770	tt0461770	Turtle		unknown	none	animal
enchanted_tt0461770	tt0461770	Fox		unknown	none	animal
epic_tt0848537	tt0848537	MK_(Mary_Katherine)	nm1086543	female	wiki	human
epic_tt0848537	tt0848537	Nod	nm1242688	male	wiki	human
epic_tt0848537	tt0848537	Ronin	nm0268199	male	wiki	human
epic_tt0848537	tt0848537	Bomba	nm0837177	male	wiki	human
epic_tt0848537	tt0848537	Queen_Tara	nm0461498	female	wiki	human
epic_tt0848537	tt0848537	Mandrake	nm0910607	male	wiki	other
epic_tt0848537	tt0848537	Nim_Galuu	nm0878911	male	wiki	other
epic_tt0848537	tt0848537	Father		unknown	none	human
epic_tt0848537	tt0848537	Mub	nm2106637	male	wiki	human
epic_tt0848537	tt0848537	Marigold_Girl	nm3160752	female	wiki	human
epic_tt0848537	tt0848537	Ozzi_(Dog)		unknown	none	animal
epic_tt0848537	tt0848537	Bufo	nm2100284	male	wiki	other
epic_tt0848537	tt0848537	Dagda	nm2981935	male	wiki	other
epic_tt0848537	tt0848537	Nod's_Bird		unknown	none	animal
epic_tt0848537	tt0848537	Mouse		unknown	none	animal
epic_tt0848537	tt0848537	Mandrake's_Creature		unknown	none	other
epic_tt0848537	tt0848537	Jinn_Flower		unknown	none	human
epic_tt0848537	tt0848537	Mary_Katherine_with_Mask	nm1086543	female	wiki	other
epic_tt0848537	tt0848537	Grub	nm1483369	male	wiki	animal
epic_tt0848537	tt0848537	*Mandrake's_Minions		unknown	none	other
epic_tt0848537	tt0848537	Pink_Flower_Girl		unknown	none	human
epic_tt0848537	tt0848537	Character_1		unknown	none	other
epic_tt0848537	tt0848537	Jinn_Mom	nm2187104	female	wiki	human
epic_tt0848537	tt0848537	Pinecone_Jinn	nm0224007	male	wiki	human
epic_tt0848537	tt0848537	Berry_Lady	nm1960185	unknown	none	human
epic_tt0848537	tt0848537	Taxi_Driver	nm0295103	male	wiki	human
epic_tt0848537	tt0848537	Purple_Flower_Girl		unknown	none	human
epic_tt0848537	tt0848537	Stickman_Jockey	nm4115048	male	wiki	human
epic_tt0848537	tt0848537	Old_Snail		unknown	none	animal
epic_tt0848537	tt0848537	Bufo's_Goon	nm1723600	male	wiki	other
epic_tt0848537	tt0848537	Dandelion_Jinn	nm3535974	unknown	none	human
epic_tt0848537	tt0848537	Thistle_Jinn	nm0263283	male	wiki	human
fantasia_tt0032455	tt0032455	Cherub		unknown	none	human
fantasia_tt0032455	tt0032455	Mickey_Mouse	nm0000370	male	wiki	animal
fantasia_tt0032455	tt0032455	Hippo		unknown	none	animal
fantasia_tt0032455	tt0032455	Girl_1		unknown	none	human
fantasia_tt0032455	tt0032455	Bird_2		unknown	none	animal
fantasia_tt0032455	tt0032455	Horns_2		unknown	none	human
fantasia_tt0032455	tt0032455	Dinosaur		unknown	none	animal
fantasia_tt0032455	tt0032455	Girl_2		unknown	none	human
fantasia_tt0032455	tt0032455	Black_Pony		unknown	none	animal
fantasia_tt0032455	tt0032455	Purple		unknown	none	human
fantasia_tt0032455	tt0032455	Character_1		unknown	none	human
fantasia_tt0032455	tt0032455	Pony		unknown	none	animal
fantasia_tt0032455	tt0032455	T_Rex		unknown	none	animal
fantasia_tt0032455	tt0032455	Crocodile		unknown	none	animal
fantasia_tt0032455	tt0032455	Elephant		unknown	none	animal
fantasia_tt0032455	tt0032455	Horns		unknown	none	human
fantasia_tt0032455	tt0032455	Horse		unknown	none	animal
fantasia_tt0032455	tt0032455	Dionysus		unknown	none	human
fantasia_tt0032455	tt0032455	Donkey		unknown	none	animal
fantasia_tt0032455	tt0032455	Unicorn		unknown	none	animal
fantasia_tt0032455	tt0032455	Bird		unknown	none	animal
fantasia_tt0032455	tt0032455	Pink_Unicorn		unknown	none	animal
fantasia_tt0032455	tt0032455	Red		unknown	none	human
fantasia.2000_tt0120910	tt0120910	Mickey_Mouse	nm0021656	male	wiki	animal
fantasia.2000_tt0120910	tt0120910	Character_19		unknown	none	human
fantasia.2000_tt0120910	tt0120910	Character_4		unknown	none	human
fantasia.2000_tt0120910	tt0120910	Character_12		unknown	none	human
fantasia.2000_tt0120910	tt0120910	Donald_Duck	nm0030615	male	wiki	animal
fantasia.2000_tt0120910	tt0120910	Flamingo		unknown	none	animal
fantasia.2000_tt0120910	tt0120910	Character_15		unknown	none	human
fantasia.2000_tt0120910	tt0120910	Character_16		unknown	none	human
fantasia.2000_tt0120910	tt0120910	Character_8		unknown	none	human
fantasia.2000_tt0120910	tt0120910	Character_5		unknown	none	human
fantasia.2000_tt0120910	tt0120910	Character_13		unknown	none	human
fantasia.2000_tt0120910	tt0120910	Character_9		unknown	none	human
fantasia.2000_tt0120910	tt0120910	Bird		unknown	none	animal
fantasia.2000_tt0120910	tt0120910	Character_3		unknown	none	human
fantasia.2000_tt0120910	tt0120910	Character_2		unknown	none	human
fantasia.2000_tt0120910	tt0120910	Daisy_Duck	nm0853122	female	wiki	animal
fantasia.2000_tt0120910	tt0120910	Character_10		unknown	none	human
fantasia.2000_tt0120910	tt0120910	Character_14		unknown	none	human
fantasia.2000_tt0120910	tt0120910	Character_7		unknown	none	human
fantasia.2000_tt0120910	tt0120910	Rabbit		unknown	none	animal
fantasia.2000_tt0120910	tt0120910	Character_1		unknown	none	human
fantasia.2000_tt0120910	tt0120910	Character_18		unknown	none	human
fantasia.2000_tt0120910	tt0120910	Character_11		unknown	none	human
fantasia.2000_tt0120910	tt0120910	Character_6		unknown	none	human
fantasia.2000_tt0120910	tt0120910	Character_17		unknown	none	human
fantasia.2000_tt0120910	tt0120910	Character_20		unknown	none	human
finding.dory_tt2277860	tt2277860	Dory	nm0001122	female	wiki	animal
finding.dory_tt2277860	tt2277860	Marlin	nm0000983	male	wiki	animal
finding.dory_tt2277860	tt2277860	Nemo	nm5348776	male	wiki	animal
finding.dory_tt2277860	tt2277860	Hank	nm0642145	male	wiki	animal
finding.dory_tt2277860	tt2277860	Jenny	nm0000473	female	wiki	animal
finding.dory_tt2277860	tt2277860	Charlie	nm0506405	male	wiki	animal
finding.dory_tt2277860	tt2277860	Destiny	nm0647698	female	wiki	animal
finding.dory_tt2277860	tt2277860	Dory_(Tween)	nm8204464	female	wiki	animal
finding.dory_tt2277860	tt2277860	Dory_(Young)	nm8204463	female	wiki	animal
finding.dory_tt2277860	tt2277860	Sunfish	nm0533691	female	wiki	animal
finding.dory_tt2277860	tt2277860	Rudder	nm0922035	male	wiki	animal
finding.dory_tt2277860	tt2277860	Fluke	nm0252961	male	wiki	animal
finding.dory_tt2277860	tt2277860	Squirt	nm8034501	male	wiki	animal
finding.dory_tt2277860	tt2277860	Husband_Fish_(Stan)	nm0352778	male	wiki	animal
finding.dory_tt2277860	tt2277860	Passenger_Carl	nm1071252	male	wiki	human
finding.dory_tt2277860	tt2277860	Gerald	nm0120187	male	wiki	animal
finding.dory_tt2277860	tt2277860	Becky	nm0120187	female	fandom	animal
finding.dory_tt2277860	tt2277860	Chickenfish	nm0727611	female	wiki	animal
finding.dory_tt2277860	tt2277860	Bloat	nm0004951	male	wiki	animal
finding.nemo_tt0266543	tt0266543	Marlin	nm0000983	male	wiki	animal
finding.nemo_tt0266543	tt0266543	Dory	nm0001122	female	wiki	animal
finding.nemo_tt0266543	tt0266543	Nemo	nm1071252	male	wiki	animal
finding.nemo_tt0266543	tt0266543	Bloat	nm0004951	male	wiki	animal
finding.nemo_tt0266543	tt0266543	Gurgle	nm0671721	male	wiki	animal
finding.nemo_tt0266543	tt0266543	Coral	nm0001610	female	wiki	animal
finding.nemo_tt0266543	tt0266543	Bubbles	nm0740535	male	wiki	animal
finding.nemo_tt0266543	tt0266543	Black-white_fish		unknown	none	animal
finding.nemo_tt0266543	tt0266543	Deb_/_Flo	nm0507852	female	wiki	animal
finding.nemo_tt0266543	tt0266543	Bruce	nm0402032	male	fandom	animal
finding.nemo_tt0266543	tt0266543	Nigel	nm0001691	male	wiki	animal
finding.nemo_tt0266543	tt0266543	Crush	nm0004056	male	wiki	animal
finding.nemo_tt0266543	tt0266543	Sheldon	nm0838059	male	wiki	animal
finding.nemo_tt0266543	tt0266543	Darla	nm1379845	female	wiki	human
finding.nemo_tt0266543	tt0266543	Pearl	nm1341312	female	wiki	other
finding.nemo_tt0266543	tt0266543	Bob		unknown	none	animal
finding.nemo_tt0266543	tt0266543	Ted		unknown	none	other
finding.nemo_tt0266543	tt0266543	Squirt	nm1384126	male	wiki	animal
finding.nemo_tt0266543	tt0266543	Dentist	nm0402730	male	wiki	human
finding.nemo_tt0266543	tt0266543	Bill		unknown	none	animal
finding.nemo_tt0266543	tt0266543	Tad	nm0710021	male	wiki	animal
finding.nemo_tt0266543	tt0266543	Peach	nm0005049	female	wiki	other
finding.nemo_tt0266543	tt0266543	Mr._Ray	nm0677037	male	wiki	animal
finding.nemo_tt0266543	tt0266543	Seagulls	nm0004056	male	wiki	animal
finding.nemo_tt0266543	tt0266543	Jacques	nm0710020	male	wiki	animal
finding.nemo_tt0266543	tt0266543	Mr._Johanson		unknown	none	animal
flushed.away_tt0424095	tt0424095	Roddy_St._James	nm0413168	male	wiki	other
flushed.away_tt0424095	tt0424095	Rita_Malone	nm0000701	female	wiki	other
flushed.away_tt0424095	tt0424095	The_Toad	nm0005212	male	wiki	other
flushed.away_tt0424095	tt0424095	Whitey	nm0631490	male	wiki	other
flushed.away_tt0424095	tt0424095	Spike	nm0785227	male	wiki	other
flushed.away_tt0424095	tt0424095	Sid	nm0724986	male	wiki	other
flushed.away_tt0424095	tt0424095	Henchfrog_#1	nm0101047	male	wiki	other
flushed.away_tt0424095	tt0424095	Shocky	nm0101047	male	wiki	other
flushed.away_tt0424095	tt0424095	Fly	nm0101047	male	wiki	other
flushed.away_tt0424095	tt0424095	Liam	nm0271402	male	wiki	other
flushed.away_tt0424095	tt0424095	Le_Frog	nm0000606	male	wiki	other
flushed.away_tt0424095	tt0424095	Rita's_Mum	nm0121755	female	wiki	other
flushed.away_tt0424095	tt0424095	Rita's_Sister_#2	nm2436197	unknown	none	other
flushed.away_tt0424095	tt0424095	Goldfish	nm0101047	male	wiki	other
flushed.away_tt0424095	tt0424095	Rita's_Dad	nm0837064	male	wiki	other
flushed.away_tt0424095	tt0424095	Thimblenose_Ted	nm0265457	male	wiki	other
flushed.away_tt0424095	tt0424095	Fergus	nm2436194	unknown	none	other
flushed.away_tt0424095	tt0424095	Edna	nm0280164	unknown	none	other
flushed.away_tt0424095	tt0424095	Rita's_Little_Sister	nm1183408	unknown	none	other
flushed.away_tt0424095	tt0424095	Action_Figure	nm0569891	male	wiki	other
flushed.away_tt0424095	tt0424095	Rita's_Sister_#3	nm2436195	unknown	none	other
flushed.away_tt0424095	tt0424095	Fat_Barry	nm0971017	male	wiki	other
flushed.away_tt0424095	tt0424095	Tadpole	nm0101047	male	wiki	other
flushed.away_tt0424095	tt0424095	Rita's_Grandma	nm0546816	female	wiki	other
flushed.away_tt0424095	tt0424095	Pegleg	nm0788725	unknown	none	other
flushed.away_tt0424095	tt0424095	Artist	nm0569891	male	wiki	other
flushed.away_tt0424095	tt0424095	Prophet_(Harold)	nm0271402	male	wiki	other
flushed.away_tt0424095	tt0424095	Policeman_(Colin)	nm0086710	male	wiki	other
flushed.away_tt0424095	tt0424095	Tex	nm0018646	male	wiki	other
flushed.away_tt0424095	tt0424095	Ladykiller	nm0271402	male	wiki	other
flushed.away_tt0424095	tt0424095	Marcel		unknown	none	other
fox.and.the.hou_tt0082406	tt0082406	Tod	nm0001682	male	wiki	animal
fox.and.the.hou_tt0082406	tt0082406	Tod_(Young)	nm0176861	male	wiki	animal
fox.and.the.hou_tt0082406	tt0082406	Copper	nm0000621	male	wiki	animal
fox.and.the.hou_tt0082406	tt0082406	Chief	nm0125426	male	wiki	animal
fox.and.the.hou_tt0082406	tt0082406	Big_Mama	nm0047440	female	wiki	animal
fox.and.the.hou_tt0082406	tt0082406	Widow_Tweed	nm0634282	female	wiki	human
fox.and.the.hou_tt0082406	tt0082406	Amos_Slade	nm0016776	male	wiki	human
fox.and.the.hou_tt0082406	tt0082406	Copper_(Young)	nm0000397	male	wiki	animal
fox.and.the.hou_tt0082406	tt0082406	Vixey	nm0242098	female	wiki	animal
fox.and.the.hou_tt0082406	tt0082406	Boomer	nm0934593	male	wiki	animal
fox.and.the.hou_tt0082406	tt0082406	Dinky	nm0048147	male	wiki	animal
fox.and.the.hou_tt0082406	tt0082406	Porcupine	nm0275835	male	wiki	animal
fox.and.the.hou_tt0082406	tt0082406	Squeaks	nm0088285	male	wiki	animal
fox.and.the.hou_tt0082406	tt0082406	The_Bear		male	fandom	animal
fox.and.the.hou_tt0082406	tt0082406	Mr._Digger		male	fandom	animal
fox.and.the.hou_tt0082406	tt0082406	Badger	nm0570615	male	wiki	animal
frozen_tt2294629	tt2294629	Anna_(Preteen)	nm6323792	female	wiki	human
frozen_tt2294629	tt2294629	Kristoff	nm2676147	male	wiki	human
frozen_tt2294629	tt2294629	Elsa	nm0579953	female	wiki	human
frozen_tt2294629	tt2294629	Anna	nm0068338	female	wiki	human
frozen_tt2294629	tt2294629	Hans	nm2949014	male	wiki	human
frozen_tt2294629	tt2294629	Olaf	nm1265802	male	wiki	other
frozen_tt2294629	tt2294629	Sven		male	fandom	animal
frozen_tt2294629	tt2294629	Anna_(Young)	nm5597831	female	wiki	human
frozen_tt2294629	tt2294629	Gothi	nm3099754	male	wiki	other
frozen_tt2294629	tt2294629	Queen	nm1601644	female	wiki	human
frozen_tt2294629	tt2294629	Bulda	nm6104921	female	wiki	other
frozen_tt2294629	tt2294629	Elsa_(Young)	nm4181314	female	wiki	human
frozen_tt2294629	tt2294629	Duke_Of_Weselton	nm0876138	male	wiki	human
frozen_tt2294629	tt2294629	King	nm0005606	male	wiki	human
frozen_tt2294629	tt2294629	Kai	nm0027459	male	wiki	human
frozen_tt2294629	tt2294629	Spanish_Dignitary	nm0181425	male	wiki	human
frozen_tt2294629	tt2294629	Gerda	nm0566052	female	wiki	human
frozen_tt2294629	tt2294629	German_Dignitary	nm0546122	male	wiki	human
frozen_tt2294629	tt2294629	Horse		unknown	none	animal
frozen_tt2294629	tt2294629	Oaken		male	fandom	human
frozen_tt2294629	tt2294629	Kristoff_(Young)	nm3444392	male	wiki	human
frozen_tt2294629	tt2294629	Irish_Dignitary	nm4130523	male	wiki	human
frozen_tt2294629	tt2294629	Cliff	nm5642326	unknown	none	other
frozen_tt2294629	tt2294629	Pabbie	nm0001354	male	wiki	other
frozen_tt2294629	tt2294629	Bishop	nm0683986	male	wiki	human
frozen_tt2294629	tt2294629	Elsa_(Teen)		female	fandom	human
frozen_tt2294629	tt2294629	Baby_Troll	nm5071577	unknown	none	other
frozen.ii_tt4520988	tt4520988	Anna	nm0068338	female	wiki	human
frozen.ii_tt4520988	tt4520988	Elsa	nm0579953	female	wiki	human
frozen.ii_tt4520988	tt4520988	Kristoff	nm2676147	male	wiki	human
frozen.ii_tt4520988	tt4520988	Olaf	nm1265802	male	wiki	other
frozen.ii_tt4520988	tt4520988	Sven		male	fandom	animal
frozen.ii_tt4520988	tt4520988	Lieutenant_Mattias	nm1250791	male	wiki	human
frozen.ii_tt4520988	tt4520988	Anna_(Young)	nm10783533	female	wiki	human
frozen.ii_tt4520988	tt4520988	Queen_Iduna	nm0939697	female	wiki	human
frozen.ii_tt4520988	tt4520988	Honeymaren	nm7847287	female	wiki	human
frozen.ii_tt4520988	tt4520988	Ryder	nm0728762	male	wiki	human
frozen.ii_tt4520988	tt4520988	Yelana	nm0000588	female	wiki	human
frozen.ii_tt4520988	tt4520988	Elsa_(Young)	nm6945050	female	wiki	human
frozen.ii_tt4520988	tt4520988	King_Agnarr	nm0000547	male	wiki	human
frozen.ii_tt4520988	tt4520988	Arendellian_Soldier	nm0876138	male	wiki	human
frozen.ii_tt4520988	tt4520988	Agnarr_(Young)	nm7970170	male	wiki	human
frozen.ii_tt4520988	tt4520988	Pabbie	nm0001354	male	wiki	other
frozen.ii_tt4520988	tt4520988	King_Runeard	nm0005438	male	wiki	other
frozen.ii_tt4520988	tt4520988	Kai	nm0027459	male	wiki	human
frozen.ii_tt4520988	tt4520988	Halima	nm2738799	unknown	none	human
frozen.ii_tt4520988	tt4520988	Oaken		male	fandom	human
frozen.ii_tt4520988	tt4520988	Bulda	nm6104921	female	wiki	other
garfield_tt5779228	tt5779228	Garfield	nm0695435	male	wiki	animal
garfield_tt5779228	tt5779228	Vic	nm0000168	male	wiki	animal
garfield_tt5779228	tt5779228	Jon_Arbuckle	nm0396558	male	wiki	human
garfield_tt5779228	tt5779228	Jinx	nm1821446	female	wiki	animal
garfield_tt5779228	tt5779228	Roland	nm2073429	male	wiki	animal
garfield_tt5779228	tt5779228	Lactose_Farms_Phone_Operator_#2	nm14776204	unknown	none	human
garfield_tt5779228	tt5779228	Ethel	nm1466504	unknown	none	animal
garfield_tt5779228	tt5779228	Maria	nm2484648	female	wiki	human
garfield_tt5779228	tt5779228	Nolan	nm6299248	male	wiki	animal
garfield_tt5779228	tt5779228	Marge	nm5198446	female	wiki	human
garfield_tt5779228	tt5779228	Snickers	nm3783307	male	wiki	animal
garfield_tt5779228	tt5779228	Busboy	nm0520580	male	wiki	human
garfield_tt5779228	tt5779228	Lactose_Farms_Phone_Operator_#1	nm1466504	unknown	none	human
garfield_tt5779228	tt5779228	Vito	nm10787579	male	wiki	human
garfield_tt5779228	tt5779228	Pound_Worker	nm10585156	unknown	none	human
garfield_tt5779228	tt5779228	Olivia	nm7101192	female	wiki	animal
garfield_tt5779228	tt5779228	Barry	nm14776204	male	fandom	animal
garfield_tt5779228	tt5779228	Dr._Liz_Wilson	nm10681879	female	fandom	human
gforce_tt0436339	tt0436339	Darwin	nm0005377	male	wiki	animal
gforce_tt0436339	tt0436339	Blaster	nm0605079	male	wiki	animal
gforce_tt0436339	tt0436339	Hurley	nm0269463	male	wiki	animal
gforce_tt0436339	tt0436339	Juarez	nm0004851	female	wiki	animal
gforce_tt0436339	tt0436339	Speckles	nm0000115	male	wiki	animal
gforce_tt0436339	tt0436339	Bucky	nm0000114	male	wiki	animal
gnomeo..juliet_tt0377981	tt0377981	Gnomeo	nm0564215	male	wiki	human
gnomeo..juliet_tt0377981	tt0377981	Juliet	nm1289434	female	wiki	human
gnomeo..juliet_tt0377981	tt0377981	Benny	nm0524240	male	wiki	human
gnomeo..juliet_tt0377981	tt0377981	Lord_Redbrick	nm0000323	male	wiki	human
gnomeo..juliet_tt0377981	tt0377981	Nanette	nm0421332	female	wiki	animal
gnomeo..juliet_tt0377981	tt0377981	Tybalt	nm0005458	male	wiki	human
gnomeo..juliet_tt0377981	tt0377981	Lady_Bluebury	nm0001749	female	wiki	human
gnomeo..juliet_tt0377981	tt0377981	Fawn	nm0005285	male	wiki	animal
gnomeo..juliet_tt0377981	tt0377981	Flamingo		unknown	none	animal
gnomeo..juliet_tt0377981	tt0377981	Conjoined_Gnome_Left	nm0072758	male	wiki	human
gnomeo..juliet_tt0377981	tt0377981	Dolly_Gnome	nm0000573	female	wiki	human
gnomeo..juliet_tt0377981	tt0377981	Paris	nm0580351	male	wiki	human
gnomeo..juliet_tt0377981	tt0377981	Fishing_Gnome	nm1844436	male	wiki	human
gnomeo..juliet_tt0377981	tt0377981	Bunny		unknown	none	animal
gnomeo..juliet_tt0377981	tt0377981	Conjoined_Gnome_Right	nm0565482	male	wiki	human
gnomeo..juliet_tt0377981	tt0377981	Mankini_Gnome	nm2758713	unknown	none	human
gnomeo..juliet_tt0377981	tt0377981	Call_Me_Doll	nm0395864	unknown	none	human
gnomeo..juliet_tt0377981	tt0377981	Stone_Fish	nm1083220	female	wiki	animal
good.dinosaur_tt1979388	tt1979388	Arlo	nm2358105	male	wiki	animal
good.dinosaur_tt1979388	tt1979388	Spot	nm3603996	male	fandom	human
good.dinosaur_tt1979388	tt1979388	Young_Arlo	nm7050523	male	fandom	animal
good.dinosaur_tt1979388	tt1979388	Poppa	nm0942482	male	wiki	animal
good.dinosaur_tt1979388	tt1979388	Butch	nm0000385	male	wiki	animal
good.dinosaur_tt1979388	tt1979388	Ramsey	nm0001593	female	wiki	animal
good.dinosaur_tt1979388	tt1979388	Nash	nm0118568	male	wiki	animal
good.dinosaur_tt1979388	tt1979388	Momma	nm0000531	female	wiki	animal
good.dinosaur_tt1979388	tt1979388	Thunderclap	nm0001872	male	wiki	animal
good.dinosaur_tt1979388	tt1979388	Young_Libby	nm5558187	female	wiki	animal
good.dinosaur_tt1979388	tt1979388	Cave_Family_Father		unknown	none	human
good.dinosaur_tt1979388	tt1979388	Cave_Family_son		unknown	none	human
good.dinosaur_tt1979388	tt1979388	Lurleane	nm2341896	female	wiki	animal
good.dinosaur_tt1979388	tt1979388	Cave_Family_mother		unknown	none	human
good.dinosaur_tt1979388	tt1979388	Pet_Collector	nm0812307	male	wiki	animal
good.dinosaur_tt1979388	tt1979388	Buck	nm3851090	male	wiki	animal
good.dinosaur_tt1979388	tt1979388	Bubbha	nm1460733	male	wiki	animal
good.dinosaur_tt1979388	tt1979388	Tetrapodophis		unknown	none	animal
good.dinosaur_tt1979388	tt1979388	Coldfront	nm0403051	male	wiki	animal
good.dinosaur_tt1979388	tt1979388	Downpour	nm0294490	female	wiki	animal
great.mouse.det_tt0091149	tt0091149	Basil_of_Baker_Street	nm0408813	male	wiki	animal
great.mouse.det_tt0091149	tt0091149	Dr._David_Q_Dawson	nm0079353	male	wiki	animal
great.mouse.det_tt0091149	tt0091149	Professor_Ratigan	nm0001637	male	wiki	animal
great.mouse.det_tt0091149	tt0091149	Olivia_Flaversham	nm0689527	female	wiki	animal
great.mouse.det_tt0091149	tt0091149	Fidget	nm0133752	male	wiki	animal
great.mouse.det_tt0091149	tt0091149	Thug_3	nm0249456	male	wiki	animal
great.mouse.det_tt0091149	tt0091149	Thug_1	nm0021656	male	wiki	animal
great.mouse.det_tt0091149	tt0091149	Hiram_Flaversham	nm0949241	male	wiki	animal
great.mouse.det_tt0091149	tt0091149	Toby		male	fandom	animal
great.mouse.det_tt0091149	tt0091149	Mouse_Queen	nm0107470	female	wiki	animal
great.mouse.det_tt0091149	tt0091149	Bartholomew	nm0408813	male	wiki	animal
great.mouse.det_tt0091149	tt0091149	Miss_Kitty_Mouse	nm0541386	female	wiki	animal
great.mouse.det_tt0091149	tt0091149	Mrs._Judson	nm0156243	female	wiki	animal
great.mouse.det_tt0091149	tt0091149	Robot_Queen		unknown	none	animal
great.mouse.det_tt0091149	tt0091149	Felicia		unknown	none	animal
great.mouse.det_tt0091149	tt0091149	Bar_Maid	nm0280441	female	wiki	animal
great.mouse.det_tt0091149	tt0091149	Thug_2	nm0030615	male	wiki	animal
great.mouse.det_tt0091149	tt0091149	Lady_Mouse		unknown	none	animal
great.mouse.det_tt0091149	tt0091149	Thug_4	nm0079353	male	wiki	animal
grinch_tt2709692	tt2709692	Grinch	nm1212722	male	wiki	other
grinch_tt2709692	tt2709692	Cindy-Lou_Who	nm7372981	female	wiki	human
grinch_tt2709692	tt2709692	Max		male	fandom	animal
grinch_tt2709692	tt2709692	Groopert	nm10232559	male	fandom	human
grinch_tt2709692	tt2709692	Ozzy	nm5373238	male	wiki	human
grinch_tt2709692	tt2709692	Donna_Who	nm0429069	female	wiki	human
grinch_tt2709692	tt2709692	Bricklebaum	nm0860380	male	wiki	human
grinch_tt2709692	tt2709692	Fred		unknown	none	animal
grinch_tt2709692	tt2709692	Axl	nm6878893	male	wiki	human
grinch_tt2709692	tt2709692	Izzy	nm5411494	female	wiki	human
gullivers.trave_tt0031397	tt0031397	Gabby	nm0173416	male	wiki	human
gullivers.trave_tt0031397	tt0031397	King_Little	nm0580271	male	wiki	human
gullivers.trave_tt0031397	tt0031397	King_Bombo	nm0682481	male	wiki	human
gullivers.trave_tt0031397	tt0031397	Character_4		unknown	none	human
gullivers.trave_tt0031397	tt0031397	Gulliver	nm0662603	male	wiki	human
gullivers.trave_tt0031397	tt0031397	Character_1		unknown	none	human
gullivers.trave_tt0031397	tt0031397	Character_2		unknown	none	human
gullivers.trave_tt0031397	tt0031397	Character_3		unknown	none	human
gullivers.trave_tt0031397	tt0031397	Character_5		unknown	none	human
gullivers.trave_tt0031397	tt0031397	Character_8		unknown	none	human
gullivers.trave_tt0031397	tt0031397	Prince_David	nm0397175	male	wiki	human
gullivers.trave_tt0031397	tt0031397	Character_11		unknown	none	human
gullivers.trave_tt0031397	tt0031397	Princess_Glory		unknown	none	human
gullivers.trave_tt0031397	tt0031397	Bluebirds		unknown	none	animal
gullivers.trave_tt0031397	tt0031397	White_bird		unknown	none	animal
gullivers.trave_tt0031397	tt0031397	Character_6		unknown	none	human
gullivers.trave_tt0031397	tt0031397	Character_7		unknown	none	human
gullivers.trave_tt0031397	tt0031397	Character_10		unknown	none	human
gullivers.trave_tt0031397	tt0031397	Character_9		unknown	none	human
happy.feet_tt0366548	tt0366548	Mumble	nm0000704	male	wiki	animal
happy.feet_tt0366548	tt0366548	Raul	nm0101603	male	wiki	animal
happy.feet_tt0366548	tt0366548	Gloria	nm0005261	female	wiki	animal
happy.feet_tt0366548	tt0366548	Norma_Jean	nm0000173	female	wiki	animal
happy.feet_tt0366548	tt0366548	Mumble_(Baby)	nm0197354	male	fandom	animal
happy.feet_tt0366548	tt0366548	Memphis	nm0413168	male	wiki	animal
happy.feet_tt0366548	tt0366548	Ramon	nm0000245	male	wiki	animal
happy.feet_tt0366548	tt0366548	Elder_1	nm1043022	male	wiki	animal
happy.feet_tt0366548	tt0366548	Gloria_(Baby)	nm1372025	female	wiki	animal
happy.feet_tt0366548	tt0366548	Rinaldo	nm0305261	male	wiki	animal
happy.feet_tt0366548	tt0366548	Lombardo	nm1146844	male	wiki	animal
happy.feet_tt0366548	tt0366548	Lovelace	nm0000245	male	wiki	animal
happy.feet_tt0366548	tt0366548	Boss_Skua	nm0001439	male	wiki	animal
happy.feet_tt0366548	tt0366548	Seymour_(Baby)	nm1235203	male	wiki	animal
happy.feet_tt0366548	tt0366548	Leopard_Seal	nm0741648	male	wiki	animal
happy.feet_tt0366548	tt0366548	Vinnie	nm0458350	male	wiki	animal
happy.feet_tt0366548	tt0366548	Bryan_the_Beachmaster		unknown	none	animal
happy.feet_tt0366548	tt0366548	Dino	nm0542706	male	wiki	animal
home_tt2224026	tt2224026	Oh	nm1433588	male	wiki	other
home_tt2224026	tt2224026	Tip	nm1982597	female	wiki	human
home_tt2224026	tt2224026	Captain_Smek	nm0000188	male	wiki	other
home_tt2224026	tt2224026	Kyle	nm2804503	male	wiki	other
home_tt2224026	tt2224026	Pig		unknown	none	animal
home_tt2224026	tt2224026	Tip's_Mother	nm0000182	female	wiki	human
home_tt2224026	tt2224026	Father	nm0826745	male	wiki	human
home_tt2224026	tt2224026	Gorg_Commander	nm0826745	male	wiki	other
hop_tt1411704	tt1411704	E.B.	nm1258970	male	wiki	animal
hop_tt1411704	tt1411704	Carlos	nm0000279	male	wiki	animal
hop_tt1411704	tt1411704	E.B.'s_Dad	nm0491402	male	wiki	animal
hop_tt1411704	tt1411704	Phil	nm0000279	male	wiki	animal
hop_tt1411704	tt1411704	E.B._(Young)	nm3642249	male	fandom	animal
hop_tt1411704	tt1411704	Fluffy_of_the_Pink_Berets		unknown	none	animal
hop_tt1411704	tt1411704	Bit_of_the_Pink_Berets		unknown	none	animal
horton.hears.a._tt0451079	tt0451079	Horton_the_Elephant	nm0000120	male	wiki	animal
horton.hears.a._tt0451079	tt0451079	Old_Time_Who	nm0029460	male	wiki	human
horton.hears.a._tt0451079	tt0451079	Sour_Kangaroo	nm0000993	female	wiki	animal
horton.hears.a._tt0451079	tt0451079	Mayor_Ned_McDodd	nm0136797	male	wiki	other
horton.hears.a._tt0451079	tt0451079	JoJo_McDodd	nm0565366	male	wiki	human
horton.hears.a._tt0451079	tt0451079	Wickersham_Guard_1	nm0250616	male	wiki	other
horton.hears.a._tt0451079	tt0451079	Sally_O'Malley	nm0688132	female	wiki	human
horton.hears.a._tt0451079	tt0451079	Morton_the_Mouse	nm0736622	male	wiki	animal
horton.hears.a._tt0451079	tt0451079	Rudy_Kangaroo	nm1346160	male	wiki	other
horton.hears.a._tt0451079	tt0451079	Yummo_Wickersham	nm0283945	male	wiki	other
horton.hears.a._tt0451079	tt0451079	Tommy	nm1706767	male	wiki	other
horton.hears.a._tt0451079	tt0451079	Councilman	nm0283945	male	wiki	other
horton.hears.a._tt0451079	tt0451079	Glummox_Mom	nm0628170	female	wiki	other
horton.hears.a._tt0451079	tt0451079	Miss_Yelp	nm0621788	female	wiki	human
horton.hears.a._tt0451079	tt0451079	Katie	nm1428821	female	wiki	other
horton.hears.a._tt0451079	tt0451079	Dentist	nm1075446	male	wiki	other
horton.hears.a._tt0451079	tt0451079	Willie_Bear	nm0267724	male	wiki	other
horton.hears.a._tt0451079	tt0451079	Holly	nm1534182	female	wiki	other
horton.hears.a._tt0451079	tt0451079	Who_Mom	nm0220635	female	wiki	other
horton.hears.a._tt0451079	tt0451079	Dr._Mary_Lou_LaRue	nm0279545	female	wiki	human
horton.hears.a._tt0451079	tt0451079	Jessica_Quilligan	nm1925026	female	wiki	other
horton.hears.a._tt0451079	tt0451079	Heather	nm1192137	unknown	none	other
horton.hears.a._tt0451079	tt0451079	Angela	nm0642601	female	wiki	other
horton.hears.a._tt0451079	tt0451079	Mrs._Quilligan	nm0005326	female	wiki	other
horton.hears.a._tt0451079	tt0451079	Haley	nm2946537	unknown	none	other
horton.hears.a._tt0451079	tt0451079	Hooly	nm2359423	unknown	none	other
horton.hears.a._tt0451079	tt0451079	Who_Kid	nm0228327	female	wiki	other
horton.hears.a._tt0451079	tt0451079	Obnoxious_Who	nm0371755	male	wiki	human
horton.hears.a._tt0451079	tt0451079	Hanna	nm2946553	unknown	none	other
horton.hears.a._tt0451079	tt0451079	Hildy	nm1534182	female	wiki	other
horton.hears.a._tt0451079	tt0451079	Helen	nm1462248	unknown	none	other
horton.hears.a._tt0451079	tt0451079	Hedy	nm2359423	unknown	none	other
horton.hears.a._tt0451079	tt0451079	Heidi	nm2946537	unknown	none	other
hotel.transylva_tt0837562	tt0837562	Dracula	nm0001191	male	wiki	human
hotel.transylva_tt0837562	tt0837562	Jonathan	nm1676221	male	wiki	human
hotel.transylva_tt0837562	tt0837562	Mavis	nm1411125	female	wiki	human
hotel.transylva_tt0837562	tt0837562	Frankenstein	nm0416673	male	wiki	other
hotel.transylva_tt0837562	tt0837562	Wayne	nm0000114	male	wiki	animal
hotel.transylva_tt0837562	tt0837562	Murray	nm0123741	male	wiki	other
hotel.transylva_tt0837562	tt0837562	Quasimodo	nm0001484	male	wiki	human
hotel.transylva_tt0837562	tt0837562	Wanda	nm0788340	female	wiki	animal
hotel.transylva_tt0837562	tt0837562	Eunice	nm0000376	female	wiki	other
hotel.transylva_tt0837562	tt0837562	Skeleton_Husband	nm1443527	male	wiki	human
hotel.transylva_tt0837562	tt0837562	Mavis_(Young)	nm2490721	female	wiki	human
hotel.transylva_tt0837562	tt0837562	Marty	nm0806912	male	wiki	animal
hotel.transylva_tt0837562	tt0837562	Winnie	nm2490721	female	wiki	animal
hotel.transylva_tt0837562	tt0837562	Hairy_Monster	nm0564836	male	wiki	other
hotel.transylva_tt0837562	tt0837562	Pilot	nm0821026	male	wiki	human
hotel.transylva_tt0837562	tt0837562	Zombie	nm4204968	male	wiki	human
hotel.transylva_tt0837562	tt0837562	Foreman	nm0930841	unknown	none	human
hotel.transylva_tt0837562	tt0837562	Hydra_Head	nm4204968;nm0813363;nm0936364;nm0446063;nm0564836	unknown	none	other
hotel.transylva_tt0837562	tt0837562	Gremlin_Man	nm0813363	unknown	none	other
hotel.transylva_tt0837562	tt0837562	Shrunken_Head	nm0936364	male	wiki	human
hotel.transylva_tt0837562	tt0837562	Fly	nm0663177	male	wiki	animal
hotel.transylva_tt0837562	tt0837562	Suit_of_Armor	nm0313364	male	wiki	human
hotel.transylva_tt2510894	tt2510894	Dracula	nm0001191	male	wiki	human
hotel.transylva_tt2510894	tt2510894	Dennis	nm6239143	male	wiki	human
hotel.transylva_tt2510894	tt2510894	Mavis	nm1411125	female	wiki	human
hotel.transylva_tt2510894	tt2510894	Jonathan	nm1676221	male	wiki	human
hotel.transylva_tt2510894	tt2510894	Frankenstein	nm0416673	male	wiki	human
hotel.transylva_tt2510894	tt2510894	Wayne	nm0000114	male	wiki	animal
hotel.transylva_tt2510894	tt2510894	Murray	nm1221047	male	wiki	other
hotel.transylva_tt2510894	tt2510894	Grandma_Linda	nm0005259	female	wiki	human
hotel.transylva_tt2510894	tt2510894	Grandpa_Mike	nm0644406	male	wiki	human
hotel.transylva_tt2510894	tt2510894	Bela	nm1443527	male	wiki	other
hotel.transylva_tt2510894	tt2510894	Johnny_Vampire_Costume		unknown	none	human
hotel.transylva_tt2510894	tt2510894	Vlad	nm0000316	male	wiki	human
hotel.transylva_tt2510894	tt2510894	Vampire_Kid	nm3927383	female	wiki	human
hotel.transylva_tt2510894	tt2510894	Dana	nm0001022	male	wiki	human
hotel.transylva_tt2510894	tt2510894	Winnie	nm2490721	female	wiki	animal
hotel.transylva_tt2510894	tt2510894	Kid_#1		unknown	none	human
hotel.transylva_tt2510894	tt2510894	Blobby	nm0813363	male	fandom	other
hotel.transylva_tt2510894	tt2510894	Red_Head_Human_Woman		unknown	none	human
hotel.transylva_tt2510894	tt2510894	Grandpa_Vlad_Dracula_		male	fandom	human
hotel.transylva_tt2510894	tt2510894	Blue_Big_Lip_Monster		unknown	none	other
hotel.transylva_tt2510894	tt2510894	*Winnie's_Brothers		unknown	none	animal
hotel.transylva_tt2510894	tt2510894	Eunice	nm0000376	female	wiki	human
hotel.transylva_tt2510894	tt2510894	Kakie	nm0441592	male	wiki	other
hotel.transylva_tt2510894	tt2510894	Kakie_Red	nm0441592	male	wiki	other
hotel.transylva_tt2510894	tt2510894	Purple_One-Eyed_Monster		unknown	none	other
hotel.transylva_tt2510894	tt2510894	Abominable_Snowman		unknown	none	animal
hotel.transylva_tt2510894	tt2510894	Troy	nm7583330	unknown	none	human
hotel.transylva_tt2510894	tt2510894	Caren	nm3596979	female	wiki	human
hotel.transylva_tt2510894	tt2510894	Wanda	nm0788340	female	wiki	animal
hotel.transylva_tt2510894	tt2510894	Dennis_Bat_Form	nm6239143	male	wiki	animal
hotel.transylva_tt2510894	tt2510894	Jogger_#1	nm3596979	female	wiki	human
hotel.transylva_tt2510894	tt2510894	Jogger_#2	nm2930565	unknown	none	human
hotel.transylva_tt2510894	tt2510894	Ticket_Agent	nm0008231	female	wiki	human
hotel.transylva_tt2510894	tt2510894	*Shrunken_Heads	nm0132685	female	wiki	human
hotel.transylva_tt2510894	tt2510894	Dracula_Bat_Form	nm0001191	male	wiki	animal
hotel.transylva_tt2510894	tt2510894	Pandragora	nm4204968	male	wiki	human
hotel.transylva_tt2510894	tt2510894	Red_Helmet_Kid		unknown	none	human
hotel.transylva_tt2510894	tt2510894	Kid_#2		unknown	none	human
hotel.transylva_tt2510894	tt2510894	Fly_Guy	nm0663177	male	wiki	animal
hotel.transylva_tt2510894	tt2510894	Kal	nm0197682	male	wiki	human
hotel.transylva_tt2510894	tt2510894	Dracula_Nurse_Costume	nm0001191	male	wiki	human
hotel.transylva_tt2510894	tt2510894	Marty	nm0806912	male	wiki	other
hotel.transylva_tt2510894	tt2510894	Purple_Shirt_Blonde_Human_Woman		unknown	none	human
hotel.transylva_tt2510894	tt2510894	Tourist_Driver	nm0761977	male	wiki	human
hotel.transylva_tt2510894	tt2510894	Phantom_of_the_Opera	nm0001484	male	wiki	human
hotel.transylva_tt2510894	tt2510894	Kelsey	nm0841910	female	fandom	human
hotel.transylva_tt2510894	tt2510894	Tourist_Passenger	nm3596979	female	wiki	human
hotel.transylva_tt5220122	tt5220122	Dracula	nm0001191	male	wiki	human
hotel.transylva_tt5220122	tt5220122	Ericka_Van_Helsing	nm1063517	female	wiki	human
hotel.transylva_tt5220122	tt5220122	Mavis	nm1411125	female	wiki	human
hotel.transylva_tt5220122	tt5220122	Frankenstein	nm0416673	male	wiki	human
hotel.transylva_tt5220122	tt5220122	Jonathan	nm1676221	male	wiki	human
hotel.transylva_tt5220122	tt5220122	Van_Helsing	nm0300712	male	wiki	human
hotel.transylva_tt5220122	tt5220122	Dennis	nm6239143	male	wiki	human
hotel.transylva_tt5220122	tt5220122	Winnie	nm2490721	female	wiki	animal
hotel.transylva_tt5220122	tt5220122	Murray	nm1221047	male	wiki	other
hotel.transylva_tt5220122	tt5220122	Eunice	nm0000376	female	wiki	human
hotel.transylva_tt5220122	tt5220122	Tinkles	nm0926679	male	wiki	animal
hotel.transylva_tt5220122	tt5220122	Wayne	nm0000114	male	wiki	animal
hotel.transylva_tt5220122	tt5220122	Abominable_Snowman		unknown	none	animal
hotel.transylva_tt5220122	tt5220122	Wanda	nm0788340	female	wiki	animal
hotel.transylva_tt5220122	tt5220122	Sunny	nm3927383	female	wiki	animal
hotel.transylva_tt5220122	tt5220122	*Werewolf_Siblings		unknown	none	animal
hotel.transylva_tt5220122	tt5220122	Blue_Big_Lipped_Monster		unknown	none	other
hotel.transylva_tt5220122	tt5220122	Blobby_Son	nm0850733	male	wiki	other
hotel.transylva_tt5220122	tt5220122	Blue_Spiky_Monster		unknown	none	other
hotel.transylva_tt5220122	tt5220122	Monster_#1		unknown	none	other
hotel.transylva_tt5220122	tt5220122	Purple_One_Eye_Monster_White_Chin		unknown	none	other
hotel.transylva_tt5220122	tt5220122	Blue_Teeth_Monster		unknown	none	other
hotel.transylva_tt5220122	tt5220122	Pink_One-Eyed_Monster		unknown	none	other
hotel.transylva_tt5220122	tt5220122	Red_Big_Lipped_Monster		unknown	none	other
hotel.transylva_tt5220122	tt5220122	Vlad	nm0000316	male	wiki	human
hotel.transylva_tt5220122	tt5220122	Witch_#2	nm0613740	female	wiki	human
hotel.transylva_tt5220122	tt5220122	Monster_#2		unknown	none	other
hotel.transylva_tt5220122	tt5220122	Gremlin_Pilot	nm5263129	male	wiki	other
hotel.transylva_tt5220122	tt5220122	Witch_#3	nm0037167	female	wiki	human
hotel.transylva_tt5220122	tt5220122	Frankenlady	nm0152839	female	wiki	human
hotel.transylva_tt5220122	tt5220122	Lucy	nm9324665	unknown	none	other
hotel.transylva_tt5220122	tt5220122	Skeleton		unknown	none	human
hotel.transylva_tt5220122	tt5220122	Gremlin_Stewardess	nm5263129	male	wiki	other
hotel.transylva_tt5220122	tt5220122	Witch_#1	nm0613740	female	wiki	human
hotel.transylva_tt5220122	tt5220122	Hydra_Monster		unknown	none	other
hotel.transylva_tt5220122	tt5220122	Stan	nm0663177	male	wiki	animal
hotel.transylva_tt5220122	tt5220122	Austrian_Boy	nm3692199	male	wiki	human
hotel.transylva_tt5220122	tt5220122	Gremlins	nm5263129	male	wiki	other
hotel.transylva_tt5220122	tt5220122	Kelsey	nm0613740	female	wiki	other
hotel.transylva_tt5220122	tt5220122	Chupacabra	nm0131781	male	wiki	other
hotel.transylva_tt5220122	tt5220122	Zingr_Witch	nm0037167	female	wiki	human
how.to.train.yo_tt0892769	tt0892769	Hiccup_Haddock_III	nm0059431	male	wiki	human
how.to.train.yo_tt0892769	tt0892769	Stoick_the_Vast	nm0124930	male	wiki	human
how.to.train.yo_tt0892769	tt0892769	Astrid_Hofferson	nm1065229	female	wiki	human
how.to.train.yo_tt0892769	tt0892769	Toothless	nm0858378	male	wiki	other
how.to.train.yo_tt0892769	tt0892769	Gobber_the_Belch	nm0272401	male	wiki	human
how.to.train.yo_tt0892769	tt0892769	Snotlout_Jorgenson	nm1706767	male	wiki	human
how.to.train.yo_tt0892769	tt0892769	Fishlegs	nm2395586	male	wiki	human
how.to.train.yo_tt0892769	tt0892769	Tuffnut_Thorston	nm2554352	male	wiki	human
how.to.train.yo_tt0892769	tt0892769	Ruffnut_Thorston	nm1325419	female	wiki	human
how.to.train.yo_tt0892769	tt0892769	Hookfang		male	fandom	other
how.to.train.yo_tt0892769	tt0892769	Barf_and_Belch		unknown	none	other
how.to.train.yo_tt0892769	tt0892769	Deadly_Nadder		unknown	none	other
how.to.train.yo_tt0892769	tt0892769	Meatlug		unknown	none	other
how.to.train.yo_tt0892769	tt0892769	Gothi		female	fandom	human
how.to.train.yo_tt0892769	tt0892769	Hideous_Zippleback		unknown	none	other
how.to.train.yo_tt1646971	tt1646971	Hiccup_Horrendous_Haddock_III_(Franchise)	nm0059431	male	wiki	human
how.to.train.yo_tt1646971	tt1646971	Valka_(Franchise)	nm0000949	female	wiki	human
how.to.train.yo_tt1646971	tt1646971	Toothless_(Franchise)	nm0858378	male	wiki	other
how.to.train.yo_tt1646971	tt1646971	Astrid_Hofferson_(Franchise)	nm1065229	female	wiki	human
how.to.train.yo_tt1646971	tt1646971	Stoick_the_Vast_(Franchise)	nm0124930	male	wiki	human
how.to.train.yo_tt1646971	tt1646971	Eret,_Son_of_Eret_(Franchise)	nm3229685	male	wiki	human
how.to.train.yo_tt1646971	tt1646971	Drago_Bludvist_(Franchise)	nm0005023	male	wiki	human
how.to.train.yo_tt1646971	tt1646971	Snotlout_Jorgenson_(Franchise)	nm1706767	male	wiki	human
how.to.train.yo_tt1646971	tt1646971	Drago's_Bewilderbeast		male	fandom	human
how.to.train.yo_tt1646971	tt1646971	Stormfly		female	fandom	other
how.to.train.yo_tt1646971	tt1646971	Gobber_the_Belch_(Franchise)	nm0272401	male	wiki	human
how.to.train.yo_tt1646971	tt1646971	Fishlegs_Ingerman_(Franchise)	nm2395586	male	wiki	human
how.to.train.yo_tt1646971	tt1646971	Ruffnut_Thorston_(Franchise)	nm1325419	female	wiki	human
how.to.train.yo_tt1646971	tt1646971	Cloudjumper		male	fandom	other
how.to.train.yo_tt1646971	tt1646971	Skullcrusher		male	fandom	other
how.to.train.yo_tt1646971	tt1646971	Tuffnut_Thorston_(Franchise)	nm2554352	male	wiki	human
how.to.train.yo_tt1646971	tt1646971	Spitelout		male	fandom	human
how.to.train.yo_tt1646971	tt1646971	Grump		male	fandom	other
how.to.train.yo_tt1646971	tt1646971	Barf_and_Belch_(Franchise)		male	fandom	other
how.to.train.yo_tt1646971	tt1646971	Gothi_(Franchise)		female	fandom	human
how.to.train.yo_tt2386490	tt2386490	Hiccup	nm0059431	male	wiki	human
how.to.train.yo_tt2386490	tt2386490	Astrid	nm1065229	female	wiki	human
how.to.train.yo_tt2386490	tt2386490	Toothless	nm0858378	male	wiki	other
how.to.train.yo_tt2386490	tt2386490	Grimmel	nm0000719	male	wiki	human
how.to.train.yo_tt2386490	tt2386490	Valka	nm0000949	female	wiki	human
how.to.train.yo_tt2386490	tt2386490	Light_Fury		female	fandom	other
how.to.train.yo_tt2386490	tt2386490	Snotlout	nm1706767	male	wiki	human
how.to.train.yo_tt2386490	tt2386490	Eret	nm3229685	male	wiki	human
how.to.train.yo_tt2386490	tt2386490	Hiccup_(Young)	nm7851743	unknown	none	human
how.to.train.yo_tt2386490	tt2386490	Tuffnut	nm5004187	male	fandom	human
how.to.train.yo_tt2386490	tt2386490	Stormfly		female	fandom	other
how.to.train.yo_tt2386490	tt2386490	Ruffnut	nm1325419	female	wiki	human
how.to.train.yo_tt2386490	tt2386490	Gobber	nm0272401	male	wiki	human
how.to.train.yo_tt2386490	tt2386490	Ragnar_the_Rock	nm0959963	male	wiki	human
how.to.train.yo_tt2386490	tt2386490	Stoick	nm0124930	male	wiki	human
how.to.train.yo_tt2386490	tt2386490	Hobgobbler		unknown	none	other
how.to.train.yo_tt2386490	tt2386490	Skullcrusher		male	fandom	other
how.to.train.yo_tt2386490	tt2386490	Fishlegs	nm2395586	male	wiki	human
how.to.train.yo_tt2386490	tt2386490	Ivar_the_Witless	nm0855039	male	wiki	human
how.to.train.yo_tt2386490	tt2386490	Spitelout	nm0855039	male	wiki	human
how.to.train.yo_tt2386490	tt2386490	Griselda_the_Grevious	nm1160735	female	fandom	human
how.to.train.yo_tt2386490	tt2386490	Baby_Deadly_Nadder		unknown	none	other
hunchback.of.no_tt0116583	tt0116583	Quasimodo	nm0001371	male	wiki	human
hunchback.of.no_tt0116583	tt0116583	Frollo	nm0419645	male	wiki	human
hunchback.of.no_tt0116583	tt0116583	Esmeralda	nm0000193	female	wiki	human
hunchback.of.no_tt0116583	tt0116583	Phoebus	nm0000177	male	wiki	human
hunchback.of.no_tt0116583	tt0116583	Hugo	nm0004517	male	wiki	other
hunchback.of.no_tt0116583	tt0116583	Laverne	nm0926897	female	wiki	other
hunchback.of.no_tt0116583	tt0116583	Victor	nm0453909	male	wiki	other
hunchback.of.no_tt0116583	tt0116583	Guards	nm0191906	male	wiki	human
hunchback.of.no_tt0116583	tt0116583	Archdeacon	nm0001773	male	wiki	human
hunchback.of.no_tt0116583	tt0116583	Clopin	nm0437199	male	wiki	human
hunchback.of.no_tt0116583	tt0116583	Dijali	nm0074834	male	fandom	animal
hunchback.of.no_tt0116583	tt0116583	Gypsies	nm0191906	male	wiki	human
hunchback.of.no_tt0116583	tt0116583	Quasimodo's_Mother	nm0074834	female	wiki	human
hunchback.of.no_tt0116583	tt0116583	Old_Heretic	nm0873779	male	wiki	human
ice.age_tt0268380	tt0268380	Sid	nm0000491	male	wiki	animal
ice.age_tt0268380	tt0268380	Roshan,_the_Infant	nm0152839	female	wiki	animal
ice.age_tt0268380	tt0268380	Diego	nm0001459	male	wiki	animal
ice.age_tt0268380	tt0268380	Manny	nm0005380	male	wiki	animal
ice.age_tt0268380	tt0268380	Soto	nm0899681	male	wiki	animal
ice.age_tt0268380	tt0268380	Scrat	nm0917188	male	wiki	animal
ice.age_tt0268380	tt0268380	Runar		male	fandom	animal
ice.age_tt0268380	tt0268380	Carl	nm0147825	male	wiki	animal
ice.age_tt0268380	tt0268380	Frank	nm0740535	male	wiki	animal
ice.age_tt0268380	tt0268380	Nadia	nm18317007	female	fandom	animal
ice.age_tt0268380	tt0268380	Zeke	nm0085312	male	wiki	animal
ice.age_tt0268380	tt0268380	Jennifer	nm0005105	female	wiki	animal
ice.age_tt0268380	tt0268380	Dodo_5	nm0917188	male	wiki	animal
ice.age_tt0268380	tt0268380	Rachel	nm0046715	female	wiki	animal
ice.age_tt0268380	tt0268380	Lenny	nm0876138	male	wiki	animal
ice.age_tt0268380	tt0268380	Start_1	nm0740535	male	wiki	animal
ice.age_tt0268380	tt0268380	Freaky_Mammal_1	nm0010004	male	wiki	animal
ice.age_tt0268380	tt0268380	Glypto_1	nm0226986	female	wiki	animal
ice.age_tt0268380	tt0268380	Freaky_Mammal_2	nm0876138	male	wiki	animal
ice.age.collisi_tt3416828	tt3416828	Pythagoras_Buck	nm0670408	male	wiki	animal
ice.age.collisi_tt3416828	tt3416828	Peaches	nm1551130	female	wiki	animal
ice.age.collisi_tt3416828	tt3416828	Sid	nm0000491	male	wiki	animal
ice.age.collisi_tt3416828	tt3416828	Diego	nm0001459	male	wiki	animal
ice.age.collisi_tt3416828	tt3416828	Ellie	nm0001451	female	wiki	animal
ice.age.collisi_tt3416828	tt3416828	Julian	nm2796745	male	wiki	animal
ice.age.collisi_tt3416828	tt3416828	Manny	nm0005380	male	wiki	animal
ice.age.collisi_tt3416828	tt3416828	Shira	nm0000182	female	wiki	animal
ice.age.collisi_tt3416828	tt3416828	Eddie	nm0669681	male	wiki	animal
ice.age.collisi_tt3416828	tt3416828	Brooke	nm3697476	female	wiki	animal
ice.age.collisi_tt3416828	tt3416828	Gavin	nm0644406	male	wiki	animal
ice.age.collisi_tt3416828	tt3416828	Gertie	nm3715867	female	wiki	animal
ice.age.collisi_tt3416828	tt3416828	Scrat	nm0917188	male	wiki	animal
ice.age.collisi_tt3416828	tt3416828	Crash	nm0005405	male	wiki	animal
ice.age.collisi_tt3416828	tt3416828	Granny	nm0843100	female	wiki	animal
ice.age.collisi_tt3416828	tt3416828	Andrew_Aardvark	nm8285160	unknown	none	animal
ice.age.collisi_tt3416828	tt3416828	Shangri_Llama	nm0272479	male	wiki	animal
ice.age.collisi_tt3416828	tt3416828	Roger	nm0339011	male	wiki	animal
ice.age.collisi_tt3416828	tt3416828	Steffie		female	fandom	animal
ice.age.collisi_tt3416828	tt3416828	Neil_deBuck_Weasel	nm1183205	male	wiki	animal
ice.age.collisi_tt3416828	tt3416828	Bubbles	nm6530360	female	wiki	animal
ice.age.collisi_tt3416828	tt3416828	Teddy	nm1476939	male	wiki	animal
ice.age.collisi_tt3416828	tt3416828	Molehog_(character)		unknown	none	animal
ice.age.collisi_tt3416828	tt3416828	Geotopia_Diatryma		unknown	none	animal
ice.age.collisi_tt3416828	tt3416828	Geotopia_Palaeotherium		unknown	none	animal
ice.age.collisi_tt3416828	tt3416828	Mariachi_Band_Baptornis		unknown	none	animal
ice.age.collisi_tt3416828	tt3416828	Ethel		female	fandom	animal
ice.age.collisi_tt3416828	tt3416828	Vera		female	fandom	animal
ice.age.collisi_tt3416828	tt3416828	Lily_Start	nm5118132	unknown	none	animal
ice.age.collisi_tt3416828	tt3416828	Cindy		unknown	none	animal
ice.age.collisi_tt3416828	tt3416828	Mother_Triceratops		unknown	none	animal
ice.age.collisi_tt3416828	tt3416828	Mother_Aardvark		unknown	none	animal
ice.age.collisi_tt3416828	tt3416828	Geotopia_Shovelmouth		unknown	none	animal
ice.age.contine_tt1667889	tt1667889	Diego	nm0001459	male	wiki	animal
ice.age.contine_tt1667889	tt1667889	Sid	nm0000491	male	wiki	animal
ice.age.contine_tt1667889	tt1667889	Peaches	nm1551130	female	wiki	animal
ice.age.contine_tt1667889	tt1667889	Gutt	nm0227759	male	wiki	animal
ice.age.contine_tt1667889	tt1667889	Shira	nm0000182	female	wiki	animal
ice.age.contine_tt1667889	tt1667889	Manny	nm0005380	male	wiki	animal
ice.age.contine_tt1667889	tt1667889	Raz	nm2313103	female	wiki	animal
ice.age.contine_tt1667889	tt1667889	Louis	nm1265802	male	wiki	animal
ice.age.contine_tt1667889	tt1667889	Ellie	nm0001451	female	wiki	animal
ice.age.contine_tt1667889	tt1667889	Squint	nm2106637	male	wiki	animal
ice.age.contine_tt1667889	tt1667889	Marshall	nm1186843	male	wiki	animal
ice.age.contine_tt1667889	tt1667889	Flynn	nm0296545	male	wiki	animal
ice.age.contine_tt1667889	tt1667889	Katie	nm3529987	female	wiki	animal
ice.age.contine_tt1667889	tt1667889	Fuzzy		male	fandom	animal
ice.age.contine_tt1667889	tt1667889	Eunice	nm0066877	female	wiki	animal
ice.age.contine_tt1667889	tt1667889	Steffie	nm3747326	female	wiki	animal
ice.age.contine_tt1667889	tt1667889	Crash	nm0005405	male	wiki	animal
ice.age.contine_tt1667889	tt1667889	Silas		male	fandom	animal
ice.age.contine_tt1667889	tt1667889	Meghan	nm1648386	female	wiki	animal
ice.age.contine_tt1667889	tt1667889	Opossum		unknown	none	animal
ice.age.contine_tt1667889	tt1667889	Chipmunk		unknown	none	animal
ice.age.contine_tt1667889	tt1667889	Mother_Aardvark		unknown	none	animal
ice.age.contine_tt1667889	tt1667889	Ethel		female	fandom	animal
ice.age.contine_tt1667889	tt1667889	Billy		male	fandom	animal
ice.age.dawn.of_tt1080016	tt1080016	Sid	nm0000491	male	wiki	animal
ice.age.dawn.of_tt1080016	tt1080016	Ellie	nm0001451	female	wiki	animal
ice.age.dawn.of_tt1080016	tt1080016	Buck	nm0670408	male	wiki	animal
ice.age.dawn.of_tt1080016	tt1080016	Diego	nm0001459	male	wiki	animal
ice.age.dawn.of_tt1080016	tt1080016	Manny	nm0005380	male	wiki	animal
ice.age.dawn.of_tt1080016	tt1080016	Crash	nm0005405	male	wiki	animal
ice.age.dawn.of_tt1080016	tt1080016	Eddie	nm0669681	male	wiki	animal
ice.age.dawn.of_tt1080016	tt1080016	Dinosaur_Babies	nm0757858	male	wiki	animal
ice.age.dawn.of_tt1080016	tt1080016	Scrat	nm0917188	male	wiki	animal
ice.age.dawn.of_tt1080016	tt1080016	Baby_Dinos		unknown	none	animal
ice.age.dawn.of_tt1080016	tt1080016	Momma_Dino	nm0919798	female	fandom	animal
ice.age.dawn.of_tt1080016	tt1080016	Scratte	nm0228327	female	wiki	animal
ice.age.dawn.of_tt1080016	tt1080016	Cindy		unknown	none	animal
ice.age.dawn.of_tt1080016	tt1080016	Blue_Dinosaur		unknown	none	animal
ice.age.dawn.of_tt1080016	tt1080016	Gazelle_(character)	nm0352778	male	wiki	animal
ice.age.dawn.of_tt1080016	tt1080016	Mean_Looking_Dinosaur		unknown	none	animal
ice.age.dawn.of_tt1080016	tt1080016	Ronald	nm3188600	unknown	none	animal
ice.age.dawn.of_tt1080016	tt1080016	Cretaceous_Tyrannosaurus		unknown	none	animal
ice.age.dawn.of_tt1080016	tt1080016	Billy		male	fandom	animal
ice.age.dawn.of_tt1080016	tt1080016	Molehog_(character)	nm1960185	unknown	none	animal
ice.age.dawn.of_tt1080016	tt1080016	Ethel		female	fandom	animal
ice.age.dawn.of_tt1080016	tt1080016	Vera		female	fandom	animal
ice.age.the.mel_tt0438097	tt0438097	Sid	nm0000491	male	wiki	animal
ice.age.the.mel_tt0438097	tt0438097	Diego	nm0001459	male	wiki	animal
ice.age.the.mel_tt0438097	tt0438097	Ellie	nm0001451	female	wiki	animal
ice.age.the.mel_tt0438097	tt0438097	Manny	nm0005380	male	wiki	animal
ice.age.the.mel_tt0438097	tt0438097	Scrat	nm0917188	male	wiki	animal
ice.age.the.mel_tt0438097	tt0438097	Eddie	nm0669681	male	wiki	animal
ice.age.the.mel_tt0438097	tt0438097	Opossum		unknown	none	animal
ice.age.the.mel_tt0438097	tt0438097	Mr/Mrs_Start	nm0004767	male	wiki	animal
ice.age.the.mel_tt0438097	tt0438097	Cindy		unknown	none	animal
ice.age.the.mel_tt0438097	tt0438097	Fast_Tony	nm0005143	male	wiki	animal
ice.age.the.mel_tt0438097	tt0438097	Ronald		unknown	none	animal
ice.age.the.mel_tt0438097	tt0438097	Ashley		unknown	none	animal
ice.age.the.mel_tt0438097	tt0438097	Billy	nm1462248	male	fandom	animal
ice.age.the.mel_tt0438097	tt0438097	Vulture	nm0324247	unknown	none	animal
ice.age.the.mel_tt0438097	tt0438097	Rose		unknown	none	animal
ice.age.the.mel_tt0438097	tt0438097	Layla_Zee		unknown	none	animal
ice.age.the.mel_tt0438097	tt0438097	Ethel		female	fandom	animal
ice.age.the.mel_tt0438097	tt0438097	Aardvark_Dad	nm0740535	male	wiki	animal
ice.age.the.mel_tt0438097	tt0438097	Lone_Gunslinger	nm0004715	male	wiki	animal
ice.age.the.mel_tt0438097	tt0438097	Mother_Opossum		female	fandom	animal
ice.age.the.mel_tt0438097	tt0438097	Cretaceous		male	fandom	animal
ice.age.the.mel_tt0438097	tt0438097	Molehog_(character)	nm1723600	male	wiki	animal
ice.age.the.mel_tt0438097	tt0438097	Vera		female	fandom	animal
ice.age.the.mel_tt0438097	tt0438097	Crash	nm0005405	male	wiki	animal
ice.age.the.mel_tt0438097	tt0438097	Mother_Aardvark		unknown	none	animal
ice.age.the.mel_tt0438097	tt0438097	Bird	nm9225409	unknown	none	animal
imaginary.frien_tt11152168	tt11152168	Blossom	nm3564817	female	wiki	other
imaginary.frien_tt11152168	tt11152168	Blue	nm0136797	male	wiki	other
imaginary.frien_tt11152168	tt11152168	Art_Teacher	nm0420955	male	wiki	human
imaginary.frien_tt11152168	tt11152168	Lewis	nm0001283	male	wiki	animal
imaginary.frien_tt11152168	tt11152168	Unicorn	nm1289434	female	wiki	animal
imaginary.frien_tt11152168	tt11152168	Ice	nm0177896	male	wiki	other
imaginary.frien_tt11152168	tt11152168	Ally	nm0748973	female	wiki	animal
imaginary.frien_tt11152168	tt11152168	SDog	nm0005377	male	wiki	animal
imaginary.frien_tt11152168	tt11152168	Bubble	nm5377144	female	wiki	other
imaginary.frien_tt11152168	tt11152168	Sunny	nm0000354	male	wiki	other
imaginary.frien_tt11152168	tt11152168	Marshmallow	nm1024677	male	wiki	other
imaginary.frien_tt11152168	tt11152168	Magician_Mouse	nm1724319	male	wiki	animal
imaginary.frien_tt11152168	tt11152168	Red_Creature		unknown	none	other
imaginary.frien_tt11152168	tt11152168	Green_Creature		unknown	none	other
imaginary.frien_tt11152168	tt11152168	Robot	nm0829537	male	wiki	other
imaginary.frien_tt11152168	tt11152168	Blue_Creature	nm0136797	male	wiki	other
imaginary.frien_tt11152168	tt11152168	Cosmo	nm0005221	male	wiki	other
imaginary.frien_tt11152168	tt11152168	Octocat	nm0515116	female	wiki	other
imaginary.frien_tt11152168	tt11152168	Spaceman	nm0000123	male	wiki	other
incredibles_tt0317705	tt0317705	Mr._Incredible_/_Bob_Parr	nm0005266	male	wiki	human
incredibles_tt0317705	tt0317705	Elastigirl_/_Helen_Parr	nm0000456	female	wiki	human
incredibles_tt0317705	tt0317705	Dashiell	nm1714016	male	wiki	human
incredibles_tt0317705	tt0317705	Violet_Parr	nm1102970	female	wiki	human
incredibles_tt0317705	tt0317705	Edna	nm0083348	female	fandom	human
incredibles_tt0317705	tt0317705	Syndrome_/_Buddy_Pine	nm0005134	male	wiki	human
incredibles_tt0317705	tt0317705	Violet_(without_costume)	nm1102970	female	wiki	human
incredibles_tt0317705	tt0317705	Mirage	nm0001615	female	wiki	human
incredibles_tt0317705	tt0317705	Jack-Jack_Parr	nm1747568	male	fandom	human
incredibles_tt0317705	tt0317705	Frozone_/_Lucius_Best	nm0000168	male	wiki	human
incredibles_tt0317705	tt0317705	Gilbert_Huph	nm0001728	male	wiki	human
incredibles_tt0317705	tt0317705	Guard_#1		unknown	none	human
incredibles_tt0317705	tt0317705	Incrediboy_/_Buddy_Pine	nm0005134	male	wiki	human
incredibles_tt0317705	tt0317705	Kari_McKeen		female	fandom	human
incredibles_tt0317705	tt0317705	Principal_John_Walker	nm1750699	unknown	none	human
incredibles_tt0317705	tt0317705	Tony_Rydinger	nm1520974	male	wiki	human
incredibles_tt0317705	tt0317705	Rick_Dicker	nm0524726	male	wiki	human
incredibles_tt0317705	tt0317705	Bernie_Kropp	nm0738918	male	wiki	human
incredibles_tt0317705	tt0317705	Police_Officer_#1		unknown	none	human
incredibles_tt0317705	tt0317705	Bomb_Voyage	nm0521861	male	wiki	human
incredibles_tt0317705	tt0317705	Mugger	nm0812307	male	wiki	human
incredibles_tt0317705	tt0317705	Mrs._Hogenson	nm0801548	female	wiki	human
incredibles_tt0317705	tt0317705	Underminer	nm0001652	male	wiki	human
incredibles_tt0317705	tt0317705	Squeaker's_Owner	nm0912243	unknown	none	human
incredibles_tt0317705	tt0317705	Minister		unknown	none	human
incredibles.2_tt3606756	tt3606756	Helen_Parr_(Elastigirl)	nm0000456	female	wiki	human
incredibles.2_tt3606756	tt3606756	Bob_Parr	nm0005266	male	wiki	human
incredibles.2_tt3606756	tt3606756	Violet_Parr	nm1102970	female	wiki	human
incredibles.2_tt3606756	tt3606756	Jack-Jack_Parr	nm1747568	male	fandom	human
incredibles.2_tt3606756	tt3606756	Dash_Parr	nm9133740	male	fandom	human
incredibles.2_tt3606756	tt3606756	Winston_Deavor	nm0644022	male	wiki	human
incredibles.2_tt3606756	tt3606756	Evelyn_Deavor	nm0001416	female	wiki	human
incredibles.2_tt3606756	tt3606756	Edna_Mode	nm0083348	female	fandom	human
incredibles.2_tt3606756	tt3606756	Tony_Rydinger	nm1520974	male	wiki	human
incredibles.2_tt3606756	tt3606756	Lucius_Best_(Frozone)	nm0000168	male	wiki	human
incredibles.2_tt3606756	tt3606756	Chad_Brentley	nm5108425	unknown	none	human
incredibles.2_tt3606756	tt3606756	Voyd	nm0124208	female	wiki	human
incredibles.2_tt3606756	tt3606756	Krushauer	nm0482851	male	wiki	human
incredibles.2_tt3606756	tt3606756	Rick_Dicker	nm0052186	male	wiki	human
incredibles.2_tt3606756	tt3606756	Brick		unknown	none	human
incredibles.2_tt3606756	tt3606756	Ambassador	nm0000618	female	wiki	human
incredibles.2_tt3606756	tt3606756	Screech		male	fandom	human
incredibles.2_tt3606756	tt3606756	He-lectrix	nm0482851	male	wiki	human
incredibles.2_tt3606756	tt3606756	Reflux	nm0251646	male	wiki	human
incredibles.2_tt3606756	tt3606756	Rocky		male	fandom	animal
incredibles.2_tt3606756	tt3606756	Fironic		unknown	none	human
incredibles.2_tt3606756	tt3606756	The_Underminer	nm0001652	male	wiki	human
inside.out_tt2096673	tt2096673	Joy	nm0688132	female	wiki	other
inside.out_tt2096673	tt2096673	Sadness	nm0809613	female	wiki	other
inside.out_tt2096673	tt2096673	Disgust	nm1411676	female	wiki	other
inside.out_tt2096673	tt2096673	Riley_Anderson	nm4609731	female	wiki	human
inside.out_tt2096673	tt2096673	Anger	nm0085400	male	wiki	other
inside.out_tt2096673	tt2096673	Bing_Bong	nm0454236	male	wiki	other
inside.out_tt2096673	tt2096673	Fear	nm0352778	male	wiki	other
inside.out_tt2096673	tt2096673	Riley's_Mom	nm0000178	female	wiki	human
inside.out_tt2096673	tt2096673	Riley's_Dad	nm0001492	male	wiki	human
inside.out_tt2096673	tt2096673	Riley_(Young)	nm7625985	unknown	none	human
inside.out_tt2096673	tt2096673	No_Pants_Girl	nm6032512	female	wiki	human
inside.out_tt2096673	tt2096673	Jordan		male	fandom	human
inside.out_tt2096673	tt2096673	Helicopter_Pilot	nm0016141	male	wiki	human
inside.out_tt2096673	tt2096673	Forgettor_Bobby	nm1293885	male	wiki	other
inside.out_tt2096673	tt2096673	Mom's_Sadness	nm0015935	female	wiki	other
inside.out_tt2096673	tt2096673	Dream_Director	nm0996134	female	wiki	other
inside.out_tt2096673	tt2096673	Mom�s_Disgust	nm0551065	female	wiki	other
inside.out_tt2096673	tt2096673	Mom's_Anger	nm0996134	female	wiki	other
inside.out_tt2096673	tt2096673	Mom�s_Fear	nm0628170	female	wiki	other
inside.out_tt2096673	tt2096673	Subconscious_Guard_Frank	nm0324397	male	wiki	other
inside.out_tt2096673	tt2096673	Mom�s_Joy	nm0528802	female	wiki	other
inside.out_tt2096673	tt2096673	Train_of_Thought_Conductor	nm1365137	male	wiki	other
inside.out_tt2096673	tt2096673	Dad's_Anger	nm0230032	male	wiki	other
inside.out_tt2096673	tt2096673	Riley's_Friend	nm5336046	unknown	none	human
inside.out_tt2096673	tt2096673	Teacher	nm0507097	female	wiki	human
inside.out_tt2096673	tt2096673	Jangles	nm2155757	male	wiki	other
inside.out_tt2096673	tt2096673	Fritz	nm0001652	male	wiki	other
inside.out_tt2096673	tt2096673	Subconscious_Guard_Dave	nm0000568	male	wiki	other
inside.out_tt2096673	tt2096673	Female_Mind_Worker	nm2264184	female	wiki	other
inside.out_tt2096673	tt2096673	Forgettor_Paula	nm0005323	female	wiki	other
inside.out_tt2096673	tt2096673	Dad�s_Fear	nm0016141	male	wiki	other
inside.out_tt2096673	tt2096673	Male_Mind_Worker	nm0215455	male	wiki	other
inside.out_tt2096673	tt2096673	Mind_Worker_Cop_Jake	nm0281359	male	wiki	other
inside.out_tt2096673	tt2096673	Clown's_Joy	nm0755969	male	wiki	other
inside.out_tt2096673	tt2096673	Male_Cloud	nm0297306	male	wiki	other
inside.out.2_tt22022452	tt22022452	Joy	nm0688132	female	wiki	other
inside.out.2_tt22022452	tt22022452	Disgust	nm0487594	female	wiki	other
inside.out.2_tt22022452	tt22022452	Sadness	nm0809613	female	wiki	other
inside.out.2_tt22022452	tt22022452	Riley_Anderson	nm10143485	female	wiki	human
inside.out.2_tt22022452	tt22022452	Anxiety	nm1638321	female	wiki	other
inside.out.2_tt22022452	tt22022452	Fear	nm0355024	male	wiki	other
inside.out.2_tt22022452	tt22022452	Envy	nm8731249	female	wiki	other
inside.out.2_tt22022452	tt22022452	Mom's_Anger	nm0996134	female	wiki	other
inside.out.2_tt22022452	tt22022452	Anger	nm0085400	male	wiki	other
inside.out.2_tt22022452	tt22022452	Grace	nm10838946	female	wiki	human
inside.out.2_tt22022452	tt22022452	Embarrassment	nm3236159	male	wiki	other
inside.out.2_tt22022452	tt22022452	Valentina		unknown	none	human
inside.out.2_tt22022452	tt22022452	Bree	nm15902390	unknown	none	human
inside.out.2_tt22022452	tt22022452	Dad's_Anger	nm0230032	male	wiki	other
inside.out.2_tt22022452	tt22022452	Riley's_Mom	nm0000178	female	wiki	human
inside.out.2_tt22022452	tt22022452	Ennui	nm2650819	female	wiki	other
inside.out.2_tt22022452	tt22022452	Coach_Roberts	nm1304328	female	wiki	human
inside.out.2_tt22022452	tt22022452	Bloofy	nm3236733	male	wiki	other
inside.out.2_tt22022452	tt22022452	Riley's_Dad	nm0001492	male	wiki	human
inside.out.2_tt22022452	tt22022452	Lance_Slashblade	nm10173973	male	wiki	human
inside.out.2_tt22022452	tt22022452	Pouchy	nm4562498	male	wiki	other
inside.out.2_tt22022452	tt22022452	Deep_Dark_Secret	nm0700760	male	wiki	other
inside.out.2_tt22022452	tt22022452	Foreman	nm0857130	male	wiki	other
inside.out.2_tt22022452	tt22022452	Fritz	nm0001652	male	wiki	other
inside.out.2_tt22022452	tt22022452	Margie	nm0710605	female	wiki	other
inside.out.2_tt22022452	tt22022452	Nostalgia	nm0820053	female	wiki	human
inside.out.2_tt22022452	tt22022452	Jake	nm0281359	male	wiki	other
inside.out.2_tt22022452	tt22022452	Forgetter_Bobby	nm1293885	male	wiki	other
inside.out.2_tt22022452	tt22022452	Mind_Cop_Frank	nm0324397	male	wiki	other
inside.out.2_tt22022452	tt22022452	Mind_Cop_Dave	nm0000568	male	wiki	other
inside.out.2_tt22022452	tt22022452	Forgetter_Paula	nm0005323	female	wiki	other
jungle_book	tt3040964	Akela	nm0002064	male	wiki	animal
jungle_book	tt3040964	Bagheera	nm0001426	male	wiki	animal
jungle_book	tt3040964	King_Louie	nm0000686	male	wiki	animal
jungle_book	tt3040964	Raksha	nm2143282	female	wiki	animal
jungle_book	tt3040964	Gray		unknown	none	animal
jungle_book	tt3040964	Shere_Khan	nm0252961	male	wiki	animal
jungle_book	tt3040964	Pygmy_Hog	nm0269463	male	wiki	animal
jungle_book	tt3040964	Giant_Squirrel	nm0000600	male	wiki	animal
jungle_book	tt3040964	Neelgai_Deer	nm1229832	female	wiki	animal
jungle.book_tt0061852	tt0061852	Mowgli	nm0718624	male	wiki	human
jungle.book_tt0061852	tt0061852	Baloo	nm0365201	male	wiki	animal
jungle.book_tt0061852	tt0061852	Bagheera	nm0001982	male	wiki	animal
jungle.book_tt0061852	tt0061852	Shere_Khan	nm0001695	male	wiki	animal
jungle.book_tt0061852	tt0061852	Kaa	nm0001359	male	wiki	animal
jungle.book_tt0061852	tt0061852	Buzzie	nm0641729	male	wiki	animal
jungle.book_tt0061852	tt0061852	King_Louie	nm0697515	male	wiki	animal
jungle.book_tt0061852	tt0061852	Colonel_Hathi	nm0641729	male	wiki	animal
jungle.book_tt0061852	tt0061852	Flaps	nm0399913	male	wiki	animal
jungle.book_tt0061852	tt0061852	Ziggy	nm0938028	male	wiki	animal
jungle.book_tt0061852	tt0061852	Junior	nm0397212	male	wiki	animal
jungle.book_tt0061852	tt0061852	Winifred	nm0271658	female	wiki	animal
jungle.book_tt0061852	tt0061852	Rama	nm0942220	male	wiki	animal
jungle.book_tt0061852	tt0061852	Akela	nm0007995	male	wiki	animal
jungle.book_tt0061852	tt0061852	Dizzy	nm0835665	male	wiki	animal
jungle.book_tt0061852	tt0061852	Shanti	nm0139669	female	wiki	human
jungle.book_tt0061852	tt0061852	Slob_Elephant	nm0808401	male	wiki	animal
king.of.kings_tt7967302	tt7967302	Walter_Dickens	nm9877392	male	wiki	human
king.of.kings_tt7967302	tt7967302	Charles_Dickens	nm0000110	male	wiki	human
king.of.kings_tt7967302	tt7967302	Jesus_Christ	nm1209966	male	wiki	human
king.of.kings_tt7967302	tt7967302	Peter	nm0001845	male	wiki	human
king.of.kings_tt7967302	tt7967302	Human_character_1		unknown	none	human
king.of.kings_tt7967302	tt7967302	Catherine_Dickens	nm0000235	female	wiki	human
king.of.kings_tt7967302	tt7967302	Human_character_3		unknown	none	human
king.of.kings_tt7967302	tt7967302	Pharisee_Eleazar	nm0851317	male	wiki	human
king.of.kings_tt7967302	tt7967302	Thomas	nm0852517	male	wiki	human
king.of.kings_tt7967302	tt7967302	Human_character_2		unknown	none	human
king.of.kings_tt7967302	tt7967302	Cat	nm0048389	male	wiki	animal
king.of.kings_tt7967302	tt7967302	Pharisee_Hillel	nm0191906	male	wiki	human
king.of.kings_tt7967302	tt7967302	Dismas	nm0191906	male	wiki	human
king.of.kings_tt7967302	tt7967302	Phillip	nm0852517	male	wiki	human
king.of.kings_tt7967302	tt7967302	Roman		unknown	none	human
king.of.kings_tt7967302	tt7967302	Matthew	nm0852517	male	wiki	human
king.of.kings_tt7967302	tt7967302	Mary_of_Bethany	nm0551223	female	wiki	human
king.of.kings_tt7967302	tt7967302	High_Priest_Caiaphas	nm0001426	male	wiki	human
king.of.kings_tt7967302	tt7967302	Pontius_Pilate	nm0000112	male	wiki	human
king.of.kings_tt7967302	tt7967302	King_Herod	nm0000434	male	wiki	human
king.of.kings_tt7967302	tt7967302	Adulteress	nm0551223	female	wiki	human
king.of.kings_tt7967302	tt7967302	James_the_Greater	nm0191906	male	wiki	human
king.of.kings_tt7967302	tt7967302	Willa_the_Cat	nm0048389	male	wiki	human
kung.fu.panda_tt0441773	tt0441773	Po	nm0085312	male	wiki	animal
kung.fu.panda_tt0441773	tt0441773	Shifu	nm0000163	male	wiki	animal
kung.fu.panda_tt0441773	tt0441773	Tigress	nm0001401	female	wiki	animal
kung.fu.panda_tt0441773	tt0441773	Tai_Lung	nm0574534	male	wiki	animal
kung.fu.panda_tt0441773	tt0441773	Monkey	nm0000329	male	wiki	animal
kung.fu.panda_tt0441773	tt0441773	Oogway	nm0453641	male	wiki	animal
kung.fu.panda_tt0441773	tt0441773	Viper	nm0005154	female	wiki	animal
kung.fu.panda_tt0441773	tt0441773	Mr._Ping	nm0393222	male	wiki	animal
kung.fu.panda_tt0441773	tt0441773	Bunny_Fan_2	nm3031036	unknown	none	animal
kung.fu.panda_tt0441773	tt0441773	Crane	nm0189144	male	wiki	animal
kung.fu.panda_tt0441773	tt0441773	Bunny_Fan_1	nm5892273	unknown	none	animal
kung.fu.panda_tt0441773	tt0441773	Commander_Vachir	nm0003817	male	wiki	animal
kung.fu.panda_tt0441773	tt0441773	Pig_Patron	nm0651706	male	wiki	animal
kung.fu.panda_tt0441773	tt0441773	JR_Shaw	nm0715469	male	wiki	animal
kung.fu.panda_tt0441773	tt0441773	Muh_Lin		unknown	none	animal
kung.fu.panda_tt0441773	tt0441773	Rhino_Guard	nm0828970	male	wiki	animal
kung.fu.panda_tt0441773	tt0441773	Bunny_Mom	nm0167795	female	wiki	animal
kung.fu.panda_tt0441773	tt0441773	Mantis	nm0736622	male	wiki	animal
kung.fu.panda_tt0441773	tt0441773	Tai_Lung_(Baby)	nm3031107	male	fandom	animal
kung.fu.panda_tt0441773	tt0441773	Gong_Pig	nm0443911	male	wiki	animal
kung.fu.panda_tt0441773	tt0441773	KG_Shaw	nm0309307	male	wiki	animal
kung.fu.panda.2_tt1302011	tt1302011	Po	nm0085312	male	wiki	animal
kung.fu.panda.2_tt1302011	tt1302011	Tigress	nm0001401	female	wiki	animal
kung.fu.panda.2_tt1302011	tt1302011	Shen	nm0000198	male	wiki	animal
kung.fu.panda.2_tt1302011	tt1302011	Monkey	nm0000329	male	wiki	animal
kung.fu.panda.2_tt1302011	tt1302011	Mr._Ping	nm0393222	male	wiki	animal
kung.fu.panda.2_tt1302011	tt1302011	Shifu	nm0000163	male	wiki	animal
kung.fu.panda.2_tt1302011	tt1302011	Soothsayer	nm0000706	female	wiki	animal
kung.fu.panda.2_tt1302011	tt1302011	Wolf_Boss	nm1104131	male	fandom	animal
kung.fu.panda.2_tt1302011	tt1302011	Wolf_Soldiers		unknown	none	animal
kung.fu.panda.2_tt1302011	tt1302011	Viper	nm0005154	female	wiki	animal
kung.fu.panda.2_tt1302011	tt1302011	Pig_Mother	nm0741891	female	wiki	animal
kung.fu.panda.2_tt1302011	tt1302011	Baby_Po	nm4477006	male	fandom	animal
kung.fu.panda.2_tt1302011	tt1302011	Wo_Hop		unknown	none	animal
kung.fu.panda.2_tt1302011	tt1302011	Crane	nm0189144	male	wiki	animal
kung.fu.panda.2_tt1302011	tt1302011	Gorilla_Guards		unknown	none	animal
kung.fu.panda.2_tt1302011	tt1302011	Master_Ox	nm0371660	male	wiki	animal
kung.fu.panda.2_tt1302011	tt1302011	Bunny_Fan	nm1931232	female	wiki	animal
kung.fu.panda.2_tt1302011	tt1302011	Master_Croc	nm0000241	male	wiki	animal
kung.fu.panda.2_tt1302011	tt1302011	Master_Rhino	nm0001255	male	wiki	animal
kung.fu.panda.2_tt1302011	tt1302011	Musician_Bunny	nm0005196	male	wiki	animal
kung.fu.panda.2_tt1302011	tt1302011	Market_Sheep	nm0866300	female	wiki	animal
kung.fu.panda.2_tt1302011	tt1302011	Antelope_Driver	nm1858563	unknown	none	animal
kung.fu.panda.2_tt1302011	tt1302011	Mantis	nm0736622	male	wiki	animal
kung.fu.panda.3_tt2267968	tt2267968	Po	nm0085312	male	wiki	animal
kung.fu.panda.3_tt2267968	tt2267968	Li	nm0186505	male	wiki	animal
kung.fu.panda.3_tt2267968	tt2267968	Bao	nm3241020	male	fandom	animal
kung.fu.panda.3_tt2267968	tt2267968	Hom_Lee	nm0001431	male	wiki	animal
kung.fu.panda.3_tt2267968	tt2267968	Shifu	nm0000163	male	wiki	animal
kung.fu.panda.3_tt2267968	tt2267968	Lei_Lei	nm4477006	female	fandom	animal
kung.fu.panda.3_tt2267968	tt2267968	Tigress	nm0001401	female	wiki	animal
kung.fu.panda.3_tt2267968	tt2267968	Kai	nm0799777	male	wiki	animal
kung.fu.panda.3_tt2267968	tt2267968	Mei_Mei	nm0005028	female	wiki	animal
kung.fu.panda.3_tt2267968	tt2267968	Grandma_Panda	nm0228183	female	wiki	animal
kung.fu.panda.3_tt2267968	tt2267968	Mr._Ping	nm0393222	male	wiki	animal
kung.fu.panda.3_tt2267968	tt2267968	Monkey	nm0000329	male	wiki	animal
kung.fu.panda.3_tt2267968	tt2267968	Dumpling_Record_Pig	nm1660488	unknown	none	animal
kung.fu.panda.3_tt2267968	tt2267968	Meng_Meng	nm2501840	unknown	none	animal
kung.fu.panda.3_tt2267968	tt2267968	Viper	nm0005154	female	wiki	animal
kung.fu.panda.3_tt2267968	tt2267968	Crane	nm0189144	male	wiki	animal
kung.fu.panda.3_tt2267968	tt2267968	Farmer_Rabbit	nm1964186	male	wiki	animal
kung.fu.panda.3_tt2267968	tt2267968	Oogway	nm0453641	male	wiki	animal
kung.fu.panda.3_tt2267968	tt2267968	Rabbit_Villager	nm7653970	unknown	none	animal
kung.fu.panda.3_tt2267968	tt2267968	Cheering_Bunny	nm4197002	unknown	none	animal
kung.fu.panda.3_tt2267968	tt2267968	Mrs._Chow	nm0393202	unknown	none	animal
kung.fu.panda.3_tt2267968	tt2267968	Master_Bear	nm0851317	male	wiki	animal
kung.fu.panda.3_tt2267968	tt2267968	Mantis	nm0736622	male	wiki	animal
kung.fu.panda.3_tt2267968	tt2267968	Ku_Ku	nm7882765	unknown	none	animal
kung.fu.panda.3_tt2267968	tt2267968	Master_Croc	nm0000241	male	wiki	animal
kung.fu.panda.3_tt2267968	tt2267968	Master_Chicken	nm0443911	male	wiki	animal
kung.fu.panda.4_tt21692408	tt21692408	Po	nm0085312	male	wiki	animal
kung.fu.panda.4_tt21692408	tt21692408	Zhen	nm5377144	female	wiki	animal
kung.fu.panda.4_tt21692408	tt21692408	Li	nm0186505	male	wiki	animal
kung.fu.panda.4_tt21692408	tt21692408	Chameleon	nm0205626	female	wiki	animal
kung.fu.panda.4_tt21692408	tt21692408	Wolf_Crime_Boss	nm0555462	female	wiki	animal
kung.fu.panda.4_tt21692408	tt21692408	Shifu	nm0000163	male	wiki	animal
kung.fu.panda.4_tt21692408	tt21692408	Mr._Ping	nm0393222	male	wiki	animal
kung.fu.panda.4_tt21692408	tt21692408	Questioned_Boar	nm0946382	male	wiki	animal
kung.fu.panda.4_tt21692408	tt21692408	Brown_Den_Bunny	nm14928870	unknown	none	animal
kung.fu.panda.4_tt21692408	tt21692408	Tai_Lung	nm0574534	male	wiki	animal
kung.fu.panda.4_tt21692408	tt21692408	White_Den_Bunny	nm12516698	unknown	none	animal
kung.fu.panda.4_tt21692408	tt21692408	Tavern_Patron_#2	nm0152059	male	wiki	animal
kung.fu.panda.4_tt21692408	tt21692408	Han	nm0702841	male	wiki	animal
kung.fu.panda.4_tt21692408	tt21692408	Dark_Brown_Den_Bunny	nm15823115	unknown	none	animal
kung.fu.panda.4_tt21692408	tt21692408	Action_Figure_Pig_Kid	nm12516698	unknown	none	animal
kung.fu.panda.4_tt21692408	tt21692408	Boastful_Komodo	nm0615015	male	wiki	animal
kung.fu.panda.4_tt21692408	tt21692408	Granny_Boar	nm0157937	female	wiki	animal
kung.fu.panda.4_tt21692408	tt21692408	Picture_Bunny_Kid	nm12516698	unknown	none	animal
kung.fu.panda.4_tt21692408	tt21692408	Bunny_Bartender	nm0615015	male	wiki	animal
kung.fu.panda.4_tt21692408	tt21692408	Autograph-Seeking_Fan_#1	nm1330174	unknown	none	animal
kung.fu.panda.4_tt21692408	tt21692408	Bull_Officer_#2	nm0796732	male	wiki	animal
kung.fu.panda.4_tt21692408	tt21692408	Bear_Crime_Boss	nm0152059	male	wiki	animal
kung.fu.panda.4_tt21692408	tt21692408	Ram_Foreman	nm0946382	male	wiki	animal
kung.fu.panda.4_tt21692408	tt21692408	Tigress		female	fandom	animal
kung.fu.panda.4_tt21692408	tt21692408	Badger_Crime_Boss	nm0913797	male	wiki	animal
kung.fu.panda.4_tt21692408	tt21692408	Croc_Crime_Boss	nm0569891	male	wiki	animal
kung.fu.panda.4_tt21692408	tt21692408	Bull_Officer_#1	nm0946382	male	wiki	animal
kung.fu.panda.4_tt21692408	tt21692408	Ram_Worker	nm0796732	male	wiki	animal
kung.fu.panda.4_tt21692408	tt21692408	Frightened_Ram	nm0615015	male	wiki	animal
kung.fu.panda.4_tt21692408	tt21692408	Piglet_#2	nm12516698	unknown	none	animal
kung.fu.panda.4_tt21692408	tt21692408	Last_Ram	nm0152059	male	wiki	animal
kung.fu.panda.4_tt21692408	tt21692408	Monkey		male	fandom	animal
kung.fu.panda.4_tt21692408	tt21692408	Fish	nm5307044	male	wiki	animal
kung.fu.panda.4_tt21692408	tt21692408	Goose_Jail_Guard	nm0615015	male	wiki	animal
kung.fu.panda.4_tt21692408	tt21692408	Mantis	nm0736622	male	wiki	animal
kung.fu.panda.4_tt21692408	tt21692408	Crane		male	fandom	animal
lady.and.the.tr_tt0048280	tt0048280	Lady	nm0524853	female	wiki	animal
lady.and.the.tr_tt0048280	tt0048280	Tramp	nm0731333	male	wiki	animal
lady.and.the.tr_tt0048280	tt0048280	Jock	nm0859892	male	wiki	animal
lady.and.the.tr_tt0048280	tt0048280	Trusty	nm0061649	male	wiki	animal
lady.and.the.tr_tt0048280	tt0048280	Pedro	nm0268428	male	wiki	animal
lady.and.the.tr_tt0048280	tt0048280	Peg	nm0498007	female	wiki	animal
lady.and.the.tr_tt0048280	tt0048280	Toughy	nm0268428	male	wiki	animal
lady.and.the.tr_tt0048280	tt0048280	Beaver	nm0292677	male	wiki	animal
lady.and.the.tr_tt0048280	tt0048280	Bull	nm0859892	male	wiki	animal
lady.and.the.tr_tt0048280	tt0048280	Boris	nm0715284	male	wiki	animal
lady.and.the.tr_tt0048280	tt0048280	Tony	nm0321473	male	wiki	human
lady.and.the.tr_tt0048280	tt0048280	Rat		unknown	none	animal
lady.and.the.tr_tt0048280	tt0048280	Si	nm0498007	female	wiki	animal
lady.and.the.tr_tt0048280	tt0048280	Joe	nm0859892	male	wiki	human
lady.and.the.tr_tt0048280	tt0048280	Hyena	nm0268428	male	wiki	animal
lady.and.the.tr_tt0048280	tt0048280	Professor	nm0268428	male	wiki	human
lady.and.the.tr_tt0048280	tt0048280	Dachsie	nm0859892	male	wiki	animal
lady.and.the.tr_tt0048280	tt0048280	Am	nm0498007	female	wiki	animal
lady.and.the.tr_tt0048280	tt0048280	Policeman	nm0859892	male	wiki	human
lady.and.the.tr_tt0048280	tt0048280	Aunt_Sarah	nm0271658	female	wiki	human
lady.and.the.tr_tt0048280	tt0048280	Chicken		unknown	none	animal
lady.and.the.tr_tt0048280	tt0048280	Alligator	nm0712391	male	wiki	animal
lady.and.the.tr_tt0048280	tt0048280	Dogcatcher	nm0587679	male	wiki	human
land.before.tim_tt0095489	tt0095489	Littlefoot	nm0198925	male	wiki	animal
land.before.tim_tt0095489	tt0095489	Cera	nm0404532	female	wiki	animal
land.before.tim_tt0095489	tt0095489	Ducky	nm0058279	female	wiki	animal
land.before.tim_tt0095489	tt0095489	Spike		male	fandom	animal
land.before.tim_tt0095489	tt0095489	Petrie	nm0752900	male	wiki	animal
land.before.tim_tt0095489	tt0095489	Littlefoot's_Mother	nm0001726	female	wiki	animal
land.before.tim_tt0095489	tt0095489	Rooter	nm0385757	male	wiki	animal
land.before.tim_tt0095489	tt0095489	Daddy_Topps	nm0126312	male	wiki	animal
land.before.tim_tt0095489	tt0095489	T_Rex		unknown	none	animal
land.before.tim_tt0095489	tt0095489	Crow_Character		unknown	none	animal
land.before.tim_tt0095489	tt0095489	Ducky's_Mom		unknown	none	animal
land.before.tim_tt0095489	tt0095489	Petrie's_Mom		unknown	none	animal
land.before.tim_tt0095489	tt0095489	Ankylosaurus_Character		unknown	none	animal
lego.batman.mov_tt4116284	tt4116284	Batman_/_Bruce_Wayne	nm0004715	male	wiki	human
lego.batman.mov_tt4116284	tt4116284	Robin_/_Dick_Grayson	nm0148418	male	wiki	human
lego.batman.mov_tt4116284	tt4116284	Batgirl_(no_mask)	nm0206257	female	wiki	human
lego.batman.mov_tt4116284	tt4116284	Joker	nm0302108	male	wiki	human
lego.batman.mov_tt4116284	tt4116284	Alfred_Pennyworth	nm0000146	male	wiki	human
lego.batman.mov_tt4116284	tt4116284	Bruce_Wayne	nm0004715	male	wiki	human
lego.batman.mov_tt4116284	tt4116284	Chief_O'Hara	nm6488029	female	fandom	human
lego.batman.mov_tt4116284	tt4116284	Harley_Quinn_/_Harleen_Quinzel	nm2809577	female	wiki	human
lego.batman.mov_tt4116284	tt4116284	Reporter_Pippa	nm0452716	female	wiki	human
lego.batman.mov_tt4116284	tt4116284	Superman_/_Clark_Kent_/_Kal-El	nm1475594	male	wiki	human
lego.batman.mov_tt4116284	tt4116284	Lord_Voldemort		unknown	none	human
lego.batman.mov_tt4116284	tt4116284	Flash_/_Barry_Allen	nm2796745	male	wiki	human
lego.batman.mov_tt4116284	tt4116284	Commissioner_James_Gordon	nm0001185	male	wiki	human
lego.batman.mov_tt4116284	tt4116284	Mayor_McCaskill	nm0001014	female	wiki	human
lego.batman.mov_tt4116284	tt4116284	Poison_Ivy_/_Pamela_Isley	nm1641251	female	wiki	human
lego.batman.mov_tt4116284	tt4116284	Kraken		unknown	none	other
lego.batman.mov_tt4116284	tt4116284	Tarantula		female	fandom	human
lego.batman.mov_tt4116284	tt4116284	Dracula		unknown	none	human
lego.batman.mov_tt4116284	tt4116284	March_Harriet		female	fandom	human
lego.batman.mov_tt4116284	tt4116284	Riddler_/_Edward_Nigma	nm0005277	male	wiki	human
lego.batman.mov_tt4116284	tt4116284	Reporter_3	nm0362534	male	wiki	human
lego.batman.mov_tt4116284	tt4116284	Pilot_Bill	nm0003021	male	wiki	human
lego.batman.mov_tt4116284	tt4116284	Catwoman_/_Selina_Kyle	nm2368789	female	wiki	human
lego.batman.mov_tt4116284	tt4116284	Agent_Smith		unknown	none	human
lego.batman.mov_tt4116284	tt4116284	Batgirl_/_Barbara_Gordon	nm0206257	female	wiki	human
lego.batman.mov_tt4116284	tt4116284	Captain_Dale	nm3025399	unknown	none	human
lego.batman.mov_tt4116284	tt4116284	Wonder_Woman_/_Diana		female	fandom	human
lego.batman.mov_tt4116284	tt4116284	Jor_El		unknown	none	human
lego.batman.mov_tt4116284	tt4116284	King_Tut		unknown	none	human
lego.batman.mov_tt4116284	tt4116284	Crazy_Quilt		unknown	none	human
lego.batman.mov_tt4116284	tt4116284	Anchorman_Phil	nm0123262	unknown	none	human
lego.batman.mov_tt4116284	tt4116284	Wicked_Witch_of_the_West		unknown	none	human
lego.batman.mov_tt4116284	tt4116284	Penguin_/_Oswald_Cobblepot		unknown	none	human
lego.batman.mov_tt4116284	tt4116284	Two-Face_/_Harvey_Dent	nm0001850	male	wiki	human
lego.batman.mov_tt4116284	tt4116284	Green_Lantern_/_Hal_Jordan	nm1706767	male	wiki	human
lego.batman.mov_tt4116284	tt4116284	Raptor		unknown	none	animal
lego.batman.mov_tt4116284	tt4116284	Captain_Boomerang		male	fandom	human
lego.batman.mov_tt4116284	tt4116284	Scarecrow_/_Jonathan_Crane	nm1727621	male	wiki	human
lego.batman.mov_tt4116284	tt4116284	Medusa		unknown	none	human
lego.batman.mov_tt4116284	tt4116284	Reporter_1	nm0615554	male	wiki	human
lego.batman.mov_tt4116284	tt4116284	Creature_of_the_Lagoon		unknown	none	other
lego.batman.mov_tt4116284	tt4116284	Orca		unknown	none	animal
lego.batman.mov_tt4116284	tt4116284	Aquaman_/_Arthur_Curry		unknown	none	human
lego.batman.mov_tt4116284	tt4116284	Zodiac_Master		unknown	none	human
lego.batman.mov_tt4116284	tt4116284	Killer_Moth		unknown	none	human
lego.batman.mov_tt4116284	tt4116284	Condiment_King		unknown	none	human
lego.batman.mov_tt4116284	tt4116284	Zebra_Man		unknown	none	human
lego.batman.mov_tt4116284	tt4116284	Martian_Manhunter_/_J'onn_J'onzz		unknown	none	other
lego.batman.mov_tt4116284	tt4116284	Calendar_Man		male	fandom	human
lego.batman.mov_tt4116284	tt4116284	Eraser		unknown	none	other
lego.movie_tt1490017	tt1490017	Emmet	nm0695435	male	wiki	human
lego.movie_tt1490017	tt1490017	Wyldstyle_/_Lucy	nm0006969	female	wiki	human
lego.movie_tt1490017	tt1490017	Lord_Business	nm0002071	male	wiki	human
lego.movie_tt1490017	tt1490017	Unikitty	nm1555340	female	wiki	animal
lego.movie_tt1490017	tt1490017	Batman_/_Bruce_Wayne	nm0004715	male	wiki	human
lego.movie_tt1490017	tt1490017	Bad_Cop	nm0000553	male	wiki	human
lego.movie_tt1490017	tt1490017	Benny	nm0206359	male	wiki	human
lego.movie_tt1490017	tt1490017	Superman_/_Clark_Kent_/_Kal-El	nm1475594	male	wiki	human
lego.movie_tt1490017	tt1490017	Octan_Robot	nm0123262	unknown	none	animal
lego.movie_tt1490017	tt1490017	Wally	nm2002649	male	wiki	animal
lego.movie_tt1490017	tt1490017	Vitruvius	nm0000151	male	wiki	human
lego.movie_tt1490017	tt1490017	Han_Solo	nm1584992	male	wiki	human
lego.movie_tt1490017	tt1490017	Gail	nm3596979	female	wiki	animal
lego.movie_tt1490017	tt1490017	Ma_Cop	nm3596979	female	wiki	animal
lego.movie_tt1490017	tt1490017	Robot_Foreman	nm3658001	unknown	none	animal
lego.movie_tt1490017	tt1490017	Foreman_Jim	nm1221047	male	wiki	animal
lego.movie_tt1490017	tt1490017	Michelangelo		unknown	none	animal
lego.movie_tt1490017	tt1490017	Pa_Cop	nm0000553	male	wiki	human
lego.movie_tt1490017	tt1490017	William_Shakespeare	nm1672246	male	wiki	human
lego.movie_tt1490017	tt1490017	Green_Lantern_/_Hal_Jordan	nm1706767	male	wiki	human
lego.movie_tt1490017	tt1490017	Barry	nm2159926	male	wiki	animal
lego.movie_tt1490017	tt1490017	Shaq	nm0641944	male	wiki	human
lego.movie_tt1490017	tt1490017	Surfer_Dave	nm2511956	unknown	none	animal
lego.movie_tt1490017	tt1490017	Wonder_Woman_/_Diana	nm1130627	female	wiki	human
lego.movie_tt1490017	tt1490017	Good_Cop	nm0000553	male	wiki	human
lego.movie_tt1490017	tt1490017	Lord_Business'_Assistant	nm2185982	unknown	none	animal
lego.movie_tt1490017	tt1490017	Lando_Calrissian	nm0001850	male	wiki	human
lego.movie_tt1490017	tt1490017	Larry_the_Barista	nm0003021	male	wiki	animal
lego.movie_tt1490017	tt1490017	Albus_Dumbledore		unknown	none	human
lego.movie_tt1490017	tt1490017	Abraham_Lincoln	nm0287182	male	wiki	human
lego.movie_tt1490017	tt1490017	Milhouse_Van_Houten		unknown	none	human
lego.movie_tt1490017	tt1490017	Flash		male	fandom	human
lego.movie.2.th_tt3513498	tt3513498	Emmet	nm0695435	male	wiki	human
lego.movie.2.th_tt3513498	tt3513498	Wyldstyle_/_Lucy	nm0006969	female	wiki	human
lego.movie.2.th_tt3513498	tt3513498	Rex_Dangervest	nm0695435	male	wiki	human
lego.movie.2.th_tt3513498	tt3513498	Batman_/_Bruce_Wayne	nm0004715	male	wiki	human
lego.movie.2.th_tt3513498	tt3513498	Queen_Watevra_Wa-Nabi	nm1840504	female	wiki	other
lego.movie.2.th_tt3513498	tt3513498	Unikitty_/_Ultrakatty	nm1555340	female	wiki	other
lego.movie.2.th_tt3513498	tt3513498	Superman_/_Clark_Kent_/_Kal-El	nm1475594	male	wiki	human
lego.movie.2.th_tt3513498	tt3513498	General_Sweet_Mayhem	nm3715867	female	wiki	human
lego.movie.2.th_tt3513498	tt3513498	Benny	nm0206359	male	wiki	human
lego.movie.2.th_tt3513498	tt3513498	Metalbeard	nm0644406	male	wiki	human
lego.movie.2.th_tt3513498	tt3513498	Banarnar	nm2355635	male	wiki	other
lego.movie.2.th_tt3513498	tt3513498	Dorothy		unknown	none	human
lego.movie.2.th_tt3513498	tt3513498	Ice_Cream_Cone	nm1547964	male	wiki	human
lego.movie.2.th_tt3513498	tt3513498	Octopus	nm0593610	male	wiki	other
lego.movie.2.th_tt3513498	tt3513498	Aquaman_/_Arthur_Curry	nm0597388	male	wiki	human
lego.movie.2.th_tt3513498	tt3513498	Balthazar	nm0276161	male	wiki	human
lego.movie.2.th_tt3513498	tt3513498	Wonder_Woman_/_Diana	nm1130627	female	wiki	human
lego.movie.2.th_tt3513498	tt3513498	Wonder_Woman_Duplo	nm8540920	female	fandom	human
lego.movie.2.th_tt3513498	tt3513498	Susan	nm2988870	female	fandom	human
lego.movie.2.th_tt3513498	tt3513498	President_Business	nm0002071	male	wiki	human
lego.movie.2.th_tt3513498	tt3513498	Chocolate_Bar	nm0588087	male	wiki	other
lego.movie.2.th_tt3513498	tt3513498	Hearts	nm4477006	unknown	none	other
lego.movie.2.th_tt3513498	tt3513498	Scarecrow		unknown	none	human
lego.movie.2.th_tt3513498	tt3513498	Gary_Payton	nm0668518	male	wiki	human
lego.movie.2.th_tt3513498	tt3513498	Surfer_/_Chainsaw_/_Purgatory_Dave	nm2511956	unknown	none	human
lego.movie.2.th_tt3513498	tt3513498	Plantimals	nm0588087	male	wiki	other
lego.movie.2.th_tt3513498	tt3513498	Sherry	nm0593610	male	wiki	human
lego.movie.2.th_tt3513498	tt3513498	Gandalf	nm3025399	male	fandom	human
lego.movie.2.th_tt3513498	tt3513498	Lex_Luthor	nm0054697	male	wiki	human
lego.movie.2.th_tt3513498	tt3513498	Tin_Man		unknown	none	other
lego.movie.2.th_tt3513498	tt3513498	Alfred_Pennyworth	nm0000146	male	wiki	human
lego.movie.2.th_tt3513498	tt3513498	Abraham_Lincoln	nm0287182	male	wiki	human
lego.movie.2.th_tt3513498	tt3513498	Cowardly_Lion		unknown	none	other
lego.movie.2.th_tt3513498	tt3513498	Larry_Poppins		unknown	none	human
lego.movie.2.th_tt3513498	tt3513498	Bruce_Willis	nm0000246	male	wiki	human
lego.movie.2.th_tt3513498	tt3513498	Sewer_Babies	nm4477006	unknown	none	human
lego.movie.2.th_tt3513498	tt3513498	Panda	nm2988870	unknown	none	animal
lego.ninjago.mo_tt3014284	tt3014284	Lloyd	nm2002649	male	wiki	human
lego.ninjago.mo_tt3014284	tt3014284	Lord_Garmadon	nm0857620	male	wiki	human
lego.ninjago.mo_tt3014284	tt3014284	Jay	nm3529685	male	wiki	human
lego.ninjago.mo_tt3014284	tt3014284	Cole	nm0035488	male	wiki	human
lego.ninjago.mo_tt3014284	tt3014284	Kai	nm0671567	male	wiki	human
lego.ninjago.mo_tt3014284	tt3014284	Nya	nm3434305	female	wiki	human
lego.ninjago.mo_tt3014284	tt3014284	Zane	nm2046855	male	wiki	human
lego.ninjago.mo_tt3014284	tt3014284	Master_Wu	nm0000329	male	wiki	human
lego.ninjago.mo_tt3014284	tt3014284	Koko	nm1601397	female	wiki	human
lego.ninjago.mo_tt3014284	tt3014284	General_Jolly	nm2511956	unknown	none	human
lego.ninjago.mo_tt3014284	tt3014284	General_Olivia	nm4399227	female	wiki	human
lego.ninjago.mo_tt3014284	tt3014284	Robin_Roberts	nm0731533	female	wiki	human
lego.ninjago.mo_tt3014284	tt3014284	Michael_Strahan	nm1476939	male	wiki	human
lego.ninjago.mo_tt3014284	tt3014284	Pilate_Studio_Owner	nm0496899	male	wiki	human
lego.ninjago.mo_tt3014284	tt3014284	Chen_the_Cheerleader	nm1320827	male	wiki	human
lego.ninjago.mo_tt3014284	tt3014284	Terri_IT_Nerd		unknown	none	human
lego.ninjago.mo_tt3014284	tt3014284	Maggie_the_Cheerleader		unknown	none	human
lego.ninjago.mo_tt3014284	tt3014284	Mayor	nm2090422	female	wiki	human
lego.ninjago.mo_tt3014284	tt3014284	Asimov_IT_Nerd	nm4351773	female	wiki	human
lego.ninjago.mo_tt3014284	tt3014284	Fuchsia_Ninja	nm0123262	unknown	none	human
lightyear_tt10298810	tt10298810	Buzz_Lightyear	nm0262635	male	wiki	human
lightyear_tt10298810	tt10298810	Alicia_Hawthorne	nm2499064	female	wiki	human
lightyear_tt10298810	tt10298810	Mo_Morrison	nm0169806	male	wiki	human
lightyear_tt10298810	tt10298810	Sox	nm0812307	male	wiki	animal
lightyear_tt10298810	tt10298810	Darby_Steel	nm0815831	female	wiki	human
lightyear_tt10298810	tt10298810	Featheringhamstan	nm0352778	male	wiki	human
lightyear_tt10298810	tt10298810	Izzy_Hawthorne	nm1551130	female	wiki	human
lightyear_tt10298810	tt10298810	Zurg	nm0000981	male	wiki	other
lightyear_tt10298810	tt10298810	Commander_Burnside	nm0926086	male	wiki	human
lightyear_tt10298810	tt10298810	Zyclops	nm0533691	female	wiki	other
lightyear_tt10298810	tt10298810	Airman_Diaz	nm0708293	male	wiki	human
lightyear_tt10298810	tt10298810	Izzy_(Young)	nm13756193	female	fandom	human
lilo..stitch_tt0275847	tt0275847	Lilo_Pelekai	nm0153738	female	wiki	human
lilo..stitch_tt0275847	tt0275847	Stitch	nm0761498	male	wiki	other
lilo..stitch_tt0275847	tt0275847	Nani_Pelekai	nm0000119	female	wiki	human
lilo..stitch_tt0275847	tt0275847	Jumba_Jookiba	nm0001773	male	wiki	human
lilo..stitch_tt0275847	tt0275847	Pleakley	nm0567852	male	wiki	human
lilo..stitch_tt0275847	tt0275847	David_Kawena	nm0001462	male	wiki	human
lilo..stitch_tt0275847	tt0275847	Grand_Councilwoman	nm0129807	female	wiki	other
lilo..stitch_tt0275847	tt0275847	Cobra_Bubbles	nm0000609	male	wiki	human
lilo..stitch_tt0275847	tt0275847	Mertle_Edmonds	nm1214261	female	wiki	human
lilo..stitch_tt0275847	tt0275847	Captain_Gantu	nm0724656	male	wiki	other
lilo..stitch_tt0275847	tt0275847	Moses_Puloki		male	fandom	human
lilo..stitch_tt0275847	tt0275847	Susan_Hegarty		unknown	none	human
lilo..stitch_tt0275847	tt0275847	Ice_Cream_Man	nm1191641;nm0120309	male	fandom	human
lion.king_tt0110357	tt0110357	Simba_(Young)	nm0001795	male	wiki	animal
lion.king_tt0110357	tt0110357	Simba	nm0000111	male	wiki	animal
lion.king_tt0110357	tt0110357	Scar	nm0000460	male	wiki	animal
lion.king_tt0110357	tt0110357	Timon	nm0001447	male	wiki	animal
lion.king_tt0110357	tt0110357	Pumbaa	nm0754676	male	wiki	animal
lion.king_tt0110357	tt0110357	Mufasa	nm0000469	male	wiki	animal
lion.king_tt0110357	tt0110357	Zazu	nm0000100	male	wiki	animal
lion.king_tt0110357	tt0110357	Sarafina	nm0494922	female	wiki	animal
lion.king_tt0110357	tt0110357	Rafiki	nm0347039	male	wiki	animal
lion.king_tt0110357	tt0110357	Sarabi	nm0801672	female	wiki	animal
lion.king_tt0110357	tt0110357	Ed	nm0191906	male	wiki	animal
lion.king_tt0110357	tt0110357	Shenzi	nm0000155	female	wiki	animal
lion.king_tt0110357	tt0110357	Nala	nm0446702	female	wiki	animal
lion.king_tt0110357	tt0110357	Nala_(Young)		female	fandom	animal
lion.king_tt0110357	tt0110357	Banzai	nm0001507	male	wiki	animal
lion.king_tt6105098	tt6105098	Simba_(Young)	nm6556377	male	wiki	animal
lion.king_tt6105098	tt6105098	Simba	nm2255973	male	wiki	animal
lion.king_tt6105098	tt6105098	Scar	nm0252230	male	wiki	animal
lion.king_tt6105098	tt6105098	Timon	nm2813994	male	wiki	animal
lion.king_tt6105098	tt6105098	Pumba	nm0736622	male	wiki	animal
lion.king_tt6105098	tt6105098	Nala_(Young)	nm8630978	female	wiki	animal
lion.king_tt6105098	tt6105098	Nala	nm0461498	female	wiki	animal
lion.king_tt6105098	tt6105098	Mufasa	nm0000469	male	wiki	animal
lion.king_tt6105098	tt6105098	Sarabi	nm0005569	female	wiki	animal
lion.king_tt6105098	tt6105098	Shenzi	nm0441042	female	wiki	animal
lion.king_tt6105098	tt6105098	Kamari	nm1221047	male	wiki	animal
lion.king_tt6105098	tt6105098	Rafiki	nm0434712	male	wiki	animal
lion.king_tt6105098	tt6105098	Azizi	nm2765191	male	wiki	animal
lion.king_tt6105098	tt6105098	Sarafina	nm0425982	female	wiki	animal
little.mermaid_tt0097757	tt0097757	Princess_Ariel	nm0072533	female	wiki	human
little.mermaid_tt0097757	tt0097757	Sebastian	nm0942787	male	wiki	animal
little.mermaid_tt0097757	tt0097757	Prince_Eric	nm0055549	male	wiki	human
little.mermaid_tt0097757	tt0097757	Ursula	nm0140946	female	wiki	human
little.mermaid_tt0097757	tt0097757	Flounder	nm0547465	male	wiki	animal
little.mermaid_tt0097757	tt0097757	Scuttle	nm0004983	male	wiki	animal
little.mermaid_tt0097757	tt0097757	King_Triton	nm0550318	male	wiki	human
little.mermaid_tt0097757	tt0097757	Grimsby	nm0942220	male	wiki	human
little.mermaid_tt0097757	tt0097757	Flotsam_and_Jetsam	nm0250252	female	wiki	animal
little.mermaid_tt0097757	tt0097757	Chef_Louis	nm0041281	male	wiki	human
little.mermaid_tt0097757	tt0097757	Max		male	fandom	animal
little.mermaid_tt0097757	tt0097757	Carlotta	nm0566052	female	wiki	human
little.mermaid_tt0097757	tt0097757	Seahorse	nm0752900	male	wiki	human
lorax_tt1482459	tt1482459	Ted	nm1374980	male	wiki	human
lorax_tt1482459	tt1482459	Once-ler	nm1159180	male	wiki	human
lorax_tt1482459	tt1482459	Forest_Animals	nm0719208	male	wiki	animal
lorax_tt1482459	tt1482459	Lorax	nm0000362	male	wiki	other
lorax_tt1482459	tt1482459	Humming_Fish	nm0232755	female	wiki	other
lorax_tt1482459	tt1482459	Ted's_Mom	nm2809577	female	wiki	human
lorax_tt1482459	tt1482459	O'Hare	nm1443527	male	wiki	human
lorax_tt1482459	tt1482459	Audrey	nm2357847	female	wiki	human
lorax_tt1482459	tt1482459	Grammy_Norma	nm0924508	female	wiki	human
lorax_tt1482459	tt1482459	Once-ler's_Mom	nm1840659	female	wiki	human
lorax_tt1482459	tt1482459	Aunt_Grizelda	nm0920800	female	wiki	human
lorax_tt1482459	tt1482459	Cy	nm0792165	male	wiki	human
lorax_tt1482459	tt1482459	Uncle_Ubb	nm0864997	male	wiki	human
lorax_tt1482459	tt1482459	Brett	nm0177528	male	wiki	human
lorax_tt1482459	tt1482459	Chet	nm0177528	male	wiki	human
lorax_tt1482459	tt1482459	Once-ler_Old	nm1159180	male	wiki	human
lord.of.the.rin_tt0077869	tt0077869	Frodo_Baggins	nm0345295	male	wiki	human
lord.of.the.rin_tt0077869	tt0077869	Aragorn	nm0000457	male	wiki	human
lord.of.the.rin_tt0077869	tt0077869	Samwise_Gamgee	nm0774578	male	wiki	human
lord.of.the.rin_tt0077869	tt0077869	Gandalf	nm0820109	male	wiki	human
lord.of.the.rin_tt0077869	tt0077869	Peregrin	nm0345297	male	wiki	human
lord.of.the.rin_tt0077869	tt0077869	Gimli	nm0118344	male	wiki	human
lord.of.the.rin_tt0077869	tt0077869	Legolas	nm0000355	male	wiki	human
lord.of.the.rin_tt0077869	tt0077869	Meriadoc	nm0151463	male	wiki	human
lord.of.the.rin_tt0077869	tt0077869	Witch-King		male	fandom	other
lord.of.the.rin_tt0077869	tt0077869	Bilbo_Baggins	nm0083424	male	wiki	human
lord.of.the.rin_tt0077869	tt0077869	Gollum_/_Smeagol	nm0940885	male	wiki	other
lord.of.the.rin_tt0077869	tt0077869	Elrond	nm0603682	male	wiki	human
lord.of.the.rin_tt0077869	tt0077869	Grishn�kh		unknown	none	other
lord.of.the.rin_tt0077869	tt0077869	Galadriel	nm0188950	female	wiki	human
lord.of.the.rin_tt0077869	tt0077869	Boromir	nm0185163	male	wiki	human
lord.of.the.rin_tt0077869	tt0077869	Innkeeper	nm0863519	male	wiki	human
lord.of.the.rin_tt0077869	tt0077869	Wormtongue	nm0212583	male	wiki	human
lord.of.the.rin_tt0077869	tt0077869	Theoden	nm0832104	male	wiki	human
lord.of.the.rin_tt0077869	tt0077869	Saruman_of_Many_Colours	nm0449693	male	wiki	human
lord.of.the.rin_tt0077869	tt0077869	�owyn		unknown	none	human
lord.of.the.rin_tt0077869	tt0077869	Everard_Proudfoot		unknown	none	human
lord.of.the.rin_tt0077869	tt0077869	�omer		unknown	none	human
lord.of.the.rin_tt0077869	tt0077869	Treebeard	nm0922462	male	wiki	other
lord.of.the.rin_tt0077869	tt0077869	Celeborn		male	fandom	human
madagascar_tt0351283	tt0351283	Alex	nm0001774	male	wiki	animal
madagascar_tt0351283	tt0351283	Marty	nm0001674	male	wiki	animal
madagascar_tt0351283	tt0351283	Gloria	nm0000586	female	wiki	animal
madagascar_tt0351283	tt0351283	Melman	nm0001710	male	wiki	animal
madagascar_tt0351283	tt0351283	King_Julien	nm0056187	male	wiki	animal
madagascar_tt0351283	tt0351283	Maurice	nm0147825	male	wiki	animal
madagascar_tt0351283	tt0351283	Foosa	nm0569891	male	wiki	animal
madagascar_tt0351283	tt0351283	Willie	nm0970606	male	wiki	animal
madagascar_tt0351283	tt0351283	Skipper	nm0569891	male	wiki	animal
madagascar_tt0351283	tt0351283	Lemur_1	nm0201509	male	wiki	animal
madagascar_tt0351283	tt0351283	Mort	nm0725200	male	wiki	animal
madagascar_tt0351283	tt0351283	Private	nm0971017	male	wiki	animal
madagascar_tt0351283	tt0351283	Kowalski	nm1844237	male	wiki	animal
madagascar_tt0351283	tt0351283	Phil		male	fandom	animal
madagascar_tt0351283	tt0351283	Old_Lady	nm0672330	female	wiki	human
madagascar_tt0351283	tt0351283	Spider	nm1019583	male	wiki	animal
madagascar_tt0351283	tt0351283	Police_Horse	nm0184748	male	wiki	animal
madagascar.3.eu_tt1277953	tt1277953	Alex	nm0001774	male	wiki	animal
madagascar.3.eu_tt1277953	tt1277953	Gloria	nm0000586	female	wiki	animal
madagascar.3.eu_tt1277953	tt1277953	Marty	nm0001674	male	wiki	animal
madagascar.3.eu_tt1277953	tt1277953	Melman	nm0001710	male	wiki	animal
madagascar.3.eu_tt1277953	tt1277953	Stefano	nm0001737	male	wiki	animal
madagascar.3.eu_tt1277953	tt1277953	Vitaly	nm0186505	male	wiki	animal
madagascar.3.eu_tt1277953	tt1277953	Gia	nm1567113	female	wiki	animal
madagascar.3.eu_tt1277953	tt1277953	Captain_Chantel_DuBois	nm0000531	female	wiki	human
madagascar.3.eu_tt1277953	tt1277953	King_Julien	nm0056187	male	wiki	animal
madagascar.3.eu_tt1277953	tt1277953	Skipper	nm0569891	male	wiki	animal
madagascar.3.eu_tt1277953	tt1277953	Maurice	nm0147825	male	wiki	animal
madagascar.3.eu_tt1277953	tt1277953	First_Policeman	nm0569891	male	wiki	human
madagascar.3.eu_tt1277953	tt1277953	Horses	nm0891895	female	wiki	animal
madagascar.3.eu_tt1277953	tt1277953	Mort	nm0725200	male	wiki	animal
madagascar.3.eu_tt1277953	tt1277953	Casino_Security	nm0640284	male	wiki	human
madagascar.3.eu_tt1277953	tt1277953	Mason	nm0970447	male	wiki	animal
madagascar.3.eu_tt1277953	tt1277953	Private	nm0971017	male	wiki	animal
madagascar.3.eu_tt1277953	tt1277953	Kid_in_Crowd	nm5086205	unknown	none	human
madagascar.3.eu_tt1277953	tt1277953	Commandante	nm0201509	male	wiki	human
madagascar.3.eu_tt1277953	tt1277953	Mayor_of_New_York_City	nm0640284	male	wiki	human
madagascar.3.eu_tt1277953	tt1277953	Jonesy_the_Dog	nm3256362	unknown	none	animal
madagascar.3.eu_tt1277953	tt1277953	Freddie_the_Dog	nm0005068	male	wiki	animal
madagascar.3.eu_tt1277953	tt1277953	Circus_Master	nm0414365	male	wiki	human
madagascar.3.eu_tt1277953	tt1277953	Frankie_the_Dog	nm0282080	male	wiki	animal
madagascar.3.eu_tt1277953	tt1277953	Phil		male	fandom	animal
madagascar.3.eu_tt1277953	tt1277953	Kowalski	nm1844237	male	wiki	animal
madagascar.3.eu_tt1277953	tt1277953	Rico		male	fandom	animal
madagascar.3.eu_tt1277953	tt1277953	Second_Policeman	nm0970447	male	wiki	human
madagascar.esca_tt0479952	tt0479952	Alex	nm0001774	male	wiki	animal
madagascar.esca_tt0479952	tt0479952	Gloria	nm0000586	female	wiki	animal
madagascar.esca_tt0479952	tt0479952	Melman	nm0001710	male	wiki	animal
madagascar.esca_tt0479952	tt0479952	Zuba	nm0005170	male	wiki	animal
madagascar.esca_tt0479952	tt0479952	Marty	nm0001674	male	wiki	animal
madagascar.esca_tt0479952	tt0479952	Moto_Moto	nm1443238	male	wiki	animal
madagascar.esca_tt0479952	tt0479952	Florrie	nm0791868	female	wiki	animal
madagascar.esca_tt0479952	tt0479952	Alex_(Baby)	nm3175582	male	fandom	animal
madagascar.esca_tt0479952	tt0479952	King_Julien	nm0056187	male	wiki	animal
madagascar.esca_tt0479952	tt0479952	Makunga	nm0000285	male	wiki	animal
madagascar.esca_tt0479952	tt0479952	Skipper	nm0569891	male	wiki	animal
madagascar.esca_tt0479952	tt0479952	Maurice	nm0147825	male	wiki	animal
madagascar.esca_tt0479952	tt0479952	Mort	nm0725200	male	wiki	animal
madagascar.esca_tt0479952	tt0479952	Mason	nm0970447	male	wiki	animal
madagascar.esca_tt0479952	tt0479952	Phil		male	fandom	animal
madagascar.esca_tt0479952	tt0479952	Private	nm0971017	male	wiki	animal
madagascar.esca_tt0479952	tt0479952	Rico		male	fandom	animal
madagascar.esca_tt0479952	tt0479952	Kowalski	nm1844237	male	wiki	animal
madagascar.esca_tt0479952	tt0479952	Teetsi	nm0851317	male	wiki	animal
madagascar.esca_tt0479952	tt0479952	Marty_(Baby)	nm1883535	male	wiki	animal
meet.the.robins_tt0396555	tt0396555	Lewis	nm0360743	male	fandom	human
meet.the.robins_tt0396555	tt0396555	Wilbur_Robinson	nm1130617	male	wiki	human
meet.the.robins_tt0396555	tt0396555	Bowler_Hat_Guy	nm0027459	male	wiki	human
meet.the.robins_tt0396555	tt0396555	Michael	nm1553654	male	fandom	human
meet.the.robins_tt0396555	tt0396555	Uncle_Fritz	nm0761969	male	wiki	human
meet.the.robins_tt0396555	tt0396555	Lucille_Krunklehorn	nm0582418	female	wiki	human
meet.the.robins_tt0396555	tt0396555	Franny_Robinson	nm0005474	female	wiki	human
meet.the.robins_tt0396555	tt0396555	Grandpa_Bud	nm0027459	male	wiki	human
meet.the.robins_tt0396555	tt0396555	Uncle_Art	nm0001842	male	wiki	human
meet.the.robins_tt0396555	tt0396555	Mildred	nm0000291	female	wiki	human
meet.the.robins_tt0396555	tt0396555	Carl	nm0005558	male	wiki	other
meet.the.robins_tt0396555	tt0396555	Mr._Willerstein	nm0444786	male	wiki	human
meet.the.robins_tt0396555	tt0396555	Cornelius_Robinson	nm0000633	male	wiki	human
meet.the.robins_tt0396555	tt0396555	Aunt_Billie	nm1851408	unknown	none	human
meet.the.robins_tt0396555	tt0396555	Cousin_Tallulah	nm0027459	male	wiki	human
meet.the.robins_tt0396555	tt0396555	Frankie	nm1950901	male	wiki	animal
meet.the.robins_tt0396555	tt0396555	Uncle_Gaston	nm2320658	male	wiki	human
meet.the.robins_tt0396555	tt0396555	Franny_(Young)	nm1402100	female	wiki	human
meet.the.robins_tt0396555	tt0396555	Aunt_Petunia	nm0761969	male	wiki	human
meet.the.robins_tt0396555	tt0396555	Cousin_Laszlo	nm0761969	male	wiki	human
meet.the.robins_tt0396555	tt0396555	Tiny_the_T-Rex	nm1853872	male	wiki	animal
meet.the.robins_tt0396555	tt0396555	Dmitri	nm0761969	male	wiki	human
meet.the.robins_tt0396555	tt0396555	Spike	nm0761969	male	wiki	human
megamind_tt1001526	tt1001526	Megamind	nm0002071	male	wiki	human
megamind_tt1001526	tt1001526	Roxanne_Ritchi	nm0275486	female	wiki	human
megamind_tt1001526	tt1001526	Minion	nm0189144	male	wiki	other
megamind_tt1001526	tt1001526	Hal_Stewart_/_Tighten	nm1706767	male	wiki	human
megamind_tt1001526	tt1001526	Bernard	nm0001774	male	wiki	human
megamind_tt1001526	tt1001526	Metro_Man	nm0000093	male	wiki	human
megamind_tt1001526	tt1001526	Warden	nm0799777	male	wiki	human
megamind_tt1001526	tt1001526	Prison_Guard_2	nm0569891	male	wiki	human
megamind_tt1001526	tt1001526	Prisoner		unknown	none	human
megamind_tt1001526	tt1001526	School_Child_1		unknown	none	human
megamind_tt1001526	tt1001526	Prisoner_Guard_1	nm0971017	male	wiki	human
megamind_tt1001526	tt1001526	School_Child_2	nm3175092	male	wiki	human
megamind_tt1001526	tt1001526	Megamind's_Mother		unknown	none	human
megamind_tt1001526	tt1001526	Mayor	nm0443911	male	wiki	human
megamind_tt1001526	tt1001526	Lady_Scott	nm3961654	unknown	none	human
megamind_tt1001526	tt1001526	Crying_Baby	nm2624549	unknown	none	human
megamind_tt1001526	tt1001526	Megamind's_Father	nm0857620	male	wiki	human
migration_tt6495056	tt6495056	Mack_Mallard	nm3529685	male	wiki	animal
migration_tt6495056	tt6495056	Pam_Mallard	nm0006969	female	wiki	animal
migration_tt6495056	tt6495056	Dax_Mallard	nm8647189	male	fandom	animal
migration_tt6495056	tt6495056	Gwen_Mallard	nm14793320	female	fandom	animal
migration_tt6495056	tt6495056	Uncle_Dan	nm0000362	male	wiki	animal
migration_tt6495056	tt6495056	Chump	nm5377144	female	wiki	animal
migration_tt6495056	tt6495056	Delroy	nm1221047	male	wiki	animal
migration_tt6495056	tt6495056	Erin	nm0001406	female	wiki	animal
migration_tt6495056	tt6495056	Owl_Character		unknown	none	animal
migration_tt6495056	tt6495056	Googoo	nm0593267	male	wiki	animal
migration_tt6495056	tt6495056	Kim	nm5097044	female	wiki	animal
migration_tt6495056	tt6495056	Human_Character		unknown	none	human
migration_tt6495056	tt6495056	White_duck_character		unknown	none	animal
migration_tt6495056	tt6495056	Human_2_character		unknown	none	human
migration_tt6495056	tt6495056	Snail		unknown	none	animal
minions_tt2293640	tt2293640	Kevin_the_Minion	nm1853544	male	wiki	other
minions_tt2293640	tt2293640	Bob_the_Minion	nm1853544	male	wiki	other
minions_tt2293640	tt2293640	Scarlet_Overkill	nm0000113	female	wiki	human
minions_tt2293640	tt2293640	Stuart_the_Minion	nm1853544	male	wiki	other
minions_tt2293640	tt2293640	Herb_Overkill	nm0358316	male	wiki	human
minions_tt2293640	tt2293640	The_Queen	nm0766837	female	wiki	human
minions_tt2293640	tt2293640	Walter_Nelson	nm0000474	male	wiki	human
minions_tt2293640	tt2293640	Sumo_Villain	nm0760796	male	wiki	human
minions_tt2293640	tt2293640	Tina		female	fandom	human
minions_tt2293640	tt2293640	News_Reporter	nm1442933	male	wiki	human
minions_tt2293640	tt2293640	Madge_Nelson	nm0005049	female	wiki	human
minions_tt2293640	tt2293640	Gru_(Young)	nm0136797	male	wiki	human
minions_tt2293640	tt2293640	Minions	nm1853544	male	fandom	other
minions_tt2293640	tt2293640	Walter_Jr.	nm0064170	male	wiki	human
minions_tt2293640	tt2293640	Royal_Advisor	nm3125329	unknown	none	human
minions_tt2293640	tt2293640	Professor_Flux	nm0176869	male	wiki	human
minions_tt2293640	tt2293640	VNC_Announcer	nm0064170	male	wiki	human
minions_tt2293640	tt2293640	Fabrice	nm0742125	unknown	none	human
minions_tt2293640	tt2293640	Tower_Guard	nm0176869	male	wiki	human
minions.the.ris_tt5113044	tt5113044	Gru_(Young)	nm0136797	male	wiki	human
minions.the.ris_tt5113044	tt5113044	Bob_the_Minion	nm1853544	male	wiki	other
minions.the.ris_tt5113044	tt5113044	Kevin_the_Minion	nm1853544	male	wiki	other
minions.the.ris_tt5113044	tt5113044	Wild_Knuckles	nm0000273	male	wiki	human
minions.the.ris_tt5113044	tt5113044	Stuart_the_Minion	nm1853544	male	wiki	other
minions.the.ris_tt5113044	tt5113044	Otto_the_Minion	nm1853544	male	wiki	other
minions.the.ris_tt5113044	tt5113044	Master_Chow	nm0000706	female	wiki	human
minions.the.ris_tt5113044	tt5113044	Belle_Bottom	nm0378245	female	wiki	human
minions.the.ris_tt5113044	tt5113044	Gru's_Teacher	nm1690878	unknown	none	human
minions.the.ris_tt5113044	tt5113044	Stronghold	nm0001803	male	wiki	human
minions.the.ris_tt5113044	tt5113044	Svengeance	nm0000185	male	wiki	human
minions.the.ris_tt5113044	tt5113044	Biker	nm0753526	male	wiki	human
minions.the.ris_tt5113044	tt5113044	Dr._Nefario	nm1258970	male	wiki	human
minions.the.ris_tt5113044	tt5113044	Henchman_#3	nm0224007	male	wiki	human
minions.the.ris_tt5113044	tt5113044	Jean_Clawed	nm0000241	male	wiki	human
minions.the.ris_tt5113044	tt5113044	Mr._Perkins	nm0004715	male	wiki	human
minions.the.ris_tt5113044	tt5113044	Birthday_Kid	nm0675442	male	wiki	human
minions.the.ris_tt5113044	tt5113044	Nun-Chuck	nm0005128	female	wiki	human
minions.the.ris_tt5113044	tt5113044	Henchman_#1	nm4497202	male	wiki	human
minions.the.ris_tt5113044	tt5113044	Henchman_#2	nm0724656	male	wiki	human
moana_tt13622970	tt13622970	Moana	nm7635388	female	wiki	human
moana_tt13622970	tt13622970	Maui	nm0425005	male	wiki	human
moana_tt13622970	tt13622970	Moni	nm12533314	male	fandom	human
moana_tt13622970	tt13622970	Loto	nm4194124	female	wiki	human
moana_tt13622970	tt13622970	Sina	nm0970122	female	wiki	human
moana_tt13622970	tt13622970	Simea	nm16261191	female	fandom	human
moana_tt13622970	tt13622970	Kele	nm0266713	male	wiki	human
moana_tt13622970	tt13622970	Matangi	nm10049181	female	fandom	human
moana_tt13622970	tt13622970	Pua		unknown	none	animal
moana_tt13622970	tt13622970	Chief_Tui	nm0607325	male	wiki	human
moana_tt13622970	tt13622970	Gramma_Tala	nm1344302	female	wiki	human
moana_tt13622970	tt13622970	Tamatoa	nm1318596	male	wiki	animal
moana_tt13622970	tt13622970	Heihei	nm0876138	male	wiki	animal
moana_tt13622970	tt13622970	Tautai_Vasa	nm16774389	unknown	none	human
moana_tt3521164	tt3521164	Moana	nm7635388	female	wiki	human
moana_tt3521164	tt3521164	Maui	nm0425005	male	wiki	human
moana_tt3521164	tt3521164	Gramma_Tala	nm1344302	female	wiki	human
moana_tt3521164	tt3521164	Young_Moana	nm7635388	female	wiki	human
moana_tt3521164	tt3521164	Sina	nm0970122	female	wiki	human
moana_tt3521164	tt3521164	Chief_Tui	nm0607325	male	wiki	human
moana_tt3521164	tt3521164	Tamatoa	nm1318596	male	wiki	animal
moana_tt3521164	tt3521164	Te_Kā		unknown	none	other
moana_tt3521164	tt3521164	Moni		unknown	none	human
moana_tt3521164	tt3521164	Heihei	nm0876138	male	wiki	animal
moana_tt3521164	tt3521164	Pua		unknown	none	animal
moana_tt3521164	tt3521164	Te_Fiti		female	fandom	human
moana_tt3521164	tt3521164	Shark_Maui	nm0425005	male	wiki	animal
moana_tt3521164	tt3521164	Kakamora		unknown	none	other
moana_tt3521164	tt3521164	Kotu		unknown	none	other
moana_tt3521164	tt3521164	Hawk_Maui	nm0425005	male	wiki	animal
moana_tt3521164	tt3521164	Eight-Eyed_Bats		unknown	none	animal
monster.house_tt0385880	tt0385880	DJ_Walters	nm1102053	male	wiki	human
monster.house_tt0385880	tt0385880	Chowder	nm1348102	male	wiki	human
monster.house_tt0385880	tt0385880	Jenny_Bennett	nm1682400	female	wiki	human
monster.house_tt0385880	tt0385880	Horace_Nebbercracker	nm0000114	male	wiki	human
monster.house_tt0385880	tt0385880	Zee	nm0350454	female	wiki	human
monster.house_tt0385880	tt0385880	Officer_Lister	nm0134244	male	wiki	human
monster.house_tt0385880	tt0385880	Officer_Landers	nm0416673	male	wiki	human
monster.house_tt0385880	tt0385880	Bones	nm0005134	male	wiki	human
monster.house_tt0385880	tt0385880	Reginald_"Skull"_Skulinski	nm1417647	male	wiki	human
monster.house_tt0385880	tt0385880	Mrs._Walters	nm0001573	female	wiki	human
monster.house_tt0385880	tt0385880	Constance_Nebbercracker		female	fandom	human
monster.house_tt0385880	tt0385880	Mr._Walters	nm0929609	male	wiki	human
monster.house_tt0385880	tt0385880	Eliza		female	fandom	human
monsters.inc._tt0198781	tt0198781	Sulley_/_James_P._Sullivan	nm0000422	male	wiki	other
monsters.inc._tt0198781	tt0198781	Mike_Wazowski	nm0000345	male	wiki	other
monsters.inc._tt0198781	tt0198781	Boo	nm0316701	female	wiki	human
monsters.inc._tt0198781	tt0198781	Randall_Boggs	nm0000114	male	wiki	other
monsters.inc._tt0198781	tt0198781	Waternoose	nm0000336	male	wiki	other
monsters.inc._tt0198781	tt0198781	Bile	nm0682066	male	wiki	other
monsters.inc._tt0198781	tt0198781	Celia_Mae	nm0000236	female	wiki	other
monsters.inc._tt0198781	tt0198781	Fungus	nm0000568	male	wiki	other
monsters.inc._tt0198781	tt0198781	Chalooby		male	fandom	other
monsters.inc._tt0198781	tt0198781	Roz	nm0677037	female	fandom	other
monsters.inc._tt0198781	tt0198781	Yeti	nm0001652	male	wiki	other
monsters.inc._tt0198781	tt0198781	Smitty	nm0314870	male	wiki	other
monsters.inc._tt0198781	tt0198781	Needleman	nm0314870	male	wiki	other
monsters.inc._tt0198781	tt0198781	Pete	nm0710020	male	wiki	other
monsters.inc._tt0198781	tt0198781	Floor_Manager	nm0839915	male	wiki	other
monsters.inc._tt0198781	tt0198781	George	nm0085499	male	wiki	other
monsters.inc._tt0198781	tt0198781	Rex	nm0001728	male	wiki	other
monsters.inc._tt0198781	tt0198781	Tony	nm0702925	male	wiki	other
monsters.inc._tt0198781	tt0198781	Sushi_Chef	nm0348562	male	wiki	other
monsters.inc._tt0198781	tt0198781	Charlie	nm0698413	male	wiki	other
monsters.inc._tt0198781	tt0198781	Ms._Flint	nm0001372	female	wiki	other
monsters.univer_tt1453405	tt1453405	Mike_Wazowski	nm0000345	male	wiki	other
monsters.univer_tt1453405	tt1453405	Sulley_/_James_P._Sullivan	nm0000422	male	wiki	other
monsters.univer_tt1453405	tt1453405	Art	nm0206359	male	wiki	other
monsters.univer_tt1453405	tt1453405	Don_Carlton	nm0615063	male	wiki	other
monsters.univer_tt1453405	tt1453405	Squishy	nm0812307	male	wiki	other
monsters.univer_tt1453405	tt1453405	Terry	nm0004929	male	wiki	other
monsters.univer_tt1453405	tt1453405	Terri	nm0005003	male	wiki	other
monsters.univer_tt1453405	tt1453405	Dean_Hardscrabble	nm0000545	female	wiki	other
monsters.univer_tt1453405	tt1453405	Johnny	nm0277213	male	wiki	other
monsters.univer_tt1453405	tt1453405	Professor_Knight	nm0000547	male	wiki	other
monsters.univer_tt1453405	tt1453405	Randy_Boggs	nm0000114	male	wiki	other
monsters.univer_tt1453405	tt1453405	Ms._Squibbles	nm0842140	female	wiki	other
monsters.univer_tt1453405	tt1453405	Greek_Council_VP	nm0479527	male	wiki	other
monsters.univer_tt1453405	tt1453405	Slug	nm0352778	male	wiki	other
monsters.univer_tt1453405	tt1453405	Greek_Council_President	nm2201555	female	wiki	other
monsters.univer_tt1453405	tt1453405	Mrs._Graves	nm0001372	female	wiki	other
monsters.univer_tt1453405	tt1453405	Frank_McCay	nm1024677	male	wiki	other
monsters.univer_tt1453405	tt1453405	PNK_Carrie	nm3396631	female	wiki	other
monsters.univer_tt1453405	tt1453405	Mike_Wazowski_(Young)	nm3096859	male	fandom	other
monsters.univer_tt1453405	tt1453405	Rosie_Levin		unknown	none	other
monsters.univer_tt1453405	tt1453405	Yeti	nm0001652	male	wiki	other
monsters.vs..al_tt0892782	tt0892782	Ginormica_/_Susan_Murphy	nm0000702	female	wiki	human
monsters.vs..al_tt0892782	tt0892782	The_Missing_Link	nm0004715	male	wiki	other
monsters.vs..al_tt0892782	tt0892782	Dr_Cockroach_Ph.D.	nm0491402	male	wiki	other
monsters.vs..al_tt0892782	tt0892782	B.O.B	nm0736622	male	wiki	other
monsters.vs..al_tt0892782	tt0892782	Gallaxhar	nm0933988	male	wiki	other
monsters.vs..al_tt0892782	tt0892782	Wendy_Murphy	nm0925033	female	wiki	human
monsters.vs..al_tt0892782	tt0892782	Derek_Dietl	nm0748620	male	wiki	human
monsters.vs..al_tt0892782	tt0892782	General_W.R._Monger	nm0000662	male	wiki	human
monsters.vs..al_tt0892782	tt0892782	President_Hathaway	nm0170306	male	wiki	human
monsters.vs..al_tt0892782	tt0892782	Carl_Murphy	nm0001787	male	wiki	human
monsters.vs..al_tt0892782	tt0892782	Sqweep		unknown	none	other
monsters.vs..al_tt0892782	tt0892782	Secret_Service_Man_1	nm1224299	male	wiki	human
monsters.vs..al_tt0892782	tt0892782	Katie	nm0000250	female	wiki	human
monsters.vs..al_tt0892782	tt0892782	Female_Advisor_2	nm1195845	female	wiki	human
monsters.vs..al_tt0892782	tt0892782	Advisor_Ouaou	nm1195845	female	wiki	human
monsters.vs..al_tt0892782	tt0892782	Cuthbert	nm1024677	male	wiki	human
monsters.vs..al_tt0892782	tt0892782	Mrs._Ronson	nm1195845	female	wiki	human
monsters.vs..al_tt0892782	tt0892782	Technician_Ben	nm0443911	male	wiki	human
monsters.vs..al_tt0892782	tt0892782	Technician_Jerry	nm0651692	male	wiki	human
monsters.vs..al_tt0892782	tt0892782	Advisor_Wedgie	nm0593610	male	wiki	human
monsters.vs..al_tt0892782	tt0892782	Mama_Dietl	nm0970447	male	wiki	human
monsters.vs..al_tt0892782	tt0892782	News_Reporter	nm1159180	male	wiki	human
monsters.vs..al_tt0892782	tt0892782	Private_Bullhorn	nm0084190	male	wiki	human
monsters.vs..al_tt0892782	tt0892782	Advisor_Dither	nm0970447	male	wiki	human
monsters.vs..al_tt0892782	tt0892782	Advisor_Hawk	nm0970447	male	wiki	human
monsters.vs..al_tt0892782	tt0892782	Advisor_Ortega	nm0084190	male	wiki	human
monsters.vs..al_tt0892782	tt0892782	Lieutenant	nm1224299	male	wiki	human
monsters.vs..al_tt0892782	tt0892782	Advisor_Smith	nm0226206	unknown	none	human
monsters.vs..al_tt0892782	tt0892782	Commander	nm0226206	unknown	none	human
mr..peabody..sh_tt0864835	tt0864835	Sherman	nm1934618	male	wiki	human
mr..peabody..sh_tt0864835	tt0864835	Mr._Peabody	nm0123092	male	wiki	animal
mr..peabody..sh_tt0864835	tt0864835	Penny	nm1736769	female	wiki	human
mr..peabody..sh_tt0864835	tt0864835	Paul_Peterson	nm0170306	male	wiki	human
mr..peabody..sh_tt0864835	tt0864835	Patty_Peterson	nm0005182	female	wiki	human
mr..peabody..sh_tt0864835	tt0864835	Agamemnon	nm0911320	male	wiki	human
mr..peabody..sh_tt0864835	tt0864835	Ms._Grunion	nm0005049	female	wiki	human
mr..peabody..sh_tt0864835	tt0864835	Mason	nm3557613	male	wiki	human
mr..peabody..sh_tt0864835	tt0864835	Leonardo_da_Vinci	nm0001804	male	wiki	human
mr..peabody..sh_tt0864835	tt0864835	King_Tut	nm2642131	male	wiki	human
mr..peabody..sh_tt0864835	tt0864835	Odysseus	nm0569891	male	wiki	human
mr..peabody..sh_tt0864835	tt0864835	Mona_Lisa	nm1128572	female	wiki	human
mr..peabody..sh_tt0864835	tt0864835	Ay	nm0884313	male	wiki	human
mr..peabody..sh_tt0864835	tt0864835	George_Washington	nm0363641	male	wiki	human
mr..peabody..sh_tt0864835	tt0864835	Robespierre	nm0034398	male	wiki	human
mr..peabody..sh_tt0864835	tt0864835	Marie_Antoinette	nm2315031	female	fandom	human
mr..peabody..sh_tt0864835	tt0864835	New_York_City_Cop	nm0363641	male	wiki	human
mr..peabody..sh_tt0864835	tt0864835	Carl	nm3019095	male	wiki	human
mr..peabody..sh_tt0864835	tt0864835	Abraham_Lincoln	nm0363641	male	wiki	human
mr..peabody..sh_tt0864835	tt0864835	Egyptian_Spectator	nm0304830	male	wiki	human
mr..peabody..sh_tt0864835	tt0864835	Teacher	nm0615730	female	wiki	human
mr..peabody..sh_tt0864835	tt0864835	Principal_Purdy	nm0864997	male	wiki	human
mr..peabody..sh_tt0864835	tt0864835	Albert_Einstein	nm0000316	male	wiki	human
mr..peabody..sh_tt0864835	tt0864835	Mahatma_Gandhi		unknown	none	human
mr..peabody..sh_tt0864835	tt0864835	Isaac_Newton	nm0363641	male	wiki	human
mr..peabody..sh_tt0864835	tt0864835	French_Guard	nm0129106	male	wiki	human
mr..peabody..sh_tt0864835	tt0864835	Judge	nm0371660	male	wiki	human
mr..peabody..sh_tt0864835	tt0864835	Spartacus	nm0230666	male	wiki	human
mr..peabody..sh_tt0864835	tt0864835	Bill_Clinton	nm0363641	male	wiki	human
mufasa.the.lion_tt13186482	tt13186482	Mufasa	nm7543974	male	wiki	animal
mufasa.the.lion_tt13186482	tt13186482	Scar_/_Taka	nm5123156	male	wiki	animal
mufasa.the.lion_tt13186482	tt13186482	Rafiki_(Young)	nm1616879	male	wiki	animal
mufasa.the.lion_tt13186482	tt13186482	Eshe	nm0628601	female	wiki	animal
mufasa.the.lion_tt13186482	tt13186482	Kiros	nm0586568	male	wiki	animal
mufasa.the.lion_tt13186482	tt13186482	Afia	nm0741242	female	wiki	animal
mufasa.the.lion_tt13186482	tt13186482	Kiara	nm6223040	female	wiki	animal
mufasa.the.lion_tt13186482	tt13186482	Obasi	nm0416694	male	wiki	animal
mufasa.the.lion_tt13186482	tt13186482	Sarafina	nm0005051	female	wiki	animal
mufasa.the.lion_tt13186482	tt13186482	Mufasa_(Young)	nm9253215	male	fandom	animal
mufasa.the.lion_tt13186482	tt13186482	Simba	nm2255973	male	wiki	animal
mufasa.the.lion_tt13186482	tt13186482	Timon	nm2813994	male	wiki	animal
mufasa.the.lion_tt13186482	tt13186482	Sarabi	nm2274707	female	wiki	animal
mufasa.the.lion_tt13186482	tt13186482	Amara	nm1919154	female	wiki	animal
mufasa.the.lion_tt13186482	tt13186482	Nala	nm0461498	female	wiki	animal
mufasa.the.lion_tt13186482	tt13186482	Akua	nm4720292	unknown	none	animal
mufasa.the.lion_tt13186482	tt13186482	Inaki	nm0364110	male	wiki	animal
mufasa.the.lion_tt13186482	tt13186482	Pumbaa	nm0736622	male	wiki	animal
mufasa.the.lion_tt13186482	tt13186482	Taka_(Young)	nm13209562	unknown	none	animal
mufasa.the.lion_tt13186482	tt13186482	Azibo	nm11111075	male	fandom	animal
mufasa.the.lion_tt13186482	tt13186482	Ajarry	nm5956547	female	wiki	animal
mufasa.the.lion_tt13186482	tt13186482	Bird		unknown	none	animal
mufasa.the.lion_tt13186482	tt13186482	Chigaru	nm1357414	male	wiki	animal
mufasa.the.lion_tt13186482	tt13186482	Mosi	nm0573364	male	fandom	animal
mufasa.the.lion_tt13186482	tt13186482	Masego	nm0202966	male	wiki	animal
mulan_tt0120762	tt0120762	Fa_Mulan	nm0001840	female	wiki	human
mulan_tt0120762	tt0120762	Li_Shang	nm0000703	male	wiki	human
mulan_tt0120762	tt0120762	Mushu	nm0000552	male	wiki	animal
mulan_tt0120762	tt0120762	Fa_Zhou	nm0644902	male	wiki	human
mulan_tt0120762	tt0120762	Chi-Fu	nm0393222	male	wiki	human
mulan_tt0120762	tt0120762	Shan_Yu	nm0001208	male	wiki	human
mulan_tt0120762	tt0120762	Fa_Li	nm0791467	female	wiki	human
mulan_tt0120762	tt0120762	General_Li	nm0793363	male	wiki	human
mulan_tt0120762	tt0120762	The_Emperor_of_China	nm0001552	male	wiki	human
mulan_tt0120762	tt0120762	The_Matchmaker	nm0546816	female	wiki	human
mulan_tt0120762	tt0120762	Bandits		unknown	none	human
mulan_tt0120762	tt0120762	Grandmother_Fa	nm0004931	female	wiki	human
mulan_tt0120762	tt0120762	Khan	nm0919798	male	wiki	animal
mulan_tt0120762	tt0120762	Cri-Kee	nm0919798	male	wiki	animal
mulan_tt0120762	tt0120762	First_Ancestor_Fa	nm0001786	male	wiki	human
mulan_tt0120762	tt0120762	Fa_Family_Ancestors		unknown	none	human
mulan_tt0120762	tt0120762	Shang's_Horse		male	fandom	animal
mulan_tt0120762	tt0120762	Little_Brother		unknown	none	animal
mulan_tt0120762	tt0120762	Hayabusa_the_Falcon		male	fandom	animal
nightmare.befor_tt0107688	tt0107688	Jack_Skellington	nm0001697	male	wiki	other
nightmare.befor_tt0107688	tt0107688	Sally	nm0001573	female	wiki	human
nightmare.befor_tt0107688	tt0107688	Mayor_of_Halloween_Town	nm0787187	male	wiki	human
nightmare.befor_tt0107688	tt0107688	Dr._Finkelstein	nm0382676	male	wiki	other
nightmare.befor_tt0107688	tt0107688	Barrel	nm0000384	male	wiki	other
nightmare.befor_tt0107688	tt0107688	Behemoth	nm0187412	male	wiki	human
nightmare.befor_tt0107688	tt0107688	Lock	nm0000607	male	wiki	other
nightmare.befor_tt0107688	tt0107688	Shock	nm0001573	female	wiki	other
nightmare.befor_tt0107688	tt0107688	Santa_Claus_(The_Nightmare_Before_Christmas)	nm0412462	male	wiki	human
nightmare.befor_tt0107688	tt0107688	Oogie_Boogie	nm0656238	male	wiki	other
nightmare.befor_tt0107688	tt0107688	Vampire_Teddy	nm0441763;nm0187412;nm0050466	male	fandom	other
nightmare.befor_tt0107688	tt0107688	Little_Boy		unknown	none	human
nightmare.befor_tt0107688	tt0107688	Harlequin_Demon	nm0698681	male	wiki	other
nightmare.befor_tt0107688	tt0107688	Skeletal_Reindeer		male	fandom	other
nightmare.befor_tt0107688	tt0107688	Mummy_Boy	nm0050466	male	wiki	other
nightmare.befor_tt0107688	tt0107688	Clown_with_the_Tear-Away_Face		male	fandom	other
nightmare.befor_tt0107688	tt0107688	Pumpkin-in-the-Box		unknown	none	other
nightmare.befor_tt0107688	tt0107688	Undersea_Gal	nm0878582	female	wiki	other
nightmare.befor_tt0107688	tt0107688	Monster_Who_Lives_Under_The_Bed		unknown	none	other
nightmare.befor_tt0107688	tt0107688	Easter_Bunny		male	fandom	animal
nut.job_tt1821658	tt1821658	Surly	nm0004715	male	wiki	animal
nut.job_tt1821658	tt1821658	Andie	nm0001337	female	wiki	animal
nut.job_tt1821658	tt1821658	Buddy	nm0863999	male	wiki	animal
nut.job_tt1821658	tt1821658	Grayson	nm0000409	male	wiki	animal
nut.job_tt1821658	tt1821658	Precious	nm0748973	female	wiki	animal
nut.job_tt1821658	tt1821658	Raccoon	nm0000553	male	wiki	animal
nut.job_tt1821658	tt1821658	Mole	nm0242278	male	wiki	animal
nut.job_tt1821658	tt1821658	Lucky	nm1064104	male	wiki	human
nut.job_tt1821658	tt1821658	King	nm0002332	male	wiki	human
nut.job_tt1821658	tt1821658	Jamie	nm0643449	female	wiki	animal
nut.job_tt1821658	tt1821658	Johnny	nm0684187	male	wiki	animal
nut.job_tt1821658	tt1821658	Fingers	nm0710258	male	wiki	human
nut.job_tt1821658	tt1821658	Police_Officer	nm0566393	male	wiki	human
nut.job_tt1821658	tt1821658	Lana	nm0300589	female	wiki	human
nut.job_tt1821658	tt1821658	Jimmy	nm0407101	male	wiki	animal
nut.job_tt1821658	tt1821658	Pigeon	nm0341267	female	wiki	animal
nut.job_tt1821658	tt1821658	Redline	nm0863999	male	wiki	animal
nut.job_tt1821658	tt1821658	Armoured_Guard	nm0444339	male	wiki	human
nut.job_tt1821658	tt1821658	Girl_Scout	nm0501306	female	wiki	human
oliver..company_tt0095776	tt0095776	Oliver	nm0005129	male	wiki	animal
oliver..company_tt0095776	tt0095776	Dodger	nm0005055	male	wiki	animal
oliver..company_tt0095776	tt0095776	Fagin	nm0001123	male	wiki	human
oliver..company_tt0095776	tt0095776	Ignacio_Alonzo_Julio_Federico_de_Tito	nm0001507	male	wiki	animal
oliver..company_tt0095776	tt0095776	Georgette	nm0000541	female	wiki	animal
oliver..company_tt0095776	tt0095776	Francis	nm0001975	male	wiki	animal
oliver..company_tt0095776	tt0095776	Jennifer_Foxworth	nm0339910	female	wiki	human
oliver..company_tt0095776	tt0095776	Rita	nm0005336	female	wiki	animal
oliver..company_tt0095776	tt0095776	Einstein	nm0612321	male	wiki	animal
oliver..company_tt0095776	tt0095776	Roscoe	nm0086000	male	wiki	animal
oliver..company_tt0095776	tt0095776	Character_1		unknown	none	human
oliver..company_tt0095776	tt0095776	Character_2		unknown	none	human
oliver..company_tt0095776	tt0095776	Desoto	nm0918510	male	wiki	animal
oliver..company_tt0095776	tt0095776	Bluebird		unknown	none	animal
oliver..company_tt0095776	tt0095776	Sykes	nm0005162	male	wiki	human
oliver..company_tt0095776	tt0095776	Character_3		unknown	none	human
oliver..company_tt0095776	tt0095776	Winston	nm0323091	male	wiki	human
oliver..company_tt0095776	tt0095776	Louie	nm0919798	male	wiki	human
one.hundred.and_tt0055254	tt0055254	Pongo	nm0001792	male	wiki	animal
one.hundred.and_tt0055254	tt0055254	Roger_Radcliffe	nm0942220	male	wiki	human
one.hundred.and_tt0055254	tt0055254	Penny	nm0008051	female	wiki	animal
one.hundred.and_tt0055254	tt0055254	Cruella_de_Vil	nm0314867	female	wiki	human
one.hundred.and_tt0055254	tt0055254	Lucky	nm0317127	male	fandom	animal
one.hundred.and_tt0055254	tt0055254	Jasper_Badun	nm0641729	male	wiki	human
one.hundred.and_tt0055254	tt0055254	Horace_Badun	nm0941520	male	wiki	human
one.hundred.and_tt0055254	tt0055254	Anita_Radcliffe	nm0205040	female	wiki	human
one.hundred.and_tt0055254	tt0055254	Sgt._Tibs	nm0291301	male	wiki	animal
one.hundred.and_tt0055254	tt0055254	Labrador	nm0384586	male	wiki	animal
one.hundred.and_tt0055254	tt0055254	Freckles		male	fandom	animal
one.hundred.and_tt0055254	tt0055254	Nanny	nm0921131	female	wiki	human
one.hundred.and_tt0055254	tt0055254	Perdita	nm0061770	female	wiki	animal
one.hundred.and_tt0055254	tt0055254	Rolly	nm0063576	male	fandom	animal
one.hundred.and_tt0055254	tt0055254	Spotty	nm0814862	male	wiki	animal
one.hundred.and_tt0055254	tt0055254	White_dog		unknown	none	animal
one.hundred.and_tt0055254	tt0055254	Queenie	nm0921131	female	wiki	animal
one.hundred.and_tt0055254	tt0055254	Danny	nm0671206	male	wiki	animal
one.hundred.and_tt0055254	tt0055254	Towser	nm0654286	male	wiki	animal
one.hundred.and_tt0055254	tt0055254	Rover	nm0524853	female	wiki	animal
one.hundred.and_tt0055254	tt0055254	Collie	nm0007218	male	wiki	animal
one.hundred.and_tt0055254	tt0055254	Cadpig		female	fandom	animal
one.hundred.and_tt0055254	tt0055254	Captain	nm0712391	male	wiki	animal
one.hundred.and_tt0055254	tt0055254	Pepper		unknown	none	animal
one.hundred.and_tt0055254	tt0055254	Dipstick		male	fandom	animal
one.hundred.and_tt0055254	tt0055254	Television_Announcer	nm0384586	male	wiki	human
one.hundred.and_tt0055254	tt0055254	Dirty_Dawson	nm0293659	male	wiki	human
one.hundred.and_tt0055254	tt0055254	Quizmaster	nm0007218	male	wiki	human
one.hundred.and_tt0055254	tt0055254	Duchess	nm0071913	female	wiki	animal
one.hundred.and_tt0055254	tt0055254	Lucy	nm0921131	female	wiki	animal
one.hundred.and_tt0055254	tt0055254	Whizzer		male	fandom	animal
one.hundred.and_tt0055254	tt0055254	Two-Tone		female	fandom	animal
one.hundred.and_tt0055254	tt0055254	Patch	nm0535605	male	wiki	animal
one.hundred.and_tt0055254	tt0055254	Princess	nm0502745	female	wiki	animal
one.hundred.and_tt0055254	tt0055254	Fidget		male	fandom	animal
one.hundred.and_tt0055254	tt0055254	Schnauser		unknown	none	animal
one.hundred.and_tt0055254	tt0055254	Miss_Birdwell	nm0314867	female	wiki	human
one.hundred.and_tt0055254	tt0055254	Truck_Driver		unknown	none	human
one.hundred.and_tt0055254	tt0055254	Inspector_Craven	nm0941520	male	wiki	human
onward_tt7146812	tt7146812	Ian_Lightfoot	nm4043618	male	wiki	human
onward_tt7146812	tt7146812	Barley_Lightfoot	nm0695435	male	wiki	human
onward_tt7146812	tt7146812	Laurel_Lightfoot	nm0000506	female	wiki	human
onward_tt7146812	tt7146812	Corey	nm0818055	female	wiki	animal
onward_tt7146812	tt7146812	Colt_Bronco	nm0735440	male	wiki	human
onward_tt7146812	tt7146812	Sundra		female	fandom	human
onward_tt7146812	tt7146812	Specter	nm2913119	female	wiki	human
onward_tt7146812	tt7146812	Gaxton	nm0005519	male	wiki	human
onward_tt7146812	tt7146812	Wilden_Lightfoot	nm1531180	male	wiki	human
onward_tt7146812	tt7146812	Wilden_Lightfoot_disguised	nm1531180	male	wiki	other
onward_tt7146812	tt7146812	Gore	nm4399227	female	wiki	human
onward_tt7146812	tt7146812	Construction_Worker_Fenwick	nm0001652	male	wiki	human
onward_tt7146812	tt7146812	Dewdrop	nm0217221	female	wiki	human
onward_tt7146812	tt7146812	Grecklin	nm0001808	female	wiki	other
onward_tt7146812	tt7146812	Avel	nm6144523	unknown	none	human
onward_tt7146812	tt7146812	Blazey		female	fandom	other
onward_tt7146812	tt7146812	Gorgamon		male	fandom	other
open.season_tt0400717	tt0400717	Boog	nm0001454	male	wiki	animal
open.season_tt0400717	tt0400717	Elliot	nm0005110	male	wiki	animal
open.season_tt0400717	tt0400717	Beth	nm0005226	female	wiki	human
open.season_tt0400717	tt0400717	Shaw	nm0000641	male	wiki	human
open.season_tt0400717	tt0400717	Deer_Character		unknown	none	animal
open.season_tt0400717	tt0400717	Giselle	nm0005105	female	wiki	animal
open.season_tt0400717	tt0400717	Gordy	nm0867588	male	wiki	human
open.season_tt0400717	tt0400717	Beaver_Character		unknown	none	animal
open.season_tt0400717	tt0400717	McSquizzy	nm0175262	male	wiki	animal
open.season_tt0400717	tt0400717	Mr._Weenie	nm0970606	male	wiki	animal
open.season_tt0400717	tt0400717	Human_Character_1		unknown	none	human
open.season_tt0400717	tt0400717	Bobbie	nm0257077	female	wiki	human
open.season_tt0400717	tt0400717	Duck_Character		unknown	none	animal
open.season_tt0400717	tt0400717	Rabbit_Character		unknown	none	animal
open.season_tt0400717	tt0400717	Hunter	nm0569079	male	wiki	human
open.season_tt0400717	tt0400717	Buddy	nm2407919	male	fandom	animal
open.season_tt0400717	tt0400717	Rosie	nm0296546	female	wiki	animal
open.season_tt0400717	tt0400717	Human_character_2		unknown	none	human
over.the.hedge_tt0327084	tt0327084	RJ	nm0000246	male	wiki	animal
over.the.hedge_tt0327084	tt0327084	Verne	nm0788009	male	wiki	animal
over.the.hedge_tt0327084	tt0327084	Hammy	nm0136797	male	wiki	animal
over.the.hedge_tt0327084	tt0327084	Ozzie	nm0000638	male	wiki	animal
over.the.hedge_tt0327084	tt0327084	Lou	nm0506405	male	wiki	animal
over.the.hedge_tt0327084	tt0327084	Penny	nm0001573	female	wiki	animal
over.the.hedge_tt0327084	tt0327084	Heather	nm1245099	female	wiki	animal
over.the.hedge_tt0327084	tt0327084	Stella	nm0843100	female	wiki	animal
over.the.hedge_tt0327084	tt0327084	Spike	nm1372583	male	wiki	animal
over.the.hedge_tt0327084	tt0327084	Bucky	nm2219329	unknown	none	animal
over.the.hedge_tt0327084	tt0327084	Gladys	nm0005049	female	wiki	human
over.the.hedge_tt0327084	tt0327084	Vincent	nm0000560	male	wiki	animal
over.the.hedge_tt0327084	tt0327084	Dwayne_LaFontant	nm0002006	male	wiki	human
over.the.hedge_tt0327084	tt0327084	Quillo	nm1956478	female	wiki	animal
over.the.hedge_tt0327084	tt0327084	Tiger	nm0229084	male	wiki	animal
over.the.hedge_tt0327084	tt0327084	Police_Officer	nm0084190	male	wiki	human
over.the.hedge_tt0327084	tt0327084	Timmy	nm2233145	unknown	none	human
over.the.hedge_tt0327084	tt0327084	Mackenzie	nm2187942	unknown	none	human
over.the.hedge_tt0327084	tt0327084	Shelby	nm0223740	female	wiki	human
over.the.hedge_tt0327084	tt0327084	Debbie	nm0933281	female	wiki	human
over.the.hedge_tt0327084	tt0327084	Nugent_The_Dog	nm0826745	male	wiki	animal
paw.patrol.the._tt11832046	tt11832046	Chase	nm8071137	male	wiki	animal
paw.patrol.the._tt11832046	tt11832046	Ryder	nm6033507	male	wiki	human
paw.patrol.the._tt11832046	tt11832046	Skye	nm7873693	female	wiki	animal
paw.patrol.the._tt11832046	tt11832046	Mayor_Humdinger	nm0661132	male	wiki	human
paw.patrol.the._tt11832046	tt11832046	Rubble	nm8977993	male	fandom	animal
paw.patrol.the._tt11832046	tt11832046	Harris	nm3791798	male	fandom	animal
paw.patrol.the._tt11832046	tt11832046	Rocky	nm9339903	male	wiki	animal
paw.patrol.the._tt11832046	tt11832046	Zuma	nm9585090	male	fandom	animal
paw.patrol.the._tt11832046	tt11832046	Kendra_Wilson	nm2780578	female	wiki	human
paw.patrol.the._tt11832046	tt11832046	Cats		unknown	none	animal
paw.patrol.the._tt11832046	tt11832046	Ruben	nm1009277	male	wiki	human
paw.patrol.the._tt11832046	tt11832046	Marshall	nm9391318	male	fandom	animal
paw.patrol.the._tt11832046	tt11832046	Marty_Muckraker	nm0453994	male	wiki	human
paw.patrol.the._tt11832046	tt11832046	Butch	nm1320827	male	wiki	human
paw.patrol.the._tt11832046	tt11832046	Liberty	nm6343162	female	wiki	animal
paw.patrol.the._tt11832046	tt11832046	Delores	nm2578007	female	wiki	animal
paw.patrol.the._tt11832046	tt11832046	Carmen	nm2310571	female	wiki	human
paw.patrol.the._tt11832046	tt11832046	Mayor_Goodway	nm0731323	female	wiki	human
paw.patrol.the._tt11832046	tt11832046	Gus	nm1347153	male	wiki	human
paw.patrol.the._tt11832046	tt11832046	Cap'n_Turbot	nm0661132	male	wiki	human
paw.patrol.the._tt11832046	tt11832046	Tough_Guy	nm0105951	male	wiki	human
paw.patrol.the._tt11832046	tt11832046	Tony	nm0188709	male	wiki	human
paw.patrol.the._tt11832046	tt11832046	Rocket	nm0083109	male	fandom	animal
paw.patrol.the._tt11832046	tt11832046	Barney	nm0684187	male	wiki	animal
paw.patrol.the._tt15837338	tt15837338	Skye	nm5085683	female	wiki	animal
paw.patrol.the._tt15837338	tt15837338	Liberty	nm6343162	female	wiki	animal
paw.patrol.the._tt15837338	tt15837338	Ryder	nm12041476	male	fandom	human
paw.patrol.the._tt15837338	tt15837338	Victoria_Vance	nm0378245	female	wiki	human
paw.patrol.the._tt15837338	tt15837338	Chase	nm8087548	male	wiki	animal
paw.patrol.the._tt15837338	tt15837338	Rubble	nm10813805	male	fandom	animal
paw.patrol.the._tt15837338	tt15837338	Delores	nm2578007	female	wiki	animal
paw.patrol.the._tt15837338	tt15837338	Zuma	nm12835467	male	fandom	animal
paw.patrol.the._tt15837338	tt15837338	Rocky	nm9339903	male	wiki	animal
paw.patrol.the._tt15837338	tt15837338	Mayor_Humdinger	nm0661132	male	wiki	human
paw.patrol.the._tt15837338	tt15837338	Tot	nm12871789	male	fandom	animal
paw.patrol.the._tt15837338	tt15837338	Mini	nm7008042	female	wiki	animal
paw.patrol.the._tt15837338	tt15837338	Nano	nm10910136	male	wiki	animal
paw.patrol.the._tt15837338	tt15837338	Marshall	nm8376302	male	wiki	animal
paw.patrol.the._tt15837338	tt15837338	Sam_Stringer	nm2577076	male	wiki	human
paw.patrol.the._tt15837338	tt15837338	Hank	nm0005188	male	wiki	human
paw.patrol.the._tt15837338	tt15837338	Janet	nm0068338	female	wiki	human
paw.patrol.the._tt15837338	tt15837338	Yoga_Yvette	nm1102987	female	wiki	human
paw.patrol.the._tt15837338	tt15837338	Mayor_Goodway	nm0731323	female	wiki	human
peanuts.movie_tt2452042	tt2452042	Charlie_Brown	nm6907855	male	wiki	human
peanuts.movie_tt2452042	tt2452042	Snoopy	nm0006837	male	wiki	animal
peanuts.movie_tt2452042	tt2452042	Lucy_van_Pelt	nm5295511	female	wiki	human
peanuts.movie_tt2452042	tt2452042	Rerun_van_Pelt		unknown	none	human
peanuts.movie_tt2452042	tt2452042	Franklin	nm5271978	male	fandom	human
peanuts.movie_tt2452042	tt2452042	Marcie	nm6843974	female	wiki	human
peanuts.movie_tt2452042	tt2452042	Sally_Brown	nm5795303	female	wiki	human
peanuts.movie_tt2452042	tt2452042	Patty	nm5975858	unknown	none	human
peanuts.movie_tt2452042	tt2452042	Peppermint_Patty	nm5908744	female	wiki	human
peanuts.movie_tt2452042	tt2452042	Pig-Pen	nm3611310	male	fandom	human
peanuts.movie_tt2452042	tt2452042	Violet	nm4362215	female	wiki	human
peanuts.movie_tt2452042	tt2452042	Frieda	nm4941145	female	wiki	human
peanuts.movie_tt2452042	tt2452042	Woodstock	nm0006837	male	wiki	animal
peanuts.movie_tt2452042	tt2452042	Little_Kid	nm7697637	unknown	none	human
peanuts.movie_tt2452042	tt2452042	Fifi	nm0155693	female	wiki	animal
peanuts.movie_tt2452042	tt2452042	Linus_van_Pelt	nm3476372	male	wiki	human
peanuts.movie_tt2452042	tt2452042	Little_Red-Haired_Girl		unknown	none	human
penguins.of.mad_tt1911658	tt1911658	Skipper	nm0569891	male	wiki	animal
penguins.of.mad_tt1911658	tt1911658	Kowalski	nm1844237	male	wiki	animal
penguins.of.mad_tt1911658	tt1911658	Private	nm0971017	male	wiki	animal
penguins.of.mad_tt1911658	tt1911658	Wolf		unknown	none	animal
penguins.of.mad_tt1911658	tt1911658	Dave_/_Dr._Octavius_Brine	nm0000518	male	wiki	other
penguins.of.mad_tt1911658	tt1911658	Eva	nm3393732	female	wiki	animal
penguins.of.mad_tt1911658	tt1911658	Corporal	nm0001780	male	wiki	animal
penguins.of.mad_tt1911658	tt1911658	Short_Fuse	nm0421822	male	wiki	animal
penguins.of.mad_tt1911658	tt1911658	Squid		unknown	none	animal
penguins.of.mad_tt1911658	tt1911658	Mermaid_Penguin	nm1615749	female	wiki	animal
penguins.of.mad_tt1911658	tt1911658	Agent_Classified	nm1212722	male	wiki	animal
penguins.of.mad_tt1911658	tt1911658	Character_1		unknown	none	human
penguins.of.mad_tt1911658	tt1911658	Girl_with_Snow_Globe	nm3276538	unknown	none	human
penguins.of.mad_tt1911658	tt1911658	Cricket	nm2722653	male	wiki	animal
penguins.of.mad_tt1911658	tt1911658	New_York_Reporter	nm2813994	male	wiki	human
penguins.of.mad_tt1911658	tt1911658	Gondolier	nm0685308	male	wiki	human
penguins.of.mad_tt1911658	tt1911658	Woman_at_Aquarium	nm0506439	female	wiki	human
penguins.of.mad_tt1911658	tt1911658	Girl_at_Zoo	nm3732165	female	wiki	human
penguins.of.mad_tt1911658	tt1911658	Penguin_Fan	nm0734989	male	wiki	human
penguins.of.mad_tt1911658	tt1911658	Angry_Man	nm2186742	unknown	none	human
penguins.of.mad_tt1911658	tt1911658	Mort	nm0725200	male	wiki	animal
penguins.of.mad_tt1911658	tt1911658	Boy_at_Aquarium	nm5209463	male	wiki	human
penguins.of.mad_tt1911658	tt1911658	Documentary_Filmmaker	nm0001348	male	wiki	human
penguins.of.mad_tt1911658	tt1911658	Aquarium_Employee	nm0443911	male	wiki	human
penguins.of.mad_tt1911658	tt1911658	King_Julien	nm0414365	male	wiki	animal
penguins.of.mad_tt1911658	tt1911658	Boy_at_Zoo	nm5408447	unknown	none	human
penguins.of.mad_tt1911658	tt1911658	Pilot	nm0443911	male	wiki	human
peter_rabbit	tt5117670	Peter_Rabbit	nm0179479	male	wiki	animal
peter_rabbit	tt5117670	Cotton-Tail	nm5397459	female	wiki	animal
peter_rabbit	tt5117670	Mopsy	nm4456120	female	wiki	animal
peter_rabbit	tt5117670	Benjamin_Bunny	nm0600461	male	wiki	animal
peter_rabbit	tt5117670	Flopsy	nm3053338	female	wiki	animal
peter_rabbit	tt5117670	Mr._Rabbit	nm0000986	male	wiki	animal
peter_rabbit	tt5117670	Pigling_Bland	nm1191900	male	wiki	animal
peter_rabbit	tt5117670	Mrs._Rabbit	nm0001829	female	wiki	animal
peter_rabbit	tt5117670	Johnny_Town-Mouse	nm0920992	male	wiki	animal
peter_rabbit	tt5117670	Tommy_Brock	nm0000554	male	wiki	animal
peter_rabbit	tt5117670	Mr._Tod	nm2417960	male	wiki	animal
peter_rabbit	tt5117670	Mrs._Tiggly-Winkle	nm2397981	female	wiki	animal
peter_rabbit	tt5117670	Mr._Jeremy_Fisher	nm1727304	male	wiki	animal
peter_rabbit_2	tt8376234	Peter_Rabbit	nm0179479	male	wiki	animal
peter_rabbit_2	tt8376234	Barnabas	nm0416694	male	wiki	animal
peter_rabbit_2	tt8376234	Benjamin_Bunny	nm0600461	male	wiki	animal
peter_rabbit_2	tt8376234	Mopsy	nm4456120	female	wiki	animal
peter_rabbit_2	tt8376234	Cotton-Tail	nm3375638	unknown	none	animal
peter_rabbit_2	tt8376234	Flopsy	nm3053338	female	wiki	animal
peter_rabbit_2	tt8376234	Samuel_Whiskers	nm0214661	male	wiki	animal
peter_rabbit_2	tt8376234	Tom_Kitten	nm0380632	male	wiki	animal
peter_rabbit_2	tt8376234	Pigling_Bland	nm1191900	male	wiki	animal
peter_rabbit_2	tt8376234	Busker_K._Bushy,_Esq.	nm2423358	male	wiki	animal
peter_rabbit_2	tt8376234	Mittens	nm2017943	female	wiki	animal
peter_rabbit_2	tt8376234	Tommy_Brock	nm0000554	male	wiki	animal
peter_rabbit_2	tt8376234	JW_Rooster_III	nm9993280	unknown	none	animal
peter_rabbit_2	tt8376234	Jemima_Puddle-Duck	nm0126284	female	wiki	animal
peter_rabbit_2	tt8376234	Little_Pig_Robinson	nm0214661	male	wiki	animal
peter_rabbit_2	tt8376234	Kennedy_St._Squirrel	nm0214661	male	wiki	animal
peter_rabbit_2	tt8376234	Mr._Tod	nm1691841	unknown	none	animal
peter_rabbit_2	tt8376234	Mrs._Tiggly-Winkle	nm2397981	female	wiki	animal
peter_rabbit_2	tt8376234	Johnny_Town-Mouse	nm0920992	male	wiki	animal
peter_rabbit_2	tt8376234	Mr._Jeremy_Fisher	nm1727304	male	wiki	animal
petes.dragon_tt0076538	tt0076538	Elliott	nm0130324	male	wiki	other
pinocchio_tt0032910	tt0032910	Pinocchio_(character)	nm0427934	male	wiki	human
pinocchio_tt0032910	tt0032910	Jiminy_Cricket	nm0249893	male	wiki	animal
pinocchio_tt0032910	tt0032910	Geppetto	nm0747759	male	wiki	human
pinocchio_tt0032910	tt0032910	Figaro		male	fandom	animal
pinocchio_tt0032910	tt0032910	Honest_John	nm0146185	male	wiki	animal
pinocchio_tt0032910	tt0032910	Stromboli	nm0431882	male	wiki	human
pinocchio_tt0032910	tt0032910	Lampwick	nm0201660	male	wiki	human
pinocchio_tt0032910	tt0032910	Cat_2		unknown	none	animal
pinocchio_tt0032910	tt0032910	Cleo		female	fandom	animal
pinocchio_tt0032910	tt0032910	The_Coachman	nm0431882	male	wiki	human
pinocchio_tt0032910	tt0032910	Blue_Fairy	nm0892867	female	wiki	human
pinocchio_tt0032910	tt0032910	Donkey	nm0536499;nm0268428;nm0621699	unknown	none	animal
pinocchio_tt0032910	tt0032910	Dancing_Puppets		unknown	none	human
pinocchio_tt0032910	tt0032910	Gideon_(Pinocchio)	nm0000305	male	wiki	animal
planes_tt1691917	tt1691917	Dusty_Crophopper	nm0176981	male	wiki	other
planes_tt1691917	tt1691917	Chug	nm0004951	male	wiki	other
planes_tt1691917	tt1691917	Dottie	nm0000159	female	wiki	other
planes_tt1691917	tt1691917	Leadbottom	nm0147825	male	wiki	other
planes_tt1691917	tt1691917	Ishani	nm1231899	female	wiki	other
planes_tt1691917	tt1691917	Cars_2		unknown	none	other
planes_tt1691917	tt1691917	Roper	nm0005435	male	wiki	other
planes_tt1691917	tt1691917	Zed	nm0407101	male	wiki	other
planes_tt1691917	tt1691917	Bravo	nm0000174	male	wiki	other
planes_tt1691917	tt1691917	Ned	nm0407101	male	wiki	other
planes_tt1691917	tt1691917	Cars_1		unknown	none	other
planes_tt1691917	tt1691917	Cars_3		unknown	none	other
planes_tt1691917	tt1691917	Harland	nm0001652	male	wiki	other
planes_tt1691917	tt1691917	Colin_Cowling	nm3524850	male	wiki	other
pocahontas_tt0114148	tt0114148	Pocahontas_	nm0065942	female	wiki	human
pocahontas_tt0114148	tt0114148	John_Smith	nm0000154	male	wiki	human
pocahontas_tt0114148	tt0114148	Governor_Ratcliffe	nm0001773	male	wiki	human
pocahontas_tt0114148	tt0114148	Chief_Powhatan	nm0575184	male	wiki	human
pocahontas_tt0114148	tt0114148	Thomas	nm0000288	male	wiki	human
pocahontas_tt0114148	tt0114148	Lon	nm0048589	male	wiki	human
pocahontas_tt0114148	tt0114148	Ben	nm0175262	male	wiki	human
pocahontas_tt0114148	tt0114148	Meeko	nm0440885	male	wiki	animal
pocahontas_tt0114148	tt0114148	Kocoum	nm0266301	male	wiki	human
pocahontas_tt0114148	tt0114148	Wiggins	nm0001773	male	wiki	human
pocahontas_tt0114148	tt0114148	Nakoma	nm0820667	female	wiki	human
pocahontas_tt0114148	tt0114148	Percy_(Pocahontas)	nm0542706	male	wiki	animal
pocahontas_tt0114148	tt0114148	Grandmother_Willow	nm0001373	female	wiki	human
pocahontas_tt0114148	tt0114148	Kekata	nm0867588	male	wiki	human
pocahontas_tt0114148	tt0114148	Flit	nm0919798	male	wiki	animal
pokmon.the.firs_tt0190641	tt0190641	Ash_Ketchum	nm0853301	male	fandom	human
pokmon.the.firs_tt0190641	tt0190641	Brock	nm0835688	male	wiki	human
pokmon.the.firs_tt0190641	tt0190641	Misty	nm0510418	female	wiki	human
pokmon.the.firs_tt0190641	tt0190641	Pikachu_(Ash's)	nm0649026	female	wiki	other
pokmon.the.firs_tt0190641	tt0190641	Mewtwo	nm0058876	male	wiki	other
pokmon.the.firs_tt0190641	tt0190641	Meowth	nm0006851	male	fandom	other
pokmon.the.firs_tt0190641	tt0190641	Jessie	nm0510418	female	wiki	human
pokmon.the.firs_tt0190641	tt0190641	Neesha	nm0651184	female	wiki	human
pokmon.the.firs_tt0190641	tt0190641	James	nm0835688	male	wiki	human
pokmon.the.firs_tt0190641	tt0190641	Charizard_(Ash's)	nm0586528	male	wiki	other
pokmon.the.firs_tt0190641	tt0190641	Nurse_Joy	nm0391125	female	wiki	human
pokmon.the.firs_tt0190641	tt0190641	Squirtle_(Ash's)	nm0835688	male	wiki	other
pokmon.the.firs_tt0190641	tt0190641	Shellshocker_(Neesha's)	nm0312656	male	wiki	other
pokmon.the.firs_tt0190641	tt0190641	Fergus	nm0146097	male	wiki	human
pokmon.the.firs_tt0190641	tt0190641	Bulbasaur_(Ash's)	nm0419760	female	wiki	other
pokmon.the.firs_tt0190641	tt0190641	Corey	nm0507793	male	wiki	human
pokmon.the.firs_tt0190641	tt0190641	Venusaur	nm0354126	unknown	none	other
pokmon.the.firs_tt0190641	tt0190641	Mew	nm0945290	male	wiki	other
pokmon.the.firs_tt0190641	tt0190641	Mewtwo_(Young)	nm0058876	male	wiki	other
pokmon.the.firs_tt0190641	tt0190641	Officer_Jenny	nm0703454	female	fandom	human
pokmon.the.firs_tt0190641	tt0190641	Gyarados	nm0411167	male	wiki	other
pokmon.the.firs_tt0190641	tt0190641	Psyduck_(Misty's)	nm0354126	unknown	none	other
pokmon.the.firs_tt0190641	tt0190641	Miranda	nm0651184	female	wiki	human
pokmon.the.firs_tt0190641	tt0190641	Vulpix_(Brock's)	nm0510418	female	wiki	other
pokmon.the.firs_tt0190641	tt0190641	Weezing_(James's)	nm0835688	male	wiki	other
pokmon.the.firs_tt0190641	tt0190641	Sandslash		unknown	none	other
pokmon.the.firs_tt0190641	tt0190641	Ninetales	nm0736994	female	wiki	other
pokmon.the.firs_tt0190641	tt0190641	Togepi_(Misty's)	nm0465631	female	wiki	other
pokmon.the.firs_tt0190641	tt0190641	Staryu_(Misty's)	nm0586528	male	wiki	other
pokmon.the.firs_tt0190641	tt0190641	Raymond	nm0006851	male	fandom	human
pokmon.the.firs_tt0190641	tt0190641	Rapidash		unknown	none	other
pokmon.the.firs_tt0190641	tt0190641	Dr._Fuji	nm0058876	male	wiki	human
pokmon.the.firs_tt0190641	tt0190641	Vaporeon	nm0736994	female	wiki	other
polar.express_tt0338348	tt0338348	Hero_Boy	nm0754512	male	wiki	human
polar.express_tt0338348	tt0338348	Hero_Girl	nm0310850	female	wiki	human
polar.express_tt0338348	tt0338348	Conductor	nm0000158	male	wiki	human
polar.express_tt0338348	tt0338348	Billy	nm1497548	male	wiki	human
polar.express_tt0338348	tt0338348	Know-it-All	nm0214430	male	wiki	human
polar.express_tt0338348	tt0338348	Hobo	nm0000158	male	wiki	human
polar.express_tt0338348	tt0338348	Toothless_Boy		unknown	none	human
polar.express_tt0338348	tt0338348	Sarah	nm1717660	unknown	none	human
polar.express_tt0338348	tt0338348	Elves		male	fandom	human
polar.express_tt0338348	tt0338348	Smokey	nm0812220	male	wiki	human
polar.express_tt0338348	tt0338348	Santa_Claus	nm0000158	male	wiki	human
polar.express_tt0338348	tt0338348	Red_Head_Girl		unknown	none	human
polar.express_tt0338348	tt0338348	Elf_Lieutenant	nm0878911	male	wiki	human
polar.express_tt0338348	tt0338348	Waiters		unknown	none	human
polar.express_tt0338348	tt0338348	Pastry_Chefs		unknown	none	human
prince.of.egypt_tt0120794	tt0120794	Moses	nm0000174	male	wiki	human
prince.of.egypt_tt0120794	tt0120794	Miriam	nm0000113	female	wiki	human
prince.of.egypt_tt0120794	tt0120794	Pharaoh_Seti_I	nm0001772	male	wiki	human
prince.of.egypt_tt0120794	tt0120794	Aaron	nm0000156	male	wiki	human
prince.of.egypt_tt0120794	tt0120794	Tzipporah	nm0000201	female	wiki	human
prince.of.egypt_tt0120794	tt0120794	Yocheved	nm0371866	female	wiki	human
prince.of.egypt_tt0120794	tt0120794	Miriam_(Young)	nm0726180	female	wiki	human
prince.of.egypt_tt0120794	tt0120794	Character_1		unknown	none	human
prince.of.egypt_tt0120794	tt0120794	Rameses	nm0000146	male	wiki	human
prince.of.egypt_tt0120794	tt0120794	Queen_Tuya	nm0000545	female	wiki	human
prince.of.egypt_tt0120794	tt0120794	Ramses'_Son	nm0609424	unknown	none	human
prince.of.egypt_tt0120794	tt0120794	Hotep	nm0000188	male	wiki	human
prince.of.egypt_tt0120794	tt0120794	Character_3		unknown	none	human
prince.of.egypt_tt0120794	tt0120794	Huy	nm0001737	male	wiki	human
prince.of.egypt_tt0120794	tt0120794	Character_2		unknown	none	human
princess.and.th_tt0780521	tt0780521	Prince_Naveen_(frog)	nm0004797	male	wiki	animal
princess.and.th_tt0780521	tt0780521	Tiana_Rogers	nm0741242	female	wiki	human
princess.and.th_tt0780521	tt0780521	Tiana_(frog)	nm0741242	female	wiki	animal
princess.and.th_tt0780521	tt0780521	Charlotte_La_Bouff	nm2278607	female	wiki	human
princess.and.th_tt0780521	tt0780521	Louis_(The_Princess_and_the_Frog)	nm1496365	male	wiki	animal
princess.and.th_tt0780521	tt0780521	Prince_Naveen	nm0004797	male	wiki	human
princess.and.th_tt0780521	tt0780521	Dr._Facilier	nm0202966	male	wiki	human
princess.and.th_tt0780521	tt0780521	Ray	nm0191906	male	wiki	animal
princess.and.th_tt0780521	tt0780521	Eudora	nm0001856	female	wiki	human
princess.and.th_tt0780521	tt0780521	Lawrence_(The_Princess_and_the_Frog)	nm0058874	male	wiki	human
princess.and.th_tt0780521	tt0780521	Eli_La_Bouff		male	fandom	human
princess.and.th_tt0780521	tt0780521	Mama_Odie	nm0507338	female	wiki	human
princess.and.th_tt0780521	tt0780521	James_Rogers	nm0005024	male	wiki	human
princess.and.th_tt0780521	tt0780521	Buford_(The_Princess_and_the_Frog)	nm0173485	male	wiki	human
princess.and.th_tt0780521	tt0780521	Facilier's_Friends_on_the_Other_Side		male	fandom	other
princess.and.th_tt0780521	tt0780521	Reggie	nm0599907	male	wiki	human
princess.and.th_tt0780521	tt0780521	Harvey_Fenner_	nm0123553	male	wiki	human
princess.and.th_tt0780521	tt0780521	Darnell	nm2320658	male	wiki	human
princess.and.th_tt0780521	tt0780521	Butterflies_(The_Princess_and_the_Frog)		unknown	none	other
princess.and.th_tt0780521	tt0780521	Queen_of_Maldonia		unknown	none	human
princess.and.th_tt0780521	tt0780521	Firefly_Family		unknown	none	other
princess.and.th_tt0780521	tt0780521	Marcel		male	fandom	animal
princess.and.th_tt0780521	tt0780521	Two-Fingers		unknown	none	human
princess.and.th_tt0780521	tt0780521	Prince_Ralphie	nm3711404	unknown	none	human
princess.and.th_tt0780521	tt0780521	Beaudreaux		unknown	none	other
princess.and.th_tt0780521	tt0780521	Stella		female	fandom	other
puss.in.boots_tt0448694	tt0448694	Puss_in_Boots	nm0000104	male	wiki	animal
puss.in.boots_tt0448694	tt0448694	Humpty_Alexander_Dumpty	nm0302108	male	wiki	other
puss.in.boots_tt0448694	tt0448694	Kitty_Softpaws	nm0000161	female	wiki	animal
puss.in.boots_tt0448694	tt0448694	Imelda	nm0005186	female	wiki	human
puss.in.boots_tt0448694	tt0448694	Chick		unknown	none	animal
puss.in.boots_tt0448694	tt0448694	Jill	nm0781238	female	wiki	human
puss.in.boots_tt0448694	tt0448694	Ohhh_Cat	nm2130108	male	wiki	animal
puss.in.boots_tt0448694	tt0448694	Jack	nm0000671	male	wiki	human
puss.in.boots_tt0448694	tt0448694	Comandante	nm0868219	male	wiki	human
puss.in.boots_tt0448694	tt0448694	Moustache_Man	nm0868219	male	wiki	human
puss.in.boots_tt0448694	tt0448694	Raoul	nm0970447	male	wiki	human
puss.in.boots_tt0448694	tt0448694	Geese		unknown	none	animal
puss.in.boots_tt0448694	tt0448694	Andy_Beanstalk	nm0593610	male	wiki	human
puss.in.boots_tt0448694	tt0448694	Soldier	nm0970447	male	wiki	human
puss.in.boots_tt0448694	tt0448694	Luis	nm3112957	unknown	none	human
puss.in.boots_tt0448694	tt0448694	Manuel	nm1844237	male	wiki	human
puss.in.boots_tt0448694	tt0448694	Hotel_Owner	nm1117226	male	wiki	human
puss.in.boots_tt0448694	tt0448694	Estella_Maria	nm1470330	unknown	none	human
puss.in.boots_tt0448694	tt0448694	Prison_Guard	nm1844237	male	wiki	human
puss.in.boots_tt0448694	tt0448694	Bounty_Hunter	nm0226206	unknown	none	human
puss.in.boots_tt0448694	tt0448694	Little_Boy_Blue	nm1844237	male	wiki	human
puss.in.boots_tt0448694	tt0448694	Charo	nm0058109	female	wiki	human
puss.in.boots_tt0448694	tt0448694	Little_Boy	nm1195845	female	wiki	human
puss.in.boots_tt0448694	tt0448694	Friar_Miller	nm1844237	male	wiki	human
puss.in.boots_tt0448694	tt0448694	Rafael	nm1844237	male	wiki	human
puss.in.boots_tt0448694	tt0448694	Milk_Lady	nm1195845	female	wiki	human
puss.in.boots_tt0448694	tt0448694	Rodrigo	nm1117226	male	wiki	human
puss.in.boots_tt0448694	tt0448694	Ivana	nm0058109	female	wiki	human
puss.in.boots_tt0448694	tt0448694	Bartender	nm1117226	male	wiki	human
puss.in.boots_tt0448694	tt0448694	Guiseppe	nm0427079	male	wiki	human
puss.in.boots_tt0448694	tt0448694	Mean_Boy	nm1117226	male	wiki	human
puss.in.boots.t_tt3915174	tt3915174	Puss_in_Boots	nm0000104	male	wiki	animal
puss.in.boots.t_tt3915174	tt3915174	Kitty_Softpaws	nm0000161	female	wiki	animal
puss.in.boots.t_tt3915174	tt3915174	Perrito	nm2957490	male	wiki	animal
puss.in.boots.t_tt3915174	tt3915174	Goldilocks	nm6073955	female	wiki	human
puss.in.boots.t_tt3915174	tt3915174	Mama_Bear	nm1469236	female	wiki	animal
puss.in.boots.t_tt3915174	tt3915174	Baby_Bear	nm4478685	male	wiki	animal
puss.in.boots.t_tt3915174	tt3915174	Jack_Horner	nm1825214	male	wiki	human
puss.in.boots.t_tt3915174	tt3915174	Papa_Bear	nm0935653	male	wiki	animal
puss.in.boots.t_tt3915174	tt3915174	Wolf	nm0609944	male	wiki	animal
puss.in.boots.t_tt3915174	tt3915174	Jan_Serpent	nm2016157	female	wiki	human
puss.in.boots.t_tt3915174	tt3915174	Ethical_Bug	nm2162374	unknown	none	animal
puss.in.boots.t_tt3915174	tt3915174	Doctor	nm2373831	male	fandom	human
puss.in.boots.t_tt3915174	tt3915174	Band_Members	nm3150455	male	wiki	human
puss.in.boots.t_tt3915174	tt3915174	Mama_Luna	nm5007768	female	wiki	human
puss.in.boots.t_tt3915174	tt3915174	Jo_Serpent	nm4161838	female	wiki	human
puss.in.boots.t_tt3915174	tt3915174	Little_Boy	nm10530209	male	fandom	human
puss.in.boots.t_tt3915174	tt3915174	Goldi_(Young)	nm12080960	unknown	none	human
puss.in.boots.t_tt3915174	tt3915174	Ohhh_Cat	nm2130108	male	wiki	animal
puss.in.boots.t_tt3915174	tt3915174	Little_Jack_Audience_Member	nm1121631	male	wiki	human
puss.in.boots.t_tt3915174	tt3915174	Governor's_Assistant	nm0881938	female	wiki	human
puss.in.boots.t_tt3915174	tt3915174	Baker's_Dozen_Gang_Members	nm2591093	unknown	none	human
puss.in.boots.t_tt3915174	tt3915174	Governor	nm1960207	male	wiki	human
puss.in.boots.t_tt3915174	tt3915174	Pinocchio	nm0970606	male	wiki	human
puss.in.boots.t_tt3915174	tt3915174	Last_Baker	nm5906920	female	wiki	human
puss.in.boots.t_tt3915174	tt3915174	Bartender	nm0734989	male	wiki	human
puss.in.boots.t_tt3915174	tt3915174	Gingy	nm0970447	male	wiki	other
ralph.breaks.th_tt5848272	tt5848272	Wreck-It_Ralph	nm0000604	male	wiki	human
ralph.breaks.th_tt5848272	tt5848272	Vanellope_von_Schweetz	nm0798971	female	wiki	human
ralph.breaks.th_tt5848272	tt5848272	Shank	nm2933757	female	wiki	human
ralph.breaks.th_tt5848272	tt5848272	Elsa	nm0579953	female	wiki	human
ralph.breaks.th_tt5848272	tt5848272	Yesss	nm0378245	female	wiki	human
ralph.breaks.th_tt5848272	tt5848272	Fix-It-Felix	nm1442113	male	wiki	human
ralph.breaks.th_tt5848272	tt5848272	Spamley	nm0352778	male	wiki	human
ralph.breaks.th_tt5848272	tt5848272	Taffyta_Muttonfudge	nm3830257	female	wiki	human
ralph.breaks.th_tt5848272	tt5848272	Knowsmore	nm0876138	male	wiki	other
ralph.breaks.th_tt5848272	tt5848272	Princess_Ariel	nm0072533	female	wiki	human
ralph.breaks.th_tt5848272	tt5848272	Belle	nm0641314	female	wiki	human
ralph.breaks.th_tt5848272	tt5848272	Cinderella	nm0354937	female	wiki	human
ralph.breaks.th_tt5848272	tt5848272	Moana	nm7635388	female	wiki	human
ralph.breaks.th_tt5848272	tt5848272	Pocahontas	nm0065942	female	wiki	human
ralph.breaks.th_tt5848272	tt5848272	Ballet_Mom	nm0651067	female	wiki	human
ralph.breaks.th_tt5848272	tt5848272	Anna	nm0068338	female	wiki	human
ralph.breaks.th_tt5848272	tt5848272	Rapunzel	nm0601553	female	wiki	human
ralph.breaks.th_tt5848272	tt5848272	Little_Debbie		unknown	none	human
ralph.breaks.th_tt5848272	tt5848272	Surge_Protector	nm1601882	male	wiki	human
ralph.breaks.th_tt5848272	tt5848272	Double_Dan	nm0000547	male	wiki	other
ralph.breaks.th_tt5848272	tt5848272	Sour_Bill	nm0601781	male	wiki	other
ralph.breaks.th_tt5848272	tt5848272	Sgt._Calhoun	nm0528331	female	wiki	human
ralph.breaks.th_tt5848272	tt5848272	Snow_White	nm0962596	female	wiki	human
ralph.breaks.th_tt5848272	tt5848272	Buzz_Lightyear	nm0000741	male	wiki	human
ralph.breaks.th_tt5848272	tt5848272	Princess_Aurora	nm1512156	female	wiki	human
ralph.breaks.th_tt5848272	tt5848272	Maybe	nm2063276	unknown	none	human
ralph.breaks.th_tt5848272	tt5848272	Gene	nm0675442	male	wiki	human
ralph.breaks.th_tt5848272	tt5848272	Candlehead	nm1705090	female	wiki	human
ralph.breaks.th_tt5848272	tt5848272	Princess_Merida	nm0531808	female	wiki	human
ralph.breaks.th_tt5848272	tt5848272	Eboy	nm4677867	male	wiki	human
ralph.breaks.th_tt5848272	tt5848272	Felony	nm4399227	female	wiki	human
ralph.breaks.th_tt5848272	tt5848272	McNeely	nm7187850	male	wiki	human
ralph.breaks.th_tt5848272	tt5848272	Groot	nm0004874	male	wiki	other
ralph.breaks.th_tt5848272	tt5848272	Butcher_Boy	nm3985937	male	wiki	human
ralph.breaks.th_tt5848272	tt5848272	Pyro	nm1591283	male	wiki	human
ralph.breaks.th_tt5848272	tt5848272	Hey_Nongman	nm1727621	male	wiki	human
ralph.breaks.th_tt5848272	tt5848272	Mulan	nm0001840	female	wiki	human
ralph.breaks.th_tt5848272	tt5848272	Stan_Litwak	nm0642145	male	wiki	human
ralph.breaks.th_tt5848272	tt5848272	Swati	nm5415922	female	wiki	human
ralph.breaks.th_tt5848272	tt5848272	Stormtroopers	nm2119461	male	wiki	other
ralph.breaks.th_tt5848272	tt5848272	Duncan	nm0764445	male	wiki	other
ralph.breaks.th_tt5848272	tt5848272	Sonic_the_Hedgehog	nm1886746	male	wiki	other
ralph.breaks.th_tt5848272	tt5848272	Princess_Jasmine	nm0488306	female	wiki	human
ralph.breaks.th_tt5848272	tt5848272	Jimmy	nm5803981	male	wiki	human
ralph.breaks.th_tt5848272	tt5848272	Nafisa	nm5643385	female	wiki	human
ralph.breaks.th_tt5848272	tt5848272	Tiana	nm0741242	female	wiki	human
ralph.breaks.th_tt5848272	tt5848272	Tapper	nm0005606	male	wiki	human
ralph.breaks.th_tt5848272	tt5848272	Lee_the_Office_Nerd	nm3931538	male	wiki	human
ralph.breaks.th_tt5848272	tt5848272	ebay_Elayne	nm0936607	female	wiki	human
ralph.breaks.th_tt5848272	tt5848272	Instagram_Pop-Up		unknown	none	other
ralph.breaks.th_tt5848272	tt5848272	Zangief	nm0601781	male	wiki	human
ralph.breaks.th_tt5848272	tt5848272	Grumpy	nm0123553	male	wiki	human
ralph.breaks.th_tt5848272	tt5848272	News_Anchor	nm1872698	female	wiki	human
ralph.breaks.th_tt5848272	tt5848272	C-3PO	nm0000355	male	wiki	other
rango_tt1192628	tt1192628	Rango	nm0000136	male	wiki	animal
rango_tt1192628	tt1192628	Beans	nm0279545	female	wiki	animal
rango_tt1192628	tt1192628	Mayor	nm0000885	male	wiki	other
rango_tt1192628	tt1192628	Ezekiel	nm0440229	male	wiki	animal
rango_tt1192628	tt1192628	Buford	nm0163703	male	wiki	animal
rango_tt1192628	tt1192628	Waffles	nm0126096	male	wiki	other
rango_tt1192628	tt1192628	Mariachi_Owls		unknown	none	animal
rango_tt1192628	tt1192628	Furgus	nm0854702	male	wiki	animal
rango_tt1192628	tt1192628	Doc_Kenny	nm0740535	male	wiki	animal
rango_tt1192628	tt1192628	Priscilla	nm1113550	female	wiki	animal
rango_tt1192628	tt1192628	Rattlesnake_Jake	nm0631490	male	wiki	animal
rango_tt1192628	tt1192628	Elgin	nm0182824	male	wiki	animal
rango_tt1192628	tt1192628	Wounded_Bird	nm0083655	male	wiki	animal
rango_tt1192628	tt1192628	Spoons	nm1178832	male	fandom	animal
rango_tt1192628	tt1192628	Ambrose	nm0000718	male	wiki	animal
rango_tt1192628	tt1192628	Roadkill	nm0000547	male	wiki	animal
rango_tt1192628	tt1192628	Merrimack	nm0740535	male	wiki	animal
rango_tt1192628	tt1192628	Sergeant_Turley	nm0893659	male	wiki	animal
rango_tt1192628	tt1192628	Hawk		female	fandom	animal
rango_tt1192628	tt1192628	Bad_Bill	nm0935653	male	wiki	other
rango_tt1192628	tt1192628	Angelique	nm0085227	female	wiki	animal
rango_tt1192628	tt1192628	Rock-Eye	nm1099085	male	wiki	other
ratatouille_tt0382932	tt0382932	Alfredo_Linguini	nm0738918	male	wiki	human
ratatouille_tt0382932	tt0382932	Remy	nm0652663	male	wiki	animal
ratatouille_tt0382932	tt0382932	Colette_Tatou	nm0000413	female	wiki	human
ratatouille_tt0382932	tt0382932	Chef_Skinner	nm0000453	male	wiki	human
ratatouille_tt0382932	tt0382932	Emile	nm0812307	male	wiki	animal
ratatouille_tt0382932	tt0382932	Anton_Ego	nm0000564	male	wiki	human
ratatouille_tt0382932	tt0382932	Django	nm0001133	male	wiki	animal
ratatouille_tt0382932	tt0382932	Auguste_Gusteau	nm0004951	male	wiki	human
ratatouille_tt0382932	tt0382932	Talon_Labarthe	nm0628599	male	wiki	human
ratatouille_tt0382932	tt0382932	Horst	nm0004715	male	wiki	human
ratatouille_tt0382932	tt0382932	Lalo	nm2029107	unknown	none	human
ratatouille_tt0382932	tt0382932	Mustafa	nm0001652	male	wiki	human
ratatouille_tt0382932	tt0382932	Larousse	nm0001664	male	wiki	human
ratatouille_tt0382932	tt0382932	Pompidou	nm0297306	male	wiki	human
ratatouille_tt0382932	tt0382932	Health_Inspector	nm0297306	male	wiki	human
ratatouille_tt0382932	tt0382932	Mabel_(Ratatouille)	nm15746381	female	fandom	human
ratatouille_tt0382932	tt0382932	Ambrister_Minion	nm0083348	male	wiki	human
raya.and.the.la_tt5109280	tt5109280	Raya	nm4511652	female	wiki	human
raya.and.the.la_tt5109280	tt5109280	Sisu	nm5377144	female	wiki	other
raya.and.the.la_tt5109280	tt5109280	Sisu_(human)	nm5377144	female	wiki	human
raya.and.the.la_tt5109280	tt5109280	Raya_(Young)	nm4511652	female	wiki	human
raya.and.the.la_tt5109280	tt5109280	Buon	nm9865565	male	wiki	human
raya.and.the.la_tt5109280	tt5109280	Namaari	nm2110418	female	wiki	human
raya.and.the.la_tt5109280	tt5109280	Tong	nm0938950	male	wiki	human
raya.and.the.la_tt5109280	tt5109280	Noi	nm8009776	female	wiki	human
raya.and.the.la_tt5109280	tt5109280	Chief_Benja	nm0196654	male	wiki	human
raya.and.the.la_tt5109280	tt5109280	Tuk_Tuk	nm0876138	male	wiki	other
raya.and.the.la_tt5109280	tt5109280	Ongis		unknown	none	animal
raya.and.the.la_tt5109280	tt5109280	Namaari_(Young)	nm2033115	female	wiki	human
raya.and.the.la_tt5109280	tt5109280	Virana	nm0644897	female	wiki	human
raya.and.the.la_tt5109280	tt5109280	General_Atitaya	nm1901842	female	wiki	human
raya.and.the.la_tt5109280	tt5109280	Dang_Hu	nm0814586	female	wiki	human
raya.and.the.la_tt5109280	tt5109280	Merchant	nm7153883	female	wiki	human
raya.and.the.la_tt5109280	tt5109280	Dang_Hai	nm0437646	male	wiki	human
raya.and.the.la_tt5109280	tt5109280	Chai	nm0661864	male	wiki	human
raya.and.the.la_tt5109280	tt5109280	Wahn	nm0154236	male	wiki	human
raya.and.the.la_tt5109280	tt5109280	Spine_Chief	nm5224900	male	wiki	human
raya.and.the.la_tt5109280	tt5109280	Fang_Officer	nm7153883	female	wiki	human
raya.and.the.la_tt5109280	tt5109280	Spine_Warrior	nm1901842	female	wiki	human
raya.and.the.la_tt5109280	tt5109280	Tail_Chief	nm8773928	female	fandom	human
raya.and.the.la_tt5109280	tt5109280	Merchant_#2	nm11260551	unknown	none	human
rescuers_tt0076618	tt0076618	Bernard	nm0627878	male	wiki	animal
rescuers_tt0076618	tt0076618	Miss_Bianca	nm0001247	female	wiki	animal
rescuers_tt0076618	tt0076618	Penny	nm0821094	female	wiki	animal
rescuers_tt0076618	tt0076618	Madame_Medusa	nm0656183	female	wiki	human
rescuers_tt0076618	tt0076618	Luke	nm0125426	male	wiki	animal
rescuers_tt0076618	tt0076618	Mr._Snoops	nm0283499	male	wiki	human
rescuers_tt0076618	tt0076618	Rufus	nm0570615	male	wiki	animal
rescuers_tt0076618	tt0076618	Brutus	nm0531763	male	wiki	animal
rescuers_tt0076618	tt0076618	Evinrude	nm0531763	male	wiki	animal
rescuers_tt0076618	tt0076618	Ellie_Mae	nm0634282	female	wiki	animal
rescuers_tt0076618	tt0076618	Mr._Chairman	nm0288882	male	wiki	animal
rescuers_tt0076618	tt0076618	Orville	nm0430015	male	wiki	animal
rescuers_tt0076618	tt0076618	Deadeye	nm0512357	male	wiki	animal
rescuers_tt0076618	tt0076618	Chairmouse		male	fandom	animal
rescuers_tt0076618	tt0076618	Gramps	nm0166307	male	wiki	animal
rescuers_tt0076618	tt0076618	Deacon_Owl	nm0275835	male	wiki	animal
rescuers_tt0076618	tt0076618	Digger	nm0852305	male	wiki	animal
rescuers_tt0076618	tt0076618	TV_Announcer	nm0573350	male	wiki	human
rio_tt1436562	tt1436562	Blue	nm0251986	male	wiki	animal
rio_tt1436562	tt1436562	Linda	nm0005182	female	wiki	human
rio_tt1436562	tt1436562	Jewel	nm0004266	female	wiki	animal
rio_tt1436562	tt1436562	Tulio_Monteiro	nm0763928	male	wiki	human
rio_tt1436562	tt1436562	Pedro	nm1443238	male	wiki	animal
rio_tt1436562	tt1436562	Nico	nm0004937	male	wiki	animal
rio_tt1436562	tt1436562	Fernando	nm1545471	male	wiki	human
rio_tt1436562	tt1436562	Tipa	nm0305261	male	wiki	human
rio_tt1436562	tt1436562	Nigel	nm1318596	male	wiki	animal
rio_tt1436562	tt1436562	Armando	nm4388011	male	fandom	human
rio_tt1436562	tt1436562	Marcel	nm0005317	male	wiki	human
rio_tt1436562	tt1436562	Toucan_Kids	nm15753583	male	fandom	animal
rio_tt1436562	tt1436562	Rafael	nm0520064	male	wiki	animal
rio_tt1436562	tt1436562	The_Marmosets		unknown	none	animal
rio_tt1436562	tt1436562	Luiz	nm0605079	male	wiki	animal
rio_tt1436562	tt1436562	Mauro		male	fandom	animal
rio_tt1436562	tt1436562	Slyvio	nm1960207	male	wiki	human
rio_tt1436562	tt1436562	Trapped_Bird	nm0001855	male	wiki	animal
rio_tt1436562	tt1436562	Newscaster		female	fandom	human
rio_tt1436562	tt1436562	Neurotic_Bird	nm1682096	female	fandom	animal
rio_tt1436562	tt1436562	Aviary_Intern	nm0679888	male	wiki	human
rio_tt1436562	tt1436562	Dr._Barbosa	nm2785043	female	fandom	human
rio_tt1436562	tt1436562	Boy_in_Gondola	nm3637636	female	wiki	human
rio_tt1436562	tt1436562	Young_Linda	nm1157657	unknown	none	human
rio_tt1436562	tt1436562	0.NOTAFACE		unknown	none	human
rio_tt1436562	tt1436562	Carnival_girl		unknown	none	human
rio.2_tt2357291	tt2357291	Blu	nm0251986	male	wiki	animal
rio.2_tt2357291	tt2357291	Jewel	nm0004266	female	wiki	animal
rio.2_tt2357291	tt2357291	Eduardo	nm0000412	male	wiki	animal
rio.2_tt2357291	tt2357291	Linda	nm0005182	female	wiki	human
rio.2_tt2357291	tt2357291	Pedro	nm1443238	male	wiki	animal
rio.2_tt2357291	tt2357291	Tulio	nm0763928	male	wiki	human
rio.2_tt2357291	tt2357291	Nico	nm0004937	male	wiki	animal
rio.2_tt2357291	tt2357291	Tiago	nm3163952	male	wiki	animal
rio.2_tt2357291	tt2357291	Carla	nm3907105	female	wiki	animal
rio.2_tt2357291	tt2357291	Roberto	nm3960069	male	wiki	animal
rio.2_tt2357291	tt2357291	Bia	nm3964350	female	wiki	animal
rio.2_tt2357291	tt2357291	Gabi	nm0155693	female	wiki	animal
rio.2_tt2357291	tt2357291	Felipe	nm5248990	male	wiki	animal
rio.2_tt2357291	tt2357291	Rafael	nm0520064	male	wiki	animal
rio.2_tt2357291	tt2357291	Luiz	nm0605079	male	wiki	animal
rio.2_tt2357291	tt2357291	Tiny	nm2177528	female	wiki	animal
rio.2_tt2357291	tt2357291	Tapir_Game_Announcer	nm1215293	unknown	none	animal
rio.2_tt2357291	tt2357291	Aunt_Mimi	nm0001549	female	wiki	animal
rio.2_tt2357291	tt2357291	Logging_Foreman	nm0858378	male	wiki	human
rio.2_tt2357291	tt2357291	Big_Boss	nm0001208	male	wiki	human
rio.2_tt2357291	tt2357291	Street_Vendor	nm0005223	male	wiki	human
rio.2_tt2357291	tt2357291	Swinging_Audition_Monkey	nm2785043	unknown	none	animal
rio.2_tt2357291	tt2357291	Peri	nm0305261	male	wiki	animal
rio.2_tt2357291	tt2357291	Capoeira_Turtle	nm0175828	male	wiki	animal
rio.2_tt2357291	tt2357291	Claira	nm4913592	female	fandom	animal
rio.2_tt2357291	tt2357291	Obnoxious_Kid	nm6400053	male	fandom	human
rio.2_tt2357291	tt2357291	Blue_Sentry	nm1960207	male	wiki	animal
rio.2_tt2357291	tt2357291	Newscaster	nm1293847	female	wiki	human
rio.2_tt2357291	tt2357291	Porcupine_Game_Announcer	nm1102153	male	wiki	animal
rio.2_tt2357291	tt2357291	Fernando	nm1545471	male	wiki	human
rio.2_tt2357291	tt2357291	Coin_Toss_Bird	nm3486549	unknown	none	animal
rio.2_tt2357291	tt2357291	Mom	nm0741612	female	wiki	human
rio.2_tt2357291	tt2357291	Rapping_Sloth	nm4899514	unknown	none	animal
rio.2_tt2357291	tt2357291	Opera_Bird	nm5118175	unknown	none	animal
rio.2_tt2357291	tt2357291	Dr._Monae	nm1847117	female	wiki	human
rio.2_tt2357291	tt2357291	Old_Bird	nm0364814	male	wiki	animal
rise.of.the.gua_tt1446192	tt1446192	Jack_Frost	nm1517976	male	wiki	human
rise.of.the.gua_tt1446192	tt1446192	Nicholas_St._North	nm0000285	male	wiki	human
rise.of.the.gua_tt1446192	tt1446192	E._Aster_Bunnymund	nm0413168	male	wiki	animal
rise.of.the.gua_tt1446192	tt1446192	Jamie_Bennett	nm2023672	male	wiki	human
rise.of.the.gua_tt1446192	tt1446192	Toothiana	nm0279545	female	wiki	human
rise.of.the.gua_tt1446192	tt1446192	Pitch_Black	nm0000179	male	wiki	human
rise.of.the.gua_tt1446192	tt1446192	Sandy		male	fandom	human
rise.of.the.gua_tt1446192	tt1446192	Claude	nm3262224	male	wiki	human
rise.of.the.gua_tt1446192	tt1446192	Cupcake	nm3676232	female	wiki	human
rise.of.the.gua_tt1446192	tt1446192	Caleb	nm1367048	male	wiki	human
rise.of.the.gua_tt1446192	tt1446192	Pippa	nm2810621	unknown	none	human
rise.of.the.gua_tt1446192	tt1446192	Baby_Tooth	nm0279545	female	wiki	other
rise.of.the.gua_tt1446192	tt1446192	Monty	nm3161916	male	wiki	human
rise.of.the.gua_tt1446192	tt1446192	Phil		unknown	none	other
rise.of.the.gua_tt1446192	tt1446192	Elves		unknown	none	human
rise.of.the.gua_tt1446192	tt1446192	Sophie_Bennet	nm5361585	unknown	none	human
rise.of.the.gua_tt1446192	tt1446192	Mary		unknown	none	human
rise.of.the.gua_tt1446192	tt1446192	Nightmares		unknown	none	other
road.to.el.dora_tt0138749	tt0138749	Tulio	nm0000177	male	wiki	human
road.to.el.dora_tt0138749	tt0138749	Miguel	nm0000110	male	wiki	human
road.to.el.dora_tt0138749	tt0138749	Chel	nm0001609	female	wiki	human
road.to.el.dora_tt0138749	tt0138749	Tzekel-Kan	nm0000800	male	wiki	human
road.to.el.dora_tt0138749	tt0138749	Chief	nm0001579	male	wiki	human
road.to.el.dora_tt0138749	tt0138749	Horsre		unknown	none	animal
road.to.el.dora_tt0138749	tt0138749	Acolyte	nm0548211	male	wiki	human
road.to.el.dora_tt0138749	tt0138749	Human_character_2		unknown	none	human
road.to.el.dora_tt0138749	tt0138749	Human_character_1		unknown	none	human
road.to.el.dora_tt0138749	tt0138749	Cortes	nm0191906	male	wiki	human
road.to.el.dora_tt0138749	tt0138749	Aardvark		unknown	none	animal
road.to.el.dora_tt0138749	tt0138749	Zaragoza	nm0068551	male	wiki	human
road.to.el.dora_tt0138749	tt0138749	Kid_#1	nm0156958	unknown	none	other
robin.hood_tt0070608	tt0070608	Prince_John	nm0001811	male	wiki	animal
robin.hood_tt0070608	tt0070608	Robin_Hood	nm0066028	male	wiki	animal
robin.hood_tt0070608	tt0070608	Sheriff_of_Nottingham	nm0125426	male	wiki	animal
robin.hood_tt0070608	tt0070608	Maid_Marian	nm0263082	female	wiki	animal
robin.hood_tt0070608	tt0070608	Skippy	nm0924240	male	wiki	animal
robin.hood_tt0070608	tt0070608	Sir_Hiss	nm0856103	male	wiki	animal
robin.hood_tt0070608	tt0070608	Little_John	nm0365201	male	wiki	animal
robin.hood_tt0070608	tt0070608	Friar_Tuck	nm0222596	male	wiki	animal
robin.hood_tt0070608	tt0070608	Lady_Cluck	nm0791186	female	wiki	animal
robin.hood_tt0070608	tt0070608	Rhino		male	fandom	animal
robin.hood_tt0070608	tt0070608	Trigger	nm0512357	male	wiki	animal
robin.hood_tt0070608	tt0070608	Otto	nm0641729	male	wiki	animal
robin.hood_tt0070608	tt0070608	Sis	nm0491485	female	wiki	animal
robin.hood_tt0070608	tt0070608	Alan-a-Dale	nm0589248	male	wiki	animal
robin.hood_tt0070608	tt0070608	Father_Sexton	nm0275835	male	wiki	animal
robin.hood_tt0070608	tt0070608	Nutsy	nm0193411	male	wiki	animal
robin.hood_tt0070608	tt0070608	Captain_of_the_Guard	nm0133752	male	wiki	animal
robin.hood_tt0070608	tt0070608	Mother_Rabbit	nm0524853	female	wiki	animal
robin.hood_tt0070608	tt0070608	Toby	nm0761688	male	fandom	animal
robin.hood_tt0070608	tt0070608	Owl		unknown	none	animal
robin.hood_tt0070608	tt0070608	Mother_Church_Mouse	nm0524853	female	wiki	animal
robots_tt0358082	tt0358082	Rodney_Copperbottom	nm0000191	male	wiki	other
robots_tt0358082	tt0358082	Cappy	nm0000932	female	wiki	other
robots_tt0358082	tt0358082	Herb_Copperbottom	nm0001804	male	wiki	other
robots_tt0358082	tt0358082	Lydia_Copperbottom	nm0001848	female	wiki	other
robots_tt0358082	tt0358082	Piper_Pinwheeler	nm0004789	female	wiki	other
robots_tt0358082	tt0358082	Youngest_Rodney	nm1838132	male	fandom	other
robots_tt0358082	tt0358082	Bigweld	nm0000316	male	wiki	other
robots_tt0358082	tt0358082	Fender	nm0000245	male	wiki	other
robots_tt0358082	tt0358082	Rodney_(Young)	nm1737527	male	wiki	other
robots_tt0358082	tt0358082	Madame_Gasket	nm0000980	female	fandom	other
robots_tt0358082	tt0358082	Lug	nm0005558	male	wiki	other
robots_tt0358082	tt0358082	Bigmouth_Executive	nm0864997	male	wiki	other
robots_tt0358082	tt0358082	Aunt_Fanny	nm0177639	female	wiki	other
robots_tt0358082	tt0358082	Blue_robot		unknown	none	other
robots_tt0358082	tt0358082	Tin_Man	nm0635183	unknown	none	other
robots_tt0358082	tt0358082	Crank_Casey	nm0004804	male	wiki	other
robots_tt0358082	tt0358082	Broken_Arm_Bot	nm0103537	male	wiki	other
robots_tt0358082	tt0358082	Tim_the_Gate_Guard	nm0316079	male	wiki	other
robots_tt0358082	tt0358082	Loretta_Geargrinder	nm0005169	female	wiki	other
robots_tt0358082	tt0358082	Jack_Hammer	nm0742165	male	wiki	other
robots_tt0358082	tt0358082	Trashcan_Bot		unknown	none	other
robots_tt0358082	tt0358082	Fire_Hydrant	nm0005143	male	wiki	other
rons.gone.wrong_tt7504818	tt7504818	Barney_Pudowski	nm6244013	male	wiki	human
rons.gone.wrong_tt7504818	tt7504818	Savannah_Meades	nm8492826	female	fandom	human
rons.gone.wrong_tt7504818	tt7504818	Marc_Wydell	nm6819854	male	wiki	human
rons.gone.wrong_tt7504818	tt7504818	Rich_Belcher	nm7221817	male	wiki	human
rons.gone.wrong_tt7504818	tt7504818	Ron	nm0302108	male	wiki	other
rons.gone.wrong_tt7504818	tt7504818	Noah	nm5408447	male	fandom	human
rons.gone.wrong_tt7504818	tt7504818	Donka_Pudowski	nm1469236	female	wiki	human
rons.gone.wrong_tt7504818	tt7504818	Andrew_Morris	nm3008739	male	wiki	human
rons.gone.wrong_tt7504818	tt7504818	Graham_Pudowski	nm1159180	male	wiki	human
rons.gone.wrong_tt7504818	tt7504818	Jayden	nm4564958	male	wiki	human
rons.gone.wrong_tt7504818	tt7504818	Ava	nm6205098	unknown	none	human
rons.gone.wrong_tt7504818	tt7504818	Alex	nm3851090	male	wiki	human
rons.gone.wrong_tt7504818	tt7504818	Bree	nm0589294	unknown	none	human
rons.gone.wrong_tt7504818	tt7504818	Ellie	nm9068377	unknown	none	human
rons.gone.wrong_tt7504818	tt7504818	Sita	nm1544537	female	wiki	human
rons.gone.wrong_tt7504818	tt7504818	Police_Officer	nm3021103	male	wiki	human
rons.gone.wrong_tt7504818	tt7504818	Bubble_Techs	nm3025293	male	wiki	human
rons.gone.wrong_tt7504818	tt7504818	Mr._Cleaver	nm0579696	male	wiki	human
rons.gone.wrong_tt7504818	tt7504818	Shayne_the_Biker	nm0579696	male	wiki	human
rons.gone.wrong_tt7504818	tt7504818	Miss_Thomas	nm2756650	female	wiki	human
rons.gone.wrong_tt7504818	tt7504818	Ms._Hartley	nm0915375	female	wiki	human
rugrats.movie_tt0134067	tt0134067	Tommy_Pickles	nm0197354	male	fandom	human
rugrats.movie_tt0134067	tt0134067	Chuckie_Finster	nm0004815	male	fandom	human
rugrats.movie_tt0134067	tt0134067	Phillip	nm0815718	female	wiki	human
rugrats.movie_tt0134067	tt0134067	Lillian	nm0815718	female	wiki	human
rugrats.movie_tt0134067	tt0134067	Dil_Pickles	nm0152839	male	fandom	human
rugrats.movie_tt0134067	tt0134067	Stu_Pickles	nm0727051	male	wiki	human
rugrats.movie_tt0134067	tt0134067	Angelica_Pickles	nm0153719	female	wiki	human
rugrats.movie_tt0134067	tt0134067	Didi_Pickles	nm0153589	female	wiki	human
rugrats.movie_tt0134067	tt0134067	Betty_DeVille	nm0815718	female	wiki	human
rugrats.movie_tt0134067	tt0134067	Grandpa_Lou_Pickles	nm0016085	male	wiki	human
rugrats.movie_tt0134067	tt0134067	Drew_Pickles	nm0068407	male	wiki	human
rugrats.movie_tt0134067	tt0134067	Spike		male	fandom	animal
rugrats.movie_tt0134067	tt0134067	Rex_Pester	nm0000347	male	wiki	human
rugrats.movie_tt0134067	tt0134067	Susie_Carmichael	nm0838588	female	wiki	human
rugrats.movie_tt0134067	tt0134067	Grandpa_Boris_Kropotkin	nm0068407	male	wiki	human
rugrats.movie_tt0134067	tt0134067	Charlotte_Pickles	nm0534134	female	wiki	human
rugrats.movie_tt0134067	tt0134067	Minka_Kropotkin	nm0153589	female	wiki	human
rugrats.movie_tt0134067	tt0134067	Reptar_Wagon	nm0005354	male	wiki	other
rugrats.movie_tt0134067	tt0134067	Nurse	nm0566052	female	wiki	human
rugrats.movie_tt0134067	tt0134067	Chaz_Finster	nm0068407	male	wiki	human
rugrats.movie_tt0134067	tt0134067	Howard_DeVille	nm0698413	male	wiki	human
rugrats.movie_tt0134067	tt0134067	Ranger_Margaret	nm0000155	female	wiki	human
rugrats.movie_tt0134067	tt0134067	Ranger_Frank	nm0005450	male	wiki	human
rugrats.movie_tt0134067	tt0134067	Lucy_Carmichael	nm0935589	female	wiki	human
rugrats.movie_tt0134067	tt0134067	United_Express_Driver	nm0012121	male	wiki	human
rugrats.movie_tt0134067	tt0134067	Aunt_Miriam	nm0551908	female	wiki	human
rugrats.movie_tt0134067	tt0134067	Serge	nm0072344	male	wiki	human
rugrats.movie_tt0134067	tt0134067	Igor	nm0698413	male	wiki	human
rugrats.movie_tt0134067	tt0134067	Dr._Lipschitz	nm0419645	male	wiki	human
rugrats.movie_tt0134067	tt0134067	Lt._Klavin	nm0158632	female	wiki	human
sausage.party_tt1700841	tt1700841	Frank	nm0736622	male	wiki	other
sausage.party_tt1700841	tt1700841	Brenda	nm1325419	female	wiki	other
sausage.party_tt1700841	tt1700841	Carl	nm1706767	male	wiki	other
sausage.party_tt1700841	tt1700841	Lavash	nm0472710	male	wiki	other
sausage.party_tt1700841	tt1700841	Sammy_Bagel_Jr.	nm0001570	male	wiki	other
sausage.party_tt1700841	tt1700841	Douche	nm1802209	male	wiki	other
sausage.party_tt1700841	tt1700841	Barry	nm0148418	male	wiki	other
sausage.party_tt1700841	tt1700841	Catcall_Sausage	nm0970447	male	wiki	other
sausage.party_tt1700841	tt1700841	Empanada		unknown	none	other
sausage.party_tt1700841	tt1700841	Firewater	nm0352778	male	wiki	other
sausage.party_tt1700841	tt1700841	Darren	nm0748620	male	wiki	human
sausage.party_tt1700841	tt1700841	Druggie	nm0290556	male	wiki	human
sausage.party_tt1700841	tt1700841	Orange_triangle		unknown	none	other
sausage.party_tt1700841	tt1700841	Beer_Can	nm0970447	male	wiki	other
sausage.party_tt1700841	tt1700841	Chunk_Munchers_Cereal	nm0197405	male	wiki	other
sausage.party_tt1700841	tt1700841	Twink	nm1025419	unknown	none	other
sausage.party_tt1700841	tt1700841	Roberta_Bun	nm0792198	female	wiki	other
sausage.party_tt1700841	tt1700841	Toilet_Paper	nm0970447	male	wiki	other
sausage.party_tt1700841	tt1700841	Grits	nm0732497	male	wiki	other
sausage.party_tt1700841	tt1700841	Ice_Cream	nm0646955	female	wiki	other
sausage.party_tt1700841	tt1700841	Ticklish_Licorice	nm0003944	male	wiki	other
sausage.party_tt1700841	tt1700841	Camille_Toh	nm1601643	female	wiki	human
sausage.party_tt1700841	tt1700841	Potato	nm0862911	male	wiki	other
sausage.party_tt1700841	tt1700841	Loretta_Bun	nm0376860	female	wiki	other
sausage.party_tt1700841	tt1700841	Mustard	nm1104131	unknown	none	other
sausage.party_tt1700841	tt1700841	Italian_Tomato	nm0229889	male	wiki	other
sausage.party_tt1700841	tt1700841	Teresa_Taco	nm0000161	female	wiki	other
sausage.party_tt1700841	tt1700841	Troy	nm2981082	male	wiki	other
sausage.party_tt1700841	tt1700841	Sauerkraut	nm0970447	male	wiki	other
sausage.party_tt1700841	tt1700841	Sandwich	nm0451918	male	wiki	other
sausage.party_tt1700841	tt1700841	El_Guaco	nm0352778	male	wiki	other
sausage.party_tt1700841	tt1700841	Tequila	nm0352778	male	wiki	other
sausage.party_tt1700841	tt1700841	Sally_Bun	nm0646955	female	wiki	other
sausage.party_tt1700841	tt1700841	Pop_Tart	nm0451918	male	wiki	other
sausage.party_tt1700841	tt1700841	Green_Pepper		unknown	none	other
sausage.party_tt1700841	tt1700841	Beer_Keg	nm1154301	male	wiki	other
sausage.party_tt1700841	tt1700841	Cookies	nm0063944	female	wiki	other
sausage.party_tt1700841	tt1700841	Baby_Carrot	nm0063944	female	wiki	other
sausage.party_tt1700841	tt1700841	Popped_Cherry_Mixer	nm0376860	female	wiki	other
sausage.party_tt1700841	tt1700841	Ketchup	nm0005558	male	wiki	other
sausage.party_tt1700841	tt1700841	Mariachi_Salsa	nm0008533	male	wiki	other
sausage.party_tt1700841	tt1700841	Jamaican_Rum	nm1925154	male	wiki	other
sausage.party_tt1700841	tt1700841	Lettuce	nm0229889	male	wiki	other
sausage.party_tt1700841	tt1700841	Queso	nm0229923	male	wiki	other
sausage.party_tt1700841	tt1700841	Watermelon	nm0646955	female	wiki	other
sausage.party_tt1700841	tt1700841	Beet	nm6386918	male	wiki	other
sausage.party_tt1700841	tt1700841	Bag_of_Dog_Food	nm0003944	male	wiki	other
sausage.party_tt1700841	tt1700841	Tampon	nm1601643	female	wiki	other
sausage.party_tt1700841	tt1700841	Juice_Box	nm1925154	male	wiki	other
sausage.party_tt1700841	tt1700841	Pop_Bottle	nm0970447	male	wiki	other
sausage.party_tt1700841	tt1700841	Grape_#1	nm0970447	male	wiki	other
sausage.party_tt1700841	tt1700841	Relish	nm0003944	male	wiki	other
sausage.party_tt1700841	tt1700841	Drug_Dealer	nm0005558	male	wiki	human
sausage.party_tt1700841	tt1700841	Fit_Man	nm1154301	male	wiki	human
sausage.party_tt1700841	tt1700841	Plum_#2	nm1154301	male	wiki	other
sausage.party_tt1700841	tt1700841	Sergeant_Pepper	nm0736622	male	wiki	other
sausage.party_tt1700841	tt1700841	Old_Pork_Sausage	nm0451918	male	wiki	other
sausage.party_tt1700841	tt1700841	Plum_#1	nm0376860	female	wiki	other
secret.life.of._tt2709768	tt2709768	Max	nm0127373	male	wiki	animal
secret.life.of._tt2709768	tt2709768	Duke	nm0832314	male	wiki	animal
secret.life.of._tt2709768	tt2709768	Gidget	nm2809577	female	wiki	animal
secret.life.of._tt2709768	tt2709768	Snowball	nm0366389	male	wiki	animal
secret.life.of._tt2709768	tt2709768	Chloe	nm1128572	female	wiki	animal
secret.life.of._tt2709768	tt2709768	Mel	nm1293885	male	wiki	animal
secret.life.of._tt2709768	tt2709768	Tiberius	nm0000983	male	wiki	animal
secret.life.of._tt2709768	tt2709768	Buddy	nm2868110	male	wiki	animal
secret.life.of._tt2709768	tt2709768	Ozone	nm0176869	male	wiki	animal
secret.life.of._tt2709768	tt2709768	Tattoo	nm0064170	male	wiki	animal
secret.life.of._tt2709768	tt2709768	Katie	nm2608689	female	wiki	human
secret.life.of._tt2709768	tt2709768	Norman	nm0719208	male	wiki	animal
secret.life.of._tt2709768	tt2709768	Pops	nm0001022	male	wiki	animal
secret.life.of._tt2709768	tt2709768	Sweetpea		male	fandom	animal
secret.life.of._tt2709768	tt2709768	Dragon		male	fandom	animal
secret.life.of._tt2709768	tt2709768	Reginald	nm0176869	male	wiki	animal
secret.life.of._tt2709768	tt2709768	Fernando	nm0131781	male	wiki	human
secret.life.of._tt2709768	tt2709768	Leonard		male	fandom	animal
secret.life.of._tt2709768	tt2709768	Derick		male	fandom	animal
secret.life.of._tt2709768	tt2709768	Maria	nm1214700	female	wiki	human
secret.life.of._tt5113040	tt5113040	Max	nm0652663	male	wiki	animal
secret.life.of._tt5113040	tt5113040	Snowball	nm0366389	male	wiki	animal
secret.life.of._tt5113040	tt5113040	Gidget	nm2809577	female	wiki	animal
secret.life.of._tt5113040	tt5113040	Duke	nm0832314	male	wiki	animal
secret.life.of._tt5113040	tt5113040	Daisy	nm1840504	female	wiki	animal
secret.life.of._tt5113040	tt5113040	Chloe	nm1128572	female	wiki	animal
secret.life.of._tt5113040	tt5113040	Rooster	nm0000148	male	wiki	animal
secret.life.of._tt5113040	tt5113040	Hu		male	fandom	animal
secret.life.of._tt5113040	tt5113040	Liam	nm9593900	male	fandom	human
secret.life.of._tt5113040	tt5113040	Little_Sergei	nm1802209	male	wiki	animal
secret.life.of._tt5113040	tt5113040	Katie	nm2608689	female	wiki	human
secret.life.of._tt5113040	tt5113040	Sweetpea		male	fandom	animal
secret.life.of._tt5113040	tt5113040	Pops	nm0001022	male	wiki	animal
secret.life.of._tt5113040	tt5113040	Molly	nm8268851	female	fandom	human
secret.life.of._tt5113040	tt5113040	Lead_Wolf	nm0064170	male	wiki	animal
secret.life.of._tt5113040	tt5113040	Chuck	nm2803399	male	wiki	human
secret.life.of._tt5113040	tt5113040	Princess		unknown	none	animal
secret.life.of._tt5113040	tt5113040	Tiny		unknown	none	animal
secret.life.of._tt5113040	tt5113040	Mel	nm1293885	male	wiki	animal
secret.life.of._tt5113040	tt5113040	Pickles	nm0152839	female	wiki	animal
secret.life.of._tt5113040	tt5113040	Sergei	nm1802209	male	wiki	human
secret.life.of._tt5113040	tt5113040	Buddy	nm2868110	male	wiki	animal
secret.life.of._tt5113040	tt5113040	Norman	nm0719208	male	wiki	animal
secret.life.of._tt5113040	tt5113040	Hamster	nm1134029	male	wiki	animal
secret.life.of._tt5113040	tt5113040	Cotton	nm4677867	male	wiki	animal
secret.life.of._tt5113040	tt5113040	The_Pig	nm15753580	unknown	none	animal
secret.life.of._tt5113040	tt5113040	Cat_Lady	nm0001694	female	wiki	human
shark.tale_tt0307453	tt0307453	Oscar	nm0000226	male	wiki	animal
shark.tale_tt0307453	tt0307453	Angie	nm0000250	female	wiki	animal
shark.tale_tt0307453	tt0307453	Frankie	nm0408284	male	wiki	animal
shark.tale_tt0307453	tt0307453	Lenny	nm0085312	male	wiki	animal
shark.tale_tt0307453	tt0307453	Sykes	nm0000217	male	wiki	animal
shark.tale_tt0307453	tt0307453	Don_Lino	nm0000134	male	wiki	animal
shark.tale_tt0307453	tt0307453	Lola	nm0001401	female	wiki	animal
shark.tale_tt0307453	tt0307453	Ernie	nm0005187	male	wiki	animal
shark.tale_tt0307453	tt0307453	Bernie	nm0234791	male	wiki	animal
shark.tale_tt0307453	tt0307453	Luca	nm0665114	male	wiki	animal
shark.tale_tt0307453	tt0307453	Whale_Wash_Co-Worker	nm1195845	female	wiki	animal
shark.tale_tt0307453	tt0307453	Shortie_#2	nm0962579	female	wiki	animal
shark.tale_tt0307453	tt0307453	Whale_Wash_Co-Worker_#2		unknown	none	animal
shark.tale_tt0307453	tt0307453	Shortie_#3	nm1728873	unknown	none	animal
shark.tale_tt0307453	tt0307453	Katie_Current	nm0183698	female	wiki	animal
shark.tale_tt0307453	tt0307453	Tip_Fish_#1	nm0084190	male	wiki	animal
shark.tale_tt0307453	tt0307453	Don_Feinberg	nm0000393	male	wiki	animal
shark.tale_tt0307453	tt0307453	Shrimp	nm1659741	male	wiki	animal
shark.tale_tt0307453	tt0307453	Shortie_#1	nm1442928	male	wiki	animal
shark.tale_tt0307453	tt0307453	Crazy_Joe	nm1019583	male	wiki	animal
shark.tale_tt0307453	tt0307453	Headphone_Guy		unknown	none	animal
shark.tale_tt0307453	tt0307453	Worm	nm1659741	male	wiki	animal
shark.tale_tt0307453	tt0307453	Cashier	nm1121631	male	wiki	animal
shark.tale_tt0307453	tt0307453	Christina		female	fandom	animal
shark.tale_tt0307453	tt0307453	Missy		female	fandom	animal
shark.tale_tt0307453	tt0307453	Mrs._Sanchez	nm0607314	female	wiki	animal
shark.tale_tt0307453	tt0307453	Janice		unknown	none	animal
shark.tale_tt0307453	tt0307453	Starfish		unknown	none	animal
shark.tale_tt0307453	tt0307453	Clown_Whale	nm1121631	male	wiki	animal
shark.tale_tt0307453	tt0307453	Prawn_Shop_Owner	nm0482851	male	wiki	animal
shrek_tt0126029	tt0126029	Shrek	nm0000196	male	wiki	other
shrek_tt0126029	tt0126029	Donkey	nm0000552	male	wiki	animal
shrek_tt0126029	tt0126029	Princess_Fiona	nm0000139	female	wiki	human
shrek_tt0126029	tt0126029	Lord_Farquaad	nm0001475	male	wiki	human
shrek_tt0126029	tt0126029	Knight		unknown	none	human
shrek_tt0126029	tt0126029	Monsieur_Hood	nm0001993	male	wiki	human
shrek_tt0126029	tt0126029	Captain_of_the_Guards	nm0191906	male	wiki	human
shrek_tt0126029	tt0126029	Dragon		female	fandom	other
shrek_tt0126029	tt0126029	Peter_Pan	nm2542558	male	fandom	human
shrek_tt0126029	tt0126029	Pinocchio	nm0970606	male	wiki	human
shrek_tt0126029	tt0126029	Pig_3	nm0970606	male	wiki	animal
shrek_tt0126029	tt0126029	Pig_2	nm0970606	male	wiki	animal
shrek_tt0126029	tt0126029	Cinderella		female	fandom	human
shrek_tt0126029	tt0126029	Magic_Mirror	nm1844237	male	wiki	other
shrek_tt0126029	tt0126029	Old_Woman	nm0293466	female	wiki	human
shrek_tt0126029	tt0126029	Seventh_Dwarf		unknown	none	human
shrek_tt0126029	tt0126029	The_Big_Bad_Wolf		unknown	none	animal
shrek_tt0126029	tt0126029	Ogre_Hunters	nm0219536	male	wiki	human
shrek_tt0126029	tt0126029	Snow_White		female	fandom	human
shrek_tt0126029	tt0126029	Duloc_Mascot		unknown	none	human
shrek_tt0126029	tt0126029	Thelonious	nm0971017	male	wiki	other
shrek_tt0126029	tt0126029	Gingerbread_Man	nm0970447	male	wiki	other
shrek_tt0126029	tt0126029	Bishop	nm0079353	male	wiki	human
shrek_tt0126029	tt0126029	Geppetto	nm1844237	male	wiki	human
shrek_tt0126029	tt0126029	Three_Blind_Mice	nm0971017	male	wiki	animal
shrek.2_tt0298148	tt0298148	Shrek	nm0000196	male	wiki	other
shrek.2_tt0298148	tt0298148	Princess_Fiona	nm0000139	female	wiki	other
shrek.2_tt0298148	tt0298148	Donkey	nm0000552	male	wiki	animal
shrek.2_tt0298148	tt0298148	King_Harold	nm0000092	male	wiki	human
shrek.2_tt0298148	tt0298148	Fairy_Godmother	nm0766837	female	wiki	human
shrek.2_tt0298148	tt0298148	Shrek_(human)	nm0000196	male	wiki	human
shrek.2_tt0298148	tt0298148	Puss_in_Boots	nm0000104	male	wiki	animal
shrek.2_tt0298148	tt0298148	Queen_Lillian	nm0000267	female	wiki	human
shrek.2_tt0298148	tt0298148	Prince_Charming	nm0000391	male	wiki	human
shrek.2_tt0298148	tt0298148	Princess_Fiona_(human)	nm0000139	female	wiki	human
shrek.2_tt0298148	tt0298148	Donkey_(horse)	nm0000552	male	wiki	animal
shrek.2_tt0298148	tt0298148	Herald	nm1019583	male	wiki	human
shrek.2_tt0298148	tt0298148	Mongo	nm0970447	male	wiki	other
shrek.2_tt0298148	tt0298148	Pinocchio	nm0970606	male	wiki	human
shrek.2_tt0298148	tt0298148	Doris	nm0005092	female	fandom	human
shrek.2_tt0298148	tt0298148	Maiden_#1	nm1615826	female	wiki	human
shrek.2_tt0298148	tt0298148	Cedric	nm0970447	male	wiki	human
shrek.2_tt0298148	tt0298148	Jill	nm1195845	female	wiki	human
shrek.2_tt0298148	tt0298148	Magic_Mirror	nm1844237	male	wiki	other
shrek.2_tt0298148	tt0298148	Maiden_#2	nm1147044	unknown	none	human
shrek.2_tt0298148	tt0298148	The_Big_Bad_Wolf	nm0912403	male	wiki	animal
shrek.2_tt0298148	tt0298148	Page	nm0038432	male	wiki	human
shrek.2_tt0298148	tt0298148	Pig_3	nm0970606	male	wiki	animal
shrek.2_tt0298148	tt0298148	Captain_of_the_Guards	nm0011470	male	wiki	human
shrek.2_tt0298148	tt0298148	Fast_Food_Clerk	nm1615749	female	wiki	human
shrek.2_tt0298148	tt0298148	Pig_2	nm0970606	male	wiki	animal
shrek.2_tt0298148	tt0298148	Jerome_the_Receptionist	nm0034398	male	wiki	human
shrek.2_tt0298148	tt0298148	Dronkey		unknown	none	animal
shrek.2_tt0298148	tt0298148	Bar_Frog	nm1614773	unknown	none	animal
shrek.2_tt0298148	tt0298148	Humphries	nm1844237	male	wiki	human
shrek.2_tt0298148	tt0298148	Gingerbread_Man	nm0970447	male	wiki	other
shrek.2_tt0298148	tt0298148	Three_Blind_Mice	nm0971017	male	wiki	animal
shrek.2_tt0298148	tt0298148	Dragon		female	fandom	other
shrek.2_tt0298148	tt0298148	Joan_Rivers	nm0001672	female	wiki	human
shrek.2_tt0298148	tt0298148	Cyclops		male	fandom	human
shrek.2_tt0298148	tt0298148	Nobleman	nm0038432	male	wiki	human
shrek.2_tt0298148	tt0298148	Pig_1	nm0970606	male	wiki	animal
shrek.2_tt0298148	tt0298148	Nobleman's_Son	nm0038432	male	wiki	human
shrek.2_tt0298148	tt0298148	Man_with_Box	nm1019583	male	wiki	human
shrek.forever.a_tt0892791	tt0892791	Shrek	nm0000196	male	wiki	other
shrek.forever.a_tt0892791	tt0892791	Princess_Fiona	nm0000139	female	wiki	other
shrek.forever.a_tt0892791	tt0892791	Rumplestiltskin	nm0230666	male	wiki	human
shrek.forever.a_tt0892791	tt0892791	Donkey	nm0000552	male	wiki	animal
shrek.forever.a_tt0892791	tt0892791	Puss_in_Boots	nm0000104	male	wiki	animal
shrek.forever.a_tt0892791	tt0892791	Brogan	nm0358316	male	wiki	other
shrek.forever.a_tt0892791	tt0892791	Queen_Lillian	nm0000267	female	wiki	human
shrek.forever.a_tt0892791	tt0892791	Gretched	nm0528331	female	wiki	other
shrek.forever.a_tt0892791	tt0892791	King_Harold	nm0000092	male	wiki	human
shrek.forever.a_tt0892791	tt0892791	Fergus	nm2624549	unknown	none	other
shrek.forever.a_tt0892791	tt0892791	Felicia	nm2857081	female	fandom	other
shrek.forever.a_tt0892791	tt0892791	Cookie	nm0732497	male	wiki	other
shrek.forever.a_tt0892791	tt0892791	Broomsy_Witch		unknown	none	human
shrek.forever.a_tt0892791	tt0892791	Palace_Witch	nm1102891	female	wiki	human
shrek.forever.a_tt0892791	tt0892791	Villager_Fan_#2	nm1121631	male	wiki	human
shrek.forever.a_tt0892791	tt0892791	Ogre_Gnimrach	nm2326037	unknown	none	other
shrek.forever.a_tt0892791	tt0892791	Father_of_Butter_Pants	nm0780435	male	wiki	human
shrek.forever.a_tt0892791	tt0892791	Dragon		female	fandom	other
shrek.forever.a_tt0892791	tt0892791	Villager_Fan_#1	nm0391161	unknown	none	human
shrek.forever.a_tt0892791	tt0892791	Camp_Ogre	nm0593610	male	wiki	other
shrek.forever.a_tt0892791	tt0892791	Doris	nm0005092	female	fandom	human
shrek.forever.a_tt0892791	tt0892791	Pig_3	nm0970606	male	wiki	animal
shrek.forever.a_tt0892791	tt0892791	Pinocchio	nm0970606	male	wiki	human
shrek.forever.a_tt0892791	tt0892791	Butter_Pants	nm0593610	male	wiki	human
shrek.forever.a_tt0892791	tt0892791	Dronkies		unknown	none	animal
shrek.forever.a_tt0892791	tt0892791	Villager_Kid	nm2857474	unknown	none	human
shrek.forever.a_tt0892791	tt0892791	Pied_Piper		male	fandom	human
shrek.forever.a_tt0892791	tt0892791	Gingerbread_Man	nm0970447	male	wiki	other
shrek.forever.a_tt0892791	tt0892791	Farkel	nm2624549	unknown	none	other
shrek.forever.a_tt0892791	tt0892791	Wagon_Witch_2	nm1128572	female	wiki	human
shrek.forever.a_tt0892791	tt0892791	Pumpkin_Witch	nm1102891	female	wiki	human
shrek.forever.a_tt0892791	tt0892791	Pig_1	nm0970606	male	wiki	animal
shrek.forever.a_tt0892791	tt0892791	Geppetto	nm1844237	male	wiki	human
shrek.forever.a_tt0892791	tt0892791	Dancing_Witch	nm0004980	female	wiki	human
shrek.forever.a_tt0892791	tt0892791	The_Big_Bad_Wolf	nm0912403	male	wiki	animal
shrek.forever.a_tt0892791	tt0892791	Witch_Guard_#2	nm0593610	male	wiki	human
shrek.forever.a_tt0892791	tt0892791	Pig_2	nm0970606	male	wiki	animal
shrek.forever.a_tt0892791	tt0892791	Patrol_Witch	nm1128572	female	wiki	human
shrek.forever.a_tt0892791	tt0892791	Three_Blind_Mice	nm0971017	male	wiki	animal
shrek.forever.a_tt0892791	tt0892791	Magic_Mirror	nm1844237	male	wiki	other
shrek.the.third_tt0413267	tt0413267	Shrek	nm0000196	male	wiki	other
shrek.the.third_tt0413267	tt0413267	Artie	nm0005493	male	wiki	human
shrek.the.third_tt0413267	tt0413267	Donkey	nm0000552	male	wiki	animal
shrek.the.third_tt0413267	tt0413267	Prince_Charming	nm0000391	male	wiki	human
shrek.the.third_tt0413267	tt0413267	Princess_Fiona	nm0000139	female	wiki	other
shrek.the.third_tt0413267	tt0413267	Puss_in_Boots	nm0000104	male	wiki	animal
shrek.the.third_tt0413267	tt0413267	Snow_White	nm0688132	female	wiki	human
shrek.the.third_tt0413267	tt0413267	Rapunzel	nm0748973	female	wiki	human
shrek.the.third_tt0413267	tt0413267	Cinderella	nm0781238	female	wiki	human
shrek.the.third_tt0413267	tt0413267	Doris	nm0005092	female	fandom	human
shrek.the.third_tt0413267	tt0413267	Queen_Lillian	nm0000267	female	wiki	human
shrek.the.third_tt0413267	tt0413267	Cyclops	nm0885090	male	wiki	human
shrek.the.third_tt0413267	tt0413267	Merlin	nm0001385	male	wiki	human
shrek.the.third_tt0413267	tt0413267	Sleeping_Beauty	nm0652783	female	wiki	human
shrek.the.third_tt0413267	tt0413267	Gary	nm0569891	male	wiki	human
shrek.the.third_tt0413267	tt0413267	Hall_Monitor	nm0084190	male	wiki	human
shrek.the.third_tt0413267	tt0413267	Pinocchio	nm0970606	male	wiki	human
shrek.the.third_tt0413267	tt0413267	Felicia	nm2624554	female	fandom	other
shrek.the.third_tt0413267	tt0413267	Fiddlesworth	nm0038432	male	wiki	human
shrek.the.third_tt0413267	tt0413267	Captain_Hook	nm0574534	male	wiki	human
shrek.the.third_tt0413267	tt0413267	Rumplestiltskin	nm0970447	male	wiki	human
shrek.the.third_tt0413267	tt0413267	King_Harold_(frog)	nm0000092	male	wiki	animal
shrek.the.third_tt0413267	tt0413267	Evil_Queen	nm0086840	female	wiki	human
shrek.the.third_tt0413267	tt0413267	Guard_#1	nm0437454	male	wiki	human
shrek.the.third_tt0413267	tt0413267	Mother	nm1615749	female	wiki	human
shrek.the.third_tt0413267	tt0413267	Mabel	nm0005310	female	fandom	human
shrek.the.third_tt0413267	tt0413267	Pig_3	nm0970606	male	wiki	animal
shrek.the.third_tt0413267	tt0413267	Evil_Dwarf	nm1019583	male	wiki	human
shrek.the.third_tt0413267	tt0413267	Dragon		female	fandom	other
shrek.the.third_tt0413267	tt0413267	Lancelot	nm1024677	male	wiki	human
shrek.the.third_tt0413267	tt0413267	Fergus	nm2624554	unknown	none	other
shrek.the.third_tt0413267	tt0413267	Evil_Tree_#2	nm0971017	male	wiki	other
shrek.the.third_tt0413267	tt0413267	The_Big_Bad_Wolf	nm0912403	male	wiki	animal
shrek.the.third_tt0413267	tt0413267	Pig_2	nm0970606	male	wiki	animal
shrek.the.third_tt0413267	tt0413267	Raul	nm0034398	male	wiki	human
shrek.the.third_tt0413267	tt0413267	Farkel	nm2624554	unknown	none	other
shrek.the.third_tt0413267	tt0413267	Puppet_Master	nm1844237	male	wiki	human
shrek.the.third_tt0413267	tt0413267	Principal_Pynchley	nm0230666	male	wiki	human
shrek.the.third_tt0413267	tt0413267	Gingerbread_Man	nm0970447	male	wiki	other
shrek.the.third_tt0413267	tt0413267	Pig_1	nm0970606	male	wiki	animal
shrek.the.third_tt0413267	tt0413267	Waiter	nm1019583	male	wiki	human
shrek.the.third_tt0413267	tt0413267	Guinevere	nm1195845	female	wiki	human
shrek.the.third_tt0413267	tt0413267	Nanny_Dwarf	nm0230666	male	wiki	human
shrek.the.third_tt0413267	tt0413267	Dronkies		unknown	none	animal
shrek.the.third_tt0413267	tt0413267	Tiffany	nm1615749	female	wiki	human
shrek.the.third_tt0413267	tt0413267	Cheerleaders	nm1615749	female	wiki	human
shrek.the.third_tt0413267	tt0413267	Stage_Actress	nm0652783	female	wiki	human
shrek.the.third_tt0413267	tt0413267	Xavier	nm0230666	male	wiki	human
shrek.the.third_tt0413267	tt0413267	Evil_Knight	nm0230666	male	wiki	human
shrek.the.third_tt0413267	tt0413267	Three_Blind_Mice	nm0971017	male	wiki	animal
shrek.the.third_tt0413267	tt0413267	Mascot_Contestant	nm1844237	male	wiki	other
shrek.the.third_tt0413267	tt0413267	Ship_Captain	nm0736622	male	wiki	human
simpsons.movie_tt0462538	tt0462538	Homer_Simpson	nm0144657	male	wiki	human
simpsons.movie_tt0462538	tt0462538	Marge_Simpson	nm0001413	female	wiki	human
simpsons.movie_tt0462538	tt0462538	Bart_Simpson	nm0004813	male	fandom	human
simpsons.movie_tt0462538	tt0462538	Lisa_Simpson	nm0810379	female	wiki	human
simpsons.movie_tt0462538	tt0462538	Russ_Cargill	nm0000983	male	wiki	human
simpsons.movie_tt0462538	tt0462538	Maggie_Simpson	nm0004813	female	wiki	human
simpsons.movie_tt0462538	tt0462538	Ned_Flanders	nm0733427	male	wiki	human
simpsons.movie_tt0462538	tt0462538	Moe_Szyslak	nm0000279	male	wiki	human
simpsons.movie_tt0462538	tt0462538	Abraham_Simpson	nm0144657	male	wiki	human
simpsons.movie_tt0462538	tt0462538	TV_Dad	nm0742814	male	wiki	human
simpsons.movie_tt0462538	tt0462538	Chief_Clancy_Wiggum	nm0000279	male	wiki	human
simpsons.movie_tt0462538	tt0462538	Milhouse_Van_Houten	nm0370788	male	fandom	human
simpsons.movie_tt0462538	tt0462538	Plopper	nm0534134	male	fandom	animal
simpsons.movie_tt0462538	tt0462538	Carl_Carlson	nm0000279	male	wiki	human
simpsons.movie_tt0462538	tt0462538	Lenny_Leonard	nm0733427	male	wiki	human
simpsons.movie_tt0462538	tt0462538	Professor_Frink	nm0000279	male	wiki	human
simpsons.movie_tt0462538	tt0462538	Colin	nm0534134	male	fandom	human
simpsons.movie_tt0462538	tt0462538	Mayor_Diamond_Joe_Quimby	nm0144657	male	wiki	human
simpsons.movie_tt0462538	tt0462538	Todd_Flanders	nm0004813	male	fandom	human
simpsons.movie_tt0462538	tt0462538	Waylon_Smithers	nm0733427	male	wiki	human
simpsons.movie_tt0462538	tt0462538	Mrs._Hibbert		unknown	none	human
simpsons.movie_tt0462538	tt0462538	Reverend_Timothy_Lovejoy	nm0733427	male	wiki	human
simpsons.movie_tt0462538	tt0462538	Helen_Lovejoy	nm0744648	female	wiki	human
simpsons.movie_tt0462538	tt0462538	Apu_Nahasapeemapetilon	nm0000279	male	wiki	human
simpsons.movie_tt0462538	tt0462538	Lou	nm0000279	male	wiki	human
simpsons.movie_tt0462538	tt0462538	Comic_Book_Guy_/_Jeff_Albertson	nm0000279	male	wiki	human
simpsons.movie_tt0462538	tt0462538	Nelson_Muntz	nm0004813	male	fandom	human
simpsons.movie_tt0462538	tt0462538	Cletus_Spuckler	nm0000279	male	wiki	human
simpsons.movie_tt0462538	tt0462538	Barney_Gumble	nm0144657	male	wiki	human
simpsons.movie_tt0462538	tt0462538	Kent_Brockman	nm0733427	male	wiki	human
simpsons.movie_tt0462538	tt0462538	Edna_Krabappel	nm0908761	female	wiki	human
simpsons.movie_tt0462538	tt0462538	Rod_Flanders	nm0370788	male	fandom	human
simpsons.movie_tt0462538	tt0462538	Carnival_Barker	nm0000279	male	wiki	human
simpsons.movie_tt0462538	tt0462538	Sideshow_Mel	nm0144657	male	wiki	human
simpsons.movie_tt0462538	tt0462538	Krusty_the_Clown	nm0144657	male	wiki	human
simpsons.movie_tt0462538	tt0462538	Groundskeeper_Willie	nm0144657	male	wiki	human
simpsons.movie_tt0462538	tt0462538	EPA_Official	nm0144657	male	wiki	human
simpsons.movie_tt0462538	tt0462538	Dr._Julius_Hibbert	nm0733427	male	wiki	human
simpsons.movie_tt0462538	tt0462538	Agnes_Skinner	nm0534134	female	wiki	human
simpsons.movie_tt0462538	tt0462538	Medicine_Woman	nm0534134	female	wiki	human
simpsons.movie_tt0462538	tt0462538	President_Arnold_Schwarzenegger	nm0733427	male	wiki	human
simpsons.movie_tt0462538	tt0462538	Charles_Montgomery_Burns	nm0733427	male	wiki	human
simpsons.movie_tt0462538	tt0462538	Dr._Nick_Riviera	nm0000279	male	wiki	human
simpsons.movie_tt0462538	tt0462538	Bumblebee_Man	nm0000279	male	wiki	human
simpsons.movie_tt0462538	tt0462538	Tom_Hanks	nm0000158	male	wiki	human
simpsons.movie_tt0462538	tt0462538	Sea_Captain_McCallister	nm0000279	male	wiki	human
simpsons.movie_tt0462538	tt0462538	Guard	nm0733427	male	wiki	human
simpsons.movie_tt0462538	tt0462538	Lindsey_Naegle	nm0534134	female	wiki	human
simpsons.movie_tt0462538	tt0462538	TV_Daughter	nm0004813	female	wiki	human
simpsons.movie_tt0462538	tt0462538	Tre_Cool_(Greenday)	nm0177566	male	wiki	human
simpsons.movie_tt0462538	tt0462538	Martin_Prince	nm0853122	male	fandom	human
simpsons.movie_tt0462538	tt0462538	Principal_Seymour_Skinner	nm0733427	male	wiki	human
simpsons.movie_tt0462538	tt0462538	Patty_Bouvier	nm0001413	female	wiki	human
simpsons.movie_tt0462538	tt0462538	Hans_Moleman	nm0144657	male	wiki	human
simpsons.movie_tt0462538	tt0462538	Ralph_Wiggum	nm0004813	male	fandom	human
simpsons.movie_tt0462538	tt0462538	Scratchy	nm0733427	male	wiki	animal
simpsons.movie_tt0462538	tt0462538	Otto_Mann	nm0733427	male	wiki	human
simpsons.movie_tt0462538	tt0462538	Mike_Dirnt_(Greenday)	nm0228238	male	wiki	human
simpsons.movie_tt0462538	tt0462538	Billie_Joe_Armstrong_(Greenday)	nm0035626	male	wiki	human
simpsons.movie_tt0462538	tt0462538	Selma_Bouvier	nm0001413	female	wiki	human
simpsons.movie_tt0462538	tt0462538	Cookie_Kwan	nm0534134	female	wiki	human
simpsons.movie_tt0462538	tt0462538	Counter_Man	nm0000279	male	wiki	human
simpsons.movie_tt0462538	tt0462538	Squeaky_Voiced_Teen_/_Jeremy_Freedman	nm0144657	male	wiki	human
simpsons.movie_tt0462538	tt0462538	Toll_Booth_Man	nm0733427	male	wiki	human
simpsons.movie_tt0462538	tt0462538	Mrs._Muntz	nm0534134	female	wiki	human
simpsons.movie_tt0462538	tt0462538	Itchy	nm0144657	male	wiki	animal
simpsons.movie_tt0462538	tt0462538	Jimbo_Jones	nm0370788	male	fandom	human
simpsons.movie_tt0462538	tt0462538	Mr._Teeny	nm0144657	male	wiki	human
simpsons.movie_tt0462538	tt0462538	TV_Son	nm0534134	female	wiki	human
simpsons.movie_tt0462538	tt0462538	Mayor's_Aide	nm0144657	male	wiki	human
simpsons.movie_tt0462538	tt0462538	Bear	nm0144657	male	wiki	animal
simpsons.movie_tt0462538	tt0462538	Female_EPA_Worker	nm0534134	female	wiki	human
simpsons.movie_tt0462538	tt0462538	NSA_Worker	nm0144657	male	wiki	human
simpsons.movie_tt0462538	tt0462538	Multi-Eyed_Squirrel	nm0144657	male	wiki	other
simpsons.movie_tt0462538	tt0462538	Panicky_Man	nm0144657	male	wiki	human
simpsons.movie_tt0462538	tt0462538	Santa's_Little_Helper	nm0144657	male	wiki	animal
simpsons.movie_tt0462538	tt0462538	Crazy_Cat_Lady_/_Eleanor_Abernathy	nm0534134	female	wiki	human
simpsons.movie_tt0462538	tt0462538	Drederick_Tatum	nm0000279	male	wiki	human
simpsons.movie_tt0462538	tt0462538	Male_EPA_Worker	nm0000279	male	wiki	human
simpsons.movie_tt0462538	tt0462538	EPA_Passenger	nm0000279	male	wiki	human
simpsons.movie_tt0462538	tt0462538	EPA_Driver	nm0927293	male	wiki	human
sing_tt3470600	tt3470600	Buster_Moon	nm0000190	male	wiki	animal
sing_tt3470600	tt3470600	Rosita	nm0000702	female	wiki	animal
sing_tt3470600	tt3470600	Ash	nm0424060	female	wiki	animal
sing_tt3470600	tt3470600	Miss_Crawly	nm1134029	male	wiki	animal
sing_tt3470600	tt3470600	Mike	nm0532235	male	wiki	animal
sing_tt3470600	tt3470600	Johnny	nm5473782	male	wiki	animal
sing_tt3470600	tt3470600	Gunter	nm1802209	male	wiki	animal
sing_tt3470600	tt3470600	Meena	nm1812991	female	wiki	animal
sing_tt3470600	tt3470600	Big_Daddy	nm0784818	male	wiki	animal
sing_tt3470600	tt3470600	Jeff		unknown	none	animal
sing_tt3470600	tt3470600	Meena's_mother	nm0428656	female	wiki	animal
sing_tt3470600	tt3470600	Norman	nm0644406	male	wiki	animal
sing_tt3470600	tt3470600	Eddie	nm0000604	male	wiki	animal
sing_tt3470600	tt3470600	Nana_Noodleman	nm0766837	female	wiki	animal
sing_tt3470600	tt3470600	Lance	nm3080722	male	wiki	animal
sing_tt3470600	tt3470600	Bears		male	fandom	animal
sing_tt3470600	tt3470600	Bob		male	fandom	animal
sing_tt3470600	tt3470600	Hippo		male	fandom	animal
sing_tt3470600	tt3470600	Pete		male	fandom	animal
sing_tt3470600	tt3470600	Nancy		female	fandom	animal
sing_tt3470600	tt3470600	Bull		male	fandom	animal
sing_tt3470600	tt3470600	Judith	nm0674231	female	wiki	animal
sing_tt3470600	tt3470600	The_Q-Teez		unknown	none	animal
sing_tt3470600	tt3470600	Richard		male	fandom	animal
sing_tt3470600	tt3470600	Llama		female	fandom	animal
sing_tt3470600	tt3470600	Kip_Casey		male	fandom	animal
sing_tt3470600	tt3470600	Meena's_grandfather	nm3982894	male	wiki	animal
sing_tt3470600	tt3470600	Baboon	nm3039519	male	wiki	animal
sing_tt3470600	tt3470600	Shrimp		unknown	none	animal
sing_tt3470600	tt3470600	Cat		male	fandom	animal
sing_tt3470600	tt3470600	Buster_Moon's_father		male	fandom	animal
sing_tt3470600	tt3470600	Derek		unknown	none	animal
sing_tt3470600	tt3470600	Turtles		unknown	none	animal
sing_tt3470600	tt3470600	Ray		male	fandom	animal
sing_tt3470600	tt3470600	Minions		unknown	none	other
sing_tt3470600	tt3470600	Puffins		unknown	none	animal
sing_tt3470600	tt3470600	Harry		male	fandom	animal
sing.2_tt6467266	tt6467266	Buster_Moon	nm0000190	male	wiki	animal
sing.2_tt6467266	tt6467266	Ash	nm0424060	female	wiki	animal
sing.2_tt6467266	tt6467266	Rosita	nm0000702	female	wiki	animal
sing.2_tt6467266	tt6467266	Johnny	nm5473782	male	wiki	animal
sing.2_tt6467266	tt6467266	Meena	nm1812991	female	wiki	animal
sing.2_tt6467266	tt6467266	Gunter	nm1802209	male	wiki	animal
sing.2_tt6467266	tt6467266	Clay_Calloway	nm0095104	male	wiki	animal
sing.2_tt6467266	tt6467266	Miss_Crawly	nm1134029	female	fandom	animal
sing.2_tt6467266	tt6467266	Nooshy	nm4004793	female	wiki	animal
sing.2_tt6467266	tt6467266	Porsha_Crystal	nm7214498	female	wiki	animal
sing.2_tt6467266	tt6467266	Suki_Lane	nm2003229	female	wiki	animal
sing.2_tt6467266	tt6467266	Jerry	nm0005069	male	wiki	animal
sing.2_tt6467266	tt6467266	Jimmy_Crystal	nm0134072	male	wiki	animal
sing.2_tt6467266	tt6467266	Klaus_Kickenklober	nm0125511	male	wiki	animal
sing.2_tt6467266	tt6467266	Norman	nm0644406	male	wiki	animal
sing.2_tt6467266	tt6467266	Harry		male	fandom	animal
sing.2_tt6467266	tt6467266	Big_Daddy	nm0784818	male	wiki	animal
sing.2_tt6467266	tt6467266	Darius	nm2765191	male	wiki	animal
sing.2_tt6467266	tt6467266	Nana_Noodleman	nm0766837	female	wiki	animal
sing.2_tt6467266	tt6467266	Night_Cleaners		unknown	none	animal
sing.2_tt6467266	tt6467266	Sammy		unknown	none	animal
sing.2_tt6467266	tt6467266	Karen		unknown	none	animal
sing.2_tt6467266	tt6467266	Alfonso	nm1214289	male	wiki	animal
sing.2_tt6467266	tt6467266	Ruby		unknown	none	animal
sing.2_tt6467266	tt6467266	Hippo_		unknown	none	animal
sing.2_tt6467266	tt6467266	Jimmy's_bodyguard		male	fandom	animal
sing.2_tt6467266	tt6467266	Gorilla_robbers		unknown	none	animal
sing.2_tt6467266	tt6467266	Sasha		unknown	none	animal
sing.2_tt6467266	tt6467266	Ryan		male	fandom	animal
sing.2_tt6467266	tt6467266	Ducklings		unknown	none	animal
sing.2_tt6467266	tt6467266	Horse		unknown	none	animal
sleeping.beauty_tt0053285	tt0053285	Merryweather	nm0524853	female	wiki	human
sleeping.beauty_tt0053285	tt0053285	Flora	nm0271658	female	wiki	human
sleeping.beauty_tt0053285	tt0053285	Fauna	nm0020289	female	wiki	human
sleeping.beauty_tt0053285	tt0053285	Aurora	nm0182250	female	wiki	human
sleeping.beauty_tt0053285	tt0053285	King_Hubert	nm0859892	male	wiki	human
sleeping.beauty_tt0053285	tt0053285	Prince_Phillip	nm0794301	male	wiki	human
sleeping.beauty_tt0053285	tt0053285	Maleficent	nm0041598	female	wiki	human
sleeping.beauty_tt0053285	tt0053285	King_Stefan	nm0392067	male	wiki	human
sleeping.beauty_tt0053285	tt0053285	Queen_Leah		female	fandom	human
sleeping.beauty_tt0053285	tt0053285	Minstrel		male	fandom	human
sleeping.beauty_tt0053285	tt0053285	Chipmunk		unknown	none	animal
sleeping.beauty_tt0053285	tt0053285	Crow		unknown	none	animal
sleeping.beauty_tt0053285	tt0053285	Owl	nm0268428	male	wiki	animal
sleeping.beauty_tt0053285	tt0053285	Samson		unknown	none	animal
sleeping.beauty_tt0053285	tt0053285	Pig_Goon		unknown	none	animal
sleeping.beauty_tt0053285	tt0053285	Bunny		unknown	none	animal
sleeping.beauty_tt0053285	tt0053285	Bluebird	nm0700416	male	wiki	animal
sleeping.beauty_tt0053285	tt0053285	Red_Owl	nm0268428	male	wiki	animal
sleeping.beauty_tt0053285	tt0053285	Maleficent's_Goons	nm0133752	male	wiki	other
smallfoot_tt6182908	tt6182908	Migo	nm1475594	male	wiki	other
smallfoot_tt6182908	tt6182908	Meechee	nm3918035	female	wiki	other
smallfoot_tt6182908	tt6182908	Percy	nm0179479	male	wiki	human
smallfoot_tt6182908	tt6182908	Kolka	nm1752221	female	wiki	other
smallfoot_tt6182908	tt6182908	Gwangi	nm1429908	male	wiki	other
smallfoot_tt6182908	tt6182908	Thorp	nm5555161	male	wiki	other
smallfoot_tt6182908	tt6182908	Dorgle	nm0000362	male	wiki	other
smallfoot_tt6182908	tt6182908	Garry	nm1551598	male	wiki	other
smallfoot_tt6182908	tt6182908	Fleem	nm1596025	male	wiki	other
smallfoot_tt6182908	tt6182908	Brenda	nm2780578	female	wiki	human
smallfoot_tt6182908	tt6182908	Soozie's_Mom	nm1807222	female	wiki	other
smallfoot_tt6182908	tt6182908	Pilot	nm4425051	male	wiki	human
smallfoot_tt6182908	tt6182908	Mama_Bear	nm0005004	female	wiki	animal
smurfs_tt0472181	tt0472181	Papa_Smurf	nm0005565	male	wiki	other
smurfs_tt0472181	tt0472181	Smurfette	nm2953537	female	wiki	other
smurfs_tt0472181	tt0472181	Clumsy_Smurf	nm0947338	male	wiki	other
smurfs_tt0472181	tt0472181	Brainy_Smurf	nm0035488	male	wiki	other
smurfs_tt0472181	tt0472181	Gutsy_Smurf	nm0001086	male	wiki	other
smurfs_tt0472181	tt0472181	Grouchy_Smurf	nm0520064	male	wiki	other
smurfs_tt0472181	tt0472181	Greedy_Smurf	nm0860380	male	wiki	other
smurfs_tt0472181	tt0472181	Azrael	nm0919798	male	wiki	animal
smurfs_tt0472181	tt0472181	Chef_Smurf	nm0699826	male	wiki	other
smurfs_tt0472181	tt0472181	Hefty_Smurf	nm0059630	male	wiki	other
smurfs_tt0472181	tt0472181	Painter_Smurf		male	fandom	other
smurfs_tt0472181	tt0472181	Narrator_Smurf	nm0437454	male	wiki	other
smurfs_tt0472181	tt0472181	Vanity_Smurf	nm1056659	male	wiki	other
smurfs_tt0472181	tt0472181	Farmer_Smurf	nm0566906	male	wiki	other
smurfs_tt0472181	tt0472181	Handy_Smurf	nm0289344	male	wiki	other
smurfs_tt0472181	tt0472181	Elway	nm4541150	unknown	none	animal
smurfs.2_tt2017020	tt2017020	Vexy	nm0000207	female	wiki	human
smurfs.2_tt2017020	tt2017020	Smurfette	nm2953537	female	wiki	other
smurfs.2_tt2017020	tt2017020	Papa_Smurf	nm0005565	male	wiki	other
smurfs.2_tt2017020	tt2017020	Vanity_Smurf	nm1056659	male	wiki	other
smurfs.2_tt2017020	tt2017020	Hackus	nm1356578	male	wiki	other
smurfs.2_tt2017020	tt2017020	Passive_Agressive_Smurf		unknown	none	other
smurfs.2_tt2017020	tt2017020	Grouchy_Smurf	nm0520064	male	wiki	other
smurfs.2_tt2017020	tt2017020	Clumsy_Smurf	nm0947338	male	wiki	other
smurfs.2_tt2017020	tt2017020	Azrael	nm0919798	male	wiki	animal
smurfs.2_tt2017020	tt2017020	Farmer_Smurf	nm0566906	male	wiki	other
smurfs.2_tt2017020	tt2017020	Handy_Smurf	nm0289344	male	wiki	other
smurfs.2_tt2017020	tt2017020	Brainy_Smurf	nm0035488	male	wiki	other
smurfs.2_tt2017020	tt2017020	Gutsy_Smurf	nm0001086	male	wiki	other
smurfs.2_tt2017020	tt2017020	Narrator_Smurf	nm0437454	male	wiki	other
smurfs.2_tt2017020	tt2017020	Smooth_Smurf	nm0641944	male	wiki	other
snow.white.and._tt0029583	tt0029583	Snow_White	nm0143314	female	wiki	human
snow.white.and._tt0029583	tt0029583	Doc	nm0041165	male	wiki	human
snow.white.and._tt0029583	tt0029583	Dopey	nm0172287	male	wiki	human
snow.white.and._tt0029583	tt0029583	Sleepy	nm0173416	male	wiki	human
snow.white.and._tt0029583	tt0029583	Sneezy	nm0317970	male	wiki	human
snow.white.and._tt0029583	tt0029583	Grumpy	nm0173416	male	wiki	human
snow.white.and._tt0029583	tt0029583	Happy	nm0363227	male	wiki	human
snow.white.and._tt0029583	tt0029583	Chipmunks		unknown	none	animal
snow.white.and._tt0029583	tt0029583	Deer		unknown	none	animal
snow.white.and._tt0029583	tt0029583	Evil_Queen_(Disguised)	nm0479164	female	wiki	human
snow.white.and._tt0029583	tt0029583	Bashful	nm0560448	male	wiki	human
snow.white.and._tt0029583	tt0029583	Rabbit		unknown	none	animal
snow.white.and._tt0029583	tt0029583	Gray_squirrel		unknown	none	animal
snow.white.and._tt0029583	tt0029583	Blue_birds		unknown	none	animal
snow.white.and._tt0029583	tt0029583	Evil_Queen_(Normal)	nm0479164	female	wiki	human
snow.white.and._tt0029583	tt0029583	Brown_Birds	nm0201428;nm0700416	unknown	none	animal
snow.white.and._tt0029583	tt0029583	Raccoon		unknown	none	animal
snow.white.and._tt0029583	tt0029583	The_Prince	nm0830968	male	wiki	human
snow.white.and._tt0029583	tt0029583	Turtle		unknown	none	animal
snow.white.and._tt0029583	tt0029583	Vultures	nm15742917	female	fandom	animal
snow.white.and._tt0029583	tt0029583	Huntsman	nm0118081	male	wiki	human
south.park.bigg_tt0158983	tt0158983	Kyle_Broflovski	nm0001778	male	wiki	human
south.park.bigg_tt0158983	tt0158983	Stan_Marsh	nm0005295	male	wiki	human
south.park.bigg_tt0158983	tt0158983	Eric_Cartman	nm0005295	male	wiki	human
south.park.bigg_tt0158983	tt0158983	Sheila_Broflovski	nm0074834	female	wiki	human
south.park.bigg_tt0158983	tt0158983	Mole	nm0005295	male	wiki	human
south.park.bigg_tt0158983	tt0158983	Gregory	nm0005295	male	wiki	human
south.park.bigg_tt0158983	tt0158983	Liane_Cartman	nm0074834	female	wiki	human
south.park.bigg_tt0158983	tt0158983	Wendy_Testaburger	nm0074834	female	wiki	human
south.park.bigg_tt0158983	tt0158983	Tom_the_News_Reporter	nm0005295	male	wiki	human
south.park.bigg_tt0158983	tt0158983	Satan	nm0005295	male	wiki	other
south.park.bigg_tt0158983	tt0158983	Jimbo_Kearn	nm0001778	male	wiki	human
south.park.bigg_tt0158983	tt0158983	Randy_Marsh	nm0005295	male	wiki	human
south.park.bigg_tt0158983	tt0158983	Woman_In_Theatre	nm0010426	female	wiki	human
south.park.bigg_tt0158983	tt0158983	Phillip_Niles_Argyle	nm0005295	male	wiki	human
south.park.bigg_tt0158983	tt0158983	Terrance_Henry_Stoot	nm0001778	male	wiki	human
south.park.bigg_tt0158983	tt0158983	Winona_Ryder	nm0910383	female	wiki	human
south.park.bigg_tt0158983	tt0158983	Sharon_Marsh	nm0074834	female	wiki	human
south.park.bigg_tt0158983	tt0158983	Ned_Gerblanski	nm0005295	male	wiki	human
south.park.bigg_tt0158983	tt0158983	Gerald_Broflovski	nm0001778	male	wiki	human
south.park.bigg_tt0158983	tt0158983	Leopold_Butters_Stotch	nm0001778	male	wiki	human
south.park.bigg_tt0158983	tt0158983	Conan_O'Brien	nm0000653	male	wiki	human
south.park.bigg_tt0158983	tt0158983	Jerome_'Chef'_McElroy	nm0005002	male	wiki	human
south.park.bigg_tt0158983	tt0158983	Ticket_Taker	nm0001778	male	wiki	human
south.park.bigg_tt0158983	tt0158983	Clyde_Donovan	nm0005295	male	wiki	human
south.park.bigg_tt0158983	tt0158983	Kenny_McCormick	nm0001778	male	wiki	human
south.park.bigg_tt0158983	tt0158983	Man_In_Theatre	nm0397938	unknown	none	human
south.park.bigg_tt0158983	tt0158983	Bebe_Stevens	nm0397990	female	wiki	human
south.park.bigg_tt0158983	tt0158983	Army_General	nm0005295	male	wiki	human
south.park.bigg_tt0158983	tt0158983	Carol_McCormick	nm0074834	female	wiki	human
south.park.bigg_tt0158983	tt0158983	Mr._Mackey	nm0005295	male	wiki	human
south.park.bigg_tt0158983	tt0158983	Herbert_Garrison	nm0005295	male	wiki	human
south.park.bigg_tt0158983	tt0158983	Red	nm0074834	female	wiki	human
south.park.bigg_tt0158983	tt0158983	Big_Gay_Al	nm0005295	male	wiki	human
south.park.bigg_tt0158983	tt0158983	American_Diplomat		unknown	none	human
south.park.bigg_tt0158983	tt0158983	Ike_Broflovski	nm0397991	male	fandom	human
south.park.bigg_tt0158983	tt0158983	Mole's_Mom		unknown	none	human
south.park.bigg_tt0158983	tt0158983	Dr._Gouache	nm0000123	male	wiki	human
south.park.bigg_tt0158983	tt0158983	Bill_Clinton	nm0005295	male	wiki	human
south.park.bigg_tt0158983	tt0158983	Canadian_Ambassador	nm0005295	male	wiki	human
south.park.bigg_tt0158983	tt0158983	Shelly_Marsh	nm0074834	female	wiki	human
south.park.bigg_tt0158983	tt0158983	Brooke_Shields	nm0000378	female	wiki	human
south.park.bigg_tt0158983	tt0158983	Dr._Vosnocker	nm0001385	male	wiki	human
south.park.bigg_tt0158983	tt0158983	Brian_Dennehy	nm0005295	male	wiki	human
south.park.bigg_tt0158983	tt0158983	Tom	nm0005295	male	wiki	human
south.park.bigg_tt0158983	tt0158983	Bill_Gates	nm0001778	male	wiki	human
space.jam_tt0117705	tt0117705	Monstar_Pound	nm0840260	male	wiki	other
space.jam_tt0117705	tt0117705	Bugs_Bunny	nm0921942	male	wiki	animal
space.jam_tt0117705	tt0117705	Lola_Bunny	nm0815718	female	wiki	animal
space.jam_tt0117705	tt0117705	Porky_Pig	nm0074036	male	wiki	animal
space.jam_tt0117705	tt0117705	Daffy_Duck	nm0048389	male	wiki	animal
space.jam_tt0117705	tt0117705	Tasmanian_Devil	nm0048389	male	wiki	other
space.jam_tt0117705	tt0117705	Granny	nm0004931	female	wiki	human
space.jam_tt0117705	tt0117705	Nerdluck_Pound	nm0089508	male	fandom	other
space.jam_tt0117705	tt0117705	Elmer_Fudd	nm0921942	male	wiki	human
space.jam_tt0117705	tt0117705	Nerdluck_Nawt	nm0906531	male	fandom	other
space.jam_tt0117705	tt0117705	Mr._Swackhammer	nm0000362	male	wiki	other
space.jam_tt0117705	tt0117705	Pepe_Le_Pew	nm0005606	male	wiki	animal
space.jam_tt0117705	tt0117705	Monstar_Bang	nm0131436	male	wiki	other
space.jam_tt0117705	tt0117705	Hubie	nm0074036	male	wiki	animal
space.jam_tt0117705	tt0117705	Monstar_Bupkus	nm0002126	male	wiki	other
space.jam_tt0117705	tt0117705	Nerdluck_Bupkus	nm0718642	male	fandom	other
space.jam_tt0117705	tt0117705	Sylvester_the_Cat	nm0267724	male	wiki	animal
space.jam_tt0117705	tt0117705	Tweety_Bird	nm0074036	male	wiki	animal
space.jam_tt0117705	tt0117705	Nerdluck_Blanko	nm0416349	male	fandom	other
space.jam_tt0117705	tt0117705	Nerdluck_Bang	nm0577442	male	fandom	other
space.jam_tt0117705	tt0117705	Yosemite_Sam	nm0267724	male	wiki	human
space.jam_tt0117705	tt0117705	Foghorn_Leghorn	nm0267724	male	wiki	animal
space.jam_tt0117705	tt0117705	Sniffles	nm0906531	male	fandom	animal
space.jam_tt0117705	tt0117705	Wile_E._Coyote		unknown	none	animal
space.jam_tt0117705	tt0117705	Blanko		male	fandom	other
space.jam_tt0117705	tt0117705	Barnyard_Dawg	nm0074036	male	wiki	animal
space.jam_tt0117705	tt0117705	Monstar_Nawt	nm0141953	male	wiki	other
space.jam_tt0117705	tt0117705	Marvin_the_Martian	nm0074036	male	wiki	other
space.jam_tt0117705	tt0117705	Bertie	nm0074036	male	wiki	animal
space.jam.a.new_tt3554046	tt3554046	LeBron_James	nm1429908	male	wiki	human
space.jam.a.new_tt3554046	tt3554046	Bugs_Bunny	nm0074797	male	wiki	animal
space.jam.a.new_tt3554046	tt3554046	White_Mamba	nm5630605	female	wiki	human
space.jam.a.new_tt3554046	tt3554046	Lola_Bunny	nm3918035	female	wiki	animal
space.jam.a.new_tt3554046	tt3554046	Iron_Giant		unknown	none	other
space.jam.a.new_tt3554046	tt3554046	Arachnneka	nm6506928	female	wiki	human
space.jam.a.new_tt3554046	tt3554046	Porky_Pig	nm1082823	male	wiki	animal
space.jam.a.new_tt3554046	tt3554046	Chronos	nm6438048	male	wiki	human
space.jam.a.new_tt3554046	tt3554046	Daffy_Duck	nm1082823	male	wiki	animal
space.jam.a.new_tt3554046	tt3554046	Elmer_Fudd	nm1082823	male	wiki	human
space.jam.a.new_tt3554046	tt3554046	Granny	nm0590430	female	wiki	human
space.jam.a.new_tt3554046	tt3554046	Alfred_Pennyworth		unknown	none	human
space.jam.a.new_tt3554046	tt3554046	Al_G._Rhythm	nm0000332	male	wiki	other
space.jam.a.new_tt3554046	tt3554046	Morty	nm1551598	male	wiki	human
space.jam.a.new_tt3554046	tt3554046	Sylvester_the_Cat	nm0074797	male	wiki	animal
space.jam.a.new_tt3554046	tt3554046	Brow	nm4992797	male	wiki	human
space.jam.a.new_tt3554046	tt3554046	Wet-Fire	nm6682215	male	wiki	human
space.jam.a.new_tt3554046	tt3554046	Tasmanian_Devil	nm0851317	male	wiki	animal
space.jam.a.new_tt3554046	tt3554046	Tweety_Bird	nm0074036	male	wiki	animal
space.jam.a.new_tt3554046	tt3554046	Yosemite_Sam	nm0074797	male	wiki	human
space.jam.a.new_tt3554046	tt3554046	Gossamer		unknown	none	other
space.jam.a.new_tt3554046	tt3554046	Wile_E._Coyote		unknown	none	animal
space.jam.a.new_tt3554046	tt3554046	Pete		unknown	none	other
space.jam.a.new_tt3554046	tt3554046	Foghorn_Leghorn	nm1082823	male	wiki	animal
space.jam.a.new_tt3554046	tt3554046	Igoo		unknown	none	other
space.jam.a.new_tt3554046	tt3554046	Superman_/_Clark_Kent_/_Kal-El		male	fandom	human
space.jam.a.new_tt3554046	tt3554046	Nerdluck_Nawt		male	fandom	other
space.jam.a.new_tt3554046	tt3554046	Wonder_Woman_/_Diana	nm0206257	female	wiki	human
space.jam.a.new_tt3554046	tt3554046	Gremlins		unknown	none	other
space.jam.a.new_tt3554046	tt3554046	Marvin_the_Martian	nm1082823	male	wiki	other
space.jam.a.new_tt3554046	tt3554046	Road_Runner		male	fandom	animal
space.jam.a.new_tt3554046	tt3554046	Speedy_Gonzales	nm0407101	male	wiki	animal
space.jam.a.new_tt3554046	tt3554046	Gloop		unknown	none	other
space.jam.a.new_tt3554046	tt3554046	Jabberjaw		unknown	none	animal
space.jam.a.new_tt3554046	tt3554046	Dr._Harleen_Quinzel		unknown	none	human
space.jam.a.new_tt3554046	tt3554046	Boo_Boo		unknown	none	animal
space.jam.a.new_tt3554046	tt3554046	Aquaman_/_Arthur_Curry		unknown	none	human
space.jam.a.new_tt3554046	tt3554046	Nerdluck_Bang		male	fandom	other
space.jam.a.new_tt3554046	tt3554046	Nerdluck_Blanko		male	fandom	other
space.jam.a.new_tt3554046	tt3554046	Jimmy_Olsen		unknown	none	human
space.jam.a.new_tt3554046	tt3554046	Batman_/_Bruce_Wayne		unknown	none	human
space.jam.a.new_tt3554046	tt3554046	Nerdluck_Bupkus		male	fandom	other
space.jam.a.new_tt3554046	tt3554046	Rick	nm1551598	male	wiki	human
space.jam.a.new_tt3554046	tt3554046	Nerdluck_Pound		male	fandom	other
space.jam.a.new_tt3554046	tt3554046	Yogi_Bear	nm0074797	male	wiki	animal
spiderman.acros_tt9362722	tt9362722	Spider-Man_/_Miles_Morales	nm4271336	male	wiki	human
spiderman.acros_tt9362722	tt9362722	Spider-Woman_/_Gwen_Stacy	nm2794962	female	wiki	human
spiderman.acros_tt9362722	tt9362722	Rio_Morales	nm0904967	female	wiki	human
spiderman.acros_tt9362722	tt9362722	Jefferson_Morales	nm3109964	male	wiki	human
spiderman.acros_tt9362722	tt9362722	Spider-woman_(in_mask)	nm2794962	female	wiki	human
spiderman.acros_tt9362722	tt9362722	Spider-Man_2099_/_Miguel_O'Hara	nm1209966	male	wiki	human
spiderman.acros_tt9362722	tt9362722	Spider-Man_/_Peter_B._Parker	nm2159926	male	wiki	human
spiderman.acros_tt9362722	tt9362722	Spiderman_(in_mask)	nm4271336	male	wiki	human
spiderman.acros_tt9362722	tt9362722	George_Stacy	nm0924154	male	wiki	human
spiderman.acros_tt9362722	tt9362722	Spider-Woman_/_Jessica_Drew	nm4793987	female	wiki	human
spiderman.acros_tt9362722	tt9362722	Prowler_/_Miles_G._Morales	nm7851611	male	wiki	human
spiderman.acros_tt9362722	tt9362722	Spider-Byte_/_Margo_Kess	nm3964350	non-binary	wiki	human
spiderman.acros_tt9362722	tt9362722	Spider-Punk_/_Hobie_Brown	nm2257207	male	wiki	human
spiderman.acros_tt9362722	tt9362722	Mayday_Parker	nm0741398	female	wiki	human
spiderman.acros_tt9362722	tt9362722	Aaron_Davis	nm0991810	male	wiki	human
spiderman.acros_tt9362722	tt9362722	Spider-Man_India_/_Pavitr_Prabhakar	nm4175221	male	wiki	human
spiderman.acros_tt9362722	tt9362722	Character_1		unknown	none	other
spiderman.acros_tt9362722	tt9362722	Ms._Weber	nm0237222	female	wiki	human
spiderman.acros_tt9362722	tt9362722	Spiderman_(miguel_in_suit)	nm4271336	male	wiki	human
spiderman.acros_tt9362722	tt9362722	Ganke_Lee	nm0812307	male	wiki	human
spiderman.acros_tt9362722	tt9362722	Yuri_Watanabe	nm3373248	female	wiki	human
spiderman.acros_tt9362722	tt9362722	Maria	nm1100855	female	wiki	human
spiderman.acros_tt9362722	tt9362722	Mary_Jane	nm3596979	female	wiki	human
spiderman.acros_tt9362722	tt9362722	Lenny	nm0005187	male	wiki	human
spiderman.acros_tt9362722	tt9362722	Spot_/_Jonathan_Ohnn	nm0005403	male	wiki	human
spiderman.acros_tt9362722	tt9362722	Vulture_/_Adriano_Tumino	nm1672246	male	wiki	human
spiderman.acros_tt9362722	tt9362722	Lyla	nm2336966	female	wiki	human
spiderman.acros_tt9362722	tt9362722	Peter_Parker_Earth-65	nm4425051	male	wiki	human
spiderman.acros_tt9362722	tt9362722	Glory	nm8731249	female	wiki	human
spiderman.acros_tt9362722	tt9362722	Spectacular_Spider-Man	nm0005079	male	wiki	human
spiderman.acros_tt9362722	tt9362722	Doctor_Octopus_/_Olivia_Octavius	nm1063517	female	wiki	human
spiderman.acros_tt9362722	tt9362722	May	nm0001610	female	wiki	human
spiderman.acros_tt9362722	tt9362722	Sun-Spider_/_Charlotte_Webber	nm7211408	unknown	none	human
spiderman.acros_tt9362722	tt9362722	MJ	nm3729780	unknown	none	human
spiderman.acros_tt9362722	tt9362722	Lego_Spider-Man	nm2068142	unknown	none	human
spiderman.acros_tt9362722	tt9362722	Betty	nm6253080	unknown	none	human
spiderman.acros_tt9362722	tt9362722	Scarlet_Spider_/_Ben_Reilly	nm1676221	male	wiki	human
spiderman.acros_tt9362722	tt9362722	J._Jonah_Jameson	nm0799777	male	wiki	human
spiderman.acros_tt9362722	tt9362722	Spider-UK_/_Malala_Windsor	nm6220968	female	wiki	human
spiderman.acros_tt9362722	tt9362722	Insomniac_Spider-Man	nm0523180	male	wiki	human
spiderman.acros_tt9362722	tt9362722	Peni_Parker	nm4733752	female	wiki	human
spiderman.acros_tt9362722	tt9362722	Spider-Ham_/_Peter_Porker		unknown	none	human
spiderman.acros_tt9362722	tt9362722	67_Spider-Man	nm1672246	male	wiki	human
spiderman.into._tt4633694	tt4633694	Miles_Morales	nm4271336	male	wiki	human
spiderman.into._tt4633694	tt4633694	Peter_Parker	nm1517976	male	wiki	human
spiderman.into._tt4633694	tt4633694	Jefferson_Davis	nm3109964	male	wiki	human
spiderman.into._tt4633694	tt4633694	Spider-Man_/_Peter_B._Parker	nm2159926	male	wiki	human
spiderman.into._tt4633694	tt4633694	Gwen_Stacy	nm2794962	female	wiki	human
spiderman.into._tt4633694	tt4633694	Miles_Morales_First_Suit	nm4271336	male	wiki	human
spiderman.into._tt4633694	tt4633694	Rio_Morales	nm0904967	female	wiki	human
spiderman.into._tt4633694	tt4633694	Peni_Parker	nm4733752	female	wiki	human
spiderman.into._tt4633694	tt4633694	Spider-Ham_/_Peter_Porker	nm1825214	male	wiki	human
spiderman.into._tt4633694	tt4633694	Kingpin	nm0000630	male	wiki	human
spiderman.into._tt4633694	tt4633694	Spider-Man_/_Miles_Morales	nm4271336	male	wiki	human
spiderman.into._tt4633694	tt4633694	Brooklyn_Visions_Security_Guard		unknown	none	human
spiderman.into._tt4633694	tt4633694	Scientist_in_Cafeteria	nm3187683	female	wiki	human
spiderman.into._tt4633694	tt4633694	Aunt_May	nm0005499	female	wiki	human
spiderman.into._tt4633694	tt4633694	Noir_Spider-Man	nm0000115	male	wiki	human
spiderman.into._tt4633694	tt4633694	Spider-Woman_/_Gwen_Stacy	nm2794962	female	wiki	human
spiderman.into._tt4633694	tt4633694	Doctor_Octopus_/_Olivia_Octavius	nm1063517	female	wiki	human
spiderman.into._tt4633694	tt4633694	Ganke_Lee		unknown	none	human
spiderman.into._tt4633694	tt4633694	Prowler_/_Aaron_Davis	nm0991810	male	wiki	human
spiderman.into._tt4633694	tt4633694	Mary_Jane_Watson	nm2368789	female	wiki	human
spiderman.into._tt4633694	tt4633694	Scorpion	nm1370408	male	wiki	human
spiderman.into._tt4633694	tt4633694	Spider-Man_Earth-67	nm1672246	male	wiki	human
spiderman.into._tt4633694	tt4633694	Spider-Man_2099_/_Miguel_O'Hara	nm1209966	male	wiki	human
spiderman.into._tt4633694	tt4633694	Tombstone	nm3993304	male	wiki	human
spiderman.into._tt4633694	tt4633694	Miss_Calleros	nm2295540	female	wiki	human
spiderman.into._tt4633694	tt4633694	Vanessa_Fisk	nm1128572	female	wiki	human
spiderman.into._tt4633694	tt4633694	Stan	nm0498278	male	wiki	human
spiderman.into._tt4633694	tt4633694	Lyla	nm2336966	female	wiki	human
spiderman.into._tt4633694	tt4633694	Green_Goblin_/_Norman_Osborn	nm1672246	male	wiki	other
spies.in.disgui_tt5814534	tt5814534	Walter	nm4043618	male	wiki	human
spies.in.disgui_tt5814534	tt5814534	Agent_Lance_Sterling	nm0000226	male	wiki	human
spies.in.disgui_tt5814534	tt5814534	Bird		unknown	none	animal
spies.in.disgui_tt5814534	tt5814534	Marcy	nm0429069	female	wiki	human
spies.in.disgui_tt5814534	tt5814534	Killian	nm0578853	male	wiki	human
spies.in.disgui_tt5814534	tt5814534	Director_Joy_Jenkins	nm0005207	female	wiki	human
spies.in.disgui_tt5814534	tt5814534	Walter_Beckett_(Young)	nm11227603	male	fandom	human
spies.in.disgui_tt5814534	tt5814534	Wendy_Beckett	nm3014031	female	wiki	human
spies.in.disgui_tt5814534	tt5814534	Eyes	nm2394794	female	wiki	human
spies.in.disgui_tt5814534	tt5814534	White_bird		unknown	none	animal
spies.in.disgui_tt5814534	tt5814534	Agency_Accountant	nm3166084	unknown	none	human
spies.in.disgui_tt5814534	tt5814534	Ears	nm1722577	male	wiki	human
spies.in.disgui_tt5814534	tt5814534	Character_1		unknown	none	human
spies.in.disgui_tt5814534	tt5814534	Agency_Employee_#12	nm0702863	male	wiki	human
spies.in.disgui_tt5814534	tt5814534	Katsu_Kimura	nm1199811	male	wiki	human
spies.in.disgui_tt5814534	tt5814534	Weapons_Lab_Tech	nm1763390	unknown	none	human
spies.in.disgui_tt5814534	tt5814534	Joon		unknown	none	human
spies.in.disgui_tt5814534	tt5814534	Agency_Control_Room_Technician	nm1053148	male	wiki	human
spies.in.disgui_tt5814534	tt5814534	Yakuza_#1	nm5337106	male	wiki	human
spies.in.disgui_tt5814534	tt5814534	Receptionist	nm1987941	female	wiki	human
spies.in.disgui_tt5814534	tt5814534	Marcy's_Agents	nm1072611	male	wiki	human
spies.in.disgui_tt5814534	tt5814534	Male_Tourist	nm3166084	unknown	none	human
spies.in.disgui_tt5814534	tt5814534	Geraldine	nm1266101	female	wiki	human
spies.in.disgui_tt5814534	tt5814534	Bird_2		unknown	none	animal
spies.in.disgui_tt5814534	tt5814534	Soo-Min	nm11227609	unknown	none	human
spies.in.disgui_tt5814534	tt5814534	Lead_Agency_Lab_Tech	nm6008860	unknown	none	human
spies.in.disgui_tt5814534	tt5814534	Yakuzas	nm0012888	male	wiki	human
spies.in.disgui_tt5814534	tt5814534	Terrance	nm0870629	unknown	none	human
spies.in.disgui_tt5814534	tt5814534	Yakuza_#2	nm1442093	unknown	none	human
spies.in.disgui_tt5814534	tt5814534	Scooter_Guy	nm11227612	unknown	none	human
spies.in.disgui_tt5814534	tt5814534	Weapons_Lab_Soldier	nm3103829	male	wiki	human
spies.in.disgui_tt5814534	tt5814534	Italian_Woman	nm5312098	female	wiki	human
spirit.stallion_tt0166813	tt0166813	Spirit	nm0000354	male	wiki	animal
spirit.stallion_tt0166813	tt0166813	Little_Creek	nm0836070	male	wiki	human
spirit.stallion_tt0166813	tt0166813	Rain		female	fandom	animal
spirit.stallion_tt0166813	tt0166813	Esperanza		female	fandom	animal
spirit.stallion_tt0166813	tt0166813	Colonel	nm0000342	male	wiki	human
spirit.stallion_tt0166813	tt0166813	Sgt._Adams	nm0076718	male	fandom	human
spirit.stallion_tt0166813	tt0166813	Jake	nm0129106	male	wiki	human
spirit.stallion_tt0166813	tt0166813	Train_Pull_Foreman	nm0298412	male	wiki	human
spirit.stallion_tt0166813	tt0166813	Bill	nm0569501	male	wiki	human
spirit.stallion_tt0166813	tt0166813	Murphy	nm0495492	unknown	none	human
spirit.stallion_tt0166813	tt0166813	Pete	nm0666740	male	wiki	human
spirit.stallion_tt0166813	tt0166813	Roy	nm0621008	male	wiki	human
spirit.stallion_tt0166813	tt0166813	Little_Indian_Girl	nm1183408	unknown	none	human
spirit.untamed_tt11084896	tt11084896	Lucky_Prescott	nm5097044	female	wiki	human
spirit.untamed_tt11084896	tt11084896	Spirit		male	fandom	animal
spirit.untamed_tt11084896	tt11084896	Pru_Granger	nm6343162	female	wiki	human
spirit.untamed_tt11084896	tt11084896	Jim_Prescott	nm0350453	male	wiki	human
spirit.untamed_tt11084896	tt11084896	Abigail_Stone	nm5085683	female	wiki	human
spirit.untamed_tt11084896	tt11084896	Aunt_Cora	nm0000194	female	wiki	human
spirit.untamed_tt11084896	tt11084896	Boomerang		male	fandom	animal
spirit.untamed_tt11084896	tt11084896	Chica_Linda		female	fandom	animal
spirit.untamed_tt11084896	tt11084896	Hendricks	nm0324658	male	wiki	human
spirit.untamed_tt11084896	tt11084896	Al_Granger	nm0105672	male	wiki	human
spirit.untamed_tt11084896	tt11084896	Snips_Stone	nm8598537	male	wiki	human
spirit.untamed_tt11084896	tt11084896	Senor_Carrots		unknown	none	animal
spirit.untamed_tt11084896	tt11084896	Lucky_Prescott_(Baby)	nm0033977	female	wiki	human
spirit.untamed_tt11084896	tt11084896	Lady_with_Dog	nm1764275	unknown	none	human
spirit.untamed_tt11084896	tt11084896	Valentina	nm5336620	unknown	none	human
spirit.untamed_tt11084896	tt11084896	James_Prescott_Sr	nm0366356	male	fandom	human
spongebob.squar_tt0345950	tt0345950	SpongeBob_SquarePants	nm0444786	male	wiki	other
spongebob.squar_tt0345950	tt0345950	Patrick_Star	nm0265067	male	wiki	animal
spongebob.squar_tt0345950	tt0345950	King_Neptune	nm0001787	male	wiki	other
spongebob.squar_tt0345950	tt0345950	Mr._Krabs	nm0000317	male	wiki	animal
spongebob.squar_tt0345950	tt0345950	Mindy	nm0424060	female	wiki	other
spongebob.squar_tt0345950	tt0345950	Plankton		unknown	none	other
spongebob.squar_tt0345950	tt0345950	Floyd	nm0048389	male	wiki	other
spongebob.squar_tt0345950	tt0345950	Lloyd		unknown	none	other
spongebob.squar_tt0345950	tt0345950	Prisoner_(Crown_Polisher)	nm0293196	male	wiki	other
spongebob.squar_tt0345950	tt0345950	Squidward_Tentacles	nm0120309	male	wiki	other
spongebob.squar_tt0345950	tt0345950	Victor		male	fandom	other
spongebob.squar_tt0345950	tt0345950	Waiter	nm0048389	male	wiki	other
spongebob.squar_tt0345950	tt0345950	Squire	nm0016141	male	wiki	other
spongebob.squar_tt0345950	tt0345950	Goofy_Goober	nm0087456	male	wiki	other
spongebob.squar_tt0345950	tt0345950	Dennis	nm0000285	male	wiki	other
spongebob.squar_tt0345950	tt0345950	Driver	nm0410451	female	wiki	other
spongebob.squar_tt0345950	tt0345950	Ice_Cream_Lady	nm0410451	female	wiki	other
spongebob.squar_tt0345950	tt0345950	Sandy_Cheeks	nm0492657	female	wiki	animal
spongebob.squar_tt0345950	tt0345950	Perch_Perkins	nm0048389	male	wiki	other
spongebob.squar_tt0345950	tt0345950	Phil	nm0048389	male	wiki	other
spongebob.squar_tt0345950	tt0345950	Mrs._Puff	nm0146181	female	wiki	other
storks_tt4624424	tt4624424	Tulip	nm1764070	female	wiki	human
storks_tt4624424	tt4624424	Junior	nm1676221	male	wiki	animal
storks_tt4624424	tt4624424	Baby		unknown	none	human
storks_tt4624424	tt4624424	Nate_Gardner	nm4465086	male	wiki	human
storks_tt4624424	tt4624424	Henry_Gardner	nm0123092	male	wiki	human
storks_tt4624424	tt4624424	Sarah_Gardner	nm0000098	female	wiki	human
storks_tt4624424	tt4624424	Hunter	nm0001288	male	wiki	animal
storks_tt4624424	tt4624424	Miscellaneous_Storks	nm0054697	male	wiki	animal
storks_tt4624424	tt4624424	Baby_2		unknown	none	human
storks_tt4624424	tt4624424	Jasper	nm0001803	male	wiki	animal
storks_tt4624424	tt4624424	Alpha_Wolf	nm1221047	male	wiki	animal
storks_tt4624424	tt4624424	Beta_Wolf	nm1443502	male	wiki	animal
storks_tt4624424	tt4624424	Pigeon_Toady	nm2811212	male	wiki	animal
storks_tt4624424	tt4624424	Dougland	nm2166469	male	wiki	animal
storks_tt4624424	tt4624424	Penguin		unknown	none	animal
strange.world_tt10298840	tt10298840	Searcher_Clade	nm0350453	male	wiki	human
strange.world_tt10298840	tt10298840	Ethan_Clade	nm7187850	male	wiki	human
strange.world_tt10298840	tt10298840	Jaegar	nm0000598	male	wiki	human
strange.world_tt10298840	tt10298840	Meridian_Clade	nm0005517	female	wiki	human
strange.world_tt10298840	tt10298840	Callisto_Mal	nm0005154	female	wiki	human
strange.world_tt10298840	tt10298840	Lonnie_Redshirt	nm0072344	male	wiki	human
strange.world_tt10298840	tt10298840	Pulk	nm1027814	two-spirit	wiki	human
strange.world_tt10298840	tt10298840	Legend		male	fandom	animal
strange.world_tt10298840	tt10298840	Caspian	nm4175221	male	wiki	human
strange.world_tt10298840	tt10298840	Kardez	nm6516135	male	wiki	human
strange.world_tt10298840	tt10298840	Diazo	nm13437268	male	fandom	human
strange.world_tt10298840	tt10298840	Duffle	nm0876138	male	wiki	human
strange.world_tt10298840	tt10298840	Azimuth	nm5590588	female	wiki	human
strange.world_tt10298840	tt10298840	Ro	nm0475836	female	wiki	human
strange.world_tt10298840	tt10298840	Rory	nm2655199	male	wiki	human
super.mario.bro_tt6718170	tt6718170	Mario	nm0695435	male	wiki	human
super.mario.bro_tt6718170	tt6718170	Princess_Peach	nm5896355	female	wiki	human
super.mario.bro_tt6718170	tt6718170	Luigi	nm0206359	male	wiki	human
super.mario.bro_tt6718170	tt6718170	Bowser	nm0085312	male	wiki	other
super.mario.bro_tt6718170	tt6718170	Toad	nm1221047	male	wiki	other
super.mario.bro_tt6718170	tt6718170	Donkey_Kong	nm0736622	male	wiki	animal
super.mario.bro_tt6718170	tt6718170	Cranky_Kong	nm0035488	male	wiki	animal
super.mario.bro_tt6718170	tt6718170	Koopa_General	nm0579914	male	wiki	other
super.mario.bro_tt6718170	tt6718170	Kamek	nm0724656	male	wiki	animal
super.mario.bro_tt6718170	tt6718170	Foreman_Spike	nm1724319	male	wiki	human
super.mario.bro_tt6718170	tt6718170	Mario's_Dad	nm0553409	male	wiki	human
super.mario.bro_tt6718170	tt6718170	Francis		male	fandom	animal
super.mario.bro_tt6718170	tt6718170	Shy_Guy		unknown	none	other
super.mario.bro_tt6718170	tt6718170	Toad_General	nm1082823	male	wiki	human
super.mario.bro_tt6718170	tt6718170	Mario's_Mom	nm0223740	female	wiki	human
super.mario.bro_tt6718170	tt6718170	Uncle_Tony	nm0738951	male	wiki	human
super.mario.bro_tt6718170	tt6718170	Lumalee	nm14185788	unknown	none	other
super.mario.bro_tt6718170	tt6718170	Dixie_Kong		unknown	none	animal
super.mario.bro_tt6718170	tt6718170	Aunt	nm0223740	female	wiki	human
super.mario.bro_tt6718170	tt6718170	Uncle_Arthur	nm0224007	male	wiki	human
super.mario.bro_tt6718170	tt6718170	Penguin_King	nm1146051	male	wiki	animal
super.mario.bro_tt6718170	tt6718170	Jungle_Kingdom_Guard		unknown	none	human
super.mario.bro_tt6718170	tt6718170	Koopa_Turned_into_Dry_Bones		unknown	none	animal
super.mario.bro_tt6718170	tt6718170	Baby_Mario		male	fandom	human
super.mario.bro_tt6718170	tt6718170	Bomber_Bill		male	fandom	other
super.mario.bro_tt6718170	tt6718170	Diddy_Kong		male	fandom	animal
super.mario.bro_tt6718170	tt6718170	Chunky_Kong		unknown	none	animal
super.mario.bro_tt6718170	tt6718170	Plumbing_Customer_Woman	nm0838588	female	wiki	human
super.mario.bro_tt6718170	tt6718170	Baby_Luigi		male	fandom	human
super.mario.bro_tt6718170	tt6718170	Baby_Peach	nm0223740	female	wiki	human
super.mario.bro_tt6718170	tt6718170	Plumbing_Customer_Man		unknown	none	human
super.mario.bro_tt6718170	tt6718170	Snifit		unknown	none	other
super.mario.bro_tt6718170	tt6718170	Giuseppe	nm0553409	male	wiki	human
super.mario.bro_tt6718170	tt6718170	Bully	nm0223740	female	wiki	human
surfs.up_tt0423294	tt0423294	Cody_Maverick	nm0479471	male	wiki	animal
surfs.up_tt0423294	tt0423294	Big_Z	nm0000313	male	wiki	animal
surfs.up_tt0423294	tt0423294	Lani_Aliikai	nm0221046	female	wiki	animal
surfs.up_tt0423294	tt0423294	Edna_Maverick	nm1614770	female	wiki	animal
surfs.up_tt0423294	tt0423294	Chicken_Joe	nm1417647	male	wiki	animal
surfs.up_tt0423294	tt0423294	Rob	nm0532499	male	fandom	animal
surfs.up_tt0423294	tt0423294	Reggie	nm0000249	male	wiki	animal
surfs.up_tt0423294	tt0423294	Tank_Evans	nm0046033	male	wiki	animal
surfs.up_tt0423294	tt0423294	Small_bird		unknown	none	animal
surfs.up_tt0423294	tt0423294	Smudge	nm2655192	unknown	none	animal
surfs.up_tt0423294	tt0423294	Glen_Maverick	nm0692634	male	wiki	animal
surfs.up_tt0423294	tt0423294	Arnold	nm2655199	male	wiki	animal
surfs.up_tt0423294	tt0423294	Kate	nm2655180	unknown	none	animal
surfs.up_tt0423294	tt0423294	Filmmaker_#1	nm0105169	male	wiki	animal
surfs.up_tt0423294	tt0423294	Mike_Abromowitz	nm0134647	male	wiki	animal
surfs.up_tt0423294	tt0423294	Glen's_Buddy	nm2407919	trans woman	wiki	animal
surfs.up_tt0423294	tt0423294	Kelly	nm0005440	male	wiki	animal
surfs.up_tt0423294	tt0423294	Squid		unknown	none	animal
sword.in.the.st_tt0057546	tt0057546	Merlin	nm0842425	male	wiki	human
sword.in.the.st_tt0057546	tt0057546	Arthur_Pendragon	nm0814862	male	wiki	human
sword.in.the.st_tt0057546	tt0057546	Archimedes	nm0560076	male	wiki	animal
sword.in.the.st_tt0057546	tt0057546	Brown-Yellow_Bird		unknown	none	animal
sword.in.the.st_tt0057546	tt0057546	Sir_Kay	nm0017491	male	wiki	human
sword.in.the.st_tt0057546	tt0057546	Sir_Ector	nm0001982	male	wiki	human
sword.in.the.st_tt0057546	tt0057546	Fish		unknown	none	animal
sword.in.the.st_tt0057546	tt0057546	Madam_Mim	nm0921131	female	wiki	human
sword.in.the.st_tt0057546	tt0057546	Old_Fish		unknown	none	animal
sword.in.the.st_tt0057546	tt0057546	Old_Squirrel	nm0921131	female	wiki	animal
sword.in.the.st_tt0057546	tt0057546	Girl_Squirrel	nm0852412	female	wiki	animal
sword.in.the.st_tt0057546	tt0057546	Dragon		unknown	none	other
sword.in.the.st_tt0057546	tt0057546	Beaver		unknown	none	animal
sword.in.the.st_tt0057546	tt0057546	Pink_alligator		unknown	none	animal
sword.in.the.st_tt0057546	tt0057546	Scullery_Maid	nm0020289	female	wiki	human
sword.in.the.st_tt0057546	tt0057546	Granny_Squirrel		unknown	none	animal
sword.in.the.st_tt0057546	tt0057546	Sir_Bart		unknown	none	human
tangled_tt0398286	tt0398286	Rapunzel	nm0601553	female	wiki	human
tangled_tt0398286	tt0398286	Flynn_Rider	nm1157048	male	wiki	human
tangled_tt0398286	tt0398286	Mother_Gothel	nm0614220	female	wiki	human
tangled_tt0398286	tt0398286	Queen_Arianna		female	fandom	human
tangled_tt0398286	tt0398286	Maximus		male	fandom	animal
tangled_tt0398286	tt0398286	Stabbington_Brothers	nm0000579	male	wiki	human
tangled_tt0398286	tt0398286	Pascal		unknown	none	animal
tangled_tt0398286	tt0398286	Vlad	nm0001423	male	wiki	human
tangled_tt0398286	tt0398286	Hook_Hand_Thug	nm0004951	male	wiki	human
tangled_tt0398286	tt0398286	King_Fredric		male	fandom	human
tangled_tt0398286	tt0398286	Captain_of_the_Guard	nm0301370	male	wiki	human
tangled_tt0398286	tt0398286	Big_Nose_Thug	nm0001787	male	wiki	human
tangled_tt0398286	tt0398286	Short_Thug	nm0006670	male	wiki	human
tarzan_tt0120855	tt0120855	Tarzan_(Young)	nm0513281	male	wiki	human
tarzan_tt0120855	tt0120855	Jane_Porter	nm0000378	female	wiki	human
tarzan_tt0120855	tt0120855	Kerchak	nm0000448	male	wiki	animal
tarzan_tt0120855	tt0120855	Kala	nm0000335	female	wiki	animal
tarzan_tt0120855	tt0120855	Clayton	nm0000306	male	wiki	human
tarzan_tt0120855	tt0120855	Tarzan	nm0001282	male	wiki	human
tarzan_tt0120855	tt0120855	Terk_(Young)	nm0005280	female	wiki	animal
tarzan_tt0120855	tt0120855	Terk_(Baby)	nm0005280	female	fandom	animal
tarzan_tt0120855	tt0120855	Professor_Archimedes_Q._Porter	nm0001329	male	wiki	human
tarzan_tt0120855	tt0120855	Terk	nm0005280	female	wiki	animal
tarzan_tt0120855	tt0120855	Tantor	nm0001431	male	wiki	animal
tarzan_tt0120855	tt0120855	Tantor_(Young)	nm0218771	male	wiki	animal
tarzan_tt0120855	tt0120855	Human_character_1		unknown	none	human
tarzan_tt0120855	tt0120855	Tantor's_Mother		unknown	none	animal
tarzan_tt0120855	tt0120855	Human_character_3		unknown	none	human
tarzan_tt0120855	tt0120855	Human_character_2		unknown	none	human
tarzan_tt0120855	tt0120855	Monkey_1	nm0029460	male	wiki	animal
teenage.mutant._tt8589698	tt8589698	Leonardo	nm7751235	male	wiki	animal
teenage.mutant._tt8589698	tt8589698	Donatello	nm9368660	male	wiki	animal
teenage.mutant._tt8589698	tt8589698	Raphael	nm4054776	male	wiki	animal
teenage.mutant._tt8589698	tt8589698	Michelangelo	nm8366356	male	wiki	animal
teenage.mutant._tt8589698	tt8589698	April_O'Neil	nm8731249	female	wiki	human
teenage.mutant._tt8589698	tt8589698	Fly		unknown	none	animal
teenage.mutant._tt8589698	tt8589698	Splinter	nm0000329	male	wiki	animal
teenage.mutant._tt8589698	tt8589698	Rocksteady	nm1078479	male	wiki	animal
teenage.mutant._tt8589698	tt8589698	Mondo_Gecko	nm0748620	male	wiki	animal
teenage.mutant._tt8589698	tt8589698	Wingnut	nm5857106	female	wiki	animal
teenage.mutant._tt8589698	tt8589698	Baxter_Stockman	nm0002064	male	wiki	human
teenage.mutant._tt8589698	tt8589698	Cynthia_Utrom	nm0748973	female	wiki	human
teenage.mutant._tt8589698	tt8589698	Spider	nm3738901	male	wiki	human
teenage.mutant._tt8589698	tt8589698	News_Anchor	nm6664625	unknown	none	human
teenage.mutant._tt8589698	tt8589698	Normal_Nate	nm0004910	male	wiki	human
teenage.mutant._tt8589698	tt8589698	Bald_Bronson	nm0660650	male	wiki	human
teenage.mutant._tt8589698	tt8589698	Man_Who_Thought_a_Giant_Rat_was_a_Big_Cat_but_it_was_a_Rat	nm5135634	male	wiki	human
teenage.mutant._tt8589698	tt8589698	TV_Anchor	nm8829840	unknown	none	human
teenage.mutant._tt8589698	tt8589698	Genghis_Frog	nm2868110	male	wiki	animal
teenage.mutant._tt8589698	tt8589698	Bebop	nm0736622	male	wiki	animal
teenage.mutant._tt8589698	tt8589698	Sign_My_Baby_Mom	nm6643029	unknown	none	human
teenage.mutant._tt8589698	tt8589698	Times_Square_Guy		unknown	none	human
teenage.mutant._tt8589698	tt8589698	Bad_Bernie	nm0045937	male	wiki	human
teenage.mutant._tt8589698	tt8589698	Apologetic_Goon	nm5859016	unknown	none	human
teenage.mutant._tt8589698	tt8589698	Good_Human	nm0247653	male	wiki	human
teenage.mutant._tt8589698	tt8589698	Cab_Driver	nm0135306	male	wiki	human
teenage.mutant._tt8589698	tt8589698	Responding_Police_Officer	nm4047961	unknown	none	human
teenage.mutant._tt8589698	tt8589698	Curious_Goon	nm5325848	unknown	none	human
teenage.mutant._tt8589698	tt8589698	Bossy_Goon	nm3229215	male	wiki	human
teenage.mutant._tt8589698	tt8589698	Helpful_Construction_Worker	nm1441020	unknown	none	human
teenage.mutant._tt8589698	tt8589698	Gecko_Goon	nm1891831	unknown	none	human
teenage.mutant._tt8589698	tt8589698	Wants_a_Paycheck_Goon	nm5106831	male	wiki	human
teenage.mutant._tt8589698	tt8589698	Short_Sharon	nm2493569	unknown	none	human
teenage.mutant._tt8589698	tt8589698	Toupee_Tom	nm0557850	male	wiki	human
teenage.mutant._tt8589698	tt8589698	Military_Advisor	nm4047961	unknown	none	human
teenage.mutant._tt8589698	tt8589698	Police_Officer	nm0557850	male	wiki	human
tmnt_2014	tt1291150	Raphael	nm2024927	male	wiki	animal
tmnt_2014	tt1291150	Leonardo	nm0424216	male	wiki	animal
tmnt_2014	tt1291150	Michelangelo	nm0279720	male	wiki	animal
tmnt_2014	tt1291150	Donatello	nm0397386	male	wiki	animal
tmnt_2014	tt1291150	Splinter	nm0001724	male	wiki	animal
tmnt_2014	tt1291150	Shredder	nm0556070	male	wiki	human
tmnt_tt0453556	tt0453556	Leonardo	nm0852517	male	wiki	animal
tmnt_tt0453556	tt0453556	Raphael	nm0636046	male	wiki	animal
tmnt_tt0453556	tt0453556	Michaelangelo	nm0445962	male	wiki	animal
tmnt_tt0453556	tt0453556	April_O'Neil	nm0001264	female	wiki	human
tmnt_tt0453556	tt0453556	Casey_Jones	nm0262635	male	wiki	human
tmnt_tt0453556	tt0453556	Donatello	nm0925943	male	wiki	animal
tmnt_tt0453556	tt0453556	Max_Winters	nm0001772	male	wiki	human
tmnt_tt0453556	tt0453556	Splinter	nm0538683	male	wiki	animal
tmnt_tt0453556	tt0453556	General_Aguila	nm0724656	male	wiki	other
tmnt_tt0453556	tt0453556	General_Serpiente	nm1692904	unknown	none	other
tmnt_tt0453556	tt0453556	Karai	nm0955471	female	wiki	human
tmnt_tt0453556	tt0453556	Colonel_Santino	nm0224007	male	wiki	human
tmnt_tt0453556	tt0453556	Ant_creature		unknown	none	animal
toy.story_tt0114709	tt0114709	Woody	nm0000158	male	wiki	human
toy.story_tt0114709	tt0114709	Buzz_Lightyear	nm0000741	male	wiki	human
toy.story_tt0114709	tt0114709	Mr._Potato_Head	nm0725543	male	wiki	other
toy.story_tt0114709	tt0114709	Bo_Peep	nm0001633	female	wiki	human
toy.story_tt0114709	tt0114709	Slinky_Dog	nm0001815	male	wiki	animal
toy.story_tt0114709	tt0114709	Sid_Phillips	nm0902184	male	wiki	human
toy.story_tt0114709	tt0114709	Hamm	nm0001652	male	wiki	animal
toy.story_tt0114709	tt0114709	Rex	nm0001728	male	wiki	animal
toy.story_tt0114709	tt0114709	Snake	nm0419962	male	fandom	animal
toy.story_tt0114709	tt0114709	Mutant_Toys		male	fandom	human
toy.story_tt0114709	tt0114709	Hannah_Phillips	nm0293589	female	wiki	human
toy.story_tt0114709	tt0114709	Little_Green_Men		male	fandom	other
toy.story_tt0114709	tt0114709	Troll_Doll		unknown	none	other
toy.story_tt0114709	tt0114709	Mr._Mike	nm0390161	male	wiki	other
toy.story_tt0114709	tt0114709	Rocky_Gibraltar_(character)	nm0029460	male	wiki	human
toy.story_tt0114709	tt0114709	Tikes		male	fandom	other
toy.story_tt0114709	tt0114709	Shark_(Toy_Story)	nm0029460	male	wiki	animal
toy.story_tt0114709	tt0114709	Sarge_(Toy_Story)	nm0000388	male	wiki	human
toy.story_tt0114709	tt0114709	Roly_Poly_Clown		male	fandom	other
toy.story_tt0114709	tt0114709	Lenny	nm0710020	male	wiki	other
toy.story.2_tt0120363	tt0120363	Woody	nm0000158	male	wiki	human
toy.story.2_tt0120363	tt0120363	Buzz_Lightyear	nm0000741	male	wiki	human
toy.story.2_tt0120363	tt0120363	Jessie	nm0000349	female	wiki	human
toy.story.2_tt0120363	tt0120363	Mr._Potato_Head	nm0725543	male	wiki	other
toy.story.2_tt0120363	tt0120363	Stinky_Pete	nm0001288	male	wiki	human
toy.story.2_tt0120363	tt0120363	Slinky_Dog	nm0001815	male	wiki	animal
toy.story.2_tt0120363	tt0120363	Bullseye		male	fandom	animal
toy.story.2_tt0120363	tt0120363	Hamm	nm0001652	male	wiki	animal
toy.story.2_tt0120363	tt0120363	Rex	nm0001728	male	wiki	animal
toy.story.2_tt0120363	tt0120363	Al_McWhiggin	nm0001431	male	wiki	human
toy.story.2_tt0120363	tt0120363	Bo_Peep	nm0001633	female	wiki	human
toy.story.2_tt0120363	tt0120363	Barbie	nm0072533	female	wiki	human
toy.story.2_tt0120363	tt0120363	Aliens	nm0682066	male	wiki	other
toy.story.2_tt0120363	tt0120363	Mrs._Potato_Head	nm0364680	female	wiki	other
toy.story.2_tt0120363	tt0120363	Wheezy	nm0710020	male	wiki	animal
toy.story.2_tt0120363	tt0120363	Mr._Mike		male	fandom	other
toy.story.2_tt0120363	tt0120363	Buster		male	fandom	animal
toy.story.2_tt0120363	tt0120363	Luggage_Handler_1		unknown	none	human
toy.story.2_tt0120363	tt0120363	Troll		unknown	none	other
toy.story.2_tt0120363	tt0120363	The_Cleaner	nm0364893	male	wiki	human
toy.story.2_tt0120363	tt0120363	Tikes		male	fandom	other
toy.story.2_tt0120363	tt0120363	Rocky_Gibraltar	nm0029460	male	wiki	human
toy.story.2_tt0120363	tt0120363	Troikas		unknown	none	other
toy.story.2_tt0120363	tt0120363	Snake		male	fandom	animal
toy.story.2_tt0120363	tt0120363	Roly_Poly_Clown		male	fandom	other
toy.story.2_tt0120363	tt0120363	Lenny		male	fandom	other
toy.story.2_tt0120363	tt0120363	Luggage_Handler_2		unknown	none	human
toy.story.2_tt0120363	tt0120363	Bucket_o'_Soldiers		male	fandom	human
toy.story.3_tt0435761	tt0435761	Woody	nm0000158	male	wiki	human
toy.story.3_tt0435761	tt0435761	Jessie	nm0000349	female	wiki	human
toy.story.3_tt0435761	tt0435761	Buzz_Lightyear	nm0000741	male	wiki	human
toy.story.3_tt0435761	tt0435761	Mr._Potato_Head	nm0725543	male	wiki	other
toy.story.3_tt0435761	tt0435761	Lots-o'-Huggin'_Bear	nm0000885	male	wiki	other
toy.story.3_tt0435761	tt0435761	Bullseye	nm0919798	male	wiki	animal
toy.story.3_tt0435761	tt0435761	Slinky_Dog	nm0163703	male	wiki	animal
toy.story.3_tt0435761	tt0435761	Rex	nm0001728	male	wiki	animal
toy.story.3_tt0435761	tt0435761	Mrs._Potato_Head	nm0364680	female	wiki	other
toy.story.3_tt0435761	tt0435761	Hamm	nm0001652	male	wiki	animal
toy.story.3_tt0435761	tt0435761	Ken	nm0000474	male	wiki	human
toy.story.3_tt0435761	tt0435761	Aliens	nm0682066	male	wiki	other
toy.story.3_tt0435761	tt0435761	Andy	nm0606658	male	wiki	human
toy.story.3_tt0435761	tt0435761	Bonnie	nm3432684	female	wiki	human
toy.story.3_tt0435761	tt0435761	Barbie	nm0072533	female	wiki	human
toy.story.3_tt0435761	tt0435761	Big_Baby		male	fandom	human
toy.story.3_tt0435761	tt0435761	Chunk	nm0029460	male	wiki	other
toy.story.3_tt0435761	tt0435761	Buttercup	nm0307531	male	wiki	animal
toy.story.3_tt0435761	tt0435761	Chuckles_the_Clown	nm0524726	male	wiki	other
toy.story.3_tt0435761	tt0435761	Stretch	nm0000155	female	wiki	other
toy.story.3_tt0435761	tt0435761	Mr._Pricklepants	nm0001096	male	wiki	animal
toy.story.3_tt0435761	tt0435761	Molly	nm2356963	female	wiki	human
toy.story.3_tt0435761	tt0435761	Chatter_Telephone	nm0628599	male	wiki	other
toy.story.3_tt0435761	tt0435761	Andy's_Mom	nm0582418	female	wiki	human
toy.story.3_tt0435761	tt0435761	Trixie	nm1102891	female	wiki	animal
toy.story.3_tt0435761	tt0435761	Totoro		male	fandom	human
toy.story.3_tt0435761	tt0435761	Dolly	nm0001372	female	wiki	human
toy.story.3_tt0435761	tt0435761	Jack-in-the-Box	nm0881279	male	wiki	other
toy.story.3_tt0435761	tt0435761	Monkey	nm0881279	male	wiki	other
toy.story.3_tt0435761	tt0435761	Peas-in-a-Pod	nm3929895	male	fandom	other
toy.story.3_tt0435761	tt0435761	Feathers		male	fandom	animal
toy.story.3_tt0435761	tt0435761	Troll		unknown	none	other
toy.story.3_tt0435761	tt0435761	Bookworm	nm0454236	male	wiki	other
toy.story.3_tt0435761	tt0435761	Buster	nm0919798	male	wiki	animal
toy.story.3_tt0435761	tt0435761	Mr._Tony		male	fandom	human
toy.story.3_tt0435761	tt0435761	Bucket_o'_Soldiers		male	fandom	human
toy.story.4_tt1979376	tt1979376	Woody	nm0000158	male	wiki	human
toy.story.4_tt1979376	tt1979376	Bo_Peep	nm0001633	female	wiki	human
toy.story.4_tt1979376	tt1979376	Gabby_Gabby	nm0376716	female	wiki	human
toy.story.4_tt1979376	tt1979376	Buzz_Lightyear	nm0000741	male	wiki	human
toy.story.4_tt1979376	tt1979376	Forky	nm0355024	male	wiki	other
toy.story.4_tt1979376	tt1979376	Bonnie	nm6421259	female	wiki	human
toy.story.4_tt1979376	tt1979376	Jessie	nm0000349	female	wiki	human
toy.story.4_tt1979376	tt1979376	Bunny	nm1443502	male	wiki	animal
toy.story.4_tt1979376	tt1979376	Dolly	nm0001372	female	wiki	human
toy.story.4_tt1979376	tt1979376	Ducky_(Toy_Story_4)	nm1221047	male	wiki	animal
toy.story.4_tt1979376	tt1979376	The_Bensons		unknown	none	human
toy.story.4_tt1979376	tt1979376	Duke_Caboom	nm0000206	male	wiki	human
toy.story.4_tt1979376	tt1979376	Buttercup	nm0307531	male	wiki	animal
toy.story.4_tt1979376	tt1979376	Slinky_Dog	nm0163703	male	wiki	animal
toy.story.4_tt1979376	tt1979376	Bullseye		male	fandom	animal
toy.story.4_tt1979376	tt1979376	Mr._Potato_Head	nm0725543	male	wiki	other
toy.story.4_tt1979376	tt1979376	Mr._Pricklepants	nm0001096	male	wiki	animal
toy.story.4_tt1979376	tt1979376	Rex	nm0001728	male	wiki	animal
toy.story.4_tt1979376	tt1979376	Mrs._Potato_Head	nm0364680	female	wiki	other
toy.story.4_tt1979376	tt1979376	Hamm	nm0001652	male	wiki	animal
toy.story.4_tt1979376	tt1979376	Bonnie's_Dad	nm0379596	male	wiki	human
toy.story.4_tt1979376	tt1979376	Billy,_Goat_and_Gruff	nm4038224	unknown	none	animal
toy.story.4_tt1979376	tt1979376	Harmony	nm10641344	unknown	none	human
toy.story.4_tt1979376	tt1979376	Réjean		male	fandom	human
toy.story.4_tt1979376	tt1979376	Aliens	nm0682066	male	wiki	other
toy.story.4_tt1979376	tt1979376	Lost_Girl	nm10775277	female	wiki	human
toy.story.4_tt1979376	tt1979376	Chairol_Burnett	nm0000993	female	wiki	other
toy.story.4_tt1979376	tt1979376	Margaret		unknown	none	human
toy.story.4_tt1979376	tt1979376	Trixie	nm1102891	female	wiki	animal
toy.story.4_tt1979376	tt1979376	Andy's_Mom	nm0582418	female	wiki	human
toy.story.4_tt1979376	tt1979376	Old_Timer	nm0649178	male	wiki	human
toy.story.4_tt1979376	tt1979376	Axel	nm0352778	male	wiki	human
toy.story.4_tt1979376	tt1979376	Harmony's_Mother		unknown	none	human
toy.story.4_tt1979376	tt1979376	Andy	nm7050523	male	fandom	human
toy.story.4_tt1979376	tt1979376	Karen_Beverly	nm3830257	female	wiki	other
toy.story.4_tt1979376	tt1979376	Bitey_White	nm0924508	female	wiki	other
toy.story.4_tt1979376	tt1979376	Dragon		unknown	none	animal
toy.story.4_tt1979376	tt1979376	Carnival_Security_Guards		unknown	none	human
toy.story.4_tt1979376	tt1979376	Melephant_Brooks	nm0000316	male	wiki	animal
transformers.a._tt8864596	tt8864596	Optimus_Prime_/_Orion_Pax	nm1165110	male	wiki	other
transformers.a._tt8864596	tt8864596	Megatron_/_D-16	nm3109964	male	wiki	other
transformers.a._tt8864596	tt8864596	Elita-1	nm0424060	female	wiki	other
transformers.a._tt8864596	tt8864596	Bumblebee_/_B-127	nm1221047	male	wiki	other
transformers.a._tt8864596	tt8864596	Sentinel_Prime	nm0358316	male	wiki	other
transformers.a._tt8864596	tt8864596	Sideswipe		male	fandom	other
transformers.a._tt8864596	tt8864596	Starscream	nm0000114	male	wiki	other
transformers.a._tt8864596	tt8864596	Alpha_Trion	nm0000401	male	wiki	other
transformers.a._tt8864596	tt8864596	Ironhide		male	fandom	other
transformers.a._tt8864596	tt8864596	Soundwave	nm3929163	male	wiki	other
transformers.a._tt8864596	tt8864596	Guard_#1	nm0089707	male	wiki	other
transformers.a._tt8864596	tt8864596	Airachnid	nm0510096	female	fandom	other
transformers.a._tt8864596	tt8864596	Arcee	nm2137962	female	fandom	other
transformers.a._tt8864596	tt8864596	Darkwing	nm0802280	male	wiki	other
transformers.a._tt8864596	tt8864596	Guard_#2	nm1539884	male	wiki	other
transformers.a._tt8864596	tt8864596	Zeta_Prime	nm0001664	male	wiki	other
transformers.a._tt8864596	tt8864596	Chromia	nm2137962	female	fandom	other
transformers.a._tt8864596	tt8864596	Jazz	nm6936468	male	fandom	other
transformers.a._tt8864596	tt8864596	Control_Room_Guys	nm2155757	male	wiki	other
trolls_tt1679335	tt1679335	Princess_Poppy	nm0447695	female	wiki	other
trolls_tt1679335	tt1679335	Branch	nm0005493	male	wiki	other
trolls_tt1679335	tt1679335	Bridget	nm0221046	female	wiki	other
trolls_tt1679335	tt1679335	Prince_Gristle	nm2395586	male	wiki	other
trolls_tt1679335	tt1679335	Chef	nm0004724	female	wiki	other
trolls_tt1679335	tt1679335	Biggie	nm0179479	male	wiki	other
trolls_tt1679335	tt1679335	Chenille	nm5593235	female	wiki	other
trolls_tt1679335	tt1679335	Cooper	nm3236733	male	wiki	other
trolls_tt1679335	tt1679335	Satin	nm5592916	female	wiki	other
trolls_tt1679335	tt1679335	DJ_Suki	nm0005461	female	wiki	other
trolls_tt1679335	tt1679335	Creek	nm1258970	male	wiki	other
trolls_tt1679335	tt1679335	Smidge	nm0230666	female	fandom	other
trolls_tt1679335	tt1679335	Guy_Diamond	nm2471798	male	wiki	other
trolls_tt1679335	tt1679335	King_Peppy	nm0001787	male	wiki	other
trolls_tt1679335	tt1679335	Mr._Dinkles	nm0230666	male	wiki	other
trolls_tt1679335	tt1679335	Bibbly	nm1055302	male	wiki	other
trolls_tt1679335	tt1679335	Poppy_(Baby)	nm8540917	female	fandom	other
trolls_tt1679335	tt1679335	Cloud_Guy	nm0230666	male	wiki	other
trolls_tt1679335	tt1679335	Todd	nm2266084	male	wiki	other
trolls_tt1679335	tt1679335	Branch_(Young)	nm7499680	male	fandom	other
trolls_tt1679335	tt1679335	Aspen_Heitz	nm6118824	unknown	none	other
trolls_tt1679335	tt1679335	King_Gristle_Sr.	nm0000092	male	wiki	other
trolls_tt1679335	tt1679335	Harper	nm4832920	female	wiki	other
trolls.band.tog_tt14362112	tt14362112	Branch	nm0005493	male	wiki	other
trolls.band.tog_tt14362112	tt14362112	Poppy	nm0447695	female	wiki	other
trolls.band.tog_tt14362112	tt14362112	John_Dory	nm2765191	male	wiki	other
trolls.band.tog_tt14362112	tt14362112	Spruce	nm4377526	male	wiki	other
trolls.band.tog_tt14362112	tt14362112	Clay	nm3264596	male	wiki	other
trolls.band.tog_tt14362112	tt14362112	Velvet	nm2154960	female	wiki	other
trolls.band.tog_tt14362112	tt14362112	Viva	nm5305981	female	wiki	other
trolls.band.tog_tt14362112	tt14362112	Veneer	nm0710330	male	wiki	other
trolls.band.tog_tt14362112	tt14362112	Floyd	nm2931989	male	wiki	other
trolls.band.tog_tt14362112	tt14362112	Bridget	nm0221046	female	wiki	other
trolls.band.tog_tt14362112	tt14362112	Gristle	nm2395586	male	wiki	other
trolls.band.tog_tt14362112	tt14362112	Baby_Branch	nm8540917	male	fandom	other
trolls.band.tog_tt14362112	tt14362112	Chenille	nm5593235	female	wiki	other
trolls.band.tog_tt14362112	tt14362112	Tiny_Diamond	nm0860380	male	wiki	other
trolls.band.tog_tt14362112	tt14362112	Crimp	nm0541082	female	wiki	other
trolls.band.tog_tt14362112	tt14362112	King_Peppy	nm0230666	male	wiki	other
trolls.band.tog_tt14362112	tt14362112	Brandy	nm8773928	trans woman	wiki	other
trolls.band.tog_tt14362112	tt14362112	Guy_Diamond	nm2471798	male	wiki	other
trolls.band.tog_tt14362112	tt14362112	Miss_Maxine	nm0750412	male	wiki	other
trolls.band.tog_tt14362112	tt14362112	Mr._Dinkles	nm0724656	male	wiki	other
trolls.band.tog_tt14362112	tt14362112	Cloud_Guy	nm0230666	male	wiki	other
trolls.band.tog_tt14362112	tt14362112	Prince_D	nm7256002	male	wiki	other
trolls.band.tog_tt14362112	tt14362112	Satin	nm5592916	female	wiki	other
trolls.band.tog_tt14362112	tt14362112	Cooper	nm3236733	male	wiki	other
trolls.band.tog_tt14362112	tt14362112	Biggie	nm2411784	male	wiki	other
turbo_tt1860353	tt1860353	Theo_/_Turbo	nm0005351	male	wiki	animal
turbo_tt1860353	tt1860353	Tito	nm0671567	male	wiki	human
turbo_tt1860353	tt1860353	Chet	nm0316079	male	wiki	animal
turbo_tt1860353	tt1860353	Guy_Gagne	nm0352778	male	wiki	human
turbo_tt1860353	tt1860353	Paz	nm0735442	female	wiki	human
turbo_tt1860353	tt1860353	Angelo	nm0350079	male	wiki	human
turbo_tt1860353	tt1860353	Bobby	nm0420955	male	wiki	human
turbo_tt1860353	tt1860353	Burn	nm0748973	female	wiki	animal
turbo_tt1860353	tt1860353	Kim-Ly	nm0421822	male	wiki	human
turbo_tt1860353	tt1860353	White_Shadow	nm1220133	male	wiki	animal
turbo_tt1860353	tt1860353	Smoove_Move	nm0004879	male	wiki	animal
turbo_tt1860353	tt1860353	Whiplash	nm0000168	male	wiki	animal
turbo_tt1860353	tt1860353	Network_Reporter	nm1788608	female	wiki	human
turbo_tt1860353	tt1860353	Worker_Snail_#1	nm1659741	male	wiki	animal
turbo_tt1860353	tt1860353	Indy_Marketing_Executive	nm0829601	female	wiki	human
turbo_tt1860353	tt1860353	Official	nm0910559	male	wiki	human
turbo_tt1860353	tt1860353	Male_Tourist	nm1040029	male	wiki	human
turbo_tt1860353	tt1860353	Announcer_#1	nm1643099	unknown	none	human
turbo_tt1860353	tt1860353	Indy_CEO	nm0001748	male	wiki	human
turbo_tt1860353	tt1860353	FAST_Network_Trackside_Reporter	nm0238757	male	wiki	human
turbo_tt1860353	tt1860353	Announcer_#2	nm0663177	male	wiki	human
turbo_tt1860353	tt1860353	Bike_Boy	nm4089510	unknown	none	human
turbo_tt1860353	tt1860353	American_Anchor	nm0280164	unknown	none	human
turbo_tt1860353	tt1860353	Skidmark	nm2355635	male	wiki	animal
turbo_tt1860353	tt1860353	Worker_Snail_#5	nm2172737	unknown	none	animal
turbo_tt1860353	tt1860353	Security_Guard_#2	nm5802761	unknown	none	human
turbo_tt1860353	tt1860353	Danny	nm3110239	unknown	none	human
turbo_tt1860353	tt1860353	The_Foreman	nm0233209	male	wiki	animal
turbo_tt1860353	tt1860353	Indy_Network_Executive	nm1659741	male	wiki	human
turbo_tt1860353	tt1860353	Autotune_Kid	nm1659741	male	wiki	human
turbo_tt1860353	tt1860353	Australian_Anchor	nm5638088	male	wiki	human
turbo_tt1860353	tt1860353	Security_Guard_#1	nm1660488	unknown	none	human
turbo_tt1860353	tt1860353	Scottish_Anchor	nm1040029	male	wiki	human
turbo_tt1860353	tt1860353	Gagne's_Crew_Chief	nm1659741	male	wiki	human
turbo_tt1860353	tt1860353	Lookout_Snail	nm2326037	unknown	none	animal
turbo_tt1860353	tt1860353	Female_Tourist	nm2186207	unknown	none	human
turbo_tt1860353	tt1860353	Tomato_Slicer	nm0226206	unknown	none	animal
turbo_tt1860353	tt1860353	Tour_Bus_Driver	nm1844237	male	wiki	human
turbo_tt1860353	tt1860353	Race_Official	nm0004707	male	wiki	human
up_tt1049413	tt1049413	Carl_Fredricksen	nm0000799	male	wiki	human
up_tt1049413	tt1049413	Russell	nm2973712	male	wiki	human
up_tt1049413	tt1049413	Charles_Muntz	nm0001626	male	wiki	human
up_tt1049413	tt1049413	Dug	nm0677037	male	wiki	animal
up_tt1049413	tt1049413	Carl_(Young)	nm3422941	male	fandom	human
up_tt1049413	tt1049413	Carl_(Adult)	nm3422941	male	fandom	human
up_tt1049413	tt1049413	Beta	nm0005148	male	wiki	animal
up_tt1049413	tt1049413	Ellie_(Adult)	nm3423667	female	fandom	human
up_tt1049413	tt1049413	Alpha	nm0677037	male	wiki	animal
up_tt1049413	tt1049413	Kevin	nm0230032	female	fandom	animal
up_tt1049413	tt1049413	Gamma	nm0710019	male	wiki	animal
up_tt1049413	tt1049413	Ellie_(Young)	nm3423667	female	fandom	human
up_tt1049413	tt1049413	Ellie_(Old)	nm3423667	female	fandom	human
up_tt1049413	tt1049413	Construction_Foreman_Tom	nm0001652	male	wiki	human
up_tt1049413	tt1049413	Nurse_George	nm0298412	male	wiki	human
up_tt1049413	tt1049413	Construction_Worker_Steve	nm0542706	male	wiki	human
up_tt1049413	tt1049413	Kevin's_babies		unknown	none	animal
up_tt1049413	tt1049413	Nurse_AJ	nm0363641	male	wiki	human
wallace..gromit_tt0312004	tt0312004	Gromit		male	fandom	animal
wallace..gromit_tt0312004	tt0312004	Wallace	nm0758608	male	wiki	human
wallace..gromit_tt0312004	tt0312004	Lady_Campanula_Tottington	nm0000307	female	wiki	human
wallace..gromit_tt0312004	tt0312004	Victor_Quartermaine	nm0000146	male	wiki	human
wallace..gromit_tt0312004	tt0312004	Reverend_Clement_Hedges	nm0809448	male	wiki	human
wallace..gromit_tt0312004	tt0312004	Rabbits		unknown	none	animal
wallace..gromit_tt0312004	tt0312004	PC_Mackintosh	nm0443153	male	wiki	human
wallace..gromit_tt0312004	tt0312004	Miss_Blight	nm0309693	female	fandom	human
wallace..gromit_tt0312004	tt0312004	Mrs._Girdling	nm1348403	unknown	none	human
wallace..gromit_tt0312004	tt0312004	Mr._Windfall	nm0861027	male	wiki	human
wallace..gromit_tt0312004	tt0312004	Mr._Caliche	nm1081121	male	wiki	human
wallace..gromit_tt0312004	tt0312004	Mrs._Mulch	nm0809131	female	wiki	human
wallace..gromit_tt0312004	tt0312004	Mr._Leaching	nm2038317	male	wiki	human
wallace..gromit_tt0312004	tt0312004	Mr._Mulch	nm0039319	male	wiki	human
wallace..gromit_tt0312004	tt0312004	Mr._Growbag	nm0447040	male	wiki	human
wallace..gromit_tt0312004	tt0312004	Hutch	nm0758608	male	wiki	animal
wallace..gromit_tt0312004	tt0312004	Were-Rabbit	nm0758608	male	wiki	animal
walle_tt0910970	tt0910970	Captain_B._McCrea	nm0307531	male	wiki	human
walle_tt0910970	tt0910970	EVE	nm2264184	female	wiki	other
walle_tt0910970	tt0910970	Wall-E	nm0123785	male	wiki	other
walle_tt0910970	tt0910970	John_(WALL-E)	nm0001652	male	wiki	human
walle_tt0910970	tt0910970	Mary_(WALL-E)	nm0001562	female	wiki	human
walle_tt0910970	tt0910970	AUTO		male	fandom	other
weathering.with_tt9426210	tt9426210	Hodaka_Morishima	nm10321662	male	wiki	human
weathering.with_tt9426210	tt9426210	Hina_Amano	nm10030720	female	wiki	human
weathering.with_tt9426210	tt9426210	Keisuke_Suga	nm1040419	male	wiki	human
weathering.with_tt9426210	tt9426210	Natsumi_Suga	nm4836118	female	wiki	human
weathering.with_tt9426210	tt9426210	Nagi_Amano	nm10498321	male	fandom	human
weathering.with_tt9426210	tt9426210	Takai	nm2569233	male	wiki	human
weathering.with_tt9426210	tt9426210	Fumi_Tachibana	nm0047962	female	wiki	human
weathering.with_tt9426210	tt9426210	Yasui	nm0386217	male	wiki	human
who.framed.roge_tt0096438	tt0096438	Bongo_the_Gorilla	nm0213148	male	wiki	animal
who.framed.roge_tt0096438	tt0096438	Roger_Rabbit	nm0281486	male	wiki	animal
who.framed.roge_tt0096438	tt0096438	Jessica_Rabbit	nm0000678	female	wiki	human
who.framed.roge_tt0096438	tt0096438	Betty_Boop	nm0703362	female	wiki	animal
who.framed.roge_tt0096438	tt0096438	Porky_Pig	nm0000305	male	wiki	animal
who.framed.roge_tt0096438	tt0096438	Baby_Herman	nm0386516	male	wiki	human
who.framed.roge_tt0096438	tt0096438	Bugs_Bunny	nm0000305	male	wiki	animal
who.framed.roge_tt0096438	tt0096438	Daffy_Duck	nm0000305	male	wiki	animal
who.framed.roge_tt0096438	tt0096438	Mickey_Mouse	nm0021656	male	wiki	animal
who.framed.roge_tt0096438	tt0096438	Benny_The_Cab	nm0281486	male	wiki	other
who.framed.roge_tt0096438	tt0096438	Stupid	nm0628091	male	wiki	animal
who.framed.roge_tt0096438	tt0096438	Minnie_Mouse	nm0853122	female	wiki	animal
who.framed.roge_tt0096438	tt0096438	Psycho	nm0281486	male	wiki	animal
who.framed.roge_tt0096438	tt0096438	Smart_Ass	nm0005581	male	wiki	animal
who.framed.roge_tt0096438	tt0096438	Pinocchio	nm0923108	male	wiki	human
who.framed.roge_tt0096438	tt0096438	Lena_Hyena	nm0004931	female	wiki	human
who.framed.roge_tt0096438	tt0096438	Droopy	nm0931530	male	wiki	animal
who.framed.roge_tt0096438	tt0096438	Goofy_Goof	nm0610573	male	wiki	animal
who.framed.roge_tt0096438	tt0096438	Tweety_Bird	nm0000305	male	wiki	animal
who.framed.roge_tt0096438	tt0096438	Birds	nm0853122	female	wiki	animal
who.framed.roge_tt0096438	tt0096438	Donald_Duck	nm0030615	male	wiki	animal
who.framed.roge_tt0096438	tt0096438	Woody_Woodpecker	nm0204348	unknown	none	animal
who.framed.roge_tt0096438	tt0096438	Sylvester_the_Cat	nm0000305	male	wiki	animal
who.framed.roge_tt0096438	tt0096438	Shoe	nm0004813	female	wiki	other
who.framed.roge_tt0096438	tt0096438	Bullet_1	nm0125426	male	wiki	animal
who.framed.roge_tt0096438	tt0096438	Yosemite_Sam	nm0016085	male	wiki	animal
wild.robot_tt29623480	tt29623480	Roz	nm2143282	female	wiki	other
wild.robot_tt29623480	tt29623480	Fink	nm0050959	male	wiki	animal
wild.robot_tt29623480	tt29623480	Brightbill	nm5598573	male	wiki	animal
wild.robot_tt29623480	tt29623480	Opossum		unknown	none	animal
wild.robot_tt29623480	tt29623480	Paddler	nm1546196	male	wiki	animal
wild.robot_tt29623480	tt29623480	RECOs	nm0858378	male	wiki	other
wild.robot_tt29623480	tt29623480	Brightbill_(Baby)	nm16372344	male	fandom	animal
wild.robot_tt29623480	tt29623480	Baby_Bunnies	nm16372345	unknown	none	animal
wild.robot_tt29623480	tt29623480	Longneck	nm0631490	male	wiki	animal
wild.robot_tt29623480	tt29623480	Baby_Opossums	nm13917258	unknown	none	animal
wild.robot_tt29623480	tt29623480	Baby_Lynx	nm15901249	unknown	none	animal
wild.robot_tt29623480	tt29623480	Thorn	nm0000434	male	wiki	animal
wild.robot_tt29623480	tt29623480	Baby_Otter	nm16372346	unknown	none	animal
wild.robot_tt29623480	tt29623480	Snowdown	nm5647301	unknown	none	animal
wild.robot_tt29623480	tt29623480	Raccoons	nm0048389	male	wiki	animal
wild.robot_tt29623480	tt29623480	Badgers	nm0048389	male	wiki	animal
wild.robot_tt29623480	tt29623480	Peck	nm6004682	male	wiki	animal
wild.robot_tt29623480	tt29623480	Weasels	nm1929609	male	wiki	animal
wild.robot_tt29623480	tt29623480	Squirrels	nm0048389	male	wiki	animal
wild.robot_tt29623480	tt29623480	Chipmunk	nm15901249	unknown	none	animal
wish_tt11304740	tt11304740	Asha	nm3663196	female	wiki	human
wish_tt11304740	tt11304740	King_Magnifico	nm1517976	male	wiki	human
wish_tt11304740	tt11304740	Dahlia	nm4454114	female	fandom	human
wish_tt11304740	tt11304740	Valentino	nm0876138	male	wiki	animal
wish_tt11304740	tt11304740	Gabo	nm2957490	male	wiki	human
wish_tt11304740	tt11304740	Queen_Amaya	nm2512132	female	wiki	human
wish_tt11304740	tt11304740	Safi	nm3858973	male	wiki	human
wish_tt11304740	tt11304740	Hal	nm11827577	female	fandom	human
wish_tt11304740	tt11304740	Simon	nm1404239	male	wiki	human
wish_tt11304740	tt11304740	Sabino	nm0001255	male	wiki	human
wish_tt11304740	tt11304740	Dario	nm4339544	male	wiki	human
wish_tt11304740	tt11304740	Bazeema	nm5415922	female	wiki	human
wish_tt11304740	tt11304740	Sakina	nm5625020	female	wiki	human
wish_tt11304740	tt11304740	Flying_Woman	nm0000525	female	wiki	human
wish_tt11304740	tt11304740	Star		unknown	none	other
wish_tt11304740	tt11304740	Mountain_Climber's_Wife	nm3066573	unknown	none	human
wish_tt11304740	tt11304740	Mountain_Climber	nm0949775	male	wiki	human
wish_tt11304740	tt11304740	Sania	nm1840659	female	wiki	human
wish_tt11304740	tt11304740	Tall_Man_Tourist	nm0949775	male	wiki	human
wish_tt11304740	tt11304740	Fan_Tourist	nm3721359	female	wiki	human
wish_tt11304740	tt11304740	Stag	nm6105016	male	wiki	animal
wish_tt11304740	tt11304740	Bunny	nm11701368	unknown	none	animal
wish_tt11304740	tt11304740	Mouse	nm12849433	unknown	none	animal
wish_tt11304740	tt11304740	Tourist_Boy	nm10147124	unknown	none	human
wish_tt11304740	tt11304740	Chicken		unknown	none	animal
wish_tt11304740	tt11304740	Balloon		unknown	none	other
wish_tt11304740	tt11304740	Baby_Mushroom	nm11701368	unknown	none	other
wish_tt11304740	tt11304740	Horse		unknown	none	animal
wreckit.ralph_tt1772341	tt1772341	Wreck-It_Ralph_	nm0000604	male	wiki	human
wreckit.ralph_tt1772341	tt1772341	Vanellope_von_Schweetz	nm0798971	female	wiki	human
wreckit.ralph_tt1772341	tt1772341	Fix-It_Felix,_Jr.	nm1442113	male	wiki	human
wreckit.ralph_tt1772341	tt1772341	King_Candy	nm0876138	male	wiki	human
wreckit.ralph_tt1772341	tt1772341	Sergeant_Calhoun	nm0528331	female	wiki	human
wreckit.ralph_tt1772341	tt1772341	Gene	nm0675442	male	wiki	human
wreckit.ralph_tt1772341	tt1772341	Sour_Bill	nm0601781	male	wiki	other
wreckit.ralph_tt1772341	tt1772341	Taffyta_Muttonfudge	nm1411676	female	wiki	human
wreckit.ralph_tt1772341	tt1772341	Duncan	nm0764445	male	wiki	other
wreckit.ralph_tt1772341	tt1772341	Rancis_Fluggerbutter	nm0255373	male	wiki	human
wreckit.ralph_tt1772341	tt1772341	Mary	nm0566052	female	wiki	human
wreckit.ralph_tt1772341	tt1772341	Candlehead	nm1705090	female	wiki	human
wreckit.ralph_tt1772341	tt1772341	Jubileena_Bing-Bing		female	fandom	human
wreckit.ralph_tt1772341	tt1772341	Markowski	nm0516266	male	wiki	human
wreckit.ralph_tt1772341	tt1772341	Don	nm0363641	male	wiki	human
wreckit.ralph_tt1772341	tt1772341	Lucy		unknown	none	human
wreckit.ralph_tt1772341	tt1772341	Roy	nm2799457	male	wiki	human
wreckit.ralph_tt1772341	tt1772341	Gloyd_Orangeboar		male	fandom	human
wreckit.ralph_tt1772341	tt1772341	Nougetsia_Brumblestain		female	fandom	human
wreckit.ralph_tt1772341	tt1772341	Snowanna_Rainbeau		female	fandom	human
wreckit.ralph_tt1772341	tt1772341	Crumbelina_DiCaramello		female	fandom	human
wreckit.ralph_tt1772341	tt1772341	Deanna	nm0006713	female	wiki	human
wreckit.ralph_tt1772341	tt1772341	Nel		unknown	none	human
wreckit.ralph_tt1772341	tt1772341	Zombie	nm0675442	male	wiki	human
wreckit.ralph_tt1772341	tt1772341	Dr._Eggman		male	fandom	human
wreckit.ralph_tt1772341	tt1772341	Zangief	nm0601781	male	wiki	human
wreckit.ralph_tt1772341	tt1772341	Moppet_Girl	nm2640887	female	wiki	human
wreckit.ralph_tt1772341	tt1772341	Swizzle_"The_Swizz"_Malarkey		male	fandom	human
wreckit.ralph_tt1772341	tt1772341	M._Bison	nm1196184	male	fandom	human
wreckit.ralph_tt1772341	tt1772341	Minty_Zaki		female	fandom	human
wreckit.ralph_tt1772341	tt1772341	Saitine	nm0419089	male	wiki	other
wreckit.ralph_tt1772341	tt1772341	Minty_Sakura		female	fandom	human
wreckit.ralph_tt1772341	tt1772341	Norwood		unknown	none	human
wreckit.ralph_tt1772341	tt1772341	General_Hologram	nm0371660	male	wiki	human
wreckit.ralph_tt1772341	tt1772341	Tapper	nm0005606	male	wiki	human
wreckit.ralph_tt1772341	tt1772341	Cyborg	nm1293044	male	wiki	human
wreckit.ralph_tt1772341	tt1772341	Mr._Litwak	nm0642145	male	wiki	human
wreckit.ralph_tt1772341	tt1772341	Neff		male	fandom	animal
wreckit.ralph_tt1772341	tt1772341	Meg		female	fandom	human
wreckit.ralph_tt1772341	tt1772341	Clyde	nm2119461	male	wiki	other
wreckit.ralph_tt1772341	tt1772341	Surge_Protector	nm1601882	male	wiki	human
wreckit.ralph_tt1772341	tt1772341	Dr._Brad_Scott	nm0581580	male	wiki	human
wreckit.ralph_tt1772341	tt1772341	Q*bert		male	fandom	other
wreckit.ralph_tt1772341	tt1772341	Citrusella_Flugpucker		female	fandom	human
wreckit.ralph_tt1772341	tt1772341	Turbo		male	fandom	human
wreckit.ralph_tt1772341	tt1772341	Sticky_Wipplesnit		female	fandom	human
wreckit.ralph_tt1772341	tt1772341	Kohut	nm1792900	male	wiki	human
wreckit.ralph_tt1772341	tt1772341	Torvald_Batterbutter		female	fandom	human
wreckit.ralph_tt1772341	tt1772341	Sorceress		female	fandom	human
wreckit.ralph_tt1772341	tt1772341	Beard_Papa	nm0224007	male	wiki	human
wreckit.ralph_tt1772341	tt1772341	Coily		male	fandom	animal
wreckit.ralph_tt1772341	tt1772341	Jaxson_de_Box		unknown	none	human
wreckit.ralph_tt1772341	tt1772341	Sonic_the_Hedgehog	nm1886746	male	wiki	other
zootopia_tt2948356	tt2948356	Nick_Wilde	nm0000867	male	wiki	animal
zootopia_tt2948356	tt2948356	Judy_Hopps	nm0329481	female	wiki	animal
zootopia_tt2948356	tt2948356	Judy_Hopps_(Young)	nm5415922	female	wiki	animal
zootopia_tt2948356	tt2948356	Bonnie_Hopps	nm0001372	female	wiki	animal
zootopia_tt2948356	tt2948356	Chief_Bogo	nm0252961	male	wiki	animal
zootopia_tt2948356	tt2948356	Stu_Hopps	nm0482141	male	wiki	animal
zootopia_tt2948356	tt2948356	Dawn_Bellwether	nm2809577	female	wiki	animal
zootopia_tt2948356	tt2948356	Officer_Benjamin_Clawhauser	nm1535594	male	wiki	animal
zootopia_tt2948356	tt2948356	Judy_Hopps'_Sister		unknown	none	animal
zootopia_tt2948356	tt2948356	Flash_Slothmore	nm0675442	male	wiki	animal
zootopia_tt2948356	tt2948356	Travis	nm0397174	male	wiki	animal
zootopia_tt2948356	tt2948356	Mayor_Leodore_Lionheart	nm0799777	male	wiki	animal
zootopia_tt2948356	tt2948356	Sharla	nm7229273	female	wiki	animal
zootopia_tt2948356	tt2948356	Mrs._Otterton	nm0818055	female	wiki	animal
zootopia_tt2948356	tt2948356	Finnick	nm0001474	male	wiki	animal
zootopia_tt2948356	tt2948356	Duke_Weaselton	nm0876138	male	wiki	animal
zootopia_tt2948356	tt2948356	Officer_McHorn	nm1183986	male	wiki	animal
zootopia_tt2948356	tt2948356	Gideon_Grey_(Young)	nm1601882	male	wiki	animal
zootopia_tt2948356	tt2948356	Jaguar_Pretend_Actuary	nm7970170	male	wiki	animal
zootopia_tt2948356	tt2948356	Larry	nm0601781	male	wiki	animal
zootopia_tt2948356	tt2948356	Koslov		male	fandom	animal
zootopia_tt2948356	tt2948356	Gideon_Grey	nm1601882	male	wiki	animal
zootopia_tt2948356	tt2948356	Priscilla	nm0068338	female	wiki	animal
zootopia_tt2948356	tt2948356	Nick_Wilde_(Young)	nm0815718	male	fandom	animal
zootopia_tt2948356	tt2948356	Nangi	nm1012020	female	wiki	animal
zootopia_tt2948356	tt2948356	Gareth	nm7229273	female	wiki	animal
zootopia_tt2948356	tt2948356	Pig_Reporter	nm0224007	male	wiki	animal
zootopia_tt2948356	tt2948356	Hippo_Whose_Mom_Given_Parking_Ticket	nm7229273	female	wiki	animal
zootopia_tt2948356	tt2948356	Fru_Fru	nm3639266	female	wiki	animal
zootopia_tt2948356	tt2948356	Gary	nm7961479	male	wiki	animal
zootopia_tt2948356	tt2948356	Gazelle	nm0787680	female	wiki	animal
zootopia_tt2948356	tt2948356	Beaver_Reporter		unknown	none	animal
zootopia_tt2948356	tt2948356	Peace_Rally_Protester		unknown	none	animal
zootopia_tt2948356	tt2948356	Fabienne_Growley	nm0712587	female	wiki	animal
zootopia_tt2948356	tt2948356	Oryx_Reporter		unknown	none	animal
zootopia_tt2948356	tt2948356	Jesse	nm0224007	male	wiki	animal
zootopia_tt2948356	tt2948356	Yax	nm0001045	male	wiki	animal
zootopia_tt2948356	tt2948356	Mr._Manchas	nm0181425	male	wiki	animal
zootopia_tt2948356	tt2948356	Peter_Moosebridge	nm0543730	male	wiki	animal
zootopia_tt2948356	tt2948356	Moose_Given_Parking_Ticket	nm0224007	male	wiki	animal
zootopia_tt2948356	tt2948356	Mouse_Given_Parking_Ticket	nm1820079	female	wiki	animal
zootopia_tt2948356	tt2948356	Dr._Madge_Honey_Badger	nm1705090	female	wiki	animal
zootopia_tt2948356	tt2948356	Woolter	nm0224007	male	wiki	animal
zootopia_tt2948356	tt2948356	Drill_Sergeant	nm0299275	female	wiki	animal
zootopia_tt2948356	tt2948356	Peace_Rally_Picketer		unknown	none	animal
zootopia_tt2948356	tt2948356	Mrs._Dharma_Armadillo	nm2888684	female	wiki	animal
zootopia_tt2948356	tt2948356	Frantic_Pig	nm2796047	male	wiki	animal
zootopia_tt2948356	tt2948356	Sheep_Officer		unknown	none	animal
zootopia.2_tt26443597	tt26443597	Judy_Hopps	nm0329481	female	wiki	animal
zootopia.2_tt26443597	tt26443597	Nick_Wilde	nm0000867	male	wiki	animal
zootopia.2_tt26443597	tt26443597	Nibbles_Maplestick	nm3833084	female	wiki	animal
zootopia.2_tt26443597	tt26443597	Gary_De'Snake	nm0702841	male	wiki	animal
zootopia.2_tt26443597	tt26443597	Pawbert_Lynxley	nm1676221	male	wiki	animal
zootopia.2_tt26443597	tt26443597	Milton_Lynxley	nm0000657	male	wiki	animal
zootopia.2_tt26443597	tt26443597	Chief_Bogo	nm0252961	male	wiki	animal
zootopia.2_tt26443597	tt26443597	Mayor_Winddancer	nm0911320	male	wiki	animal
zootopia.2_tt26443597	tt26443597	Cattrick_Lynxley	nm0000346	male	wiki	animal
zootopia.2_tt26443597	tt26443597	Captain_Hoggbottom	nm0327056	female	wiki	animal
zootopia.2_tt26443597	tt26443597	Kitty_Lynxley	nm0814259	female	wiki	animal
zootopia.2_tt26443597	tt26443597	Mr._Big	nm0005606	male	wiki	animal
zootopia.2_tt26443597	tt26443597	Officer_Benjamin_Clawhauser	nm1535594	male	wiki	animal
zootopia.2_tt26443597	tt26443597	Higgins	nm0005519	male	wiki	animal
zootopia.2_tt26443597	tt26443597	George_Purrrnacleo	nm0672037	unknown	none	animal
zootopia.2_tt26443597	tt26443597	Gazelle	nm0787680	female	wiki	animal
zootopia.2_tt26443597	tt26443597	Jesus	nm0001803	male	wiki	animal
zootopia.2_tt26443597	tt26443597	Fru_Fru	nm3639266	female	wiki	animal
zootopia.2_tt26443597	tt26443597	Little_Judith	nm5198446	female	wiki	animal
zootopia.2_tt26443597	tt26443597	Bartender_Slick_Di'Giguani	nm6305751	male	wiki	animal
zootopia.2_tt26443597	tt26443597	Dawn_Bellwether	nm2809577	female	wiki	animal
zootopia.2_tt26443597	tt26443597	Dr._Fuzzby	nm6708435	female	wiki	animal
zootopia.2_tt26443597	tt26443597	Koslov		male	fandom	animal
zootopia.2_tt26443597	tt26443597	Antony_Snootley	nm0000491	male	wiki	animal
zootopia.2_tt26443597	tt26443597	Truffler	nm0266713	male	wiki	animal
zootopia.2_tt26443597	tt26443597	Flash_Slothmore	nm0675442	male	wiki	animal
zootopia.2_tt26443597	tt26443597	Joel	nm0397174	male	wiki	animal
zootopia.2_tt26443597	tt26443597	Zebro_Zebraxton	nm5195221	male	wiki	animal
zootopia.2_tt26443597	tt26443597	Robert_Furwin	nm2377394	male	wiki	animal
zootopia.2_tt26443597	tt26443597	Anti-Venom_Pen	nm7635388	female	wiki	animal
zootopia.2_tt26443597	tt26443597	Zebro_Zebrowski	nm1516006	male	wiki	animal
zootopia.2_tt26443597	tt26443597	Denny_Howlett	nm0530249	male	wiki	animal
zootopia.2_tt26443597	tt26443597	Ed_Shearin	nm3247828	male	wiki	animal
zootopia.2_tt26443597	tt26443597	French_Chef	nm0876138	male	wiki	animal
zootopia.2_tt26443597	tt26443597	Squeal_of_Fortune_Mouse	nm0741242	female	wiki	animal
zootopia.2_tt26443597	tt26443597	Berthold_Hufschmerz	nm0397174	male	wiki	animal
zootopia.2_tt26443597	tt26443597	Paul_Moledebrandt	nm1265802	male	wiki	animal
zootopia.2_tt26443597	tt26443597	Jurgen_Ziegenkase	nm1158544	male	wiki	animal
fantastic.mr..f_tt0432283	tt0432283	Mr._Fox	nm0000123	male	wiki	animal
kubo.and.the.tw_tt4302938	tt4302938	Moon King	nm0000146	male	wiki	human
isle.of.dogs_tt5104604	tt5104604	Duke	nm0000156	male	wiki	animal
isle.of.dogs_tt5104604	tt5104604	Gondo	nm0000172	male	wiki	animal
kubo.and.the.tw_tt4302938	tt4302938	Beetle	nm0000190	male	wiki	animal
guillermo.del.t_tt1488589	tt1488589	Sebastian_J._Cricket	nm0000191	male	wiki	other
fantastic.mr..f_tt0432283	tt0432283	Clive_Badger	nm0000195	male	wiki	animal
isle.of.dogs_tt5104604	tt5104604	Boss	nm0000195	male	wiki	animal
frankenweenie_tt1142977	tt1142977	Elsa_Van_Helsing	nm0000213	female	wiki	human
kubo.and.the.tw_tt4302938	tt4302938	Monkey	nm0000234	female	wiki	animal
soul_tt2948372	tt2948372	Dorothea_Williams	nm0000291	female	wiki	human
persepolis_tt0808417	tt0808417	Taji_Satrapi_(Marji's_Mother)	nm0000366	female	wiki	human
paranorman_tt1623288	tt1623288	Mr. Prenderghast	nm0000422	male	wiki	human
anomalisa_tt2401878	tt2401878	Lisa_Hesselman_-_W	nm0000492	female	wiki	human
isle.of.dogs_tt5104604	tt5104604	Interpreter_Nelson	nm0000531	female	wiki	human
guillermo.del.t_tt1488589	tt1488589	Podesta	nm0000579	male	wiki	human
isle.of.dogs_tt5104604	tt5104604	Spots	nm0000630	male	wiki	animal
fantastic.mr..f_tt0432283	tt0432283	Mrs._Fox	nm0000658	female	wiki	animal
anomalisa_tt2401878	tt2401878	Michael_Stone_-_M	nm0000667	male	wiki	human
isle.of.dogs_tt5104604	tt5104604	Jupiter	nm0000719	male	wiki	animal
paranorman_tt1623288	tt1623288	Mitch	nm0000729	male	wiki	human
isle.of.dogs_tt5104604	tt5104604	King	nm0000837	male	wiki	animal
guillermo.del.t_tt1488589	tt1488589	Spazzatura	nm0000949	female	wiki	other
arthur.christma_tt1430607	tt1430607	Santa	nm0000980	male	wiki	human
frankenweenie_tt1142977	tt1142977	Mr._Rzykruski	nm0001445	male	wiki	human
isle.of.dogs_tt5104604	tt5104604	Rex	nm0001570	male	wiki	animal
frankenweenie_tt1142977	tt1142977	Gym_Teacher	nm0001573	female	wiki	human
frankenweenie_tt1142977	tt1142977	Susan_Frankenstein	nm0001573	female	wiki	human
frankenweenie_tt1142977	tt1142977	Weird_Girl	nm0001573	female	wiki	human
arthur.christma_tt1430607	tt1430607	Ernie Clicker	nm0001589	male	wiki	human
frankenweenie_tt1142977	tt1142977	Ben_Frankenstein	nm0001737	male	wiki	human
frankenweenie_tt1142977	tt1142977	Mr._Bergermeister	nm0001737	male	wiki	human
frankenweenie_tt1142977	tt1142977	Nassor	nm0001737	male	wiki	human
arthur.christma_tt1430607	tt1430607	Mrs. Santa	nm0001767	female	wiki	human
isle.of.dogs_tt5104604	tt5104604	Scrap	nm0001770	male	wiki	animal
jimmy.neutron.b_tt0268397	tt0268397	King Goobot	nm0001772	male	wiki	other
kubo.and.the.tw_tt4302938	tt4302938	Hosato	nm0001786	male	wiki	human
guillermo.del.t_tt1488589	tt1488589	Dottore	nm0001806	male	wiki	human
fantastic.mr..f_tt0432283	tt0432283	Frank_Bean	nm0002091	male	wiki	human
fantastic.mr..f_tt0432283	tt0432283	Action_12's_Reporter	nm0004051	male	wiki	human
fantastic.mr..f_tt0432283	tt0432283	Explosives_Man	nm0004336	male	wiki	human
fantastic.mr..f_tt0432283	tt0432283	Field_Mouse	nm0004778	male	wiki	animal
frankenweenie_tt1142977	tt1142977	Bob's_Mother	nm0004916	female	wiki	human
soul_tt2948372	tt2948372	Joe_Gardner	nm0004937	male	wiki	human
soul_tt2948372	tt2948372	Joe_Gardner's_soul	nm0004937	male	wiki	other
paranorman_tt1623288	tt1623288	Sandra Babcock	nm0005182	female	wiki	human
fantastic.mr..f_tt0432283	tt0432283	Ash_Fox	nm0005403	male	wiki	animal
fantastic.mr..f_tt0432283	tt0432283	Coach_Skip	nm0005562	male	wiki	animal
fantastic.mr..f_tt0432283	tt0432283	Mrs._Rabbit	nm0007831	female	wiki	animal
persepolis_tt0808417	tt0808417	Ebi_Satrapi_(Marji's_Father)	nm0008787	male	wiki	human
fantastic.mr..f_tt0432283	tt0432283	Stan_Weasel	nm0027572	male	wiki	animal
paranorman_tt1623288	tt1623288	Crystal	nm0033977	female	wiki	human
frankenweenie_tt1142977	tt1142977	Mr._Whiskers	nm0048389	male	wiki	animal
frankenweenie_tt1142977	tt1142977	Persephone	nm0048389	male	wiki	animal
frankenweenie_tt1142977	tt1142977	Shelley	nm0048389	male	wiki	other
adventures.of.t_tt0983193	tt0983193	Tintin	nm0068260	male	wiki	human
paranorman_tt1623288	tt1623288	Sheriff Hooper	nm0088144	female	wiki	human
paranorman_tt1623288	tt1623288	Slob Guy	nm0088269	male	wiki	human
paranorman_tt1623288	tt1623288	Mrs. Henscher	nm0097504	female	wiki	human
guillermo.del.t_tt1488589	tt1488589	Geppetto	nm0103195	male	wiki	human
soul_tt2948372	tt2948372	Jerry	nm0103797;nm1547964;nm0836071;nm3833084;nm2801210	female	fandom	other
paranorman_tt1623288	tt1623288	Movie Lady	nm0112866	unknown	none	human
jimmy.neutron.b_tt0268397	tt0268397	Judy Neutron	nm0146903	female	wiki	human
turning.red_tt8097030	tt8097030	Chen	nm0157937	female	wiki	human
melody.time_tt0040580	tt0040580	Aracuan_Bird	nm0173416	male	wiki	animal
saludos.amigos_tt0036326	tt0036326	Goofy Goof	nm0173416	male	wiki	animal
three.caballero_tt0038166	tt0038166	Aracuan_Bird	nm0173416	male	wiki	animal
isle.of.dogs_tt5104604	tt5104604	Igor	nm0178910	male	wiki	animal
paranorman_tt1623288	tt1623288	Movie Zombie	nm0179182	male	wiki	human
adventures.of.t_tt0983193	tt0983193	Ivan_Sakharine	nm0185819	male	wiki	human
isle.of.dogs_tt5104604	tt5104604	Chief	nm0186505	male	wiki	animal
adventures.of.t_tt0983193	tt0983193	Tom	nm0188871	male	wiki	human
jimmy.neutron.b_tt0268397	tt0268397	General	nm0191906	male	wiki	human
jimmy.neutron.b_tt0268397	tt0268397	Ultra Lord	nm0191906	male	wiki	human
jimmy.neutron.b_tt0268397	tt0268397	Benny	nm0204884	male	wiki	human
melody.time_tt0040580	tt0040580	Johnny_Appleseed	nm0206376	male	wiki	human
jimmy.neutron.b_tt0268397	tt0268397	Arena Guard	nm0213648	male	wiki	other
jimmy.neutron.b_tt0268397	tt0268397	Hugh Neutron	nm0213648	male	wiki	human
jimmy.neutron.b_tt0268397	tt0268397	Jimmy Neutron	nm0220635	male	fandom	human
shaun.the.sheep_tt2872750	tt2872750	Trumper	nm0229084	male	wiki	human
fantastic.mr..f_tt0432283	tt0432283	Linda_Otter	nm0240565	female	wiki	animal
arthur.christma_tt1430607	tt1430607	Reporters	nm0245699	male	wiki	human
adventures.of.t_tt0983193	tt0983193	Omar_Ben_Salaad	nm0255362	male	wiki	human
melody.time_tt0040580	tt0040580	Johnny_Appleseed's_Angel	nm0268428	male	wiki	human
paranorman_tt1623288	tt1623288	Aggie	nm0272706	female	wiki	human
soul_tt2948372	tt2948372	22	nm0275486	female	wiki	other
waltz.with.bash_tt1185616	tt1185616	Ari_Folman	nm0284369	male	wiki	human
adventures.of.t_tt0983193	tt0983193	Mrs._Finch	nm0287142	unknown	none	human
adventures.of.t_tt0983193	tt0983193	Thomson	nm0296545	male	wiki	human
three.caballero_tt0038166	tt0038166	Panchito_Pistoles	nm0304881	male	wiki	animal
jimmy.neutron.b_tt0268397	tt0268397	Sheen Estevez	nm0305261	male	wiki	human
paranorman_tt1623288	tt1623288	Perry Babcock	nm0307531	male	wiki	human
soul_tt2948372	tt2948372	Melba	nm0355863	unknown	none	human
arthur.christma_tt1430607	tt1430607	Idaho Man	nm0356025	male	wiki	human
shaun.the.sheep_tt2872750	tt2872750	Slip	nm0359486	female	fandom	animal
paranorman_tt1623288	tt1623288	The Judge	nm0384060	male	wiki	human
turning.red_tt8097030	tt8097030	Grandma_Wu	nm0387395	female	wiki	human
paranorman_tt1623288	tt1623288	Gucci Lady	nm0389127	unknown	none	human
turning.red_tt8097030	tt8097030	Mr._Gao	nm0393222	male	wiki	human
soul_tt2948372	tt2948372	Doctor_	nm0415529	female	wiki	
arthur.christma_tt1430607	tt1430607	Bryony	nm0421332	female	wiki	human
isle.of.dogs_tt5104604	tt5104604	Nutmeg	nm0424060	female	wiki	animal
adventures.of.t_tt0983193	tt0983193	Aristides_Silk	nm0429363	male	wiki	human
spirited.away_tt0245429	tt0245429	Chichiyaku	nm0436639	male	wiki	human
guillermo.del.t_tt1488589	tt1488589	Mussolini	nm0444786	male	wiki	human
guillermo.del.t_tt1488589	tt1488589	Right_Hand_Man	nm0444786	male	wiki	human
guillermo.del.t_tt1488589	tt1488589	Sea_Captain	nm0444786	male	wiki	human
paranorman_tt1623288	tt1623288	Courtney Babcock	nm0447695	female	wiki	human
arthur.christma_tt1430607	tt1430607	Steve	nm0491402	male	wiki	human
jimmy.neutron.b_tt0268397	tt0268397	Cindy Vortex	nm0492657	female	wiki	human
waltz.with.bash_tt1185616	tt1185616	Carmi_Cna'an	nm0493787	male	wiki	human
arthur.christma_tt1430607	tt1430607	Chief De Silva	nm0519456	female	wiki	human
jimmy.neutron.b_tt0268397	tt0268397	Miss Fowl	nm0551908	female	wiki	human
persepolis_tt0808417	tt0808417	Marjane_("Marji")_Satrapi	nm0557859	female	wiki	human
isle.of.dogs_tt5104604	tt5104604	Bartender	nm0559430	male	wiki	human
isle.of.dogs_tt5104604	tt5104604	Junior_Scientist_#4	nm0559430	male	wiki	human
arthur.christma_tt1430607	tt1430607	Arthur	nm0564215	male	wiki	human
fantastic.mr..f_tt0432283	tt0432283	Mrs._Bean	nm0567031	female	wiki	human
paranorman_tt1623288	tt1623288	Deputy Dwayne	nm0579914	male	wiki	human
paranorman_tt1623288	tt1623288	Rapper Guy	nm0579914	male	wiki	human
jimmy.neutron.b_tt0268397	tt0268397	Brittany	nm0590430	female	wiki	human
jimmy.neutron.b_tt0268397	tt0268397	Nick Dean	nm0590430	male	fandom	human
three.caballero_tt0038166	tt0038166	Yaya	nm0592058	female	wiki	human
saludos.amigos_tt0036326	tt0036326	Donald Duck	nm0621699	male	wiki	animal
three.caballero_tt0038166	tt0038166	Donald_Duck	nm0621699	male	wiki	animal
isle.of.dogs_tt5104604	tt5104604	Auntie	nm0622412	female	wiki	human
guillermo.del.t_tt1488589	tt1488589	Black_Rabbits	nm0625789	male	wiki	animal
arthur.christma_tt1430607	tt1430607	Grand-Santa	nm0631490	male	wiki	human
soul_tt2948372	tt2948372	Moonwind	nm0636218	male	wiki	human
turning.red_tt8097030	tt8097030	Ming_Lee	nm0644897	female	wiki	human
saludos.amigos_tt0036326	tt0036326	Jose Carioca	nm0647057	male	wiki	animal
three.caballero_tt0038166	tt0038166	José_Carioca	nm0647057	male	wiki	animal
spirited.away_tt0245429	tt0245429	Aniyaku	nm0648777	male	wiki	human
isle.of.dogs_tt5104604	tt5104604	Assistant_Scientist_Yoko_Ono	nm0648780	female	wiki	human
jimmy.neutron.b_tt0268397	tt0268397	Carl Wheezer	nm0667326	male	wiki	human
jimmy.neutron.b_tt0268397	tt0268397	Carl's Dad	nm0667326	male	wiki	human
adventures.of.t_tt0983193	tt0983193	Thompson	nm0670408	male	wiki	human
soul_tt2948372	tt2948372	Libba_Gardner	nm0711118	female	wiki	human
soul_tt2948372	tt2948372	Dez	nm0712603	male	wiki	human
adventures.of.t_tt0983193	tt0983193	Mr._Crabtree	nm0718572	male	wiki	human
adventures.of.t_tt0983193	tt0983193	Nestor	nm0718572	male	wiki	human
breadwinner_tt3901826	tt3901826	Fattema	nm0755499	female	wiki	human
jimmy.neutron.b_tt0268397	tt0268397	Libby Folfax	nm0768784	female	wiki	human
adventures.of.t_tt0983193	tt0983193	Captain_Haddock	nm0785227	male	wiki	human
waltz.with.bash_tt1185616	tt1185616	Ori_Sivan	nm0803348	male	wiki	human
shaun.the.sheep_tt2872750	tt2872750	Bitzer	nm0816950	male	wiki	animal
shaun.the.sheep_tt2872750	tt2872750	The_Farmer	nm0816950	male	wiki	human
paranorman_tt1623288	tt1623288	Grandma	nm0834626	female	wiki	human
spirited.away_tt0245429	tt0245429	Kamaji	nm0837420	male	wiki	human
guillermo.del.t_tt1488589	tt1488589	Death	nm0842770	female	wiki	human
guillermo.del.t_tt1488589	tt1488589	Wood_Sprite	nm0842770	female	wiki	human
isle.of.dogs_tt5104604	tt5104604	Oracle	nm0842770	female	wiki	animal
kubo.and.the.tw_tt4302938	tt4302938	Hashi	nm0846480	male	wiki	human
isle.of.dogs_tt5104604	tt5104604	Major_Domo	nm0847425	male	wiki	human
kubo.and.the.tw_tt4302938	tt4302938	Kameyo	nm0882853	female	wiki	human
my.life.as.a.zu_tt2321405	tt2321405	Raymond	nm0904273;nm0644406	unknown	none	human
guillermo.del.t_tt1488589	tt1488589	Count_Volpe	nm0910607	male	wiki	human
isle.of.dogs_tt5104604	tt5104604	Head_Surgeon	nm0913822	male	wiki	human
frankenweenie_tt1142977	tt1142977	Sparky_(pre-accident)	nm0919798	male	wiki	animal
frankenweenie_tt1142977	tt1142977	Sparky_(revived)	nm0919798	male	wiki	human
jimmy.neutron.b_tt0268397	tt0268397	Anchor Boy	nm0921942	male	wiki	human
fantastic.mr..f_tt0432283	tt0432283	Kylie_Opossum	nm0938645	male	wiki	animal
adventures.of.t_tt0983193	tt0983193	Allan	nm0990547	male	wiki	human
fantastic.mr..f_tt0432283	tt0432283	Petey	nm1006741	male	wiki	human
shaun.the.sheep_tt2872750	tt2872750	Shaun	nm1017994	male	wiki	animal
persepolis_tt0808417	tt0808417	Reza	nm1072487	male	wikipedia	human
turning.red_tt8097030	tt8097030	Priya_Mangal	nm10826558	female	wiki	human
triplets.of.bel_tt0286244	tt0286244	Triplet_2_old	nm1148819	unknown	none	human
triplets.of.bel_tt0286244	tt0286244	Triplet_2_young	nm1148819	unknown	none	human
soul_tt2948372	tt2948372	Lulu	nm1159336	unknown	none	human
soul_tt2948372	tt2948372	Connie	nm11973242	female	fandom	human
guillermo.del.t_tt1488589	tt1488589	Priest	nm1218607	male	wiki	human
turning.red_tt8097030	tt8097030	Tyler_Nguyen-Baker	nm12315349	male	wiki	human
isle.of.dogs_tt5104604	tt5104604	Junior_Scientist_#1	nm1303233	male	wiki	human
soul_tt2948372	tt2948372	Terry	nm1344302	female	wiki	other
triplets.of.bel_tt0286244	tt0286244	Madame_Souza	nm1356853	female	fandom	human
triplets.of.bel_tt0286244	tt0286244	Triplet_3_old	nm1379544	unknown	none	human
triplets.of.bel_tt0286244	tt0286244	Triplet_3_young	nm1379544	unknown	none	human
isle.of.dogs_tt5104604	tt5104604	Mayor_Kobayashi	nm1440081	male	wiki	human
jimmy.neutron.b_tt0268397	tt0268397	Reporter	nm1456471	female	wiki	human
my.life.as.a.zu_tt2321405	tt2321405	Tante_Ida	nm1468991	unknown	none	human
shaun.the.sheep_tt2872750	tt2872750	Hazel	nm1469295	female	wiki	animal
loving.vincent_tt3262342	tt3262342	Joseph_Roulin	nm1483369	male	wiki	human
loving.vincent_tt3262342	tt3262342	Marguerite	nm1519680	female	wiki	human
triplets.of.bel_tt0286244	tt0286244	Triplet_1_old	nm1569293	unknown	none	human
triplets.of.bel_tt0286244	tt0286244	Triplet_1_young	nm1569293	unknown	none	human
waltz.with.bash_tt1185616	tt1185616	Boaz_Rein-Buskila	nm1573064	male	wiki	human
little.amlie.or_tt29313285	tt29313285	Amelie	nm15994611	female	wikipedia	human
fantastic.mr..f_tt0432283	tt0432283	Mr._Rabbit	nm1602671	male	wiki	animal
frankenweenie_tt1142977	tt1142977	Toshiaki	nm1620756	male	wiki	human
turning.red_tt8097030	tt8097030	Lily	nm1682509	unknown	none	human
arthur.christma_tt1430607	tt1430607	Peter	nm1742630	male	wiki	human
loving.vincent_tt3262342	tt3262342	Adeline_Ravoux	nm1870434	female	wiki	human
kubo.and.the.tw_tt4302938	tt4302938	Sisters	nm1913734	female	wiki	human
isle.of.dogs_tt5104604	tt5104604	Tracy_Walker	nm1950086	female	wiki	human
loving.vincent_tt3262342	tt3262342	Theo	nm2021835	male	wiki	human
isle.of.dogs_tt5104604	tt5104604	Junior_Scientist_#3	nm2097378	male	wiki	human
breadwinner_tt3901826	tt3901826	Razaq	nm2238561	male	wiki	human
paranorman_tt1623288	tt1623288	Norman Babcock	nm2240346	male	wiki	human
frankenweenie_tt1142977	tt1142977	Victor_Frankenstein	nm2253071	male	wiki	human
fantastic.mr..f_tt0432283	tt0432283	Mr._Beaver	nm2262509	male	wiki	animal
adventures.of.t_tt0983193	tt0983193	Barnaby	nm2338652	male	fandom	human
paranorman_tt1623288	tt1623288	Alvin	nm2395586	male	wiki	human
breadwinner_tt3901826	tt3901826	Nurullah	nm2428447	male	wiki	human
fantastic.mr..f_tt0432283	tt0432283	Nathan_Bunce	nm2450453	male	wiki	human
frankenweenie_tt1142977	tt1142977	Edgar_'E'_Gore	nm2557831	male	wiki	human
loving.vincent_tt3262342	tt3262342	Boatman	nm2636108	male	wiki	human
arthur.christma_tt1430607	tt1430607	Gwen	nm2753625	female	wiki	human
arthur.christma_tt1430607	tt1430607	French Boy	nm2865271	unknown	none	human
waltz.with.bash_tt1185616	tt1185616	Ronny_Dayag	nm2923235	unknown	none	human
waltz.with.bash_tt1185616	tt1185616	Shumel_Frenkal	nm2923647	unknown	none	human
waltz.with.bash_tt1185616	tt1185616	Ron_Ben-Yishai	nm2924645	male	wiki	human
waltz.with.bash_tt1185616	tt1185616	Dror_Harazi	nm2925720	male	wiki	human
frankenweenie_tt1142977	tt1142977	Bob	nm2953573	male	wiki	human
waltz.with.bash_tt1185616	tt1185616	Zahava_Soloman	nm3066885	female	wiki	human
little.amlie.or_tt29313285	tt29313285	Nishio-san	nm3149563	female	wiki	human
loving.vincent_tt3262342	tt3262342	Armand	nm3150488	male	wiki	human
fantastic.mr..f_tt0432283	tt0432283	Walter_Boggis	nm3153953	male	fandom	human
paranorman_tt1623288	tt1623288	Neil Downe	nm3235380	male	wiki	human
kubo.and.the.tw_tt4302938	tt4302938	Kubo	nm3280686	male	wiki	human
adventures.of.t_tt0983193	tt0983193	Bianca_Castafiore	nm3383590	female	fandom	human
breadwinner_tt3901826	tt3901826	Cousin	nm3514851	male	wiki	human
fantastic.mr..f_tt0432283	tt0432283	Agnes	nm3572187	female	wiki	animal
fantastic.mr..f_tt0432283	tt0432283	Pilot	nm3655067	unknown	none	human
breadwinner_tt3901826	tt3901826	Soraya	nm3971051	female	wiki	human
turning.red_tt8097030	tt8097030	Jin_Lee	nm4093657	male	wiki	human
isle.of.dogs_tt5104604	tt5104604	Junior_Scientist_#2	nm4227176	unknown	none	human
isle.of.dogs_tt5104604	tt5104604	Punk_Girl	nm4233819	female	wiki	human
my.life.as.a.zu_tt2321405	tt2321405	Simon	nm4343886;nm6261738	unknown	none	human
soul_tt2948372	tt2948372	Paul_	nm4377526	male	wiki	
isle.of.dogs_tt5104604	tt5104604	Professor_Watanabe	nm4510749	male	wiki	human
breadwinner_tt3901826	tt3901826	Parvana	nm4740113	female	wiki	human
paranorman_tt1623288	tt1623288	Salma	nm4757686	female	fandom	human
turning.red_tt8097030	tt8097030	Stacy_Frick	nm5468824	female	fandom	human
turning.red_tt8097030	tt8097030	Devon	nm5511980	male	wiki	human
guillermo.del.t_tt1488589	tt1488589	Candlewick	nm6016511	male	wiki	human
breadwinner_tt3901826	tt3901826	Shauzia	nm6154971	female	wiki	human
turning.red_tt8097030	tt8097030	Miriam_Mendelsohn	nm6205098	female	fandom	human
breadwinner_tt3901826	tt3901826	Idrees	nm6225541	male	wiki	human
breadwinner_tt3901826	tt3901826	Sulayman	nm6225541	male	wiki	human
isle.of.dogs_tt5104604	tt5104604	Editor_Hiroshi	nm6327727	male	wiki	human
isle.of.dogs_tt5104604	tt5104604	Taiko_Drummer_Voices	nm6376499	unknown	none	human
turning.red_tt8097030	tt8097030	Ping	nm6440595	unknown	none	human
guillermo.del.t_tt1488589	tt1488589	Dottore's_Wife	nm6550719	unknown	none	human
guillermo.del.t_tt1488589	tt1488589	Podesta's_Wife	nm6550719	unknown	none	human
my.life.as.a.zu_tt2321405	tt2321405	George	nm6823299	unknown	none	human
soul_tt2948372	tt2948372	Principal_Arroyo	nm7429639	female	wiki	human
turning.red_tt8097030	tt8097030	Abby_Park	nm7490724	female	fandom	human
loving.vincent_tt3262342	tt3262342	Vincent_Van_Gogh	nm7956813	male	wiki	human
my.life.as.a.zu_tt2321405	tt2321405	Icare	nm8101777	male	wikipedia	human
my.life.as.a.zu_tt2321405	tt2321405	Camille	nm8101778;nm4796262	unknown	none	human
my.life.as.a.zu_tt2321405	tt2321405	Ahmed	nm8101779;nm8802262	unknown	none	human
my.life.as.a.zu_tt2321405	tt2321405	Alice	nm8101780;nm5539163	unknown	none	human
isle.of.dogs_tt5104604	tt5104604	Atari	nm8659025	male	wiki	human
my.life.as.a.zu_tt2321405	tt2321405	Beatrice	nm8802263	unknown	none	human
turning.red_tt8097030	tt8097030	Mei_Lee	nm8823152	female	wiki	human
turning.red_tt8097030	tt8097030	Mei_Lee_panda_form	nm8823152	female	wiki	animal
guillermo.del.t_tt1488589	tt1488589	Carlo	nm9640481	male	wiki	human
guillermo.del.t_tt1488589	tt1488589	Pinocchio	nm9640481	male	wiki	other
breadwinner_tt3901826	tt3901826	Zaki	nm9820374	unknown	none	human
adventures.of.t_tt0983193	tt0983193	Herge		unknown	none	human
adventures.of.t_tt0983193	tt0983193	Snowy		male	fandom	animal
anomalisa_tt2401878	tt2401878	Character_1		unknown	none	human
anomalisa_tt2401878	tt2401878	Character_2		unknown	none	human
arthur.christma_tt1430607	tt1430607	Pedro		unknown	none	human
breadwinner_tt3901826	tt3901826	Character_1		unknown	none	human
fantastic.mr..f_tt0432283	tt0432283	Kristofferson_Silverfox		male	fandom	animal
flee_tt8430054	tt8430054	Amin		unknown	none	human
flee_tt8430054	tt8430054	Character_1		unknown	none	human
flee_tt8430054	tt8430054	Character_10		unknown	none	human
flee_tt8430054	tt8430054	Character_11		unknown	none	human
flee_tt8430054	tt8430054	Character_12		unknown	none	human
flee_tt8430054	tt8430054	Character_13		unknown	none	human
flee_tt8430054	tt8430054	Character_14		unknown	none	human
flee_tt8430054	tt8430054	Character_2		unknown	none	human
flee_tt8430054	tt8430054	Character_3		unknown	none	human
flee_tt8430054	tt8430054	Character_4		unknown	none	human
flee_tt8430054	tt8430054	Character_5		unknown	none	human
flee_tt8430054	tt8430054	Character_7		unknown	none	human
flee_tt8430054	tt8430054	Character_8		unknown	none	human
flee_tt8430054	tt8430054	Character_9		unknown	none	human
flow_tt4772188	tt4772188	Capybara		unknown	none	animal
flow_tt4772188	tt4772188	Cat		unknown	none	animal
flow_tt4772188	tt4772188	Dog_pack		unknown	none	animal
flow_tt4772188	tt4772188	Hare		unknown	none	animal
flow_tt4772188	tt4772188	Labrador_Retriever		unknown	none	animal
flow_tt4772188	tt4772188	Lemur		unknown	none	animal
flow_tt4772188	tt4772188	Secretary_Bird		unknown	none	animal
flow_tt4772188	tt4772188	Shiba_Inu		unknown	none	animal
frankenweenie_tt1142977	tt1142977	Sea_Creatures		unknown	none	animal
frankenweenie_tt1142977	tt1142977	Vampire_Cat		unknown	none	animal
isle.of.dogs_tt5104604	tt5104604	News_Anchor		unknown	none	human
little.amlie.or_tt29313285	tt29313285	Andre		unknown	none	human
little.amlie.or_tt29313285	tt29313285	Claude		unknown	none	human
little.amlie.or_tt29313285	tt29313285	Daniele		unknown	none	human
little.amlie.or_tt29313285	tt29313285	Juliet		unknown	none	human
little.amlie.or_tt29313285	tt29313285	Kashima-san		unknown	none	human
little.amlie.or_tt29313285	tt29313285	Patrick		unknown	none	human
loving.vincent_tt3262342	tt3262342	Dr._Mazery		unknown	none	human
loving.vincent_tt3262342	tt3262342	Dr._Paul_Gachet		unknown	none	human
loving.vincent_tt3262342	tt3262342	Paint_supplier		unknown	none	human
loving.vincent_tt3262342	tt3262342	Women		unknown	none	human
melody.time_tt0040580	tt0040580	Bluebird		unknown	none	animal
melody.time_tt0040580	tt0040580	Bug		unknown	none	animal
melody.time_tt0040580	tt0040580	Character_1		unknown	none	human
melody.time_tt0040580	tt0040580	Character_2		unknown	none	human
melody.time_tt0040580	tt0040580	Character_3		unknown	none	human
melody.time_tt0040580	tt0040580	Character_4		unknown	none	human
melody.time_tt0040580	tt0040580	Character_5		unknown	none	human
melody.time_tt0040580	tt0040580	Character_6		unknown	none	human
melody.time_tt0040580	tt0040580	Character_7		unknown	none	human
melody.time_tt0040580	tt0040580	Character_8		unknown	none	human
melody.time_tt0040580	tt0040580	Character_9		unknown	none	human
melody.time_tt0040580	tt0040580	Chipmunk		unknown	none	animal
melody.time_tt0040580	tt0040580	Deer		unknown	none	animal
melody.time_tt0040580	tt0040580	Donald_Duck		male	fandom	animal
melody.time_tt0040580	tt0040580	Fox		unknown	none	animal
melody.time_tt0040580	tt0040580	Green_Bird		unknown	none	animal
melody.time_tt0040580	tt0040580	Horse		unknown	none	animal
melody.time_tt0040580	tt0040580	Jose_Carioca		unknown	none	animal
melody.time_tt0040580	tt0040580	Parrot		unknown	none	animal
melody.time_tt0040580	tt0040580	Pony		unknown	none	animal
melody.time_tt0040580	tt0040580	Rabbit		unknown	none	animal
melody.time_tt0040580	tt0040580	Skunk		unknown	none	animal
my.life.as.a.zu_tt2321405	tt2321405	Character_1		unknown	none	human
my.life.as.a.zu_tt2321405	tt2321405	Character_2		unknown	none	human
paranorman_tt1623288	tt1623288	Sweet Girl		unknown	none	human
persepolis_tt0808417	tt0808417	Eve		unknown	none	human
persepolis_tt0808417	tt0808417	Frau_Dr._Heller		unknown	none	human
persepolis_tt0808417	tt0808417	God		unknown	none	human
persepolis_tt0808417	tt0808417	Iranian_gaurds		unknown	none	human
persepolis_tt0808417	tt0808417	Marji's_Grandmother		unknown	none	human
persepolis_tt0808417	tt0808417	Markus		unknown	none	human
persepolis_tt0808417	tt0808417	Momo		unknown	none	human
persepolis_tt0808417	tt0808417	Ramine		unknown	none	human
persepolis_tt0808417	tt0808417	Siamak		unknown	none	human
persepolis_tt0808417	tt0808417	Uncle_Anoush		unknown	none	human
saludos.amigos_tt0036326	tt0036326	Birds		unknown	none	animal
saludos.amigos_tt0036326	tt0036326	Camel		unknown	none	animal
saludos.amigos_tt0036326	tt0036326	Flamingo		unknown	none	animal
saludos.amigos_tt0036326	tt0036326	Horse		unknown	none	animal
saludos.amigos_tt0036326	tt0036326	Kid		unknown	none	human
saludos.amigos_tt0036326	tt0036326	Ostrich		unknown	none	animal
saludos.amigos_tt0036326	tt0036326	Plane		unknown	none	animal
saludos.amigos_tt0036326	tt0036326	Seagull		unknown	none	animal
shaun.the.sheep_tt2872750	tt2872750	Bull		male	fandom	animal
shaun.the.sheep_tt2872750	tt2872750	Character_1		unknown	none	human
shaun.the.sheep_tt2872750	tt2872750	Character_2		unknown	none	human
shaun.the.sheep_tt2872750	tt2872750	Character_3		unknown	none	human
shaun.the.sheep_tt2872750	tt2872750	Character_4		unknown	none	human
shaun.the.sheep_tt2872750	tt2872750	Character_5		unknown	none	human
shaun.the.sheep_tt2872750	tt2872750	Character_6		unknown	none	human
shaun.the.sheep_tt2872750	tt2872750	Character_7		unknown	none	human
shaun.the.sheep_tt2872750	tt2872750	Chicken		unknown	none	animal
shaun.the.sheep_tt2872750	tt2872750	Pig		unknown	none	animal
shaun.the.sheep_tt2872750	tt2872750	Sheep_1		unknown	none	animal
shaun.the.sheep_tt2872750	tt2872750	Teddy_Bear		unknown	none	animal
shaun.the.sheep_tt2872750	tt2872750	Timmys_Mom		unknown	none	animal
soul_tt2948372	tt2948372	Curley_Baker		male	fandom	human
soul_tt2948372	tt2948372	Lost_Souls		unknown	none	other
soul_tt2948372	tt2948372	Moonwind's_soul		unknown	none	other
soul_tt2948372	tt2948372	Mr._Mittens		male	fandom	animal
soul_tt2948372	tt2948372	New_Souls		unknown	none	other
soul_tt2948372	tt2948372	Subway_Singer		unknown	none	human
spirited.away_tt0245429	tt0245429	Akio_Ogino		male	fandom	human
spirited.away_tt0245429	tt0245429	Aogaeru		male	fandom	other
spirited.away_tt0245429	tt0245429	Boh_mouse_form		male	fandom	animal
spirited.away_tt0245429	tt0245429	Chihiro_Ogino		female	fandom	human
spirited.away_tt0245429	tt0245429	Haku		unknown	none	human
spirited.away_tt0245429	tt0245429	Kashira		female	fandom	human
spirited.away_tt0245429	tt0245429	Kasuga-Sama		unknown	none	other
spirited.away_tt0245429	tt0245429	Lin		female	fandom	human
spirited.away_tt0245429	tt0245429	No-Face		male	fandom	other
spirited.away_tt0245429	tt0245429	Susuwatari		female	fandom	other
spirited.away_tt0245429	tt0245429	Yu-Bird		female	fandom	human
spirited.away_tt0245429	tt0245429	Yu-Bird_bird_form		female	fandom	animal
spirited.away_tt0245429	tt0245429	Yubaba		female	fandom	human
spirited.away_tt0245429	tt0245429	Yuko_Ogino		female	fandom	human
three.caballero_tt0038166	tt0038166	Burrito		male	fandom	animal
three.caballero_tt0038166	tt0038166	Flying_Gauchito		male	fandom	human
three.caballero_tt0038166	tt0038166	Pablo		male	fandom	animal
triplets.of.bel_tt0286244	tt0286244	Baker		unknown	none	human
triplets.of.bel_tt0286244	tt0286244	Character_1		unknown	none	human
triplets.of.bel_tt0286244	tt0286244	Character_2		unknown	none	human
triplets.of.bel_tt0286244	tt0286244	Dog		unknown	none	animal
triplets.of.bel_tt0286244	tt0286244	Drivers		unknown	none	human
triplets.of.bel_tt0286244	tt0286244	Guy_with_glasses		unknown	none	human
triplets.of.bel_tt0286244	tt0286244	Kid		unknown	none	human
triplets.of.bel_tt0286244	tt0286244	Kid_grown		unknown	none	human
triplets.of.bel_tt0286244	tt0286244	Tapper		unknown	none	human
turning.red_tt8097030	tt8097030	Carter_Murphy-Mayhew		male	fandom	human
turning.red_tt8097030	tt8097030	Sun_Yee		female	fandom	human
waltz.with.bash_tt1185616	tt1185616	Character_1		unknown	none	human
waltz.with.bash_tt1185616	tt1185616	Character_2		unknown	none	human
waltz.with.bash_tt1185616	tt1185616	Character_3		unknown	none	human
waltz.with.bash_tt1185616	tt1185616	Character_4		unknown	none	human
waltz.with.bash_tt1185616	tt1185616	Character_5		unknown	none	human
waltz.with.bash_tt1185616	tt1185616	Character_6		unknown	none	human
waltz.with.bash_tt1185616	tt1185616	Character_7		unknown	none	human
waltz.with.bash_tt1185616	tt1185616	Character_8		unknown	none	human
waltz.with.bash_tt1185616	tt1185616	Character_9		unknown	none	human
waltz.with.bash_tt1185616	tt1185616	Dog		unknown	none	animal