year	rank	title	id	imdb	genre
1980	1	Star Wars: Episode V - The Empire Strikes Back	empire_strikes_back	tt0080684	Adventure,Action,Fantasy
1980	2	9 to 5	nine_to_five	tt0080319	Comedy
1980	3	Stir Crazy	stir_crazy	tt0081562	Crime,Comedy
1980	4	Kramer vs. Kramer	kramer_v_kramer	tt0079417	Drama
1980	5	Any Which Way You Can	any_which_way_you_can	tt0080377	Action,Comedy
1980	6	Private Benjamin	private_benjamin_fs	tt0081375	War,Comedy
1980	7	Coal Miner's Daughter	coal_miners_daughter	tt0080549	Drama,Biography,Music
1980	8	Smokey and the Bandit II	smokey.and.the._tt0081529	tt0081529	Adventure,Action,Comedy
1980	9	The Blues Brothers	blues_brothers	tt0080455	Adventure,Crime,Comedy
1980	10	Ordinary People	ordinary_people	tt0081283	Drama
1980	11	Popeye	popeye	tt0081353	Adventure,Family,Comedy
1980	12	The Shining	shining	tt0081505	Drama,Horror
1980	13	Cheech and Chong's Next Movie	cheech_and_chongs_next_movie	tt0080520	Crime,Comedy
1980	14	Caddyshack	caddyshack	tt0080487	Sport,Comedy
1980	15	Friday the 13th	friday_the_13th	tt0080761	Thriller,Horror,Mystery
1980	16	Brubaker	brubaker	tt0080474	Crime,Drama
1980	17	The Jazz Singer	jazz_singer	tt0080948	Drama,Romance,Music
1980	18	Flash Gordon	flash_gordon	tt0080745	Adventure,Sci-Fi,Action
1980	19	Bronco Billy	bronco_billy	tt0080472	Adventure,Action,Comedy
1980	20	Raging Bull	raging_bull	tt0081398	Drama,Biography,Sport
1980	21	Xanadu	xanadu	tt0081777	Musical,Romance,Fantasy
1980	22	American Gigolo	american_gigolo	tt0080365	Crime,Drama,Mystery
1980	23	My Bodyguard	my_bodyguard	tt0081207	Drama,Family,Comedy
1980	24	Fame	fame	tt0080716	Drama,Musical,Music
1980	25	Altered States	altered_states	tt0080360	Sci-Fi,Horror,Thriller
1980	26	Honeysuckle Rose	honeysuckle.ros_tt0080888	tt0080888	Drama,Romance,Music
1980	27	Hero at Large	hero.at.large_tt0080863	tt0080863	Romance,Comedy
1980	28	The Long Riders	long.riders_tt0081071	tt0081071	Crime,Biography,Drama
1980	29	The Island	island_tt0080934	tt0080934	Adventure,Drama,Action
1980	30	The Nude Bomb	nude.bomb_tt0081249	tt0081249	Crime,Action,Comedy
1980	31	Oh, God! Book II	oh.god.book.ii_tt0081268	tt0081268	Fantasy,Comedy
1980	32	The Competition	competition_tt0080556	tt0080556	Drama,Romance,Music
1980	33	Wholly Moses!	wholly.moses_tt0081751	tt0081751	Fantasy,Comedy
1980	34	The Last Married Couple in America	last.married_tt0081032	tt0081032	Comedy
1980	35	First Family	first.family_tt0080739	tt0080739	Comedy
1980	36	The Fiendish Plot of Dr. Fu Manchu	fiendish.plot_tt0080731	tt0080731	Crime,Fantasy,Comedy
1980	37	Stardust Memories	stardust.memori_tt0081554	tt0081554	Drama,Comedy
1980	38	Somewhere in Time	somewhere.in.ti_tt0081534	tt0081534	Drama,Romance,Fantasy
1980	39	The Formula	formula_tt0080754	tt0080754	Crime,Thriller
1980	40	Battle Creek Brawl	battle.creek.br_tt0080436	tt0080436	Crime,Action,Comedy
1980	41	The Awakening	awakening_tt0080402	tt0080402	Horror
1980	42	Foxes	foxes_tt0080756	tt0080756	Drama
1980	43	Where the Buffalo Roam	where.the.buffa_tt0081748	tt0081748	Biography,Comedy
1980	44	The Gong Show Movie		tt0080808	Comedy
1980	45	Motel Hell	motel.hell_tt0081184	tt0081184	Horror,Thriller,Comedy
1980	46	Little Miss Marker	little.miss.mar_tt0081063	tt0081063	Drama,Romance,Comedy
1980	47	Oh Heavenly Dog	oh.heavenly.dog_tt0081269	tt0081269	Crime,Fantasy,Comedy
1980	48	Divine Madness	divine.madness_tt0080634	tt0080634	Music,Documentary,Comedy
1980	49	In God We Trust (or Gimme That Prime Time Religion)	in.god.we.trust_tt0080917	tt0080917	Comedy
1980	50	He Knows You're Alone	he.knows_tt0080850	tt0080850	Horror,Thriller
1980	51	Roadie	roadie_tt0081433	tt0081433	Music,Comedy
1980	52	Gloria	gloria_tt0080798	tt0080798	Crime,Drama,Thriller
1980	53	Jaws 21980 Re-release	jaws.2_tt0077766	tt0077766	Adventure,Horror,Thriller
1980	54	Resurrection	resurrection_tt0081414	tt0081414	Drama,Fantasy
1980	55	Hide in Plain Sight		tt0080868	Drama
1980	56	Guyana: Cult of the Damned		tt0080833	Adventure,Drama,Thriller
1980	57	When Time Ran Out...		tt0081747	Adventure,Drama,Action
1980	58	North Sea Hijack		tt0081809	Adventure,Action,Thriller
1980	59	Loving Couples		tt0081080	Comedy
1980	60	The Idolmaker		tt0080913	Drama,Biography,Music
1980	61	Gilda Live		tt0080790	Comedy
1980	62	Windows		tt0081759	Drama,Thriller
1980	63	Just Tell Me What You Want		tt0080975	Romance,Comedy
1980	64	Why Would I Lie?		tt0081753	Drama,Comedy
1980	65	Heart Beat		tt0080854	Drama
1980	66	One-Trick Pony		tt0081280	Drama,Music,Comedy
1980	67	Those Lips, Those Eyes		tt0081625	Romance,Comedy
1980	68	A Small Circle of Friends		tt0081528	Drama
1981	1	Superman II	superman.ii_tt0081573	tt0081573	Adventure,Sci-Fi,Action
1981	2	Stripes	stripes	tt0083131	War,Comedy
1981	3	The Cannonball Run	cannonball_run	tt0082136	Action,Sport,Comedy
1981	4	For Your Eyes Only	for_your_eyes_only	tt0082398	Adventure,Action,Thriller
1981	5	The Four Seasons	four_seasons	tt0082405	Drama,Comedy
1981	6	Excalibur	excalibur	tt0082348	Adventure,Drama,Fantasy
1981	7	History of the World: Part I	history_of_the_world_part_1	tt0082517	History,Musical,Comedy
1981	8	Bustin' Loose	bustin_loose	tt0082121	Drama,Comedy
1981	9	The Great Muppet Caper	great_muppet_caper	tt0082474	Adventure,Crime,Comedy
1981	10	Endless Love	endless.love_tt0082329	tt0082329	Drama,Romance
1981	11	An American Werewolf in London	american_werewolf_in_london	tt0082010	Horror,Comedy
1981	12	Halloween II	halloween_2	tt0082495	Horror
1981	13	Body Heat	body_heat	tt0082089	Crime,Drama,Romance
1981	14	Raiders of the Lost Ark	raiders_of_the_lost_ark	tt0082971	Adventure,Action
1981	15	Friday the 13th: Part 2	friday_the_13th_2	tt0082418	Thriller,Horror,Mystery
1981	16	The Final Conflict	omen_3	tt0082377	Horror
1981	17	The Incredible Shrinking Woman	incredible_shrinking_woman	tt0082558	Sci-Fi,Comedy
1981	18	Under the Rainbow	under_the_rainbow	tt0083254	Comedy
1981	19	Outland	outland	tt0082869	Crime,Sci-Fi,Action
1981	20	Continental Divide	continental_divide	tt0082200	Romance,Comedy
1981	21	Nighthawks	nighthawks	tt0082817	Crime,Action,Thriller
1981	22	Dragonslayer	dragonslayer	tt0082288	Adventure,Action,Fantasy
1981	23	The Legend of the Lone Ranger	legend_of_the_lone_ranger_fs	tt0082648	Adventure,Drama,Action
1981	24	Back Roads	backroads	tt0082042	Adventure,Romance,Comedy
1981	25	Wolfen	wolfen	tt0083336	Horror,Thriller
1981	26	Time Bandits	time_bandits	tt0081633	Adventure,Fantasy,Comedy
1981	27	Neighbors	neighbors_tt0082801	tt0082801	Comedy
1981	28	Prince of the City	prince.of.the.c_tt0082945	tt0082945	Crime,Drama
1981	29	The Funhouse	funhouse_tt0082427	tt0082427	Horror
1981	30	Modern Problems		tt0082763	Fantasy,Sci-Fi,Comedy
1981	31	Student Bodies	student.bodies_tt0083133	tt0083133	Horror,Mystery,Comedy
1981	32	All Night Long	all.night.long_tt0082001	tt0082001	Drama,Romance,Comedy
1981	33	Sharky's Machine	sharkys_machine_fs	tt0083064	Crime,Drama,Action
1981	34	Absence of Malice	absence_of_malice	tt0081974	Drama,Thriller,Romance
1981	35	Reds	reds	tt0082979	Drama,Biography,History
1981	36	The Pursuit of D.B. Cooper	pursuit.of.d.b._tt0082958	tt0082958	Adventure,Crime,Drama
1981	37	Arthur	arthur_full	tt0082031	Romance,Comedy
1981	38	Taps	taps	tt0083169	Drama
1981	39	Ghost Story	ghost.story_tt0082449	tt0082449	Drama,Horror,Thriller
1981	40	Zoot Suit	zoot.suit_tt0083365	tt0083365	Crime,Drama,Music
1981	41	Rollover	rollover_tt0083006	tt0083006	Drama,Mystery,Romance
1981	42	Modern Romance	modern.romance_tt0082764	tt0082764	Romance,Comedy
1981	43	The Hand	hand_tt0082497	tt0082497	Drama,Horror,Thriller
1981	44	Heartbeeps	heartbeeps_tt0082507	tt0082507	Sci-Fi,Comedy
1981	45	This Is Elvis	this.is.elvis_tt0083193	tt0083193	Music,Biography,Documentary
1981	46	Sphinx	sphinx_tt0083113	tt0083113	Adventure,Thriller,Mystery
1981	47	Honky Tonk Freeway	honky.tonk.free_tt0082525	tt0082525	Action,Comedy
1981	48	Raggedy Man	raggedy.man_tt0082969	tt0082969	Drama
1981	49	King of the Mountain	king.of.the.mou_tt0082619	tt0082619	Adventure,Drama,Action
1981	50	Cinderella1981 Re-release	cinderella_tt0042332	tt0042332	Family,Animation,Fantasy
1981	51	Silence of the North	silence.of.the._tt0083079	tt0083079	Drama
1981	52	Eyes of a Stranger		tt0082352	Horror,Thriller
1981	53	On Golden Pond	on_golden_pond	tt0082846	Drama
1981	54	Cattle Annie and Little Britches	cattle.annie.an_tt0082145	tt0082145	Drama,Western
1981	55	Ragtime	ragtime_tt0082970	tt0082970	Drama
1981	56	Chariots of Fire	chariots_of_fire	tt0082158	Drama,Biography,Sport
1982	1	E.T. the Extra-Terrestrial	et	tt0083866	Adventure,Family,Sci-Fi
1982	2	Raiders of the Lost Ark	raiders_of_the_lost_ark	tt0082971	Adventure,Action
1982	3	Rocky III	rocky_3	tt0084602	Drama,Sport
1982	4	On Golden Pond	on_golden_pond	tt0082846	Drama
1982	5	An Officer and a Gentleman	officer_and_a_gentleman	tt0084434	Drama,Romance
1982	6	Porky's	porkys	tt0084522	Comedy
1982	7	Arthur	arthur_full	tt0082031	Romance,Comedy
1982	8	Star Trek II: The Wrath of Khan	star_trek_2	tt0084726	Adventure,Sci-Fi,Action
1982	9	Poltergeist	poltergeist	tt0084516	Horror,Thriller
1982	10	The Best Little Whorehouse in Texas	best_little_whorehouse_in_texas	tt0083642	Musical,Comedy
1982	11	Chariots of Fire	chariots_of_fire	tt0082158	Drama,Biography,Sport
1982	12	Annie	annie_fs	tt0083564	Drama,Family,Comedy
1982	13	First Blood	rambo_first_blood	tt0083944	Adventure,Action,Thriller
1982	14	Firefox	firefox	tt0083943	Adventure,Action,Thriller
1982	15	Conan the Barbarian	conan_the_barbarian	tt0082198	Adventure,Fantasy
1982	16	The Sword and the Sorcerer	sword_and_the_sorcerer	tt0084749	Adventure,Action,Fantasy
1982	17	Absence of Malice	absence_of_malice	tt0081974	Drama,Thriller,Romance
1982	18	Reds	reds	tt0082979	Drama,Biography,History
1982	19	Richard Pryor: Live on the Sunset Strip	richard.pryor.l_tt0084597	tt0084597	Documentary,Comedy
1982	20	Friday the 13th: Part 3	friday_the_13th_3	tt0083972	Horror,Thriller
1982	21	Time Bandits	time_bandits	tt0081633	Adventure,Fantasy,Comedy
1982	22	Taps	taps	tt0083169	Drama
1982	23	Sharky's Machine	sharkys_machine_fs	tt0083064	Crime,Drama,Action
1982	24	Tootsie	tootsie	tt0084805	Drama,Romance,Comedy
1982	25	Young Doctors in Love	young_doctors_in_love	tt0084938	Comedy
1982	26	Tron	tron	tt0084827	Adventure,Sci-Fi,Action
1982	27	The World According to Garp	world.according_tt0084917	tt0084917	Drama,Comedy
1982	28	Victor/Victoria	victorvictoria_tt0084865	tt0084865	Music,Romance,Comedy
1982	29	Blade Runner	blade.runner_tt0083658	tt0083658	Drama,Sci-Fi,Action
1982	30	Fast Times at Ridgemont High	fast.times.at.r_tt0083929	tt0083929	Drama,Comedy
1982	31	Cinderella1981 Re-release	cinderella_tt0042332	tt0042332	Family,Animation,Fantasy
1982	32	The Toy	toy_tt0084809	tt0084809	Comedy
1982	33	Some Kind of Hero	some.kind.of.he_tt0083107	tt0083107	Crime,Drama,Comedy
1982	34	Bambi1982 Re-release	bambi_tt0034492	tt0034492	Adventure,Drama,Animation
1982	35	Pink Floyd: The Wall	pink.floyd.the._tt0084503	tt0084503	Drama,Music,Fantasy
1982	36	Things Are Tough All Over	things.are.toug_tt0084788	tt0084788	Action,Comedy
1982	37	48 Hrs.	48_hours	tt0083511	Crime,Action,Comedy
1982	38	Creepshow	creepshow_tt0083767	tt0083767	Fantasy,Horror,Comedy
1982	39	Neighbors	neighbors_tt0082801	tt0082801	Comedy
1982	40	Night Shift	night.shift_tt0084412	tt0084412	Comedy
1982	41	My Favorite Year	my.favorite.yea_tt0084370	tt0084370	Drama,Comedy
1982	42	Ghost Story	ghost.story_tt0082449	tt0082449	Drama,Horror,Thriller
1982	43	The Thing	thing_tt0084787	tt0084787	Sci-Fi,Horror,Mystery
1982	44	Modern Problems		tt0082763	Fantasy,Sci-Fi,Comedy
1982	45	Deathtrap	deathtrap_tt0083806	tt0083806	Crime,Drama,Comedy
1982	46	Six Pack	six.pack_tt0084690	tt0084690	Drama,Sport,Comedy
1982	47	Dead Men Don't Wear Plaid	dead.men.dont.w_tt0083798	tt0083798	Crime,Mystery,Comedy
1982	48	Airplane II: The Sequel	airplane.ii.the_tt0083530	tt0083530	Sci-Fi,Comedy
1982	49	Raiders of the Lost Ark1982 Re-release	raiders_of_the_lost_ark	tt0082971	Adventure,Action
1982	50	The Road Warrior	road.warrior_tt0082694	tt0082694	Adventure,Sci-Fi,Action
1982	51	The Dark Crystal	dark.crystal_tt0083791	tt0083791	Adventure,Family,Fantasy
1982	52	Zapped!	zapped_tt0084945	tt0084945	Fantasy,Sci-Fi,Comedy
1982	53	Quest for Fire	quest.for.fire_tt0082484	tt0082484	Adventure,Drama
1982	54	Best Friends	best.friends_tt0083641	tt0083641	Drama,Romance,Comedy
1982	55	Grease 2	grease.2_tt0084021	tt0084021	Music,Musical,Comedy
1982	56	Star Wars: Episode IV - A New Hope1982 Re-release	star.wars.episo_tt0076759	tt0076759	Adventure,Action,Fantasy
1982	57	Ragtime	ragtime_tt0082970	tt0082970	Drama
1982	58	Halloween III: Season of the Witch	halloween.iii.s_tt0085636	tt0085636	Sci-Fi,Horror,Mystery
1982	59	Diner	diner_tt0083833	tt0083833	Drama,Comedy
1982	60	The Beastmaster	beastmaster_tt0083630	tt0083630	Adventure,Action,Fantasy
1982	61	Star Wars: Episode V - The Empire Strikes Back1982 Re-release	empire_strikes_back	tt0080684	Adventure,Action,Fantasy
1982	62	Visiting Hours		tt0083296	Horror,Thriller
1982	63	Vice Squad		tt0084861	Crime,Drama,Action
1982	64	Author! Author!		tt0083598	Drama,Family,Comedy
1982	65	The Verdict	verdict	tt0084855	Drama
1982	66	Private Lessons		tt0082948	Romance,Comedy
1982	67	Amityville II: The Possession		tt0083550	Horror
1982	68	The Secret of NIMH		tt0084649	Adventure,Drama,Animation
1982	69	Monsignor		tt0084351	Crime,Drama,War
1982	70	Making Love		tt0084293	Drama,Romance
1982	71	Death Wish II	death.wish.ii_tt0082250	tt0082250	Crime,Drama,Action
1982	72	The Seduction		tt0084652	Thriller
1982	73	Missing	missing_tt0084335	tt0084335	Drama,Biography,History
1982	74	Das Boot		tt0082096	Drama,War
1982	75	Silent Rage		tt0084684	Crime,Action,Horror
1982	76	Class Reunion		tt0084395	Horror,Comedy
1982	77	Hanky Panky	hanky.panky_tt0084049	tt0084049	Crime,Action,Comedy
1982	78	A Midsummer Night's Sex Comedy		tt0084329	Comedy
1982	79	If You Could See What I Hear		tt0084117	Drama,Biography,Comedy
1982	80	Shoot the Moon		tt0084675	Drama
1982	81	Night Crossing		tt0082810	Drama,Family,History
1982	82	The Pirate Movie		tt0084504	Adventure,Musical,Comedy
1982	83	The Beast Within		tt0083629	Horror
1982	84	Rollover	rollover_tt0083006	tt0083006	Drama,Mystery,Romance
1982	85	Whose Life Is It Anyway?		tt0083326	Drama,Comedy
1982	86	Peter Pan1982 Re-release		tt0046183	Adventure,Family,Animation
1982	87	The Missionary		tt0083449	Comedy
1982	88	Cat People		tt0083722	Horror,Thriller,Fantasy
1982	89	I Ought to Be in Pictures		tt0084109	Drama,Comedy
1982	90	The Last Unicorn		tt0084237	Adventure,Drama,Animation
1982	91	Evil Under the Sun		tt0083908	Crime,Drama,Mystery
1982	92	The Man from Snowy River	man.from.snowy._tt0084296	tt0084296	Adventure,Drama,Romance
1982	93	Partners		tt0084477	Crime,Comedy
1982	94	Megaforce		tt0084316	Sci-Fi,Action
1982	95	Paradise		tt0084469	Adventure,Romance
1982	96	Cannery Row		tt0083717	Drama,Romance
1982	97	Forced Vengeance		tt0083960	Adventure,Crime,Action
1982	98	Inchon		tt0084132	Drama,War,History
1982	99	Heidi's Song		tt0084060	Adventure,Drama,Animation
1982	100	Tempest	tempest_tt0084776	tt0084776	Drama,Fantasy,Comedy
1982	101	Trail of the Pink Panther	trail.of.the.pi_tt0084814	tt0084814	Crime,Mystery,Comedy
1982	102	They Call Me Bruce	they.call.me.br_tt0084786	tt0084786	Action,Comedy
1982	103	Kiss Me Goodbye	kiss.me.goodbye_tt0084210	tt0084210	Romance,Fantasy,Comedy
1982	104	The Border		tt0083678	Crime,Drama
1982	105	Honkytonk Man		tt0084088	Drama,Music,Comedy
1982	106	The Soldier		tt0084704	Adventure,Action,Thriller
1982	107	Six Weeks		tt0084691	Drama
1982	108	Jekyll and Hyde... Together Again		tt0084171	Music,Sci-Fi,Comedy
1982	109	Wrong Is Right		tt0084920	Drama,Thriller,Comedy
1982	110	Pennies from Heaven	pennies.from.heaven_tt0082894	tt0082894	Drama,Musical,Romance
1982	111	Personal Best		tt0084489	Drama,Sport
1982	112	Fighting Back		tt0083936	Crime,Drama,Action
1982	113	Penitentiary II		tt0084485	Crime,Drama,Sport
1982	114	The Challenge		tt0083726	Drama,Action
1982	115	Homework		tt0084084	Drama,Comedy
1982	116	Jinxed!		tt0084173	Comedy
1982	117	Venom		tt0084854	Horror,Thriller
1982	118	The Amateur		tt0082005	Crime,Action,Thriller
1982	119	It Came from Hollywood		tt0084156	Documentary,Comedy
1982	120	A Little Sex		tt0084259	Romance,Comedy
1982	121	Buddy Buddy		tt0082111	Comedy
1982	122	Yes, Giorgio		tt0084931	Musical,Romance,Comedy
1982	123	Barbarosa		tt0083619	Drama,Romance,Comedy
1982	124	The Sender		tt0084658	Drama,Sci-Fi,Horror
1982	125	Lookin' to Get Out		tt0084268	Comedy
1982	126	One from the Heart		tt0084445	Drama,Musical,Romance
1982	127	The Last American Virgin		tt0084234	Drama,Romance,Comedy
1982	128	Sophie's Choice	sophies.choice_tt0084707	tt0084707	Drama,Romance
1982	129	Gandhi	gandhi	tt0083987	Drama,Biography,History
1982	130	Five Days One Summer		tt0083947	Drama
1982	131	The Escape Artist		tt0083900	Crime,Drama,Comedy
1982	132	Bugs Bunny's 3rd Movie: 1001 Rabbit Tales		tt0083701	Adventure,Animation,Comedy
1983	1	Star Wars: Episode VI - Return of the Jedi	return_of_the_jedi	tt0086190	Adventure,Action,Fantasy
1983	2	Tootsie	tootsie	tt0084805	Drama,Romance,Comedy
1983	3	Flashdance	flashdance	tt0085549	Drama,Romance,Music
1983	4	Trading Places	trading_places	tt0086465	Comedy
1983	5	WarGames	war_games	tt0086567	Drama,Sci-Fi,Action
1983	6	Octopussy	octopussy	tt0086034	Adventure,Action,Thriller
1983	7	Staying Alive	staying_alive	tt0086361	Drama,Romance,Music
1983	8	Risky Business	risky_business	tt0086200	Crime,Drama,Comedy
1983	9	Mr. Mom	mr_mom_fs	tt0085970	Drama,Comedy
1983	10	National Lampoon's Vacation	vacation	tt0085995	Adventure,Comedy
1983	11	Superman III	superman.iii_tt0086393	tt0086393	Adventure,Action,Comedy
1983	12	48 Hrs.	48_hours	tt0083511	Crime,Action,Comedy
1983	13	Never Say Never Again	never_say_never_again	tt0086006	Adventure,Action,Thriller
1983	14	Gandhi	gandhi	tt0083987	Drama,Biography,History
1983	15	Jaws 3-D	jaws.3d_tt0085750	tt0085750	Adventure,Horror,Thriller
1983	16	E.T. the Extra-Terrestrial	et	tt0083866	Adventure,Family,Sci-Fi
1983	17	Blue Thunder	blue_thunder	tt0085255	Crime,Drama,Action
1983	18	The Verdict	verdict	tt0084855	Drama
1983	19	The Big Chill	big_chill	tt0085244	Drama,Comedy
1983	20	Sudden Impact	sudden_impact	tt0086383	Crime,Action,Thriller
1983	21	Psycho II	psycho_2	tt0086154	Crime,Horror,Mystery
1983	22	Terms of Endearment	terms_of_endearment	tt0086425	Drama,Comedy
1983	23	Porky's II: The Next Day	porkys_2	tt0086129	Comedy
1983	24	Snow White and the Seven Dwarfs1983 Re-release	snow.white.and._tt0029583	tt0029583	Adventure,Family,Animation
1983	25	Twilight Zone: The Movie	twilight_zone	tt0086491	Sci-Fi,Horror
1983	26	Easy Money	easy_money	tt0085470	Comedy
1983	27	High Road to China	high.road.to.ch_tt0085678	tt0085678	Adventure,Drama,Romance
1983	28	Sophie's Choice	sophies.choice_tt0084707	tt0084707	Drama,Romance
1983	29	The Outsiders	outsiders_tt0086066	tt0086066	Crime,Drama
1983	30	Spring Break	spring.break_tt0086352	tt0086352	Romance,Comedy
1983	31	The Dark Crystal	dark.crystal_tt0083791	tt0083791	Adventure,Family,Fantasy
1983	32	My Tutor	my.tutor_tt0085980	tt0085980	Comedy
1983	33	Class	class_tt0085346	tt0085346	Drama,Romance,Comedy
1983	34	An Officer and a Gentleman	officer_and_a_gentleman	tt0084434	Drama,Romance
1983	35	Cujo	cujo_tt0085382	tt0085382	Horror,Thriller
1983	36	Best Friends	best.friends_tt0083641	tt0083641	Drama,Romance,Comedy
1983	37	The Toy	toy_tt0084809	tt0084809	Comedy
1983	38	The Dead Zone	dead.zone_tt0085407	tt0085407	Drama,Thriller,Fantasy
1983	39	Breathless	breathless_tt0085276	tt0085276	Drama,Action,Romance
1983	40	Scarface	scarface_tt0086250	tt0086250	Crime,Drama
1983	41	Max Dugan Returns		tt0085919	Drama,Comedy
1983	42	Valley Girl	valley.girl_tt0086525	tt0086525	Romance,Comedy
1983	43	All the Right Moves	all.the.right.m_tt0085154	tt0085154	Drama,Sport,Romance
1983	44	Krull	krull_tt0085811	tt0085811	Adventure,Action,Fantasy
1983	45	Spacehunter: Adventures in the Forbidden Zone	spacehunter.adv_tt0086346	tt0086346	Adventure,Sci-Fi,Action
1983	46	Richard Pryor... Here and Now	richard.pryor.._tt0086194	tt0086194	Documentary,Comedy
1983	47	Still Smokin	still.smokin_tt0086366	tt0086366	Music,Comedy
1983	48	Monty Python's the Meaning of Life	meaning.of.life_tt0085959	tt0085959	Musical,Comedy
1983	49	Private School	private.school_tt0086143	tt0086143	Romance,Comedy
1983	50	The Survivors	survivors_tt0086397	tt0086397	Crime,Drama,Comedy
1983	51	Educating Rita	educating.rita_tt0085478	tt0085478	Drama,Comedy
1983	52	The Entity	entity_tt0082334	tt0082334	Drama,Horror
1983	53	A Christmas Story	a.christmas.sto_tt0085334	tt0085334	Family,Comedy
1983	54	The Man from Snowy River	man.from.snowy._tt0084296	tt0084296	Adventure,Drama,Romance
1983	55	Stroker Ace		tt0086379	Romance,Action,Comedy
1983	56	Yentl	yentl_tt0086619	tt0086619	Drama,Musical,Romance
1983	57	Lone Wolf McQuade		tt0085862	Crime,Drama,Action
1983	58	The Black Stallion Returns		tt0085248	Adventure,Family
1983	59	The Right Stuff	right.stuff_tt0086197	tt0086197	Adventure,Biography,Drama
1983	60	The Sword in the Stone	sword.in.the.st_tt0057546	tt0057546	Adventure,Animation,Comedy
1983	61	Deathstalker		tt0087127	Adventure,Action,Fantasy
1983	62	Two of a Kind	two.of.a.kind_tt0086494	tt0086494	Music,Fantasy,Comedy
1983	63	Zelig	zelig_tt0086637	tt0086637	Comedy
1983	64	The Lords of Discipline		tt0085867	Thriller
1983	65	Revenge of the Ninja		tt0086192	Crime,Drama,Action
1983	66	Christine	christine_tt0085333	tt0085333	Horror,Thriller
1983	67	They Call Me Bruce	they.call.me.br_tt0084786	tt0084786	Action,Comedy
1983	68	Raiders of the Lost Ark1983 Re-release	raiders_of_the_lost_ark	tt0082971	Adventure,Action
1983	69	Uncommon Valor	uncommon.valor_tt0086508	tt0086508	Drama,Action,Thriller
1983	70	Kiss Me Goodbye	kiss.me.goodbye_tt0084210	tt0084210	Romance,Fantasy,Comedy
1983	71	Hercules		tt0085672	Adventure,History,Fantasy
1983	72	The House on Sorority Row		tt0085694	Thriller,Horror,Mystery
1983	73	The Rescuers1983 Re-release	rescuers_tt0076618	tt0076618	Adventure,Animation,Comedy
1983	74	Doctor Detroit		tt0085450	Comedy
1983	75	Deal of the Century		tt0085412	Crime,Comedy
1983	76	The Man with Two Brains		tt0085894	Romance,Sci-Fi,Comedy
1983	77	The Year of Living Dangerously		tt0086617	Drama,War,Romance
1983	78	Brainstorm		tt0085271	Sci-Fi,Thriller
1983	79	Lovesick		tt0085873	Romance,Fantasy,Comedy
1983	80	Peter Pan1982 Re-release		tt0046183	Adventure,Family,Animation
1983	81	Without a Trace		tt0086593	Drama,Mystery
1983	82	Bad Boys		tt0085210	Crime,Drama,Thriller
1983	83	Airplane II: The Sequel	airplane.ii.the_tt0083530	tt0083530	Sci-Fi,Comedy
1983	84	Strange Brew		tt0086373	Crime,Sci-Fi,Comedy
1983	85	Tender Mercies	tender.mercies_tt0086423	tt0086423	Drama,Music
1983	86	Something Wicked This Way Comes		tt0086336	Thriller,Mystery,Fantasy
1983	87	The Smurfs and the Magic Flute		tt0074539	Family,Animation,Comedy
1983	88	10 to Midnight		tt0085121	Crime,Drama,Thriller
1983	89	Romantic Comedy		tt0086205	Romance,Comedy
1983	90	The Osterman Weekend		tt0086058	Drama,Action,Thriller
1983	91	The Sting II		tt0086370	Crime,Comedy
1983	92	Amityville 3-D		tt0085159	Horror
1983	93	Chained Heat		tt0085318	Crime,Drama,Action
1983	94	D.C. Cab	d.c..cab_tt0085387	tt0085387	Action,Comedy
1983	95	Silkwood	silkwood	tt0086312	Drama,Biography,History
1983	96	Beyond the Limit		tt0085236	Drama,Thriller,Romance
1983	97	The Hunger		tt0085701	Drama,Horror
1983	98	Local Hero	local.hero_tt0085859	tt0085859	Drama,Comedy
1983	99	Porky's1983 Re-release	porkys	tt0084522	Comedy
1983	100	Under Fire		tt0086510	Drama,War
1983	101	Smokey and the Bandit Part 3	smokey.and.the._tt0086325	tt0086325	Crime,Action,Comedy
1983	102	Gorky Park	gorky.park_tt0085615	tt0085615	Crime,Drama,Mystery
1983	103	A Night in Heaven		tt0086011	Drama,Romance
1983	104	The Star Chamber		tt0086356	Crime,Drama,Mystery
1983	105	To Be or Not to Be		tt0086450	Drama,War,Comedy
1983	106	Metalstorm: The Destruction of Jared-Syn		tt0085935	Adventure,Action,Romance
1983	107	Nightmares		tt0086014	Sci-Fi,Horror
1983	108	The Man Who Loved Women	man.who.loved.w_tt0085891	tt0085891	Drama,Romance,Comedy
1983	109	Vigilante		tt0084867	Crime,Action,Thriller
1983	110	Eddie and the Cruisers		tt0085475	Drama,Mystery,Music
1983	111	Curse of the Pink Panther		tt0085384	Crime,Mystery,Comedy
1983	112	Mortuary		tt0087746	Horror
1983	113	Trenchcoat		tt0086476	Thriller,Mystery,Comedy
1983	114	Yellowbeard		tt0086618	Adventure,Action,Comedy
1983	115	The Keep		tt0085780	Drama,Horror,Fantasy
1983	116	Trail of the Pink Panther	trail.of.the.pi_tt0084814	tt0084814	Crime,Mystery,Comedy
1983	117	Joysticks		tt0085764	Comedy
1983	118	Let's Spend the Night Together		tt0084242	Music,Documentary
1983	119	Running Brave		tt0086220	Drama,Biography,Sport
1983	120	The Golden Seal		tt0085608	Drama
1983	121	Yor: The Hunter from the Future		tt0084935	Adventure,Action,Fantasy
1983	122	Six Weeks		tt0084691	Drama
1983	123	The Final Option		tt0083941	Action,Thriller
1983	124	The King of Comedy	king.of.comedy_tt0085794	tt0085794	Crime,Drama,Comedy
1983	125	Rumble Fish		tt0086216	Crime,Drama,Romance
1983	126	The Man Who Wasn't There		tt0085892	Adventure,Action,Comedy
1983	127	Table for Five		tt0086405	Drama,Romance
1983	128	Tough Enough		tt0086461	Drama,Action,Romance
1983	129	Man, Woman and Child		tt0085895	Drama
1983	130	Merry Christmas Mr. Lawrence		tt0085933	Drama,War
1983	131	Videodrome	videodrome_tt0086541	tt0086541	Drama,Sci-Fi,Horror
1983	132	Friday the 13th: Part 31983 Re-release	friday_the_13th_3	tt0083972	Horror,Thriller
1983	133	Testament		tt0086429	Drama,Sci-Fi
1983	134	Pieces		tt0082748	Thriller,Horror,Mystery
1983	135	Savage Islands		tt0085994	Adventure,Action,Comedy
1983	136	Baby It's You		tt0085208	Drama,Romance,Comedy
1983	137	Strange Invaders		tt0086374	Sci-Fi,Horror,Mystery
1983	138	Losin' It		tt0085868	Drama,Comedy
1983	139	The Lonely Lady		tt0085863	Drama
1983	140	Never Cry Wolf	never.cry.wolf_tt0086005	tt0086005	Adventure,Drama
1983	141	Of Unknown Origin		tt0086036	Horror,Thriller
1983	142	Getting It On		tt0085588	Comedy
1983	143	Rocky III1983 Re-release	rocky_3	tt0084602	Drama,Sport
1983	144	American Playhouse: The Ballad of Gregorio Cortez		tt0083613	Drama
1983	145	Fire and Ice		tt0085542	Adventure,Animation,Fantasy
1983	146	The Pirates of Penzance		tt0086112	Musical,Romance,Comedy
1983	147	Poltergeist1983 Re-release	poltergeist	tt0084516	Horror,Thriller
1983	148	Puberty Blues		tt0082956	Drama,Comedy
1983	149	Screwballs		tt0086264	Comedy
1984	1	Ghostbusters	ghostbusters_1984	tt0087332	Fantasy,Action,Comedy
1984	2	Indiana Jones and the Temple of Doom	temple_of_doom	tt0087469	Adventure,Action
1984	3	Gremlins	gremlins	tt0087363	Fantasy,Horror,Comedy
1984	4	The Karate Kid	karate_kid	tt0087538	Drama,Family,Action
1984	5	Police Academy	police_academy_fs	tt0087928	Comedy
1984	6	Footloose	footloose	tt0087277	Drama,Romance,Music
1984	7	Beverly Hills Cop	beverly_hills_cop	tt0086960	Crime,Action,Comedy
1984	8	Star Trek III: The Search for Spock	star_trek_3	tt0088170	Adventure,Sci-Fi,Action
1984	9	Terms of Endearment	terms_of_endearment	tt0086425	Drama,Comedy
1984	10	Romancing the Stone	romancing_the_stone	tt0088011	Adventure,Action,Comedy
1984	11	Splash	splash	tt0088161	Romance,Fantasy,Comedy
1984	12	Purple Rain	purple_rain_fs	tt0087957	Drama,Romance,Music
1984	13	Tightrope	tightrope	tt0088272	Crime,Thriller,Mystery
1984	14	The Natural	natural	tt0087781	Drama,Sport
1984	15	Greystoke: The Legend of Tarzan, Lord of the Apes	greystoke	tt0087365	Adventure,Drama
1984	16	Revenge of the Nerds	revenge.of.the._tt0088000	tt0088000	Comedy
1984	17	Breakin'	breakin_fs	tt0086998	Drama,Music,Comedy
1984	18	Bachelor Party	bachelor_party	tt0086927	Comedy
1984	19	Red Dawn	red_dawn	tt0087985	Drama,Action,Thriller
1984	20	All of Me	all_of_me_fs	tt0086873	Romance,Fantasy,Comedy
1984	21	The Terminator	terminator	tt0088247	Adventure,Sci-Fi,Action
1984	22	Friday the 13th: The Final Chapter	friday_the_13th_final_chapter	tt0087298	Horror,Thriller
1984	23	Conan the Destroyer	conan_the_destroyer	tt0087078	Adventure,Action,Fantasy
1984	24	Sudden Impact	sudden_impact	tt0086383	Crime,Action,Thriller
1984	25	Silkwood	silkwood	tt0086312	Drama,Biography,History
1984	26	The Last Starfighter	last.starfighte_tt0087597	tt0087597	Adventure,Sci-Fi,Action
1984	27	Places in the Heart	places.in.the.h_tt0087921	tt0087921	Drama
1984	28	Cannonball Run II	cannonball.run._tt0087032	tt0087032	Action,Comedy
1984	29	Teachers	teachers_tt0088242	tt0088242	Drama,Comedy
1984	30	2010: The Year We Make Contact	2010.the.year.w_tt0086837	tt0086837	Adventure,Sci-Fi,Mystery
1984	31	The Muppets Take Manhattan	muppets.take.ma_tt0087755	tt0087755	Adventure,Drama,Comedy
1984	32	Scarface	scarface_tt0086250	tt0086250	Crime,Drama
1984	33	The Woman in Red	woman.in.red_tt0088414	tt0088414	Romance,Comedy
1984	34	Moscow on the Hudson	moscow.on.the.h_tt0087747	tt0087747	Drama,Romance,Comedy
1984	35	City Heat	city.heat_tt0087062	tt0087062	Crime,Action,Comedy
1984	36	Yentl	yentl_tt0086619	tt0086619	Drama,Musical,Romance
1984	37	Sixteen Candles	sixteen.candles_tt0088128	tt0088128	Romance,Comedy
1984	38	The Jungle Book1984 Re-release	jungle.book_tt0061852	tt0061852	Adventure,Animation,Comedy
1984	39	Against All Odds	against.all.odd_tt0086859	tt0086859	Adventure,Crime,Action
1984	40	Missing in Action	missing.in.acti_tt0087727	tt0087727	Adventure,Drama,Action
1984	41	Rhinestone	rhinestone_tt0088001	tt0088001	Music,Comedy
1984	42	Never Cry Wolf	never.cry.wolf_tt0086005	tt0086005	Adventure,Drama
1984	43	Top Secret!	top.secret_tt0088286	tt0088286	Crime,Music,Comedy
1984	44	Hot Dog... The Movie	hot.dog....the._tt0087425	tt0087425	Romance,Sport,Comedy
1984	45	The NeverEnding Story	neverending.sto_tt0088323	tt0088323	Adventure,Drama,Family
1984	46	Unfaithfully Yours		tt0088326	Music,Romance,Comedy
1984	47	Oh, God! You Devil	oh.god_tt0087835	tt0087835	Fantasy,Comedy
1984	48	Uncommon Valor	uncommon.valor_tt0086508	tt0086508	Drama,Action,Thriller
1984	49	Best Defense	best.defense_tt0086955	tt0086955	War,Comedy
1984	50	Dune	dune_tt0087182	tt0087182	Adventure,Sci-Fi,Action
1984	51	A Soldier's Story	a.soldiers.stor_tt0088146	tt0088146	Crime,Drama,Mystery
1984	52	Blame It on Rio	blame.it.on.rio_tt0086973	tt0086973	Romance,Comedy
1984	53	Lassiter		tt0087589	Crime,Drama,Action
1984	54	Angel		tt0086896	Crime,Action,Thriller
1984	55	Firestarter		tt0087262	Sci-Fi,Action,Horror
1984	56	Amadeus	amadeus_tt0086879	tt0086879	Drama,Biography,Music
1984	57	Beat Street		tt0086946	Drama,Music
1984	58	Weekend Pass		tt0088385	Comedy
1984	59	The Ice Pirates		tt0087451	Adventure,Action,Comedy
1984	60	Night of the Comet		tt0087799	Sci-Fi,Horror,Comedy
1984	61	Supergirl		tt0088206	Adventure,Action,Fantasy
1984	62	The Evil That Men Do		tt0087222	Drama,Action,Thriller
1984	63	Children of the Corn		tt0087050	Horror,Thriller
1984	64	Starman	starman_tt0088172	tt0088172	Romance,Sci-Fi
1984	65	The Big Chill	big_chill	tt0085244	Drama,Comedy
1984	66	Irreconcilable Differences		tt0087482	Drama,Romance,Comedy
1984	67	Dreamscape		tt0087175	Adventure,Action,Horror
1984	68	Pinocchio1984 Re-release	pinocchio_tt0032910	tt0032910	Adventure,Animation,Comedy
1984	69	The Cotton Club	cotton.club_tt0087089	tt0087089	Crime,Drama,Music
1984	70	Two of a Kind	two.of.a.kind_tt0086494	tt0086494	Music,Fantasy,Comedy
1984	71	Up the Creek		tt0088333	Comedy
1984	72	Tank		tt0088224	Drama,Action,Comedy
1984	73	Hard to Hold		tt0087384	Drama,Music,Comedy
1984	74	The Wild Life		tt0088402	Drama,Comedy
1984	75	Broadway Danny Rose		tt0087003	Comedy
1984	76	The Rescuers1983 Re-release	rescuers_tt0076618	tt0076618	Adventure,Animation,Comedy
1984	77	Where the Boys Are		tt0088395	Comedy
1984	78	Thief of Hearts		tt0088256	Crime,Drama,Thriller
1984	79	Gorky Park	gorky.park_tt0085615	tt0085615	Crime,Drama,Mystery
1984	80	D.C. Cab	d.c..cab_tt0085387	tt0085387	Action,Comedy
1984	81	Terror in the Aisles		tt0088249	Drama,Horror,Documentary
1984	82	Cloak and Dagger	cloak.and.dagge_tt0038417	tt0038417	Adventure,Drama,Film-Noir
1984	83	Christine	christine_tt0085333	tt0085333	Horror,Thriller
1984	84	Protocol	protocol_tt0087951	tt0087951	Comedy
1984	85	Falling in Love		tt0087233	Drama,Romance
1984	86	Bolero		tt0086987	Drama,Romance,Comedy
1984	87	Body Double		tt0086984	Crime,Drama,Mystery
1984	88	Oxford Blues		tt0087866	Drama,Sport,Comedy
1984	89	The Bounty		tt0086993	Adventure,Drama,History
1984	90	Reckless		tt0087983	Drama,Romance,Comedy
1984	91	Streets of Fire		tt0088194	Crime,Drama,Action
1984	92	Just the Way You Are		tt0087525	Music,Romance,Comedy
1984	93	The Little Drummer Girl		tt0087629	Drama
1984	94	To Be or Not to Be		tt0086450	Drama,War,Comedy
1984	95	Micki + Maude	micki..maude_tt0087718	tt0087718	Romance,Comedy
1984	96	Country		tt0087091	Drama
1984	97	Johnny Dangerously		tt0087507	Crime,Comedy
1984	98	Iceman		tt0087452	Drama,Sci-Fi
1984	99	A Nightmare on Elm Street	a.nightmare.on._tt0087800	tt0087800	Horror
1984	100	Hardbodies		tt0087385	Comedy
1984	101	The Pope of Greenwich Village		tt0087932	Crime,Action,Comedy
1984	102	Breakin' 2: Electric Boogaloo		tt0086999	Drama,Musical,Comedy
1984	103	Swing Shift		tt0088213	Drama,War,Romance
1984	104	The Razor's Edge		tt0087980	Drama,War,Romance
1984	105	Ninja III: The Domination		tt0087805	Action,Thriller,Fantasy
1984	106	The Philadelphia Experiment		tt0087910	Adventure,Drama,Romance
1984	107	The Adventures of Buckaroo Banzai Across the 8th Dimension		tt0086856	Adventure,Sci-Fi,Comedy
1984	108	Firstborn		tt0087263	Drama,Thriller
1984	109	The Right Stuff	right.stuff_tt0086197	tt0086197	Adventure,Biography,Drama
1984	110	The Flamingo Kid	flamingo.kid_tt0087265	tt0087265	Drama,Romance,Comedy
1984	111	A Christmas Story	a.christmas.sto_tt0085334	tt0085334	Family,Comedy
1984	112	Racing with the Moon		tt0087968	Drama,Romance,Comedy
1984	113	Sheena		tt0088103	Adventure,Fantasy
1984	114	The Man Who Loved Women	man.who.loved.w_tt0085891	tt0085891	Drama,Romance,Comedy
1984	115	The Lonely Guy		tt0087635	Romance,Comedy
1984	116	Meatballs Part II		tt0087700	Comedy
1984	117	Once Upon a Time in America	once.upon.a.time.in.america_tt0087843	tt0087843	Crime,Drama
1984	118	Alphabet City		tt0086877	Crime,Drama,Thriller
1984	119	The Hotel New Hampshire		tt0087428	Drama,Comedy
1984	120	American Dreamer		tt0086886	Crime,Romance,Comedy
1984	121	No Small Affair		tt0087810	Drama,Music,Comedy
1984	122	Harry & Son		tt0087386	Drama
1984	123	Grandview, U.S.A.		tt0087359	Drama
1984	124	C.H.U.D.		tt0087015	Sci-Fi,Horror
1984	125	Making the Grade		tt0087666	Romance,Comedy
1984	126	Star 80		tt0086355	Drama,Biography
1984	127	Joy of Sex		tt0087513	Romance,Comedy
1984	128	Until September		tt0088330	Drama,Romance
1984	129	This Is Spinal Tap		tt0088258	Music,Comedy
1984	130	Star Wars: Episode VI - Return of the Jedi	return_of_the_jedi	tt0086190	Adventure,Action,Fantasy
1984	131	Flashpoint		tt0087268	Crime,Drama,Action
1984	132	Cheech & Chong's: The Corsican Brothers		tt0087042	Comedy
1984	133	Exterminator 2		tt0087229	Crime,Drama,Action
1984	134	The Dresser		tt0085461	Drama
1984	135	Runaway		tt0088024	Crime,Drama,Action
1984	136	Crimes of Passion		tt0087100	Drama,Thriller,Romance
1984	137	The Warrior and the Sorceress		tt0088379	Adventure,Fantasy
1984	138	Impulse		tt0087464	Sci-Fi,Horror,Mystery
1984	139	The Bear		tt0086945	Drama,Biography,Family
1984	140	Under the Volcano		tt0088322	Drama
1984	141	Silent Night, Deadly Night		tt0088117	Horror,Thriller
1984	142	Electric Dreams		tt0087197	Drama,Music,Comedy
1984	143	Purple Hearts		tt0087956	Drama,War
1984	144	The Buddy System		tt0087006	Drama,Romance,Comedy
1984	145	Body Rock		tt0086985	Drama,Musical,Music
1984	146	Misunderstood		tt0087730	Drama
1984	147	Garbo Talks		tt0087313	Drama,Comedy
1984	148	Finders Keepers		tt0087260	Comedy
1984	149	The Smurfs and the Magic Flute		tt0074539	Family,Animation,Comedy
1984	150	Sahara		tt0086232	Adventure,Drama
1984	151	A Christmas Story1984 Re-release	a.christmas.sto_tt0085334	tt0085334	Family,Comedy
1984	152	The River Rat		tt0088006	Adventure,Crime,Drama
1984	153	Mike's Murder		tt0087722	Drama,Thriller,Mystery
1984	154	The Power		tt0081366	Horror
1984	155	Songwriter		tt0088153	Drama,Music
1984	156	A Passage to India	a.passage.to.in_tt0087892	tt0087892	Adventure,Drama,History
1984	157	The Killing Fields	killing_fields	tt0087553	Drama,Biography,History
1984	158	Scandalous		tt0088046	Mystery,Comedy
1984	159	Windy City		tt0088405	Drama,Romance
1984	160	Champions		tt0085320	Drama,Biography,Romance
1984	161	Razorback		tt0087981	Horror,Thriller
1984	162	Crackers		tt0087096	Adventure,Crime,Comedy
1984	163	Repo Man	repo.man_tt0087995	tt0087995	Crime,Sci-Fi,Comedy
1984	164	Slayground		tt0088135	Crime,Drama,Thriller
1984	165	The River	river_tt0088007	tt0088007	Drama
1984	166	Birdy	birdy_tt0086969	tt0086969	Drama,War
1984	167	Mrs. Soffel		tt0087751	Drama,Romance
1984	168	1984		tt0087803	Drama,Sci-Fi
1984	169	Stop Making Sense		tt0088178	Music,Documentary
1985	1	Back to the Future	back_to_the_future_fs	tt0088763	Adventure,Sci-Fi,Comedy
1985	2	Beverly Hills Cop	beverly_hills_cop	tt0086960	Crime,Action,Comedy
1985	3	Rambo: First Blood Part II	rambo_2	tt0089880	Adventure,Action,Thriller
1985	4	Rocky IV	rocky_4	tt0089927	Drama,Sport
1985	5	Cocoon	cocoon	tt0088933	Drama,Sci-Fi,Comedy
1985	6	Witness	witness	tt0090329	Crime,Drama,Romance
1985	7	The Goonies	goonies	tt0089218	Adventure,Family,Comedy
1985	8	Police Academy 2: Their First Assignment	police_academy_2	tt0089822	Comedy
1985	9	Fletch	fletch	tt0089155	Crime,Mystery,Comedy
1985	10	A View to a Kill	view_to_a_kill	tt0090264	Adventure,Action,Thriller
1985	11	National Lampoon's European Vacation	european_vacation	tt0089670	Adventure,Comedy
1985	12	Mask	mask_1985	tt0089560	Drama,Biography
1985	13	The Breakfast Club	breakfast_club	tt0088847	Drama,Comedy
1985	14	Pale Rider	pale_rider	tt0089767	Drama,Western
1985	15	Pee-wee's Big Adventure	pee_wees_big_adventure	tt0089791	Adventure,Family,Comedy
1985	16	Brewster's Millions	brewsters_millions	tt0088850	Comedy
1985	17	E.T. the Extra-Terrestrial1985 Re-release	et	tt0083866	Adventure,Family,Sci-Fi
1985	18	Jagged Edge	jagged_edge	tt0089360	Drama,Thriller,Mystery
1985	19	Mad Max Beyond Thunderdome	mad_max_thunderdome	tt0089530	Adventure,Sci-Fi,Action
1985	20	Spies Like Us	spies_like_us_fs	tt0090056	Adventure,Comedy
1985	21	Commando	commando	tt0088944	Adventure,Action,Thriller
1985	22	The Killing Fields	killing_fields	tt0087553	Drama,Biography,History
1985	23	Teen Wolf	teen_wolf	tt0090142	Romance,Fantasy,Comedy
1985	24	Silverado	silverado	tt0090022	Drama,Western,Action
1985	25	St. Elmo's Fire	st_elmos_fire	tt0090060	Drama,Romance
1985	26	Amadeus	amadeus_tt0086879	tt0086879	Drama,Biography,Music
1985	27	The Jewel of the Nile	jewel_of_the_nile	tt0089370	Adventure,Action,Comedy
1985	28	Desperately Seeking Susan	desperately.see_tt0089017	tt0089017	Drama,Comedy
1985	29	Prizzi's Honor	prizzis.honor_tt0089841	tt0089841	Crime,Drama,Comedy
1985	30	A Passage to India	a.passage.to.in_tt0087892	tt0087892	Adventure,Drama,History
1985	31	The Last Dragon	last.dragon_tt0089461	tt0089461	Drama,Action,Comedy
1985	32	Fright Night	fright.night_tt0089175	tt0089175	Horror
1985	33	Summer Rental	summer.rental_tt0090098	tt0090098	Comedy
1985	34	The Emerald Forest	emerald.forest_tt0089087	tt0089087	Adventure,Drama,Action
1985	35	Weird Science	weird.science_tt0090305	tt0090305	Romance,Sci-Fi,Comedy
1985	36	White Nights	white.nights_tt0090319	tt0090319	Drama,Music
1985	37	Agnes of God	agnes.of.god_tt0088683	tt0088683	Drama,Mystery
1985	38	Santa Claus	santa.claus.the_tt0089961	tt0089961	Adventure,Family,Fantasy
1985	39	Friday the 13th: A New Beginning	friday_the_13th_new_beginning	tt0089173	Thriller,Horror,Mystery
1985	40	The Black Cauldron	black.cauldron_tt0088814	tt0088814	Adventure,Action,Animation
1985	41	Porky's Revenge	porkys.revenge_tt0089826	tt0089826	Comedy
1985	42	Code of Silence	code.of.silence_tt0088936	tt0088936	Crime,Drama,Action
1985	43	Volunteers	volunteers_tt0090274	tt0090274	Adventure,Comedy
1985	44	The Care Bears Movie	care.bears.movi_tt0088885	tt0088885	Adventure,Animation,Comedy
1985	45	Year of the Dragon	year.of.the.dragon_tt0090350	tt0090350	Crime,Drama,Action
1985	46	Micki + Maude	micki..maude_tt0087718	tt0087718	Romance,Comedy
1985	47	Ladyhawke	ladyhawke_tt0089457	tt0089457	Adventure,Drama,Comedy
1985	48	A Nightmare on Elm Street	a.nightmare.on._tt0087800	tt0087800	Horror
1985	49	The Flamingo Kid	flamingo.kid_tt0087265	tt0087265	Drama,Romance,Comedy
1985	50	Invasion U.S.A.	invasion.u.s.a._tt0089348	tt0089348	Action,Thriller
1985	51	To Live and Die in L.A.	to.live.and.die_tt0090180	tt0090180	Crime,Drama,Action
1985	52	The Falcon and the Snowman	falcon.and.the._tt0087231	tt0087231	Crime,Biography,Drama
1985	53	Protocol	protocol_tt0087951	tt0087951	Comedy
1985	54	The Sure Thing	sure.thing_tt0090103	tt0090103	Drama,Romance,Comedy
1985	55	Out of Africa	out_of_africa	tt0089755	Drama,Biography,Romance
1985	56	The Gods Must Be Crazy	gods.must.be.cr_tt0080801	tt0080801	Adventure,Comedy
1985	57	Starman	starman_tt0088172	tt0088172	Romance,Sci-Fi
1985	58	Death Wish 3		tt0089003	Crime,Drama,Action
1985	59	King Solomon's Mines		tt0089421	Adventure,Action,Comedy
1985	60	Baby: Secret of the Lost Legend		tt0088760	Adventure,Family,Sci-Fi
1985	61	2010: The Year We Make Contact	2010.the.year.w_tt0086837	tt0086837	Adventure,Sci-Fi,Mystery
1985	62	Remo: Unarmed and Dangerous	remo.williams.t_tt0089901	tt0089901	Adventure,Action,Comedy
1985	63	Pinocchio1984 Re-release	pinocchio_tt0032910	tt0032910	Adventure,Animation,Comedy
1985	64	The Return of the Living Dead	return.of.the.l_tt0089907	tt0089907	Sci-Fi,Horror,Comedy
1985	65	Real Genius	real.genius_tt0089886	tt0089886	Romance,Sci-Fi,Comedy
1985	66	Tomboy		tt0090184	Comedy
1985	67	The Cotton Club	cotton.club_tt0087089	tt0087089	Crime,Drama,Music
1985	68	Follow That Bird		tt0089994	Adventure,Family,Comedy
1985	69	One Magic Christmas	one.magic.chris_tt0089731	tt0089731	Family,Fantasy
1985	70	City Heat	city.heat_tt0087062	tt0087062	Crime,Action,Comedy
1985	71	Cat's Eye		tt0088889	Drama,Horror,Comedy
1985	72	Vision Quest	vision.quest_tt0090270	tt0090270	Drama,Sport,Romance
1985	73	Perfect		tt0089798	Drama,Romance
1985	74	Compromising Positions		tt0088947	Drama,Mystery,Comedy
1985	75	Silver Bullet	silver.bullet_tt0090021	tt0090021	Horror
1985	76	Young Sherlock Holmes	young.sherlock._tt0090357	tt0090357	Adventure,Mystery,Fantasy
1985	77	Dune	dune_tt0087182	tt0087182	Adventure,Sci-Fi,Action
1985	78	Lifeforce	lifeforce_tt0089489	tt0089489	Action,Mystery,Horror
1985	79	Just One of the Guys	just.one.of.the_tt0089393	tt0089393	Romance,Comedy
1985	80	Star Wars: Episode VI - Return of the Jedi1985 Re-release	return_of_the_jedi	tt0086190	Adventure,Action,Fantasy
1985	81	Return to Oz		tt0089908	Adventure,Family,Fantasy
1985	82	Krush Groove		tt0089444	Drama,Music,Comedy
1985	83	Gotcha!	gotcha_tt0089222	tt0089222	Action,Mystery,Comedy
1985	84	Missing in Action 2: The Beginning		tt0089604	Drama,Action,Thriller
1985	85	One Hundred and One Dalmatians1985 Re-release	one.hundred.and_tt0055254	tt0055254	Adventure,Animation,Comedy
1985	86	Moving Violations		tt0089629	Comedy
1985	87	The River	river_tt0088007	tt0088007	Drama
1985	88	American Ninja		tt0088708	Adventure,Action,Romance
1985	89	Better Off Dead		tt0088794	Romance,Comedy
1985	90	After Hours	after.hours_tt0088680	tt0088680	Crime,Drama,Comedy
1985	91	The Purple Rose of Cairo	purple.rose.of._tt0089853	tt0089853	Romance,Fantasy,Comedy
1985	92	Explorers		tt0089114	Adventure,Family,Comedy
1985	93	Johnny Dangerously		tt0087507	Crime,Comedy
1985	94	The Journey of Natty Gann		tt0089385	Adventure,Drama,Family
1985	95	Once Bitten		tt0089730	Horror,Comedy
1985	96	Ghostbusters1985 Re-release	ghostbusters_1984	tt0087332	Fantasy,Action,Comedy
1985	97	Sweet Dreams		tt0090110	Drama,Biography,Music
1985	98	Target		tt0090130	Adventure,Crime,Action
1985	99	Mischief		tt0089601	Romance,Comedy
1985	100	The Man with One Red Shoe		tt0089543	Thriller,Comedy
1985	101	That Was Then... This Is Now		tt0090151	Crime,Drama
1985	102	Secret Admirer		tt0089981	Romance,Comedy
1985	103	The Color Purple	color_purple	tt0088939	Drama
1985	104	Tuff Turf		tt0090213	Drama,Action,Comedy
1985	105	Stick		tt0090073	Crime,Drama,Action
1985	106	1984		tt0087803	Drama,Sci-Fi
1985	107	Clue		tt0088930	Crime,Mystery,Comedy
1985	108	Breakin' 2: Electric Boogaloo		tt0086999	Drama,Musical,Comedy
1985	109	Ghostbusters	ghostbusters_1984	tt0087332	Fantasy,Action,Comedy
1985	110	Lost in America		tt0089504	Comedy
1985	111	D.A.R.Y.L.		tt0088979	Family,Sci-Fi
1985	112	The Trip to Bountiful		tt0090203	Drama
1985	113	A Nightmare on Elm Street 2: Freddy's Revenge	a.nightmare.on._tt0089686	tt0089686	Horror
1985	114	Transylvania 6-5000		tt0090196	Fantasy,Horror,Comedy
1985	115	Red Sonja		tt0089893	Adventure,Action,Fantasy
1985	116	A Chorus Line	a.chorus.line_tt0088915	tt0088915	Drama,Musical,Music
1985	117	Into the Night		tt0089346	Crime,Action,Comedy
1985	118	Girls Just Want to Have Fun		tt0089208	Music,Romance,Comedy
1985	119	Plenty		tt0089816	Drama
1985	120	Rustlers' Rhapsody		tt0089945	Western,Comedy
1985	121	Heaven Help Us		tt0089264	Drama,Romance,Comedy
1985	122	Gymkata		tt0089243	Action,Thriller
1985	123	Enemy Mine		tt0089092	Adventure,Drama,Action
1985	124	Avenging Angel		tt0088757	Crime,Action,Thriller
1985	125	Creator		tt0088960	Romance,Sci-Fi,Comedy
1985	126	Fantasia1985 Re-release	fantasia_tt0032455	tt0032455	Family,Animation,Fantasy
1985	127	Places in the Heart	places.in.the.h_tt0087921	tt0087921	Drama
1985	128	King David		tt0089420	Adventure,Biography,Drama
1985	129	Day of the Dead		tt0088993	Horror,Thriller
1985	130	Kiss of the Spider Woman	kiss.of.the.spi_tt0089424	tt0089424	Drama
1985	131	Gremlins1985 Re-release	gremlins	tt0087363	Fantasy,Horror,Comedy
1985	132	Rainbow Brite and the Star Stealer		tt0089877	Adventure,Family,Animation
1985	133	The Company of Wolves		tt0087075	Drama,Horror,Fantasy
1985	134	The Mean Season		tt0089572	Crime,Thriller
1985	135	That's Dancing!		tt0090152	Musical,Documentary
1985	136	My Science Project		tt0089652	Adventure,Action,Comedy
1985	137	Godzilla 1985		tt0087344	Drama,Sci-Fi,Action
1985	138	The Heavenly Kid		tt0089265	Romance,Fantasy,Comedy
1985	139	Mrs. Soffel		tt0087751	Drama,Romance
1985	140	Turk 182		tt0090217	Drama,Comedy
1985	141	The Bride		tt0088851	Romance,Horror,Fantasy
1985	142	Runaway		tt0088024	Crime,Drama,Action
1985	143	Fraternity Vacation		tt0089167	Comedy
1985	144	Starchaser: The Legend of Orin		tt0090065	Adventure,Action,Animation
1985	145	The Legend of Billie Jean		tt0089470	Drama,Action
1985	146	Rappin'		tt0089883	Drama,Musical,Music
1985	147	Fast Forward		tt0089129	Drama,Musical
1985	148	Bad Medicine		tt0088765	Comedy
1985	149	Maxie		tt0089569	Fantasy,Comedy
1985	150	A Private Function	a.private.funct_tt0089838	tt0089838	Comedy
1985	151	The Terminator	terminator	tt0088247	Adventure,Sci-Fi,Action
1985	152	The Quiet Earth		tt0089869	Drama,Sci-Fi,Mystery
1985	153	Marie		tt0089555	Drama,Biography
1985	154	Re-Animator		tt0089885	Sci-Fi,Horror,Comedy
1985	155	Bring on the Night		tt0088855	Music,Documentary
1985	156	A Sunday in the Country	a.sunday.in.the_tt0088318	tt0088318	Drama
1985	157	Falling in Love		tt0087233	Drama,Romance
1985	158	The Slugger's Wife		tt0090036	Music,Romance,Comedy
1985	159	Heavenly Bodies		tt0087399	Drama,Romance
1985	160	A Soldier's Story	a.soldiers.stor_tt0088146	tt0088146	Crime,Drama,Mystery
1985	161	Paris, Texas	paris.texas_tt0087884	tt0087884	Drama
1985	162	American Flyers		tt0088707	Drama,Sport
1985	163	Birdy	birdy_tt0086969	tt0086969	Drama,War
1985	164	The Perils of Gwendoline in the Land of the Yik Yak		tt0087903	Adventure,Action,Comedy
1985	165	The Aviator		tt0088758	Adventure,Drama
1985	166	Wetherby		tt0090310	Drama,Mystery
1985	167	Dreamchild		tt0089052	Drama,Biography,Comedy
1985	168	DEFCON-4		tt0087130	Adventure,Sci-Fi,Action
1985	169	Supergirl		tt0088206	Adventure,Action,Fantasy
1985	170	Code Name: Emerald		tt0088934	Drama,War,Action
1985	171	Mishima: A Life in Four Chapters	mishima.a.life._tt0089603	tt0089603	Drama,Biography
1985	172	Missing in Action	missing.in.acti_tt0087727	tt0087727	Adventure,Drama,Action
1985	173	The Holcroft Covenant		tt0089283	Crime,Action,Mystery
1985	174	Subway		tt0090095	Thriller
1985	175	Sylvester		tt0090112	Drama,Family
1985	176	Movers & Shakers		tt0089628	Comedy
1985	177	Private Resort		tt0089839	Comedy
1985	178	Oh, God! You Devil	oh.god_tt0087835	tt0087835	Fantasy,Comedy
1985	179	Eleni		tt0089079	Drama,War
1985	180	The New Kids		tt0089679	Crime,Drama,Horror
1985	181	Revolution		tt0089913	Adventure,Drama,History
1985	182	Night of the Comet		tt0087799	Sci-Fi,Horror,Comedy
1985	183	Fandango		tt0089126	Drama,Comedy
1985	184	Murphy's Romance	murphys.romance_tt0089643	tt0089643	Drama,Romance,Comedy
1985	185	Brazil	brazil_tt0088846	tt0088846	Drama,Sci-Fi,Thriller
1985	186	Fool for Love		tt0089160	Drama
1985	187	The Official Story	official.story_tt0089276	tt0089276	Drama,History
1985	188	Trouble in Mind		tt0090209	Crime,Drama,Comedy
1985	189	Smooth Talk		tt0090037	Drama,Thriller,Romance
1985	190	When Father Was Away on Business		tt0089748	Drama
1985	191	Colonel Redl		tt0089716	Drama,Biography,History
1986	1	Top Gun	top_gun	tt0092099	Drama,Action
1986	2	Crocodile Dundee	crocodile_dundee	tt0090555	Adventure,Comedy
1986	3	The Karate Kid Part II	karate.kid.part2.movie_tt0091326	tt0091326	Family,Action,Sport
1986	4	Back to School	back_to_school	tt0090685	Romance,Sport,Comedy
1986	5	Aliens	alien_2	tt0090605	Adventure,Action,Horror
1986	6	The Color Purple	color_purple	tt0088939	Drama
1986	7	Star Trek IV: The Voyage Home	star_trek_4	tt0092007	Adventure,Sci-Fi,Comedy
1986	8	Ruthless People	ruthless_people	tt0091877	Crime,Comedy
1986	9	Out of Africa	out_of_africa	tt0089755	Drama,Biography,Romance
1986	10	Ferris Bueller's Day Off	ferris_bueller	tt0091042	Comedy
1986	11	Down and Out in Beverly Hills	down_and_out_in_beverly_hills	tt0090966	Comedy
1986	12	The Color of Money	color_of_money	tt0090863	Drama,Sport
1986	13	Stand by Me	stand_by_me	tt0092005	Adventure,Drama,Comedy
1986	14	Legal Eagles	legal_eagles	tt0091396	Crime,Romance,Comedy
1986	15	Cobra	cobra	tt0090859	Crime,Action,Thriller
1986	16	The Jewel of the Nile	jewel_of_the_nile	tt0089370	Adventure,Action,Comedy
1986	17	Police Academy 3: Back in Training	police_academy_3	tt0091777	Comedy
1986	18	The Golden Child	golden_child	tt0091129	Adventure,Action,Comedy
1986	19	Peggy Sue Got Married	peggy_sue_got_married_fs	tt0091738	Drama,Fantasy,Comedy
1986	20	Poltergeist II: The Other Side	poltergeist_2	tt0091778	Horror
1986	21	Short Circuit	short_circuit	tt0091949	Family,Sci-Fi,Comedy
1986	22	Pretty in Pink	pretty_in_pink	tt0091790	Drama,Romance,Comedy
1986	23	The Fly	fly	tt0091064	Drama,Sci-Fi,Horror
1986	24	Rocky IV	rocky_4	tt0089927	Drama,Sport
1986	25	About Last Night	about.last.nigh_tt0090583	tt0090583	Drama,Romance,Comedy
1986	26	Running Scared	running.scared_tt0091875	tt0091875	Crime,Action,Comedy
1986	27	The Money Pit	money.pit_tt0091541	tt0091541	Comedy
1986	28	Gung Ho	gung.ho_tt0091159	tt0091159	Drama,Comedy
1986	29	Hannah and Her Sisters	hannah.and.her._tt0091167	tt0091167	Drama,Comedy
1986	30	An American Tail	an.american.tai_tt0090633	tt0090633	Adventure,Animation,Comedy
1986	31	Nothing in Common	nothing.in.comm_tt0091653	tt0091653	Drama,Romance,Comedy
1986	32	Heartbreak Ridge	heartbreak.ridg_tt0091187	tt0091187	Drama,War
1986	33	Jumpin' Jack Flash	jumpin.jack.fla_tt0091306	tt0091306	Romance,Thriller,Comedy
1986	34	Friday the 13th Part VI: Jason Lives	friday_the_13_6_jason_lives	tt0091080	Horror,Thriller
1986	35	Murphy's Romance	murphys.romance_tt0089643	tt0089643	Drama,Romance,Comedy
1986	36	Soul Man	fantastic.beast_tt4123432	tt4123432	Adventure,Fantasy
1986	37	Wildcats	wildcats_tt0092214	tt0092214	Sport,Comedy
1986	38	The Great Mouse Detective	great.mouse.det_tt0091149	tt0091149	Adventure,Family,Animation
1986	39	Heartburn	heartburn_tt0091188	tt0091188	Drama,Comedy
1986	40	Spies Like Us	spies_like_us_fs	tt0090056	Adventure,Comedy
1986	41	Iron Eagle	iron.eagle_tt0091278	tt0091278	War,Action,Thriller
1986	42	Three Amigos!	three.amigos_tt0092086	tt0092086	Western,Comedy
1986	43	Tough Guys	ticket.to.parad_tt14109724	tt14109724	Drama,Romance,Comedy
1986	44	One Hundred and One Dalmatians1985 Re-release	one.hundred.and_tt0055254	tt0055254	Adventure,Animation,Comedy
1986	45	F/X	fx_tt0089118	tt0089118	Action,Thriller
1986	46	Children of a Lesser God	children.of.a.l_tt0090830	tt0090830	Drama,Romance
1986	47	Back to the Future	back_to_the_future_fs	tt0088763	Adventure,Sci-Fi,Comedy
1986	48	House	house_tt0091223	tt0091223	Fantasy,Horror,Comedy
1986	49	Flight of the Navigator	flight.of.the.n_tt0091059	tt0091059	Adventure,Family,Comedy
1986	50	White Nights	white.nights_tt0090319	tt0090319	Drama,Music
1986	51	Jo Jo Dancer, Your Life Is Calling	jo.jo.dancer.yo_tt0091295	tt0091295	Drama,Biography,Comedy
1986	52	The Delta Force	delta.force_tt0090927	tt0090927	Adventure,Drama,Action
1986	53	Song of the South1986 Re-release		tt0038969	Family,Animation,Comedy
1986	54	Howard the Duck	howard.the.duck_tt0091225	tt0091225	Adventure,Action,Comedy
1986	55	Raw Deal	raw.deal_tt0091828	tt0091828	Crime,Action,Thriller
1986	56	Armed and Dangerous	armed.and.dange_tt0090660	tt0090660	Crime,Action,Comedy
1986	57	Legend		tt0089469	Adventure,Romance,Fantasy
1986	58	Youngblood		tt0092272	Drama,Sport,Romance
1986	59	Lady and the Tramp1986 Re-release	lady.and.the.tr_tt0048280	tt0048280	Adventure,Animation,Comedy
1986	60	Sleeping Beauty1986 Re-release	sleeping.beauty_tt0053285	tt0053285	Adventure,Family,Animation
1986	61	Psycho III		tt0091799	Thriller,Horror,Mystery
1986	62	A Nightmare on Elm Street 2: Freddy's Revenge	a.nightmare.on._tt0089686	tt0089686	Horror
1986	63	Little Shop of Horrors	little.shop.of._tt0091419	tt0091419	Musical,Horror,Comedy
1986	64	Sweet Liberty		tt0092035	Comedy
1986	65	One Crazy Summer		tt0091680	Romance,Comedy
1986	66	Extremities		tt0091024	Drama,Thriller
1986	67	April Fool's Day		tt0090655	Horror,Mystery
1986	68	Labyrinth	labyrinth_tt0091369	tt0091369	Adventure,Family,Fantasy
1986	69	Critters		tt0090887	Sci-Fi,Horror,Comedy
1986	70	Club Paradise		tt0090856	Comedy
1986	71	Firewalker		tt0091055	Adventure,Action,Comedy
1986	72	Big Trouble in Little China		tt0090728	Adventure,Action,Comedy
1986	73	Under the Cherry Moon		tt0092133	Drama,Music,Comedy
1986	74	Murphy's Law		tt0091575	Crime,Drama,Action
1986	75	Brazil	brazil_tt0088846	tt0088846	Drama,Sci-Fi,Thriller
1986	76	SpaceCamp		tt0091993	Adventure,Family,Sci-Fi
1986	77	Deadly Friend		tt0090917	Drama,Sci-Fi,Horror
1986	78	Manhunter		tt0091474	Crime,Thriller,Mystery
1986	79	Crimes of the Heart	crimes.of.the.h_tt0090886	tt0090886	Drama,Comedy
1986	80	Blue Velvet	blue.velvet_tt0090756	tt0090756	Crime,Drama,Mystery
1986	81	Something Wild	something.wild_tt0091983	tt0091983	Crime,Romance,Comedy
1986	82	Lucas		tt0091445	Drama,Romance,Comedy
1986	83	Kiss of the Spider Woman	kiss.of.the.spi_tt0089424	tt0089424	Drama
1986	84	Care Bears Movie II: A New Generation		tt0090799	Adventure,Animation,Comedy
1986	85	The Morning After	morning.after_tt0091554	tt0091554	Crime,Mystery,Romance
1986	86	Haunted Honeymoon		tt0091178	Comedy
1986	87	The Texas Chainsaw Massacre 2		tt0092076	Horror,Comedy
1986	88	The Best of Times		tt0090713	Drama,Sport,Comedy
1986	89	Quicksilver		tt0091814	Crime,Drama,Thriller
1986	90	Young Sherlock Holmes	young.sherlock._tt0090357	tt0090357	Adventure,Mystery,Fantasy
1986	91	A Chorus Line	a.chorus.line_tt0088915	tt0088915	Drama,Musical,Music
1986	92	Maximum Overdrive		tt0091499	Horror,Action,Comedy
1986	93	Wise Guys		tt0092226	Crime,Comedy
1986	94	The Name of the Rose		tt0091605	Drama,Thriller,Mystery
1986	95	She's Gotta Have It		tt0091939	Romance,Comedy
1986	96	No Mercy		tt0091637	Crime,Drama,Romance
1986	97	Blue City		tt0090753	Crime,Drama,Action
1986	98	Trick or Treat		tt0092112	Music,Horror,Comedy
1986	99	9½ Weeks		tt0091635	Drama,Romance
1986	100	Black Moon Rising		tt0090735	Crime,Action,Thriller
1986	101	Enemy Mine		tt0089092	Adventure,Drama,Action
1986	102	Runaway Train	runaway.train_tt0089941	tt0089941	Adventure,Drama,Action
1986	103	The Mosquito Coast		tt0091557	Adventure,Drama,Thriller
1986	104	Just Between Friends		tt0091310	Drama
1986	105	Clue		tt0088930	Crime,Mystery,Comedy
1986	106	The Boy Who Could Fly		tt0090768	Drama,Romance,Fantasy
1986	107	A Fine Mess		tt0091051	Crime,Action,Comedy
1986	108	My Little Pony: The Movie		tt0091584	Adventure,Family,Animation
1986	109	Highlander		tt0091203	Adventure,Action,Fantasy
1986	110	The Transformers: The Movie		tt0092106	Adventure,Action,Animation
1986	111	The Hitcher		tt0091209	Thriller,Mystery
1986	112	Crossroads		tt0090888	Drama,Mystery,Music
1986	113	Mona Lisa	mona.lisa_tt0091538	tt0091538	Crime,Drama,Romance
1986	114	Troll		tt0092115	Fantasy,Horror,Comedy
1986	115	52 Pick-Up		tt0090567	Crime,Drama,Thriller
1986	116	Out of Bounds		tt0091706	Crime,Drama,Action
1986	117	Vamp	vamp_tt0092147	tt0092147	Fantasy,Horror,Comedy
1986	118	Invaders from Mars		tt0091276	Sci-Fi,Horror
1986	119	Band of the Hand		tt0090693	Crime,Drama,Action
1986	120	American Anthem		tt0090631	Drama,Sport
1986	121	Off Beat		tt0091668	Crime,Romance,Comedy
1986	122	Violets Are Blue...		tt0092173	Drama,Romance
1986	123	Avenging Force		tt0090678	Drama,Action,Thriller
1986	124	Fire with Fire		tt0091053	Drama,Romance
1986	125	Eliminators		tt0091003	Adventure,Action,Fantasy
1986	126	Brighton Beach Memoirs		tt0090774	Comedy
1986	127	Tai-Pan		tt0092042	Adventure
1986	128	My Chauffeur		tt0091579	Comedy
1986	129	No Retreat, No Surrender		tt0089695	Crime,Action,Comedy
1986	130	The Manhattan Project		tt0091472	Sci-Fi,Thriller
1986	131	Power		tt0091786	Drama
1986	132	King Kong Lives		tt0091344	Adventure,Action
1986	133	The Wraith		tt0092240	Romance,Action,Horror
1986	134	Head Office		tt0091183	Comedy
1986	135	Born American		tt0091313	Drama,Action,Thriller
1986	136	Round Midnight	round.midnight_tt0090557	tt0090557	Drama,Music
1986	137	That's Life!		tt0092079	Drama,Comedy
1986	138	Twice in a Lifetime		tt0090223	Drama,Romance
1986	139	Bullies		tt0090779	Drama,Action,Thriller
1986	140	Deadtime Stories		tt0092850	Drama,Fantasy,Comedy
1986	141	Playing for Keeps		tt0091767	Comedy
1986	142	The Men's Club		tt0091508	Drama
1986	143	Streets of Gold		tt0092022	Drama,Sport
1986	144	P.O.W. the Escape		tt0091713	Adventure,Drama,Action
1986	145	Hey There, It's Yogi Bear		tt0154587	Adventure,Animation,Comedy
1986	146	Dangerously Close		tt0090904	Crime,Action,Thriller
1986	147	At Close Range		tt0090670	Crime,Drama
1986	148	Shanghai Surprise		tt0091934	Adventure,Crime,Comedy
1986	149	Sky Bandits		tt0091963	Adventure,Drama,Action
1986	150	Nomads		tt0091647	Drama,Horror,Mystery
1986	151	Turtle Diary		tt0090219	Drama,Romance,Comedy
1986	152	Three Men and a Cradle		tt0090206	Comedy
1986	153	Rad		tt0091817	Drama,Sport
1986	154	The Clan of the Cave Bear		tt0090848	Adventure,Drama,Fantasy
1986	155	Jake Speed		tt0091282	Adventure,Action,Comedy
1986	156	Quiet Cool		tt0091815	Action
1986	157	Platoon	platoon	tt0091763	Drama,War
1986	158	Link		tt0091415	Horror
1986	159	Pirates		tt0091757	Adventure,Action,Comedy
1986	160	Solarbabies		tt0091981	Adventure,Drama,Action
1986	161	Clockwise		tt0090852	Comedy
1986	162	Ran	ran_tt0089881	tt0089881	Drama,War,Action
1986	163	The Mission	mission_tt0091530	tt0091530	Adventure,Drama,History
1986	164	GoBots: Battle of the Rock Lords		tt0091123	Adventure,Action,Animation
1986	165	8 Million Ways to Die		tt0090568	Crime,Drama,Action
1986	166	The Adventures of the American Rabbit		tt0166948	Family,Animation,Fantasy
1986	167	From Beyond		tt0091083	Sci-Fi,Horror
1986	168	Water		tt0090297	Adventure,Drama,Comedy
1986	169	Touch and Go		tt0092104	Drama,Romance,Comedy
1986	170	Hoosiers	hoosiers_tt0091217	tt0091217	Drama,Sport
1986	171	Santa Claus	santa.claus.the_tt0089961	tt0089961	Adventure,Family,Fantasy
1986	172	Absolute Beginners		tt0090585	Drama,Musical,Romance
1986	173	The Adventures of Mark Twain		tt0088678	Adventure,Action,Animation
1986	174	Ginger & Fred		tt0091113	Drama,Comedy
1986	175	La Cage aux Folles 3: The Wedding		tt0088873	Comedy
1986	176	Nutcracker		tt0091658	Music,Family,Fantasy
1986	177	Fool for Love		tt0089160	Drama
1986	178	Night of the Creeps		tt0091630	Sci-Fi,Horror,Comedy
1986	179	Nobody's Fool		tt0091642	Drama,Romance,Comedy
1986	180	Dream Lover		tt0090970	Crime,Drama,Thriller
1986	181	night, Mother		tt0090556	Drama
1986	182	Desert Bloom		tt0090934	Drama,Family,Romance
1986	183	Weekend Warriors		tt0092195	Music,Action,Comedy
1986	184	TerrorVision		tt0092074	Sci-Fi,Horror,Comedy
1986	185	Every Time We Say Goodbye		tt0091019	Drama,War,Romance
1986	186	Lady Jane		tt0091374	Drama,Biography,History
1986	187	Willy/Milly		tt0092216	Fantasy,Comedy
1986	188	The Boy in Blue		tt0090769	Drama,Biography,Sport
1986	189	The Gospel According to Vic		tt0089221	Drama,Comedy
1986	190	Revolution		tt0089913	Adventure,Drama,History
1986	191	Radioactive Dreams		tt0091818	Adventure,Action,Comedy
1986	192	Stripper		tt0090092	Documentary
1986	193	Hardbodies 2		tt0091173	Comedy
1986	194	Sid and Nancy	sid.and.nancy_tt0091954	tt0091954	Drama,Biography,Music
1986	195	A Room with a View	tough.guys_tt0092105	tt0092105	Crime,Comedy
1986	196	Betty Blue	betty.blue_tt0090563	tt0090563	Drama,Romance
1986	197	Witchboard		tt0090327	Thriller,Horror,Mystery
1986	198	Defense of the Realm		tt0089009	Thriller
1986	199	Marlene		tt0085905	Biography,Documentary
1986	200	Duet for One		tt0092934	Drama,Music
1987	1	Beverly Hills Cop II	beverly_hills_cop_2	tt0092644	Crime,Action,Comedy
1987	2	Platoon	platoon	tt0091763	Drama,War
1987	3	Fatal Attraction	fatal_attraction	tt0093010	Drama,Thriller
1987	4	The Untouchables	untouchables	tt0094226	Crime,Drama,Thriller
1987	5	Three Men and a Baby	three_men_and_a_baby	tt0094137	Drama,Family,Comedy
1987	6	The Secret of My Success	secret_of_my_success	tt0093936	Romance,Comedy
1987	7	Stakeout	stakeout	tt0094025	Crime,Action,Comedy
1987	8	Lethal Weapon	lethal_weapon	tt0093409	Crime,Action,Thriller
1987	9	The Witches of Eastwick	witches_of_eastwick	tt0094332	Fantasy,Horror,Comedy
1987	10	Predator	predator	tt0093773	Adventure,Action,Horror
1987	11	Dragnet	dragnet	tt0092925	Crime,Mystery,Comedy
1987	12	La Bamba	la_bamba	tt0093378	Drama,Biography,Music
1987	13	Crocodile Dundee	crocodile_dundee	tt0090555	Adventure,Comedy
1987	14	RoboCop	robocop	tt0093870	Crime,Sci-Fi,Action
1987	15	Outrageous Fortune	outrageous_fortune	tt0093690	Comedy
1987	16	Dirty Dancing	dirty_dancing_fs	tt0092890	Drama,Romance,Music
1987	17	The Living Daylights	living_daylights	tt0093428	Adventure,Action,Thriller
1987	18	Snow White and the Seven Dwarfs1987 Re-release	snow.white.and._tt0029583	tt0029583	Adventure,Family,Animation
1987	19	Full Metal Jacket	full_metal_jacket	tt0093058	Drama,War
1987	20	A Nightmare on Elm Street 3: Dream Warriors	nightmare_on_elm_street_3	tt0093629	Horror,Fantasy
1987	21	Mannequin	mannequin	tt0093493	Romance,Fantasy,Comedy
1987	22	Roxanne	roxanne_fs	tt0093886	Romance,Comedy
1987	23	Blind Date	blind_date	tt0092666	Romance,Comedy
1987	24	Spaceballs	spaceballs_fs	tt0094012	Adventure,Sci-Fi,Comedy
1987	25	Star Trek IV: The Voyage Home	star_trek_4	tt0092007	Adventure,Sci-Fi,Comedy
1987	26	The Golden Child	golden_child	tt0091129	Adventure,Action,Comedy
1987	27	Summer School	summer.school_tt0094072	tt0094072	Romance,Comedy
1987	28	No Way Out	no.way.out_tt0093640	tt0093640	Crime,Drama,Action
1987	29	Planes, Trains & Automobiles	planes.trains.._tt0093748	tt0093748	Drama,Comedy
1987	30	The Running Man	running.man_tt0093894	tt0093894	Sci-Fi,Action,Thriller
1987	31	Like Father Like Son	like.father.lik_tt0093418	tt0093418	Fantasy,Comedy
1987	32	Adventures in Babysitting	adventures.in.b_tt0092513	tt0092513	Adventure,Crime,Comedy
1987	33	The Lost Boys	lost.boys_tt0093437	tt0093437	Horror,Comedy
1987	34	Can't Buy Me Love	cant.buy.me.lov_tt0092718	tt0092718	Drama,Romance,Comedy
1987	35	The Princess Bride	princess.bride_tt0093779	tt0093779	Adventure,Family,Comedy
1987	36	Throw Momma from the Train	throw.momma.fro_tt0094142	tt0094142	Crime,Thriller,Comedy
1987	37	Revenge of the Nerds II: Nerds in Paradise	revenge.of.the._tt0093857	tt0093857	Comedy
1987	38	Harry and the Hendersons	harry.and.the.h_tt0093148	tt0093148	Family,Fantasy,Comedy
1987	39	Cinderella1987 Re-release	cinderella_tt0042332	tt0042332	Family,Animation,Fantasy
1987	40	Police Academy 4: Citizens on Patrol	police.academy._tt0093756	tt0093756	Crime,Comedy
1987	41	Eddie Murphy: Raw	eddie.murphy.ra_tt0092948	tt0092948	Documentary,Comedy
1987	42	Baby Boom	baby.boom_tt0092605	tt0092605	Drama,Romance,Comedy
1987	43	Innerspace	innerspace_tt0093260	tt0093260	Adventure,Action,Comedy
1987	44	Tin Men	tin.men_tt0094155	tt0094155	Drama,Comedy
1987	45	Black Widow	black.widow_tt0090738	tt0090738	Crime,Drama,Mystery
1987	46	Little Shop of Horrors	little.shop.of._tt0091419	tt0091419	Musical,Horror,Comedy
1987	47	Hoosiers	hoosiers_tt0091217	tt0091217	Drama,Sport
1987	48	Ernest Goes to Camp	ernest.goes.to._tt0092974	tt0092974	Family,Comedy
1987	49	Raising Arizona	raising.arizona_tt0093822	tt0093822	Crime,Comedy
1987	50	Nuts	nuts_tt0093660	tt0093660	Drama,Thriller
1987	51	Jaws: The Revenge	jaws.the.reveng_tt0093300	tt0093300	Adventure,Horror,Thriller
1987	52	A Room with a View	tough.guys_tt0092105	tt0092105	Crime,Comedy
1987	53	Hello Again	beast_tt13223398	tt13223398	Adventure,Drama,Action
1987	54	Critical Condition	critical.condit_tt0092798	tt0092798	Comedy
1987	55	Benji the Hunted	benji.the.hunte_tt0092638	tt0092638	Adventure,Family
1987	56	The Principal		tt0093780	Crime,Drama,Action
1987	57	The Believers		tt0092632	Crime,Drama,Horror
1987	58	Some Kind of Wonderful		tt0094006	Drama,Romance
1987	59	Project X		tt0093793	Drama,Sci-Fi,Comedy
1987	60	Wall Street	wall.street_tt0094291	tt0094291	Crime,Drama
1987	61	The Big Easy	big.easy_tt0092654	tt0092654	Crime,Drama,Comedy
1987	62	The Aristocats1987 Re-release		tt0065421	Adventure,Animation,Comedy
1987	63	Suspect		tt0094082	Crime,Drama,Mystery
1987	64	Born in East L.A.		tt0092690	Comedy
1987	65	Masters of the Universe		tt0093507	Adventure,Action,Fantasy
1987	66	Angel Heart		tt0092563	Thriller,Horror,Mystery
1987	67	The Morning After	morning.after_tt0091554	tt0091554	Crime,Mystery,Romance
1987	68	Lady and the Tramp1986 Re-release	lady.and.the.tr_tt0048280	tt0048280	Adventure,Animation,Comedy
1987	69	Burglar		tt0092710	Crime,Mystery,Comedy
1987	70	Over the Top		tt0093692	Drama,Action,Sport
1987	71	Three Amigos!	three.amigos_tt0092086	tt0092086	Western,Comedy
1987	72	The Mission	mission_tt0091530	tt0091530	Adventure,Drama,History
1987	73	Superman IV: The Quest for Peace	superman.iv.the_tt0094074	tt0094074	Adventure,Sci-Fi,Action
1987	74	Flowers in the Attic		tt0093036	Drama,Thriller,Mystery
1987	75	Radio Days	radio.days_tt0093818	tt0093818	Comedy
1987	76	*batteries not included	batteries.not.i_tt0092494	tt0092494	Family,Fantasy,Comedy
1987	77	Hellraiser		tt0093177	Horror,Thriller
1987	78	Ishtar		tt0093278	Adventure,Action,Comedy
1987	79	Crimes of the Heart	crimes.of.the.h_tt0090886	tt0090886	Drama,Comedy
1987	80	Prince of Darkness		tt0093777	Horror,Fantasy
1987	81	Creepshow 2		tt0092796	Horror,Fantasy
1987	82	An American Tail	an.american.tai_tt0090633	tt0090633	Adventure,Animation,Comedy
1987	83	Hamburger Hill		tt0093137	Drama,Action,Thriller
1987	84	The Gate		tt0093075	Horror,Fantasy
1987	85	The Pick-up Artist		tt0093737	Crime,Drama,Comedy
1987	86	Back to the Beach		tt0092608	Musical,Comedy
1987	87	The Bedroom Window		tt0092627	Crime,Drama,Mystery
1987	88	The Fourth Protocol		tt0093044	Thriller
1987	89	Less Than Zero		tt0093407	Crime,Drama
1987	90	Heartbreak Ridge	heartbreak.ridg_tt0091187	tt0091187	Drama,War
1987	91	Fatal Beauty		tt0093011	Crime,Action,Comedy
1987	92	Children of a Lesser God	children.of.a.l_tt0090830	tt0090830	Drama,Romance
1987	93	Extreme Prejudice		tt0092997	Crime,Drama,Action
1987	94	Light of Day		tt0093415	Drama,Music
1987	95	Disorderlies		tt0092897	Comedy
1987	96	Broadcast News	broadcast.news_tt0092699	tt0092699	Drama,Romance,Comedy
1987	97	Someone to Watch Over Me		tt0094008	Crime,Drama,Romance
1987	98	The Hidden		tt0093185	Crime,Sci-Fi,Horror
1987	99	From the Hip		tt0093051	Crime,Drama,Comedy
1987	100	Overboard	overboard_tt0093693	tt0093693	Romance,Comedy
1987	101	Empire of the Sun	empire.of.the.s_tt0092965	tt0092965	Drama,War
1987	102	My Life as a Dog	my.life.as.a.do_tt0089606	tt0089606	Drama,Comedy
1987	103	Teen Wolf Too		tt0094118	Fantasy,Comedy
1987	104	House II: The Second Story		tt0093220	Fantasy,Horror,Comedy
1987	105	The Mosquito Coast		tt0091557	Adventure,Drama,Thriller
1987	106	Brighton Beach Memoirs		tt0090774	Comedy
1987	107	Wanted: Dead or Alive		tt0094293	Crime,Drama,Action
1987	108	Maid to Order		tt0093476	Fantasy,Comedy
1987	109	Witchboard		tt0090327	Thriller,Horror,Mystery
1987	110	Who's That Girl		tt0094321	Romance,Comedy
1987	111	Hiding Out		tt0093186	Drama,Romance,Comedy
1987	112	Death Wish 4: The Crackdown		tt0092857	Crime,Drama,Action
1987	113	The Chipmunk Adventure		tt0092752	Adventure,Animation,Comedy
1987	114	Assassination		tt0092585	Drama,Action,Romance
1987	115	Evil Dead II		tt0092991	Horror,Comedy
1987	116	Wisdom		tt0092225	Crime,Drama
1987	117	Surrender		tt0094078	Romance,Comedy
1987	118	Nadine		tt0093596	Romance,Mystery,Comedy
1987	119	The Sicilian		tt0093966	Crime,Drama,Action
1987	120	No Mercy		tt0091637	Crime,Drama,Romance
1987	121	Gardens of Stone		tt0093073	Drama,War,Romance
1987	122	Hollywood Shuffle	hollywood.shuff_tt0093200	tt0093200	Comedy
1987	123	River's Edge		tt0091860	Crime,Drama
1987	124	Made in Heaven		tt0093467	Romance,Fantasy,Comedy
1987	125	Death Before Dishonor		tt0092854	Drama,Action
1987	126	The Last Emperor	last_emperor	tt0093389	Drama,Biography,History
1987	127	The Dead	dead_tt0092843	tt0092843	Drama
1987	128	The Color Purple1987 Re-release	color_purple	tt0088939	Drama
1987	129	Best Seller		tt0092641	Crime,Drama,Action
1987	130	Hot Pursuit		tt0093215	Comedy
1987	131	American Ninja 2: The Confrontation		tt0092548	Drama,Action,Comedy
1987	132	My Demon Lover		tt0093589	Fantasy,Horror,Comedy
1987	133	Leonard Part 6		tt0093405	Sci-Fi,Action,Comedy
1987	134	North Shore		tt0093648	Drama,Action,Romance
1987	135	The Monster Squad		tt0093560	Fantasy,Action,Comedy
1987	136	Allan Quatermain and the Lost City of Gold		tt0092534	Adventure,Action,Comedy
1987	137	Three O'Clock High		tt0094138	Comedy
1987	138	Big Shots		tt0092655	Adventure,Crime,Comedy
1987	139	Near Dark		tt0093605	Horror
1987	140	Wish You Were Here		tt0094331	Drama,Comedy
1987	141	Barfly		tt0092618	Drama,Romance,Comedy
1987	142	Malone		tt0093483	Drama,Action,Thriller
1987	143	Sign 'o' the Times		tt0093970	Music,Documentary
1987	144	No Man's Land		tt0093638	Crime,Drama,Thriller
1987	145	Heat		tt0093164	Crime,Drama,Action
1987	146	Hannah and Her Sisters1987 Re-release	hannah.and.her._tt0091167	tt0091167	Drama,Comedy
1987	147	Sid and Nancy	sid.and.nancy_tt0091954	tt0091954	Drama,Biography,Music
1987	148	The Allnighter		tt0092537	Romance,Comedy
1987	149	Hello Mary Lou: Prom Night II		tt0093176	Horror,Thriller
1987	150	The Care Bears Adventure in Wonderland		tt0092723	Adventure,Animation,Comedy
1987	151	House of Games	house.of.games_tt0093223	tt0093223	Crime,Drama,Thriller
1987	152	The Stepfather		tt0094035	Horror,Thriller
1987	153	Maurice		tt0093512	Drama,Romance
1987	154	Dead of Winter		tt0092842	Drama,Horror,Thriller
1987	155	The Kindred		tt0091343	Sci-Fi,Horror,Thriller
1987	156	The Squeeze		tt0094021	Crime,Action,Comedy
1987	157	Russkies		tt0093898	Drama
1987	158	Weeds		tt0094304	Drama,Music
1987	159	Date with an Angel		tt0092834	Romance,Fantasy,Comedy
1987	160	Betty Blue	betty.blue_tt0090563	tt0090563	Drama,Romance
1987	161	The Curse		tt0092809	Sci-Fi,Horror
1987	162	Personal Services		tt0093727	Comedy
1987	163	The Big Town		tt0092656	Drama,Thriller,Romance
1987	164	Matewan		tt0093509	Drama,History
1987	165	Prick Up Your Ears		tt0093776	Drama,Biography
1987	166	Making Mr. Right		tt0093477	Romance,Sci-Fi,Comedy
1987	167	The Garbage Pail Kids Movie		tt0093072	Adventure,Family,Comedy
1987	168	Morgan Stewart's Coming Home		tt0093567	Comedy
1987	169	The Whistle Blower		tt0092206	Drama,Thriller
1987	170	A Prayer for the Dying		tt0093771	Crime,Drama,Action
1987	171	From a Whisper to a Scream		tt0091671	Drama,Action,Horror
1987	172	China Girl		tt0092751	Crime,Drama,Romance
1987	173	Dancers		tt0092822	Drama,Musical,Romance
1987	174	Return to Horror High		tt0093854	Horror,Comedy
1987	175	Cry Freedom	cry.freedom_tt0092804	tt0092804	Drama,Biography,History
1987	176	King Kong Lives		tt0091344	Adventure,Action
1987	177	Street Smart		tt0094056	Crime,Drama,Thriller
1987	178	Swimming to Cambodia		tt0094089	Drama,Comedy
1987	179	84 Charing Cross Road		tt0090570	Drama,Biography,Romance
1987	180	Housekeeping		tt0093225	Drama,Comedy
1987	181	Cross My Heart		tt0092802	Romance,Comedy
1987	182	Campus Man		tt0092717	Comedy
1987	183	Million Dollar Mystery		tt0093539	Mystery,Comedy
1987	184	Gothic		tt0091142	Drama,Horror,Fantasy
1987	185	Real Men		tt0093828	Sci-Fi,Action,Comedy
1987	186	Marlene		tt0085905	Biography,Documentary
1987	187	Beyond Therapy		tt0092646	Comedy
1987	188	The Hanoi Hilton		tt0093143	Drama,War
1987	189	Defense of the Realm		tt0089009	Thriller
1987	190	Chuck Berry: Hail! Hail! Rock 'n' Roll		tt0092758	Music,Biography,Documentary
1987	191	In the Mood		tt0093253	Romance,Comedy
1987	192	Moonstruck	moonstruck	tt0093565	Drama,Romance,Comedy
1987	193	Oviri		tt0091712	Drama,Biography
1987	194	Steel Dawn		tt0094033	Adventure,Sci-Fi,Action
1987	195	Amazon Women on the Moon		tt0092546	Sci-Fi,Comedy
1987	196	Man on Fire		tt0093489	Drama,Action,Thriller
1987	197	September		tt0093940	Drama
1987	198	Good Morning, Vietnam	good_morning_vietnam	tt0093105	Drama,Biography,Comedy
1987	199	The Good Father		tt0093103	Drama
1987	200	Number One with a Bullet		tt0093658	Crime,Action,Thriller
1988	1	Who Framed Roger Rabbit	who.framed.roge_tt0096438	tt0096438	Adventure,Animation,Comedy
1988	2	Coming to America	coming_to_america	tt0094898	Romance,Comedy
1988	3	Good Morning, Vietnam	good_morning_vietnam	tt0093105	Drama,Biography,Comedy
1988	4	Big	big	tt0094737	Drama,Fantasy,Comedy
1988	5	Crocodile Dundee II	crocodile_dundee_2	tt0092493	Adventure,Action,Comedy
1988	6	Three Men and a Baby	three_men_and_a_baby	tt0094137	Drama,Family,Comedy
1988	7	Die Hard	diehard	tt0095016	Action,Thriller
1988	8	Moonstruck	moonstruck	tt0093565	Drama,Romance,Comedy
1988	9	Cocktail	cocktail	tt0094889	Drama,Romance,Comedy
1988	10	Beetlejuice	beetlejuice	tt0094721	Fantasy,Comedy
1988	11	A Fish Called Wanda	fish_called_wanda	tt0095159	Crime,Comedy
1988	12	Willow	willow	tt0096446	Adventure,Drama,Action
1988	13	Rambo III	rambo_3	tt0095956	Adventure,Action,Thriller
1988	14	Scrooged	scrooged	tt0096061	Drama,Fantasy,Comedy
1988	15	Bull Durham	bull_durham	tt0094812	Romance,Sport,Comedy
1988	16	Twins	twins_fs	tt0096320	Crime,Comedy
1988	17	A Nightmare on Elm Street 4: The Dream Master	nightmare_on_elm_street_4	tt0095742	Horror
1988	18	Colors	colors	tt0094894	Crime,Drama,Action
1988	19	Young Guns	young_guns_fs	tt0096487	Drama,Western,Action
1988	20	Biloxi Blues	biloxi_blues	tt0094746	Drama,Comedy
1988	21	The Naked Gun: From the Files of Police Squad!	naked_gun	tt0095705	Crime,Comedy
1988	22	The Great Outdoors	great_outdoors	tt0095253	Comedy
1988	23	Big Business	big_business	tt0094739	Comedy
1988	24	The Last Emperor	last_emperor	tt0093389	Drama,Biography,History
1988	25	Bambi1988 Re-release	bambi_tt0034492	tt0034492	Adventure,Drama,Animation
1988	26	Midnight Run	midnight_run	tt0095631	Crime,Action,Comedy
1988	27	The Dead Pool	dead_pool	tt0094963	Crime,Action,Mystery
1988	28	Broadcast News	broadcast.news_tt0092699	tt0092699	Drama,Romance,Comedy
1988	29	The Land Before Time	land.before.tim_tt0095489	tt0095489	Adventure,Drama,Animation
1988	30	Oliver & Company	oliver..company_tt0095776	tt0095776	Adventure,Animation,Comedy
1988	31	Red Heat	red.heat_tt0095963	tt0095963	Crime,Action,Comedy
1988	32	Child's Play	childs.play_tt0094862	tt0094862	Horror,Thriller
1988	33	Rain Man	rainman	tt0095953	Drama
1988	34	The Accused	accused_tt0094608	tt0094608	Crime,Drama
1988	35	Shoot to Kill	shoot.to.kill_tt0096098	tt0096098	Adventure,Crime,Action
1988	36	Ernest Saves Christmas	ernest.saves.ch_tt0095107	tt0095107	Family,Fantasy,Comedy
1988	37	Throw Momma from the Train	throw.momma.fro_tt0094142	tt0094142	Crime,Thriller,Comedy
1988	38	Fatal Attraction	fatal_attraction	tt0093010	Drama,Thriller
1988	39	Wall Street	wall.street_tt0094291	tt0094291	Crime,Drama
1988	40	Betrayed	betrayed_tt0094731	tt0094731	Crime,Drama,Thriller
1988	41	Tequila Sunrise	tequila.sunrise_tt0096244	tt0096244	Crime,Drama,Romance
1988	42	Funny Farm	funny.farm_tt0095188	tt0095188	Comedy
1988	43	Alien Nation	alien.nation_tt0094631	tt0094631	Sci-Fi,Action
1988	44	Gorillas in the Mist	gorillas.in.the_tt0095243	tt0095243	Drama,Biography
1988	45	Eddie Murphy: Raw	eddie.murphy.ra_tt0092948	tt0092948	Documentary,Comedy
1988	46	The Fox and the Hound1988 Re-release	fox.and.the.hou_tt0082406	tt0082406	Adventure,Drama,Animation
1988	47	License to Drive	license.to.driv_tt0095519	tt0095519	Comedy
1988	48	Short Circuit 2	short.circuit.2_tt0096101	tt0096101	Drama,Family,Comedy
1988	49	Married to the Mob	married.to.the._tt0095593	tt0095593	Crime,Romance,Comedy
1988	50	Punchline	punchline_tt0095927	tt0095927	Drama,Romance,Comedy
1988	51	The Presidio	presidio_tt0095897	tt0095897	Crime,Action,Mystery
1988	52	Action Jackson	action.jackson_tt0094612	tt0094612	Crime,Action,Comedy
1988	53	Tucker: The Man and His Dream	tucker.the.man._tt0096316	tt0096316	Drama,Biography,Comedy
1988	54	The Serpent and the Rainbow	serpent.and.the_tt0096071	tt0096071	Horror,Fantasy
1988	55	Police Academy 5: Assignment: Miami Beach	police.academy._tt0095882	tt0095882	Crime,Comedy
1988	56	Friday the 13th: The New Blood	friday_the_13th_7_new_blood	tt0095179	Horror,Thriller
1988	57	The Seventh Sign	seventh.sign_tt0096073	tt0096073	Drama,Horror,Fantasy
1988	58	Above the Law		tt0094602	Crime,Drama,Action
1988	59	*batteries not included	batteries.not.i_tt0092494	tt0092494	Family,Fantasy,Comedy
1988	60	Dirty Rotten Scoundrels	dirty.rotten.sc_tt0095031	tt0095031	Crime,Comedy
1988	61	Halloween 4: The Return of Michael Myers		tt0095271	Horror,Thriller
1988	62	Frantic		tt0095174	Crime,Drama,Mystery
1988	63	Johnny Be Good		tt0095409	Sport,Comedy
1988	64	For Keeps?		tt0095169	Drama,Romance,Comedy
1988	65	Overboard	overboard_tt0093693	tt0093693	Romance,Comedy
1988	66	Crossing Delancey		tt0094921	Romance,Comedy
1988	67	Bright Lights, Big City		tt0094799	Drama
1988	68	She's Having a Baby		tt0096094	Drama,Romance,Comedy
1988	69	Masquerade		tt0095599	Drama,Thriller,Romance
1988	70	Cocoon: The Return	cocoon.the.retu_tt0094890	tt0094890	Adventure,Mystery,Comedy
1988	71	Big Top Pee-wee		tt0094744	Adventure,Romance,Comedy
1988	72	Arthur 2: On the Rocks		tt0094678	Romance,Comedy
1988	73	School Daze		tt0096054	Drama,Musical,Comedy
1988	74	Planes, Trains & Automobiles	planes.trains.._tt0093748	tt0093748	Drama,Comedy
1988	75	Poltergeist III		tt0095889	Horror,Thriller
1988	76	Stand and Deliver		tt0094027	Drama,Biography
1988	77	The Milagro Beanfield War		tt0095638	Drama,Fantasy,Comedy
1988	78	Return to Snowy River		tt0095993	Adventure,Drama,Romance
1988	79	Vice Versa		tt0096380	Fantasy,Comedy
1988	80	Empire of the Sun	empire.of.the.s_tt0092965	tt0092965	Drama,War
1988	81	They Live		tt0096256	Sci-Fi,Action,Horror
1988	82	Mystic Pizza	mystic.pizza_tt0095690	tt0095690	Drama,Romance,Comedy
1988	83	D.O.A.		tt0094933	Thriller,Mystery
1988	84	Everybody's All-American		tt0095119	Drama,Sport,Romance
1988	85	Casual Sex?		tt0094846	Comedy
1988	86	Working Girl	working_girl	tt0096463	Drama,Romance,Comedy
1988	87	Bloodsport	bloodsport_tt0092675	tt0092675	Drama,Biography,Action
1988	88	Caddyshack II		tt0094824	Sport,Comedy
1988	89	Moon Over Parador		tt0095654	Romance,Comedy
1988	90	The Couch Trip		tt0094910	Comedy
1988	91	Moving	moving_tt0095662	tt0095662	Comedy
1988	92	Iron Eagle II		tt0095382	Drama,Action,Romance
1988	93	Shakedown		tt0096087	Crime,Drama,Action
1988	94	The Unbearable Lightness of Being	unbearable.ligh_tt0096332	tt0096332	Drama,Romance
1988	95	Hope and Glory	hope.and.glory_tt0093209	tt0093209	Drama,Romance,Comedy
1988	96	Bad Dreams		tt0094701	Horror,Thriller
1988	97	Return of the Living Dead II		tt0095990	Sci-Fi,Horror,Comedy
1988	98	Switching Channels		tt0096203	Crime,Comedy
1988	99	Salsa		tt0096030	Romance,Music
1988	100	Clean and Sober		tt0094884	Drama
1988	101	U2: Rattle and Hum		tt0096328	Music,Documentary
1988	102	High Spirits		tt0095304	Romance,Fantasy,Comedy
1988	103	Without a Clue		tt0096454	Crime,Mystery,Comedy
1988	104	Dirty Dancing	dirty_dancing_fs	tt0092890	Drama,Romance,Music
1988	105	The Last Temptation of Christ	last.temptation_tt0095497	tt0095497	Drama
1988	106	Satisfaction		tt0096037	Music,Romance,Comedy
1988	107	The Blob		tt0094761	Sci-Fi,Horror,Thriller
1988	108	Nuts	nuts_tt0093660	tt0093660	Drama,Thriller
1988	109	Dead Ringers	dead.ringers_tt0094964	tt0094964	Drama,Horror,Thriller
1988	110	A New Life		tt0095726	Comedy
1988	111	My Stepmother Is an Alien		tt0095687	Sci-Fi,Comedy
1988	112	Stealing Home		tt0096171	Drama,Sport,Romance
1988	113	Phantasm II		tt0095863	Sci-Fi,Horror,Fantasy
1988	114	Off Limits		tt0095774	Drama,Action,Thriller
1988	115	A Cry in the Dark	a.cry.in.the.da_tt0094924	tt0094924	Drama,Biography
1988	116	Hairspray		tt0095270	Drama,Family,Comedy
1988	117	Fresh Horses		tt0095178	Drama,Romance
1988	118	Ironweed		tt0093277	Drama
1988	119	Hot to Trot		tt0095326	Fantasy,Comedy
1988	120	Mac and Me		tt0095560	Adventure,Family,Comedy
1988	121	The Unholy		tt0096340	Horror
1988	122	A Night in the Life of Jimmy Reardon		tt0095736	Drama,Romance,Comedy
1988	123	Braddock: Missing in Action III		tt0094792	War,Action
1988	124	Cinderella1987 Re-release	cinderella_tt0042332	tt0042332	Family,Animation,Fantasy
1988	125	1969		tt0094594	Drama,War
1988	126	The Rescue		tt0095981	Adventure,Drama,Action
1988	127	Hellbound: Hellraiser II		tt0095294	Horror,Thriller
1988	128	Eight Men Out		tt0095082	Drama,Sport,History
1988	129	Elvira: Mistress of the Dark		tt0095088	Horror,Comedy
1988	130	Heartbreak Hotel		tt0095288	Musical,Romance,Comedy
1988	131	Monkey Shines		tt0095652	Drama,Sci-Fi,Horror
1988	132	Hero and the Terror		tt0095296	Crime,Drama,Action
1988	133	Clara's Heart		tt0094882	Drama
1988	134	The Good Mother		tt0095238	Drama,Romance
1988	135	Sunset		tt0096193	Crime,Drama,Comedy
1988	136	Bat*21		tt0094712	Drama,War
1988	137	Feds		tt0095145	Crime,Comedy
1988	138	Critters 2: The Main Course		tt0094919	Sci-Fi,Horror,Comedy
1988	139	Sweet Hearts Dance		tt0096200	Drama,Romance,Comedy
1988	140	Imagine: John Lennon		tt0095360	Music,Biography,Documentary
1988	141	Dead Heat		tt0094961	Horror,Action,Comedy
1988	142	Memories of Me		tt0095613	Drama,Comedy
1988	143	Tougher Than Leather		tt0096291	Crime,Drama,Music
1988	144	The New Adventures of Pippi Longstocking		tt0093744	Adventure,Family,Fantasy
1988	145	Madame Sousatzka		tt0095564	Drama,Music
1988	146	Things Change		tt0096259	Crime,Drama,Comedy
1988	147	The Big Blue		tt0095250	Adventure,Drama,Sport
1988	148	Pumpkinhead		tt0095925	Horror,Fantasy
1988	149	The Running Man	running.man_tt0093894	tt0093894	Sci-Fi,Action,Thriller
1988	150	Wings of Desire	wings.of.desire_tt0093191	tt0093191	Drama,Romance,Fantasy
1988	151	White Mischief		tt0094317	Crime,Drama,Mystery
1988	152	Dominick and Eugene		tt0095050	Drama
1988	153	Messenger of Death		tt0095626	Crime,Action,Mystery
1988	154	Cry Freedom	cry.freedom_tt0092804	tt0092804	Drama,Biography,History
1988	155	Running on Empty	running.on.empty_tt0096018	tt0096018	Crime,Drama,Music
1988	156	The Manchurian Candidate1988 Re-release	manchurian.cand_tt0056218	tt0056218	Drama,Thriller
1988	157	18 Again!		tt0094593	Romance,Fantasy,Comedy
1988	158	Kansas		tt0095428	Crime,Drama,Romance
1988	159	A World Apart	a.world.apart_tt0096464	tt0096464	Drama
1988	160	Salaam Bombay!	salaam.bombay_tt0096028	tt0096028	Crime,Drama
1988	161	The Moderns		tt0095649	Drama,Romance,Comedy
1988	162	I'm Gonna Git You Sucka		tt0095348	Crime,Action,Comedy
1988	163	Vibes		tt0096378	Adventure,Romance,Comedy
1988	164	Stormy Monday		tt0096180	Crime,Drama,Music
1988	165	Little Nikita		tt0095532	Drama,Thriller
1988	166	Lady in White		tt0095484	Horror,Mystery,Fantasy
1988	167	A Handful of Dust		tt0095274	Drama,Romance
1988	168	Two Moon Junction		tt0096324	Drama,Romance
1988	169	Pascali's Island		tt0095827	Drama
1988	170	I've Heard the Mermaids Singing		tt0093239	Drama,Comedy
1988	171	Patty Hearst		tt0095836	Drama,Biography
1988	172	Mr. North		tt0095665	Drama,Comedy
1988	173	A Time of Destiny		tt0096271	Drama,War
1988	174	The Thin Blue Line	thin.blue.line_tt0096257	tt0096257	Crime,Documentary
1988	175	The Lair of the White Worm		tt0095488	Horror,Comedy
1988	176	Sammy and Rosie Get Laid		tt0093913	Drama,Romance,Comedy
1988	177	Aria		tt0092580	Drama,Music,Comedy
1988	178	Mississippi Burning	mississippi.bur_tt0095647	tt0095647	Crime,Drama,Mystery
1988	179	Five Corners		tt0093029	Crime,Drama,Thriller
1988	180	Appointment with Death		tt0094669	Crime,Drama,Mystery
1988	181	Watchers		tt0096425	Sci-Fi,Action,Horror
1988	182	Bulletproof		tt0094813	Action
1988	183	Leonard Part 6		tt0093405	Sci-Fi,Action,Comedy
1988	184	And God Created Woman	and.god.created_tt0092559	tt0092559	Drama,Romance,Comedy
1988	185	Siesta		tt0093969	Drama,Mystery,Romance
1988	186	Split Decisions		tt0096161	Drama,Action,Sport
1988	187	Maniac Cop		tt0095583	Crime,Action,Horror
1988	188	Spellbinder		tt0096152	Drama,Horror,Romance
1988	189	Da		tt0094934	Drama,Fantasy
1988	190	Powaqqatsi		tt0095895	Music,Documentary
1988	191	Buster		tt0094819	Crime,Drama,Comedy
1988	192	Beaches	beaches	tt0094715	Drama,Music,Comedy
1988	193	Full Moon in Blue Water		tt0095186	Drama,Romance,Comedy
1988	194	Track 29		tt0096294	Drama,Mystery
1988	195	Aloha Summer		tt0094637	Drama,Comedy
1988	196	The Decline of Western Civilization Part II: The Metal Years		tt0094980	Music,Documentary
1988	197	Gandahar		tt0095525	Adventure,Animation,Fantasy
1988	198	The Family		tt0093004	Drama,Romance
1988	199	The Deceivers		tt0094979	Adventure,Crime,Drama
1988	200	Prison		tt0095904	Crime,Drama,Horror
1989	1	Batman	batman	tt0096895	Adventure,Action
1989	2	Indiana Jones and the Last Crusade	last_crusade	tt0097576	Adventure,Action,Fantasy
1989	3	Lethal Weapon 2	lethal_weapon_2	tt0097733	Crime,Action,Thriller
1989	4	Rain Man	rainman	tt0095953	Drama
1989	5	Honey, I Shrunk the Kids	honey_i_shrunk_the_kids_fs	tt0097523	Adventure,Family,Comedy
1989	6	Look Who's Talking	look_whos_talking	tt0097778	Romance,Comedy
1989	7	Ghostbusters II	ghostbusters_2	tt0097428	Fantasy,Action,Comedy
1989	8	Dead Poets Society	dead_poets_society	tt0097165	Drama,Comedy
1989	9	Parenthood	parenthood_tt0098067	tt0098067	Drama,Comedy
1989	10	Back to the Future Part II	back_to_the_future_2_fs	tt0096874	Adventure,Sci-Fi,Comedy
1989	11	When Harry Met Sally...	when_harry_met_sally	tt0098635	Drama,Romance,Comedy
1989	12	Turner & Hooch	turner_and_hooch	tt0098536	Crime,Drama,Comedy
1989	13	Uncle Buck	uncle_buck	tt0098554	Comedy
1989	14	Field of Dreams	field_of_dreams	tt0097351	Drama,Family,Fantasy
1989	15	Twins	twins_fs	tt0096320	Crime,Comedy
1989	16	Sea of Love	sea_of_love	tt0098273	Crime,Drama,Mystery
1989	17	Pet Sematary	pet_sematary	tt0098084	Horror,Thriller,Fantasy
1989	18	The Abyss	abyss	tt0096754	Adventure,Drama,Mystery
1989	19	Harlem Nights	harlem_nights	tt0097481	Crime,Drama,Comedy
1989	20	National Lampoon's Christmas Vacation	christmas_vacation	tt0097958	Comedy
1989	21	Star Trek V: The Final Frontier	star_trek_5_final_frontier	tt0098382	Adventure,Action,Fantasy
1989	22	Working Girl	working_girl	tt0096463	Drama,Romance,Comedy
1989	23	Major League	major_league	tt0097815	Sport,Comedy
1989	24	Beaches	beaches	tt0094715	Drama,Music,Comedy
1989	25	See No Evil, Hear No Evil	see_no_evil_hear_no_evil	tt0098282	Crime,Comedy
1989	26	Black Rain	black.rain_tt0096933	tt0096933	Crime,Drama,Action
1989	27	The Little Mermaid	little.mermaid_tt0097757	tt0097757	Adventure,Family,Animation
1989	28	K-9	k9_tt0097637	tt0097637	Crime,Action,Comedy
1989	29	Steel Magnolias	steel.magnolias_tt0098384	tt0098384	Drama,Romance,Comedy
1989	30	Three Fugitives	three.fugitives_tt0098471	tt0098471	Action,Comedy
1989	31	Bill & Ted's Excellent Adventure	bill..teds.exce_tt0096928	tt0096928	Adventure,Music,Comedy
1989	32	The War of the Roses	war_of_the_roses	tt0098621	Romance,Comedy
1989	33	The Karate Kid Part III	karate.kid.part_tt0097647	tt0097647	Drama,Family,Action
1989	34	The 'Burbs	burbs_tt0096734	tt0096734	Thriller,Mystery,Comedy
1989	35	The Naked Gun: From the Files of Police Squad!	naked_gun	tt0095705	Crime,Comedy
1989	36	Fletch Lives	fletch.lives_tt0097366	tt0097366	Crime,Mystery,Comedy
1989	37	Licence to Kill	licence.to.kill_tt0097742	tt0097742	Adventure,Action,Thriller
1989	38	Dangerous Liaisons	dangerous.liais_tt0094947	tt0094947	Drama,Romance
1989	39	Mississippi Burning	mississippi.bur_tt0095647	tt0095647	Crime,Drama,Mystery
1989	40	The Accidental Tourist	accidental.tour_tt0094606	tt0094606	Drama,Romance,Comedy
1989	41	Lean on Me	lean.on.me_tt0097722	tt0097722	Drama,Biography
1989	42	The Bear	bear_tt0095800	tt0095800	Adventure,Drama,Family
1989	43	Weekend at Bernie's	weekend.at.bern_tt0098627	tt0098627	Adventure,Crime,Comedy
1989	44	Road House	road.house_tt0098206	tt0098206	Action,Thriller
1989	45	Peter Pan1989 Re-release		tt0046183	Adventure,Family,Animation
1989	46	The Dream Team	dream.team_tt0097235	tt0097235	Crime,Thriller,Comedy
1989	47	Do the Right Thing	do.the.right.th_tt0097216	tt0097216	Drama,Comedy
1989	48	Sex, Lies, and Videotape	sex.lies.and.vi_tt0098724	tt0098724	Drama
1989	49	Dirty Rotten Scoundrels	dirty.rotten.sc_tt0095031	tt0095031	Crime,Comedy
1989	50	A Nightmare on Elm Street: The Dream Child	a.nightmare.on._tt0097981	tt0097981	Horror,Fantasy
1989	51	Dad	dad_tt0097142	tt0097142	Drama,Comedy
1989	52	Lock Up	lock.up_tt0097770	tt0097770	Crime,Drama,Action
1989	53	Cousins	cousins_tt0097116	tt0097116	Romance,Comedy
1989	54	The Rescuers1989 Re-release	rescuers_tt0076618	tt0076618	Adventure,Animation,Comedy
1989	55	Say Anything	say.anything_tt0098258	tt0098258	Drama,Romance,Comedy
1989	56	All Dogs Go to Heaven		tt0096787	Adventure,Animation,Comedy
1989	57	An Innocent Man	an.innocent.man_tt0097579	tt0097579	Crime,Drama,Action
1989	58	The Fly II	fly.ii_tt0097368	tt0097368	Drama,Sci-Fi,Horror
1989	59	Skin Deep	skin.deep_tt0098343	tt0098343	Drama,Romance,Comedy
1989	60	Her Alibi		tt0097500	Crime,Mystery,Comedy
1989	61	Casualties of War	casualties.of.w_tt0097027	tt0097027	Crime,Drama,Action
1989	62	Prancer		tt0098115	Drama,Family,Fantasy
1989	63	The Fabulous Baker Boys		tt0097322	Drama,Music,Comedy
1989	64	Crimes and Misdemeanors	crimes.and.misd_tt0097123	tt0097123	Drama,Comedy
1989	65	Oliver & Company	oliver..company_tt0095776	tt0095776	Adventure,Animation,Comedy
1989	66	Tango & Cash	tango_and_cash	tt0098439	Crime,Action,Comedy
1989	67	Shocker		tt0098320	Horror,Thriller,Comedy
1989	68	Chances Are		tt0097044	Romance,Fantasy,Comedy
1989	69	No Holds Barred		tt0097987	Action,Sport
1989	70	Next of Kin		tt0097967	Crime,Drama,Action
1989	71	Leviathan		tt0097737	Adventure,Horror,Mystery
1989	72	Tequila Sunrise	tequila.sunrise_tt0096244	tt0096244	Crime,Drama,Romance
1989	73	Kickboxer		tt0097659	Thriller,Action,Sport
1989	74	Friday the 13th Part VIII: Jason Takes Manhattan	friday_the_13th_8_jason_takes_manhattan	tt0097388	Adventure,Horror,Thriller
1989	75	Great Balls of Fire!		tt0097457	Drama,Biography,Music
1989	76	The Land Before Time	land.before.tim_tt0095489	tt0095489	Adventure,Drama,Animation
1989	77	Pink Cadillac		tt0098097	Crime,Action,Comedy
1989	78	She's Out of Control		tt0098308	Comedy
1989	79	Halloween 5: The Revenge of Michael Myers		tt0097474	Horror,Thriller
1989	80	Gross Anatomy		tt0097458	Drama
1989	81	Police Academy 6: City Under Siege		tt0098105	Crime,Comedy
1989	82	Young Einstein		tt0096486	Comedy
1989	83	I'm Gonna Git You Sucka		tt0095348	Crime,Action,Comedy
1989	84	Who's Harry Crumb?		tt0098645	Mystery,Comedy
1989	85	Always	always_tt0096794	tt0096794	Drama,Romance,Fantasy
1989	86	New York Stories		tt0097965	Drama,Romance,Comedy
1989	87	The Package		tt0098051	Crime,Drama,Action
1989	88	Cyborg		tt0097138	Sci-Fi,Action,Thriller
1989	89	Criminal Law		tt0097125	Crime,Drama,Thriller
1989	90	She-Devil		tt0098309	Comedy
1989	91	Tap		tt0098442	Drama,Music,Comedy
1989	92	Renegades	renegades_tt0098188	tt0098188	Crime,Drama,Action
1989	93	Scandal		tt0098260	Drama,History
1989	94	True Believer		tt0098524	Crime,Drama,Mystery
1989	95	Troop Beverly Hills		tt0098519	Adventure,Comedy
1989	96	Blaze		tt0096943	Drama,Biography,Comedy
1989	97	Cheetah		tt0097053	Adventure,Drama,Family
1989	98	DeepStar Six		tt0097179	Sci-Fi,Action,Horror
1989	99	Dead Bang	dead.bang_tt0097166	tt0097166	Crime,Drama,Action
1989	100	The Adventures of Baron Munchausen		tt0096764	Adventure,Fantasy,Comedy
1989	101	Dead Calm		tt0097162	Horror,Thriller
1989	102	Disorganized Crime		tt0097211	Crime,Action,Comedy
1989	103	The Wizard		tt0098663	Adventure,Drama,Comedy
1989	104	Scrooged	scrooged	tt0096061	Drama,Fantasy,Comedy
1989	105	Family Business		tt0097328	Crime,Drama
1989	106	Johnny Handsome		tt0097626	Crime,Drama,Thriller
1989	107	Relentless		tt0098184	Crime,Thriller
1989	108	Shag		tt0098300	Drama,Romance,Comedy
1989	109	We're No Angels		tt0098625	Crime,Comedy
1989	110	Hellbound: Hellraiser II		tt0095294	Horror,Thriller
1989	111	My Stepmother Is an Alien		tt0095687	Sci-Fi,Comedy
1989	112	UHF		tt0098546	Sci-Fi,Comedy
1989	113	Shirley Valentine	shirley.valentine_tt0098319	tt0098319	Drama,Romance,Comedy
1989	114	Immediate Family		tt0097567	Drama
1989	115	Millennium		tt0097883	Drama,Sci-Fi,Thriller
1989	116	Dream a Little Dream		tt0097236	Drama,Romance,Comedy
1989	117	Second Sight		tt0098276	Sci-Fi,Mystery,Comedy
1989	118	Let It Ride		tt0097731	Action,Comedy
1989	119	See You in the Morning		tt0098283	Drama,Romance
1989	120	Torch Song Trilogy		tt0096289	Drama,Romance,Comedy
1989	121	Drugstore Cowboy	drugstore.cowbo_tt0097240	tt0097240	Crime,Drama
1989	122	The January Man		tt0097613	Crime,Action,Comedy
1989	123	The Mighty Quinn		tt0097880	Crime,Drama,Action
1989	124	Staying Together		tt0098383	Drama,Comedy
1989	125	Listen to Me		tt0097756	Drama,Romance
1989	126	Red Scorpion		tt0098180	Adventure,Action
1989	127	Loverboy		tt0097790	Comedy
1989	128	The Phantom of the Opera		tt0098090	Drama,Horror,Music
1989	129	Earth Girls Are Easy		tt0097257	Musical,Romance,Comedy
1989	130	Cocoon: The Return	cocoon.the.retu_tt0094890	tt0094890	Adventure,Mystery,Comedy
1989	131	A Dry White Season		tt0097243	Drama,Thriller
1989	132	Worth Winning		tt0098678	Romance,Comedy
1989	133	Old Gringo		tt0098022	Adventure,Romance,History
1989	134	Fat Man and Little Boy		tt0097336	Drama,Biography,History
1989	135	Physical Evidence		tt0098093	Crime,Mystery,Romance
1989	136	Kinjite: Forbidden Subjects		tt0097670	Crime,Drama,Action
1989	137	Talk Radio		tt0096219	Drama,Thriller
1989	138	Rude Awakening		tt0098230	Comedy
1989	139	Speed Zone		tt0098369	Action,Sport,Comedy
1989	140	In Country		tt0097570	Drama,War,Romance
1989	141	Fright Night Part 2		tt0097390	Horror,Thriller,Comedy
1989	142	976-EVIL		tt0094597	Fantasy,Horror,Comedy
1989	143	The Adventures of Milo and Otis		tt0097050	Adventure,Drama,Family
1989	144	Gleaming the Cube		tt0097438	Drama,Action,Mystery
1989	145	Farewell to the King		tt0097334	Adventure,Drama,Action
1989	146	Sing		tt0098335	Drama,Musical
1989	147	Scenes from the Class Struggle in Beverly Hills		tt0098261	Comedy
1989	148	Bird	bird_tt0094747	tt0094747	Drama,Biography,Music
1989	149	Jacknife		tt0097607	Drama,War
1989	150	Rooftops		tt0098222	Crime,Drama,Action
1989	151	Winter People		tt0098659	Drama
1989	152	Pelle the Conqueror	pelle.the.conqu_tt0093713	tt0093713	Drama
1989	153	Communion		tt0097100	Drama,Biography,Horror
1989	154	Breaking In		tt0096976	Adventure,Comedy
1989	155	Cookie		tt0097109	Crime,Comedy
1989	156	Miss Firecracker		tt0097892	Drama,Comedy
1989	157	Erik the Viking		tt0097289	Adventure,Fantasy,Comedy
1989	158	Bloodfist		tt0096952	Action,Sport
1989	159	House III: The Horror Show		tt0097527	Horror
1989	160	Best of the Best		tt0096913	Drama,Action,Sport
1989	161	How I Got Into College		tt0097530	Romance,Comedy
1989	162	Vincent		tt0094269	Drama,Biography,Animation
1989	163	Another Woman		tt0094663	Drama
1989	164	Romero		tt0098219	Crime,Biography,Drama
1989	165	Babar: The Movie		tt0096869	Adventure,Family,Animation
1989	166	Driving Miss Daisy	driving_miss_daisy	tt0097239	Drama,Comedy
1989	167	Little Vera		tt0095574	Drama,Romance
1989	168	High Hopes		tt0095302	Drama,Comedy
1989	169	Miracle Mile		tt0097889	Drama,Action,Romance
1989	170	Valmont		tt0098575	Drama,Romance
1989	171	Heathers	heathers_tt0097493	tt0097493	Crime,Comedy
1989	172	Heart of Dixie		tt0097490	Drama
1989	173	Wired		tt0098660	Drama,Biography,Comedy
1989	174	The Music Teacher		tt0095606	Drama,Music
1989	175	Pumpkinhead1989 Re-release		tt0095925	Horror,Fantasy
1989	176	Getting It Right		tt0097424	Drama,Romance,Comedy
1989	177	Ernest Saves Christmas	ernest.saves.ch_tt0095107	tt0095107	Family,Fantasy,Comedy
1989	178	American Ninja 3: Blood Hunt		tt0096804	Drama,Action
1989	179	Parents		tt0098068	Horror,Mystery,Comedy
1989	180	Crack House		tt0097119	Crime,Drama,Action
1989	181	Little Monsters		tt0097758	Adventure,Family,Comedy
1989	182	The Toxic Avenger Part II		tt0098503	Horror,Action,Comedy
1989	183	Born on the Fourth of July	born_on_the_fourth_of_july	tt0096969	Drama,Biography,War
1989	184	Vampire's Kiss		tt0098577	Crime,Fantasy,Comedy
1989	185	Distant Voices, Still Lives		tt0095037	Drama,Music
1989	186	Wuthering Heights	wuthering.heigh_tt0032145	tt0032145	Drama,Romance
1989	187	Eddie and the Cruisers II: Eddie Lives!		tt0097262	Drama,Romance,Music
1989	188	Thelonious Monk: Straight, No Chaser		tt0098465	Music,Biography,Documentary
1989	189	Enemies, A Love Story	enemies.a.love._tt0097276	tt0097276	Drama,Romance,Comedy
1989	190	Slaves of New York		tt0098347	Drama,Comedy
1989	191	Some Girls		tt0098356	Drama,Fantasy,Comedy
1989	192	The Toxic Avenger Part III: The Last Temptation of Toxie		tt0098502	Fantasy,Action,Comedy
1989	193	Glory	glory_tt0097441	tt0097441	Drama,Biography,History
1989	194	Crusoe		tt0094923	Adventure,Drama
1989	195	Out Cold		tt0098042	Drama,Thriller,Comedy
1989	196	The Chocolate War		tt0094869	Drama
1989	197	Roger & Me	roger..me_tt0098213	tt0098213	Documentary
1989	198	Powwow Highway		tt0098112	Adventure,Drama
1989	199	Kill Me Again		tt0097662	Crime,Drama,Action
1989	200	Heavy Petting		tt0095289	Documentary
1990	1	Ghost	ghost	tt0099653	Drama,Romance,Fantasy
1990	2	Pretty Woman	pretty_woman	tt0100405	Romance,Comedy
1990	3	Home Alone	home_alone	tt0099785	Family,Comedy
1990	4	Teenage Mutant Ninja Turtles	tmnt_1990	tt0100758	Adventure,Action,Comedy
1990	5	The Hunt for Red October	hunt_for_red_october	tt0099810	Adventure,Action,Thriller
1990	6	Total Recall	total_recall	tt0100802	Adventure,Sci-Fi,Action
1990	7	Die Hard 2	die_hard_2	tt0099423	Action,Thriller
1990	8	Driving Miss Daisy	driving_miss_daisy	tt0097239	Drama,Comedy
1990	9	Dick Tracy	dick_tracy	tt0099422	Crime,Action,Comedy
1990	10	Back to the Future Part III	back_to_the_future_3_fs	tt0099088	Adventure,Sci-Fi,Comedy
1990	11	Presumed Innocent	presumed_innocent	tt0100404	Thriller,Mystery
1990	12	Days of Thunder	days_of_thunder	tt0099371	Drama,Action,Sport
1990	13	Another 48 Hrs.	another_48_hrs	tt0099044	Crime,Action,Comedy
1990	14	Bird on a Wire	bird_on_a_wire	tt0099141	Crime,Action,Comedy
1990	15	Born on the Fourth of July	born_on_the_fourth_of_july	tt0096969	Drama,Biography,War
1990	16	Flatliners	flatliners	tt0099582	Drama,Sci-Fi,Horror
1990	17	Dances with Wolves	dances_with_wolves_fs	tt0099348	Adventure,Drama,Western
1990	18	Problem Child	problem_child	tt0100419	Family,Comedy
1990	19	Arachnophobia	arachnophobia	tt0099052	Horror,Thriller,Comedy
1990	20	Three Men and a Little Lady	three_men_and_a_little_lady	tt0098966	Drama,Family,Comedy
1990	21	The War of the Roses	war_of_the_roses	tt0098621	Romance,Comedy
1990	22	Hard to Kill	hard_to_kill	tt0099739	Crime,Drama,Action
1990	23	Marked for Death	marked_for_death	tt0100114	Crime,Drama,Action
1990	24	Tango & Cash	tango_and_cash	tt0098439	Crime,Action,Comedy
1990	25	RoboCop 2	robocop_2	tt0100502	Crime,Sci-Fi,Action
1990	26	The Jungle Book1990 Re-release	jungle.book_tt0061852	tt0061852	Adventure,Animation,Comedy
1990	27	Young Guns II	young.guns.ii_tt0100994	tt0100994	Drama,Western,Action
1990	28	Steel Magnolias	steel.magnolias_tt0098384	tt0098384	Drama,Romance,Comedy
1990	29	Gremlins 2: The New Batch	gremlins.2.the._tt0099700	tt0099700	Fantasy,Horror,Comedy
1990	30	Rocky V	rocky.v_tt0100507	tt0100507	Drama,Sport
1990	31	The Little Mermaid	little.mermaid_tt0097757	tt0097757	Adventure,Family,Animation
1990	32	Postcards from the Edge	postcards.from._tt0100395	tt0100395	Drama,Comedy
1990	33	Misery	misery_tt0100157	tt0100157	Drama,Thriller
1990	34	Goodfellas	goodfellas_tt0099685	tt0099685	Crime,Biography,Drama
1990	35	Joe Versus the Volcano	joe.versus.the._tt0099892	tt0099892	Romance,Comedy
1990	36	Darkman	darkman_tt0099365	tt0099365	Sci-Fi,Action,Thriller
1990	37	Always	always_tt0096794	tt0096794	Drama,Romance,Fantasy
1990	38	Air America	air.america_tt0099005	tt0099005	War,Action,Comedy
1990	39	Predator 2	predator.2_tt0100403	tt0100403	Sci-Fi,Action,Horror
1990	40	Kindergarten Cop	kindergarten_cop_fs	tt0099938	Crime,Action,Comedy
1990	41	Pacific Heights	pacific.heights_tt0100318	tt0100318	Drama,Thriller,Mystery
1990	42	Child's Play 2	childs.play.2_tt0099253	tt0099253	Horror,Thriller
1990	43	Internal Affairs	internal.affair_tt0099850	tt0099850	Crime,Drama,Thriller
1990	44	Cadillac Man	cadillac.man_tt0099204	tt0099204	Crime,Comedy
1990	45	Memphis Belle	memphis.belle_tt0100133	tt0100133	Drama,War,Action
1990	46	The Godfather Part III	godfather.part._tt0099674	tt0099674	Crime,Drama
1990	47	Look Who's Talking	look_whos_talking	tt0097778	Romance,Comedy
1990	48	Glory	glory_tt0097441	tt0097441	Drama,Biography,History
1990	49	House Party	house.party_tt0099800	tt0099800	Music,Comedy
1990	50	Jacob's Ladder	jacobs.ladder_tt0099871	tt0099871	Drama,Horror,Mystery
1990	51	The Exorcist III	exorcist.iii_tt0099528	tt0099528	Drama,Horror,Mystery
1990	52	Fantasia1990 Re-release	fantasia_tt0032455	tt0032455	Family,Animation,Fantasy
1990	53	Navy Seals	navy.seals_tt0100232	tt0100232	Adventure,Action,Thriller
1990	54	Look Who's Talking Too	look.whos.talki_tt0100050	tt0100050	Romance,Family,Comedy
1990	55	Ernest Goes to Jail	ernest.goes.to._tt0099512	tt0099512	Crime,Family,Comedy
1990	56	Back to the Future Part II	back_to_the_future_2_fs	tt0096874	Adventure,Sci-Fi,Comedy
1990	57	Ghost Dad		tt0099654	Family,Fantasy,Comedy
1990	58	Edward Scissorhands	edward.scissorh_tt0099487	tt0099487	Drama,Romance,Fantasy
1990	59	My Blue Heaven		tt0100212	Crime,Comedy
1990	60	The First Power		tt0099578	Crime,Horror,Thriller
1990	61	The Freshman		tt0099615	Crime,Comedy
1990	62	The Adventures of Ford Fairlane		tt0098987	Adventure,Action,Comedy
1990	63	Quigley Down Under		tt0102744	Adventure,Drama,Action
1990	64	Madhouse		tt0100087	Comedy
1990	65	The Rescuers Down Under		tt0100477	Adventure,Animation,Comedy
1990	66	Jetsons: The Movie		tt0099878	Family,Animation,Comedy
1990	67	Stella		tt0100691	Drama,Romance
1990	68	Taking Care of Business		tt0103035	Comedy
1990	69	Betsy's Wedding		tt0099128	Romance,Comedy
1990	70	DuckTales the Movie: Treasure of the Lost Lamp		tt0099472	Adventure,Animation,Comedy
1990	71	Sibling Rivalry		tt0100611	Comedy
1990	72	National Lampoon's Christmas Vacation	christmas_vacation	tt0097958	Comedy
1990	73	White Palace		tt0103251	Drama,Romance
1990	74	The Rookie		tt0100514	Crime,Drama,Action
1990	75	Death Warrant	death.warrant_tt0099385	tt0099385	Crime,Action,Mystery
1990	76	Tremors		tt0100814	Horror,Comedy
1990	77	Tales from the Darkside: The Movie		tt0100740	Fantasy,Horror,Comedy
1990	78	Men at Work		tt0100135	Crime,Action,Comedy
1990	79	I Love You to Death		tt0099819	Crime,Comedy
1990	80	Mo' Better Blues	mo.better.blues_tt0100168	tt0100168	Drama,Romance,Music
1990	81	The Guardian		tt0099710	Drama,Horror,Fantasy
1990	82	Avalon	avalon_tt0099073	tt0099073	Drama
1990	83	Revenge		tt0100485	Crime,Drama,Action
1990	84	Reversal of Fortune	reversal.of.fortune_tt0100486	tt0100486	Drama,Biography,Mystery
1990	85	Mr. Destiny		tt0100201	Romance,Fantasy,Comedy
1990	86	Spaced Invaders		tt0100666	Adventure,Sci-Fi,Comedy
1990	87	Quick Change		tt0100449	Crime,Comedy
1990	88	Fire Birds		tt0099575	Adventure,Action
1990	89	Wild at Heart		tt0100935	Crime,Drama,Thriller
1990	90	Mermaids	mermaids_tt0100140	tt0100140	Drama,Romance,Comedy
1990	91	Lord of the Flies		tt0100054	Adventure,Drama,Thriller
1990	92	Crazy People		tt0099316	Drama,Comedy
1990	93	Bad Influence		tt0099091	Drama,Thriller
1990	94	My Left Foot	my.left.foot_tt0097937	tt0097937	Drama,Biography
1990	95	Graveyard Shift		tt0099697	Horror
1990	96	Henry & June		tt0099762	Drama,Biography
1990	97	Pump Up the Volume	pump.up.the.vol_tt0100436	tt0100436	Drama,Music,Comedy
1990	98	Opportunity Knocks		tt0100301	Romance,Action,Comedy
1990	99	Q&A		tt0100442	Crime,Drama,Thriller
1990	100	Wild Orchid		tt0100934	Drama,Romance
1990	101	Nuns on the Run		tt0100280	Crime,Comedy
1990	102	Narrow Margin		tt0100224	Crime,Action,Thriller
1990	103	Blaze		tt0096943	Drama,Biography,Comedy
1990	104	The Witches		tt0100944	Adventure,Family,Comedy
1990	105	The Adventures of Milo and Otis1990 Re-release		tt0097050	Adventure,Drama,Family
1990	106	Cinema Paradiso		tt0095765	Drama,Romance
1990	107	The Two Jakes		tt0100828	Crime,Drama,Mystery
1990	108	Henry V	henry.v_tt0097499	tt0097499	Drama,Biography,History
1990	109	Miami Blues		tt0100143	Crime,Drama,Comedy
1990	110	The Russia House	russia.house_tt0100530	tt0100530	Drama,Thriller,Romance
1990	111	The Bonfire of the Vanities		tt0099165	Drama,Romance,Comedy
1990	112	Nightbreed		tt0100260	Horror,Action,Fantasy
1990	113	Ski Patrol		tt0100631	Action,Sport,Comedy
1990	114	Cry-Baby		tt0099329	Musical,Comedy
1990	115	Blue Steel		tt0099160	Crime,Drama,Action
1990	116	Funny About Love		tt0099623	Romance,Comedy
1990	117	Enemies, A Love Story	enemies.a.love._tt0097276	tt0097276	Drama,Romance,Comedy
1990	118	Harlem Nights	harlem_nights	tt0097481	Crime,Drama,Comedy
1990	119	All Dogs Go to Heaven		tt0096787	Adventure,Animation,Comedy
1990	120	Delta Force 2: The Colombian Connection		tt0099399	Adventure,Crime,Action
1990	121	The Wizard		tt0098663	Adventure,Drama,Comedy
1990	122	Havana		tt0099747	Drama,War,Romance
1990	123	Flashback		tt0099581	Adventure,Action,Comedy
1990	124	Roger & Me	roger..me_tt0098213	tt0098213	Documentary
1990	125	The Gods Must Be Crazy II		tt0097443	Comedy
1990	126	Men Don't Leave		tt0100134	Drama,Comedy
1990	127	The Cook, the Thief, His Wife & Her Lover		tt0097108	Crime,Drama
1990	128	Night of the Living Dead		tt0100258	Horror
1990	129	Stanley & Iris		tt0100680	Drama,Romance
1990	130	Leatherface: Texas Chainsaw Massacre III		tt0099994	Horror,Thriller
1990	131	Hardware		tt0099740	Sci-Fi,Horror,Thriller
1990	132	Loose Cannons		tt0100053	Crime,Action,Comedy
1990	133	Music Box		tt0100211	Crime,Drama,Thriller
1990	134	She-Devil		tt0098309	Comedy
1990	135	Miller's Crossing		tt0100150	Crime,Drama,Thriller
1990	136	The Handmaid's Tale		tt0099731	Drama,Sci-Fi,Romance
1990	137	Family Business		tt0097328	Crime,Drama
1990	138	Graffiti Bridge		tt0099691	Drama,Music
1990	139	Parenthood	parenthood_tt0098067	tt0098067	Drama,Comedy
1990	140	Dark Angel		tt0099817	Crime,Action,Horror
1990	141	Lisa		tt0100031	Drama,Horror,Thriller
1990	142	Lambada		tt0099969	Drama
1990	143	Heart Condition		tt0099750	Crime,Drama,Comedy
1990	144	Almost an Angel		tt0099018	Drama,Comedy
1990	145	Tie Me Up! Tie Me Down!		tt0101026	Crime,Drama,Comedy
1990	146	Mountains of the Moon		tt0100196	Adventure,Drama,History
1990	147	Short Time		tt0100604	Crime,Action,Comedy
1990	148	Welcome Home, Roxy Carmichael		tt0100911	Drama,Comedy
1990	149	We're No Angels		tt0098625	Crime,Comedy
1990	150	The Lemon Sisters		tt0100003	Romance,Comedy
1990	151	A Shock to the System		tt0100602	Crime,Thriller,Comedy
1990	152	Longtime Companion		tt0100049	Drama,Romance
1990	153	Camille Claudel		tt0094828	Drama,Biography,History
1990	154	Metropolitan	metropolitan_tt0100142	tt0100142	Drama,Romance,Comedy
1990	155	Desperate Hours		tt0099409	Crime,Drama,Action
1990	156	Blind Fury		tt0096945	Crime,Action,Comedy
1990	157	After Dark, My Sweet		tt0098994	Crime,Drama,Mystery
1990	158	King of New York		tt0099939	Crime,Thriller
1990	159	Impulse		tt0099832	Crime,Drama,Thriller
1990	160	Class of 1999		tt0099277	Sci-Fi,Action,Horror
1990	161	Body Chemistry		tt0099164	Drama,Thriller
1990	162	Downtown		tt0099460	Crime,Action,Comedy
1990	163	White Hunter Black Heart		tt0100928	Adventure,Drama
1990	164	Texasville		tt0103069	Drama,Romance
1990	165	Def by Temptation		tt0099395	Horror
1990	166	The Krays		tt0099951	Crime,Biography,Drama
1990	167	State of Grace		tt0100685	Crime,Drama,Action
1990	168	The Forbidden Dance		tt0099595	Drama,Romance,Music
1990	169	Tune in Tomorrow...		tt0100822	Romance,Comedy
1990	170	The Nutcracker Prince		tt0100281	Adventure,Family,Animation
1990	171	Too Beautiful for You		tt0098520	Drama,Romance
1990	172	Last Exit to Brooklyn		tt0097714	Drama
1990	173	Jesus of Montreal		tt0097635	Drama,Romance
1990	174	May Fools		tt0097884	Romance,Comedy
1990	175	The Last of the Finest		tt0099991	Crime,Drama,Action
1990	176	Streets		tt0100707	Drama,Action,Thriller
1990	177	Monsieur Hire		tt0097904	Crime,Drama,Romance
1990	178	Courage Mountain		tt0097115	Adventure,Drama,Family
1990	179	Repossessed		tt0100475	Fantasy,Horror,Comedy
1990	180	Daddy's Dyin'... Who's Got the Will?		tt0099342	Comedy
1990	181	Everybody Wins		tt0099520	Drama,Thriller,Mystery
1990	182	The Fourth War		tt0099606	Drama,Thriller
1990	183	The Hot Spot		tt0099797	Crime,Drama,Romance
1990	184	Bloodfist II		tt0099155	Action,Sport
1990	185	Robot Jox		tt0102800	Sci-Fi,Action,Thriller
1990	186	Slumber Party Massacre III		tt0100639	Horror,Comedy
1990	187	Apartment Zero		tt0094667	Drama,Thriller,Mystery
1990	188	The Icicle Thief		tt0097702	Crime,Fantasy,Comedy
1990	189	Vital Signs		tt0100879	Drama,Romance
1990	190	The Boyfriend School		tt0099450	Romance,Comedy
1990	191	To Sleep with Anger		tt0100791	Drama
1990	192	Where the Heart Is		tt0100924	Drama,Comedy
1990	193	Corporate Affairs		tt0099305	Comedy
1990	194	Awakenings	awakenings	tt0099077	Drama,Biography
1990	195	Sweetie	sweetie_tt0098725	tt0098725	Drama,Comedy
1990	196	The Blood of Heroes		tt0094764	Sci-Fi,Action,Sport
1990	197	Angel Town		tt0099039	Drama,Action
1990	198	Waiting for the Light		tt0100899	Comedy
1990	199	C'est la vie		tt0099200	Drama,Romance,Comedy
1990	200	Coupe de Ville		tt0099310	Drama,Comedy
1991	1	Terminator 2: Judgment Day	terminator_2	tt0103064	Adventure,Sci-Fi,Action
1991	2	Robin Hood: Prince of Thieves	robin_hood_prince_of_thieves	tt0102798	Adventure,Drama,Action
1991	3	Home Alone	home_alone	tt0099785	Family,Comedy
1991	4	The Silence of the Lambs	silence_of_the_lambs	tt0102926	Crime,Drama,Horror
1991	5	City Slickers	city_slickers	tt0101587	Western,Comedy
1991	6	Dances with Wolves	dances_with_wolves_fs	tt0099348	Adventure,Drama,Western
1991	7	Sleeping with the Enemy	sleeping_with_the_enemy	tt0102945	Drama,Thriller
1991	8	The Addams Family	addams_family	tt0101272	Fantasy,Comedy
1991	9	The Naked Gun 2½: The Smell of Fear	naked_gun_25	tt0102510	Crime,Comedy
1991	10	Teenage Mutant Ninja Turtles II: The Secret of the Ooze	tmnt_2	tt0103060	Adventure,Action,Comedy
1991	11	Backdraft	backdraft	tt0101393	Drama,Action,Mystery
1991	12	Hot Shots!	hot_shots	tt0102059	Action,Comedy
1991	13	Beauty and the Beast	beauty.and.the._tt0101414	tt0101414	Family,Animation,Fantasy
1991	14	Hook	hook	tt0102057	Adventure,Family,Comedy
1991	15	What About Bob?	what_about_bob	tt0103241	Comedy
1991	16	Kindergarten Cop	kindergarten_cop_fs	tt0099938	Crime,Action,Comedy
1991	17	One Hundred and One Dalmatians1991 Re-release	one.hundred.and_tt0055254	tt0055254	Adventure,Animation,Comedy
1991	18	Cape Fear	cape_fear	tt0101540	Crime,Drama,Thriller
1991	19	Boyz n the Hood	boyz_n_the_hood	tt0101507	Crime,Drama
1991	20	Doc Hollywood	doc_hollywood_fs	tt0101745	Drama,Romance,Comedy
1991	21	Star Trek VI: The Undiscovered Country	star_trek_6	tt0102975	Adventure,Sci-Fi,Action
1991	22	Awakenings	awakenings	tt0099077	Drama,Biography
1991	23	New Jack City	new_jack_city	tt0102526	Crime,Drama,Action
1991	24	The Rocketeer	rocketeer	tt0102803	Adventure,Family,Action
1991	25	Thelma & Louise	thelma_and_louise	tt0103074	Adventure,Crime,Drama
1991	26	Point Break	point_break	tt0102685	Crime,Action,Thriller
1991	27	Regarding Henry	regarding_henry	tt0102768	Drama,Romance
1991	28	My Girl	my.girl_tt0102492	tt0102492	Drama,Family,Comedy
1991	29	The Fisher King	fisher.king_tt0101889	tt0101889	Drama,Fantasy,Comedy
1991	30	Out for Justice	out.for.justice_tt0102614	tt0102614	Crime,Drama,Action
1991	31	The Godfather Part III	godfather.part._tt0099674	tt0099674	Crime,Drama
1991	32	The Doctor	doctor_tt0101746	tt0101746	Drama
1991	33	Bill & Ted's Bogus Journey	bill..teds.bogu_tt0101452	tt0101452	Adventure,Fantasy,Comedy
1991	34	Dead Again	dead.again_tt0101669	tt0101669	Crime,Drama,Mystery
1991	35	Soapdish	soapdish_tt0102951	tt0102951	Romance,Comedy
1991	36	Freddy's Dead: The Final Nightmare	freddys.dead.th_tt0101917	tt0101917	Horror,Fantasy
1991	37	White Fang	white.fang_tt0103247	tt0103247	Adventure,Drama,Family
1991	38	The Doors	doors_tt0101761	tt0101761	Drama,Biography,Music
1991	39	King Ralph	king.ralph_tt0102216	tt0102216	Romance,Comedy
1991	40	Curly Sue	curly.sue_tt0101635	tt0101635	Drama,Family,Comedy
1991	41	Dying Young	dying.young_tt0101787	tt0101787	Drama,Romance
1991	42	The Last Boy Scout	last.boy.scout_tt0102266	tt0102266	Crime,Action,Comedy
1991	43	Jungle Fever	jungle.fever_tt0102175	tt0102175	Drama,Romance
1991	44	Edward Scissorhands	edward.scissorh_tt0099487	tt0099487	Drama,Romance,Fantasy
1991	45	Double Impact	double.impact_tt0101764	tt0101764	Crime,Action
1991	46	Green Card	green.card_tt0099699	tt0099699	Drama,Romance,Comedy
1991	47	L.A. Story	l.a..story_tt0102250	tt0102250	Drama,Fantasy,Comedy
1991	48	Deceived	deceived_tt0101694	tt0101694	Crime,Drama,Mystery
1991	49	Father of the Bride	father_of_the_bride	tt0101862	Romance,Family,Comedy
1991	50	Necessary Roughness	necessary.rough_tt0102517	tt0102517	Sport,Comedy
1991	51	The Hard Way	hard.way_tt0102004	tt0102004	Crime,Action,Comedy
1991	52	Other People's Money	other.peoples.money_tt0102609	tt0102609	Drama,Romance,Comedy
1991	53	Don't Tell Mom the Babysitter's Dead		tt0101757	Comedy
1991	54	Problem Child 2		tt0102719	Family,Comedy
1991	55	Little Man Tate		tt0102316	Drama
1991	56	Class Action		tt0101590	Drama,Thriller
1991	57	The People Under the Stairs		tt0105121	Horror,Mystery,Comedy
1991	58	Lionheart	lionheart_tt0100029	tt0100029	Crime,Drama,Action
1991	59	Oscar		tt0102603	Crime,Comedy
1991	60	Misery	misery_tt0100157	tt0100157	Drama,Thriller
1991	61	Frankie and Johnny		tt0101912	Drama,Romance,Comedy
1991	62	Look Who's Talking Too	look.whos.talki_tt0100050	tt0100050	Romance,Family,Comedy
1991	63	Pure Luck		tt0102729	Crime,Mystery,Comedy
1991	64	Only the Lonely		tt0102598	Romance,Comedy
1991	65	Ricochet		tt0102789	Crime,Drama,Action
1991	66	F/X2		tt0101846	Action,Thriller
1991	67	Mermaids	mermaids_tt0100140	tt0100140	Drama,Romance,Comedy
1991	68	Hamlet		tt0099726	Drama
1991	69	Mobsters		tt0102460	Crime,Drama
1991	70	JFK	jfk_tt0102138	tt0102138	Drama,Thriller,History
1991	71	Three Men and a Little Lady	three_men_and_a_little_lady	tt0098966	Drama,Family,Comedy
1991	72	House Party 2	house.party.2_tt0102065	tt0102065	Drama,Music,Comedy
1991	73	Mortal Thoughts		tt0102469	Thriller,Mystery
1991	74	Paradise		tt0102631	Drama
1991	75	For the Boys		tt0101902	Drama,Music,Comedy
1991	76	The NeverEnding Story II: The Next Chapter		tt0100240	Adventure,Drama,Family
1991	77	Hudson Hawk	hudson.hawk_tt0102070	tt0102070	Adventure,Action,Comedy
1991	78	Bugsy	bugsy_tt0101516	tt0101516	Crime,Biography,Drama
1991	79	Defending Your Life		tt0101698	Drama,Fantasy,Comedy
1991	80	The Prince of Tides	prince_of_tides	tt0102713	Drama,Romance
1991	81	An American Tail: Fievel Goes West		tt0101329	Adventure,Animation,Comedy
1991	82	Billy Bathgate		tt0101453	Crime,Drama,Thriller
1991	83	Highlander II: The Quickening		tt0102034	Adventure,Drama,Action
1991	84	Switch		tt0103016	Fantasy,Comedy
1991	85	A Kiss Before Dying		tt0102220	Crime,Drama,Mystery
1991	86	Shipwrecked		tt0099816	Adventure,Family
1991	87	Toy Soldiers		tt0103112	Drama,Action,Thriller
1991	88	Madonna: Truth or Dare		tt0102370	Music,Documentary
1991	89	Child's Play 3	childs.play.3_tt0103956	tt0103956	Horror,Thriller
1991	90	The Commitments	commitments_tt0101605	tt0101605	Drama,Music,Comedy
1991	91	Once Around		tt0102590	Drama,Romance,Comedy
1991	92	All I Want for Christmas		tt0101301	Romance,Family,Comedy
1991	93	Not Without My Daughter		tt0102555	Drama,Thriller
1991	94	Flight of the Intruder	flight.of.the.i_tt0099587	tt0099587	Drama,Action,Thriller
1991	95	Ernest Scared Stupid	ernest.scared.s_tt0101821	tt0101821	Family,Fantasy,Comedy
1991	96	The Perfect Weapon		tt0102655	Crime,Drama,Action
1991	97	Drop Dead Fred		tt0101775	Drama,Fantasy,Comedy
1991	98	The Russia House	russia.house_tt0100530	tt0100530	Drama,Thriller,Romance
1991	99	The Grifters	grifters_tt0099703	tt0099703	Crime,Drama,Thriller
1991	100	The Marrying Man		tt0102411	Music,Romance,Comedy
1991	101	Ghost	ghost	tt0099653	Drama,Romance,Fantasy
1991	102	Shattered		tt0102900	Crime,Drama,Mystery
1991	103	Career Opportunities		tt0101545	Romance,Comedy
1991	104	One Good Cop		tt0102593	Crime,Drama,Action
1991	105	V.I. Warshawski		tt0103184	Crime,Action,Comedy
1991	106	The Super		tt0103007	Comedy
1991	107	A Rage in Harlem		tt0102749	Crime,Comedy
1991	108	He Said, She Said		tt0102011	Drama,Romance,Comedy
1991	109	The Butcher's Wife		tt0101523	Romance,Fantasy,Comedy
1991	110	Scenes from a Mall		tt0102849	Comedy
1991	111	Guilty by Suspicion		tt0101984	Drama
1991	112	Body Parts		tt0101492	Sci-Fi,Horror,Thriller
1991	113	Stone Cold		tt0102984	Crime,Drama,Action
1991	114	Warlock		tt0098622	Horror,Action,Fantasy
1991	115	Late for Dinner		tt0102279	Drama,Sci-Fi
1991	116	The Five Heartbeats		tt0101891	Drama,Music
1991	117	Bingo		tt0101455	Adventure,Family,Comedy
1991	118	Nothing But Trouble		tt0102558	Comedy
1991	119	If Looks Could Kill		tt0102095	Action,Comedy
1991	120	Strictly Business		tt0102996	Romance,Comedy
1991	121	The Rescuers Down Under		tt0100477	Adventure,Animation,Comedy
1991	122	Harley Davidson and the Marlboro Man		tt0102005	Crime,Drama,Action
1991	123	Wild Hearts Can't Be Broken		tt0103262	Drama,Family,Romance
1991	124	Alice		tt0099012	Romance,Comedy
1991	125	Suburban Commando		tt0103003	Sci-Fi,Action,Comedy
1991	126	The Bonfire of the Vanities		tt0099165	Drama,Romance,Comedy
1991	127	Defenseless		tt0099397	Thriller,Mystery
1991	128	My Own Private Idaho	my.own.private._tt0102494	tt0102494	Drama
1991	129	Rambling Rose		tt0102753	Drama
1991	130	Mystery Date		tt0102500	Crime,Romance,Comedy
1991	131	Barton Fink	barton.fink_tt0101410	tt0101410	Drama,Thriller,Comedy
1991	132	Delirious		tt0101701	Fantasy,Comedy
1991	133	Livin' Large!		tt0102322	Drama,Comedy
1991	134	Eve of Destruction		tt0101831	Sci-Fi,Action,Fantasy
1991	135	Mr. & Mrs. Bridge		tt0100200	Drama
1991	136	Black Robe		tt0101465	Adventure,Drama,War
1991	137	The Object of Beauty		tt0102573	Crime,Drama,Comedy
1991	138	La Femme Nikita		tt0100263	Crime,Drama,Action
1991	139	The Long Walk Home		tt0100046	Drama,History
1991	140	True Identity		tt0103128	Crime,Comedy
1991	141	The Hitman		tt0102045	Crime,Action,Thriller
1991	142	Dutch		tt0101786	Drama,Comedy
1991	143	The Rookie		tt0100514	Crime,Drama,Action
1991	144	Goodfellas	goodfellas_tt0099685	tt0099685	Crime,Biography,Drama
1991	145	Run		tt0102818	Drama,Action,Thriller
1991	146	Popcorn		tt0102690	Horror,Comedy
1991	147	Life Stinks		tt0102303	Comedy
1991	148	Impromptu		tt0102103	Music,Biography,Comedy
1991	149	Paris Is Burning	paris.is.burnin_tt0100332	tt0100332	Documentary
1991	150	Mannequin: On the Move		tt0102395	Romance,Fantasy,Comedy
1991	151	My Heroes Have Always Been Cowboys		tt0102493	Drama,Western
1991	152	Shout		tt0102913	Drama,Romance,Music
1991	153	Homicide	homicide_tt0102048	tt0102048	Crime,Thriller,Mystery
1991	154	Another You		tt0101356	Crime,Comedy
1991	155	The Man in the Moon		tt0102388	Drama,Romance
1991	156	Almost an Angel		tt0099018	Drama,Comedy
1991	157	Return to the Blue Lagoon	return.to.the.b_tt0102782	tt0102782	Adventure,Drama,Romance
1991	158	Havana		tt0099747	Drama,War,Romance
1991	159	Straight Out of Brooklyn		tt0102989	Crime,Drama
1991	160	Showdown in Little Tokyo		tt0102915	Crime,Action,Comedy
1991	161	The Nasty Girl		tt0100557	Drama,History,Comedy
1991	162	Vincent & Theo		tt0100873	Drama,Biography
1991	163	29th Street		tt0101252	Drama,Comedy
1991	164	Eating		tt0099480	Drama,Comedy
1991	165	Cadence		tt0101531	Drama
1991	166	Ju Dou		tt0099902	Drama,Romance
1991	167	Spartacus1991 Re-release	spartacus_tt0054331	tt0054331	Adventure,Biography,Drama
1991	168	Prospero's Books		tt0102722	Drama,Fantasy
1991	169	Everybody's Fine		tt0100681	Drama
1991	170	The Sheltering Sky	sheltering.sky_tt0100594	tt0100594	Adventure,Drama
1991	171	Truly Madly Deeply		tt0103129	Drama,Fantasy,Comedy
1991	172	Company Business		tt0101606	Crime,Action,Comedy
1991	173	Mister Johnson		tt0102458	Drama
1991	174	The Field		tt0099566	Drama,Thriller
1991	175	Book of Love		tt0099166	Romance,Comedy
1991	176	City of Hope		tt0101588	Crime,Drama
1991	177	The Rapture		tt0102757	Drama,Thriller,Mystery
1991	178	Kickboxer 2: The Road Back		tt0102202	Action,Sport
1991	179	The Comfort of Strangers		tt0099292	Crime,Drama,Fantasy
1991	180	Slacker	slacker_tt0102943	tt0102943	Drama,Comedy
1991	181	Cool as Ice		tt0101615	Drama,Music,Comedy
1991	182	Year of the Gun		tt0103303	Romance,Action,Thriller
1991	183	The Unborn		tt0103157	Drama,Sci-Fi,Horror
1991	184	Daddy Nostalgia		tt0099341	Drama,Romance
1991	185	An Angel at My Table		tt0099040	Drama,Biography
1991	186	Whore		tt0103253	Drama
1991	187	Hidden Agenda		tt0099768	Drama,Thriller
1991	188	The Taking of Beverly Hills		tt0105526	Action,Thriller
1991	189	Beastmaster 2: Through the Portal of Time		tt0101412	Adventure,Action,Fantasy
1991	190	The Miracle		tt0102450	Drama,Mystery,Romance
1991	191	Come See the Paradise		tt0099291	Drama,War,Romance
1991	192	Rosencrantz & Guildenstern Are Dead		tt0100519	Drama,Comedy
1991	193	Thousand Pieces of Gold		tt0100774	Drama,Western,Romance
1991	194	Queens Logic		tt0102741	Drama,Comedy
1991	195	Auntie Danielle		tt0100747	Drama,Romance,Comedy
1991	196	The Pope Must Diet		tt0102691	Comedy
1991	197	Rich Girl		tt0100488	Drama
1991	198	Meet the Applegates		tt0100129	Fantasy,Horror,Comedy
1991	199	McBain		tt0102422	Crime,Drama,Action
1991	200	True Colors		tt0103125	Drama
1992	1	Batman Returns	batman_returns	tt0103776	Crime,Action,Fantasy
1992	2	Lethal Weapon 3	lethal_weapon_3	tt0104714	Crime,Action,Thriller
1992	3	Sister Act	sister_act	tt0105417	Music,Family,Comedy
1992	4	Home Alone 2: Lost in New York	home_alone_2	tt0104431	Adventure,Crime,Comedy
1992	5	Wayne's World	waynes_world	tt0105793	Music,Comedy
1992	6	Basic Instinct	basic_instinct	tt0103772	Drama,Mystery,Romance
1992	7	A League of Their Own	league_of_their_own	tt0104694	Drama,Sport,Comedy
1992	8	Aladdin	aladdin_tt0103639	tt0103639	Adventure,Animation,Comedy
1992	9	The Hand That Rocks the Cradle	hand_that_rocks_the_cradle	tt0104389	Drama,Thriller
1992	10	Under Siege	under_siege	tt0105690	Action,Thriller
1992	11	Patriot Games	patriot_games	tt0105112	Action,Thriller
1992	12	Dracula	dracula	tt0103874	Romance,Horror,Fantasy
1992	13	The Bodyguard	bodyguard	tt0103855	Drama,Romance,Music
1992	14	White Men Can't Jump	white_men_cant_jump	tt0105812	Sport,Comedy
1992	15	Fried Green Tomatoes	fried_green_tomatoes	tt0101921	Drama
1992	16	The Last of the Mohicans	last_of_the_mohicans	tt0104691	Adventure,Drama,Action
1992	17	Unforgiven	unforgiven	tt0105695	Drama,Western
1992	18	Beauty and the Beast	beauty.and.the._tt0101414	tt0101414	Family,Animation,Fantasy
1992	19	Boomerang	boomerang	tt0103859	Drama,Romance,Comedy
1992	20	A Few Good Men	few_good_men	tt0104257	Drama,Thriller
1992	21	Father of the Bride	father_of_the_bride	tt0101862	Romance,Family,Comedy
1992	22	Far and Away	far_and_away	tt0104231	Adventure,Drama,Romance
1992	23	The Prince of Tides	prince_of_tides	tt0102713	Drama,Romance
1992	24	Death Becomes Her	death_becomes_her	tt0104070	Fantasy,Horror,Comedy
1992	25	Honey, I Blew Up the Kid	honey_i_blew_up_the_kid_fs	tt0104437	Adventure,Family,Comedy
1992	26	Unlawful Entry	unlawful_entry	tt0105699	Crime,Drama,Thriller
1992	27	Alien³	alien_3	tt0103644	Sci-Fi,Action,Horror
1992	28	Hook	hook	tt0102057	Adventure,Family,Comedy
1992	29	HouseSitter	housesitter_tt0104452	tt0104452	Romance,Comedy
1992	30	Beethoven	beethoven_tt0103786	tt0103786	Drama,Family,Comedy
1992	31	My Cousin Vinny	my.cousin.vinny_tt0104952	tt0104952	Crime,Comedy
1992	32	Sneakers	sneakers_tt0105435	tt0105435	Crime,Drama,Comedy
1992	33	The Mighty Ducks	mighty.ducks_tt0104868	tt0104868	Drama,Family,Comedy
1992	34	JFK	jfk_tt0102138	tt0102138	Drama,Thriller,History
1992	35	Single White Female	single.white.fe_tt0105414	tt0105414	Drama,Thriller
1992	36	Medicine Man	medicine.man_tt0104839	tt0104839	Adventure,Drama,Romance
1992	37	Passenger 57	passenger.57_tt0105104	tt0105104	Crime,Action,Thriller
1992	38	Malcolm X	malcolm.x_tt0104797	tt0104797	Drama,Biography,History
1992	39	Encino Man	encino.man_tt0104187	tt0104187	Comedy
1992	40	Mo' Money	mo.money_tt0104897	tt0104897	Crime,Action,Comedy
1992	41	Universal Soldier	universal.soldi_tt0105698	tt0105698	Sci-Fi,Action
1992	42	Honeymoon in Vegas	honeymoon.in.ve_tt0104438	tt0104438	Romance,Thriller,Comedy
1992	43	The Distinguished Gentleman	distinguished.g_tt0104114	tt0104114	Crime,Comedy
1992	44	Grand Canyon	grand.canyon_tt0101969	tt0101969	Crime,Drama
1992	45	Bugsy	bugsy_tt0101516	tt0101516	Crime,Biography,Drama
1992	46	The Lawnmower Man	lawnmower.man_tt0104692	tt0104692	Sci-Fi,Horror
1992	47	A River Runs Through It	a.river.runs.th_tt0105265	tt0105265	Drama
1992	48	Sleepwalkers	sleepwalkers_tt0105428	tt0105428	Horror,Fantasy
1992	49	3 Ninjas	3.ninjas_tt0103596	tt0103596	Family,Action,Comedy
1992	50	Final Analysis	final.analysis_tt0104265	tt0104265	Drama,Thriller
1992	51	Stop! Or My Mom Will Shoot	stop.or.my.mom._tt0105477	tt0105477	Action,Comedy
1992	52	The Last Boy Scout	last.boy.scout_tt0102266	tt0102266	Crime,Action,Comedy
1992	53	Forever Young	forever.young_tt0104291	tt0104291	Drama,Sci-Fi,Romance
1992	54	Candyman	candyman_tt0103919	tt0103919	Horror,Thriller
1992	55	The Cutting Edge	cutting.edge_tt0104040	tt0104040	Drama,Romance,Comedy
1992	56	FernGully: The Last Rainforest		tt0104254	Adventure,Family,Animation
1992	57	Thunderheart		tt0105585	Crime,Thriller,Mystery
1992	58	Star Trek VI: The Undiscovered Country	star_trek_6	tt0102975	Adventure,Sci-Fi,Action
1992	59	Captain Ron		tt0103924	Adventure,Comedy
1992	60	Shining Through		tt0105391	Drama,Thriller,Romance
1992	61	The Muppet Christmas Carol	muppet.christma_tt0104940	tt0104940	Drama,Family,Comedy
1992	62	Consenting Adults		tt0104006	Crime,Drama,Mystery
1992	63	Raising Cain		tt0105217	Crime,Drama,Horror
1992	64	Straight Talk		tt0105481	Drama,Romance,Comedy
1992	65	Kuffs		tt0104647	Crime,Action,Comedy
1992	66	Mr. Baseball		tt0104926	Romance,Sport,Comedy
1992	67	The Player	player_tt0105151	tt0105151	Crime,Drama,Comedy
1992	68	Juice		tt0104573	Crime,Drama,Action
1992	69	Prelude to a Kiss		tt0105165	Romance,Fantasy,Comedy
1992	70	The Addams Family	addams_family	tt0101272	Fantasy,Comedy
1992	71	Hero		tt0104412	Drama,Romance,Comedy
1992	72	Pinocchio1992 Re-release	pinocchio_tt0032910	tt0032910	Adventure,Animation,Comedy
1992	73	Cape Fear	cape_fear	tt0101540	Crime,Drama,Thriller
1992	74	Singles		tt0105415	Drama,Music,Comedy
1992	75	The Babe		tt0103747	Drama,Biography,Sport
1992	76	Freejack		tt0104299	Crime,Sci-Fi,Action
1992	77	Pet Sematary II		tt0105128	Horror,Thriller,Fantasy
1992	78	My Girl	my.girl_tt0102492	tt0102492	Drama,Family,Comedy
1992	79	Deep Cover		tt0104073	Crime,Action,Thriller
1992	80	Buffy the Vampire Slayer		tt0103893	Fantasy,Action,Comedy
1992	81	Toys		tt0105629	Adventure,Drama,Comedy
1992	82	Ladybugs		tt0104670	Sport,Comedy
1992	83	School Ties		tt0105327	Drama
1992	84	City of Joy		tt0103976	Crime,Drama
1992	85	Memoirs of an Invisible Man		tt0104850	Romance,Sci-Fi,Comedy
1992	86	Rapid Fire		tt0105219	Crime,Drama,Action
1992	87	Pure Country	pure.country_tt0105191	tt0105191	Drama,Romance,Music
1992	88	Cool World		tt0104009	Fantasy,Animation,Comedy
1992	89	Mr. Saturday Night		tt0104928	Drama,Comedy
1992	90	The Great Mouse Detective1992 Re-release	great.mouse.det_tt0091149	tt0091149	Adventure,Family,Animation
1992	91	Class Act		tt0103978	Comedy
1992	92	Enchanted April	enchanted.april_tt0101811	tt0101811	Drama
1992	93	American Me		tt0103671	Crime,Biography,Drama
1992	94	Hellraiser III: Hell on Earth		tt0104409	Horror
1992	95	Leap of Faith		tt0104695	Drama,Romance,Comedy
1992	96	A Stranger Among Us		tt0105483	Crime,Drama,Mystery
1992	97	Rock-A-Doodle		tt0102802	Adventure,Animation,Comedy
1992	98	Jennifer 8		tt0104549	Crime,Drama,Mystery
1992	99	Whispers in the Dark		tt0105811	Drama,Thriller,Mystery
1992	100	Stay Tuned		tt0105466	Adventure,Fantasy,Comedy
1992	101	Glengarry Glen Ross		tt0104348	Crime,Drama,Mystery
1992	102	Hoffa	hoffa_tt0104427	tt0104427	Crime,Biography,Drama
1992	103	Husbands and Wives		tt0104466	Drama,Romance,Comedy
1992	104	Gladiator		tt0104346	Drama,Action,Sport
1992	105	White Sands		tt0105813	Crime,Drama,Action
1992	106	Howards End	howards.end_tt0104454	tt0104454	Drama,Romance
1992	107	Once Upon a Crime...		tt0101625	Crime,Mystery,Comedy
1992	108	Bebe's Kids		tt0103783	Fantasy,Animation,Comedy
1992	109	Dr. Giggles		tt0104139	Drama,Horror,Comedy
1992	110	Christopher Columbus: The Discovery		tt0103962	Adventure,Biography,Drama
1992	111	Mississippi Masala		tt0102456	Drama,Romance
1992	112	Sarafina!		tt0105316	Drama,Musical
1992	113	1492: Conquest of Paradise		tt0103594	Adventure,Biography,Drama
1992	114	Rush		tt0102820	Crime,Drama,Action
1992	115	Trespass		tt0105636	Action,Thriller
1992	116	The Mambo Kings		tt0104802	Drama,Music
1992	117	An American Tail: Fievel Goes West		tt0101329	Adventure,Animation,Comedy
1992	118	Article 99		tt0101371	Drama,Comedy
1992	119	Night and the City		tt0105001	Crime,Drama
1992	120	Folks!		tt0104283	Drama,Comedy
1992	121	Wind		tt0105824	Drama,Action,Sport
1992	122	Europa Europa	europa.europa_tt0099776	tt0099776	Drama,War,History
1992	123	Of Mice and Men		tt0105046	Drama,Western
1992	124	Split Second		tt0105459	Crime,Action,Horror
1992	125	Innocent Blood		tt0104511	Crime,Action,Comedy
1992	126	The Playboys		tt0105150	Drama,Romance
1992	127	Diggstown		tt0104107	Drama,Sport
1992	128	Radio Flyer		tt0105211	Drama
1992	129	Bob Roberts		tt0103850	Drama,Comedy
1992	130	Hear My Song		tt0102014	Drama,Music,Comedy
1992	131	Twin Peaks: Fire Walk with Me	twin.peaks.fire_tt0105665	tt0105665	Drama,Horror,Mystery
1992	132	Man Trouble		tt0104804	Romance,Comedy
1992	133	Passed Away		tt0105103	Comedy
1992	134	Blade RunnerThe Final Cut	blade.runner_tt0083658	tt0083658	Drama,Sci-Fi,Action
1992	135	The Gun in Betty Lou's Handbag		tt0104376	Mystery,Comedy
1992	136	Traces of Red		tt0105631	Crime,Drama,Mystery
1992	137	The Crying Game	crying_game	tt0104036	Crime,Drama,Romance
1992	138	K2		tt0102178	Adventure,Drama,Sport
1992	139	Blame It on the Bellboy		tt0103827	Comedy
1992	140	The Public Eye		tt0105187	Crime,Drama,Romance
1992	141	CrissCross		tt0104027	Crime,Drama
1992	142	This Is My Life		tt0105577	Drama
1992	143	Reservoir Dogs	reservoir.dogs_tt0105236	tt0105236	Crime,Thriller
1992	144	The Power of One		tt0105159	Drama,Sport
1992	145	Newsies		tt0104990	Drama,Family,History
1992	146	Year of the Comet		tt0105871	Adventure,Action,Comedy
1992	147	Shadows and Fog		tt0105378	Comedy
1992	148	Raise the Red Lantern		tt0101640	Drama,Romance
1992	149	Naked Lunch	naked.lunch_tt0102511	tt0102511	Drama,Mystery
1992	150	Aces: Iron Eagle III		tt0103617	Action
1992	151	Love Crimes		tt0102340	Romance,Thriller
1992	152	Noises Off...		tt0105017	Comedy
1992	153	A Brief History of Time	a.brief.history_tt0103882	tt0103882	Biography,Documentary
1992	154	Mom and Dad Save the World		tt0104905	Adventure,Family,Comedy
1992	155	Gate 2: The Trespassers		tt0099636	Fantasy,Horror,Comedy
1992	156	Night on Earth		tt0102536	Drama,Comedy
1992	157	Bad Lieutenant		tt0103759	Crime,Drama,Thriller
1992	158	Poison Ivy		tt0105156	Drama,Thriller
1992	159	The Double Life of Véronique	double.life.of._tt0101765	tt0101765	Drama,Music,Fantasy
1992	160	Delicatessen		tt0101700	Crime,Comedy
1992	161	The Waterdance		tt0105789	Drama,Romance,Comedy
1992	162	Casablanca1992 Re-release	casablanca_tt0034583	tt0034583	Drama,War,Romance
1992	163	Out on a Limb		tt0105078	Comedy
1992	164	Madame Bovary		tt0102368	Drama,Romance
1992	165	Zebrahead	zebrahead_tt0105885	tt0105885	Drama,Romance
1992	166	One False Move	one.false.move_tt0102592	tt0102592	Crime,Drama,Thriller
1992	167	A Midnight Clear		tt0102443	Drama,War
1992	168	Leaving Normal		tt0104697	Drama,Comedy
1992	169	Life Is Sweet	life.is.sweet_tt0100024	tt0100024	Drama,Comedy
1992	170	Where Angels Fear to Tread		tt0103243	Drama,Romance
1992	171	High Heels		tt0103030	Drama,Romance,Comedy
1992	172	South Central		tt0105450	Crime,Drama
1992	173	Little Nemo: Adventures in Slumberland		tt0104740	Adventure,Animation,Comedy
1992	174	Hearts of Darkness: A Filmmaker's Apocalypse		tt0102015	Documentary
1992	175	The Best Intentions		tt0104350	Drama,Biography,Romance
1992	176	At Play in the Fields of the Lord		tt0101373	Drama,Romance
1992	177	Freddie as F.R.O.7.		tt0104298	Adventure,Animation,Comedy
1992	178	Mistress		tt0104892	Drama,Comedy
1992	179	Light Sleeper		tt0102307	Crime,Drama
1992	180	Europa		tt0101829	Crime,Drama,Thriller
1992	181	Screenplay: Antonia and Jane		tt0101358	Drama
1992	182	Kafka		tt0102181	Drama,Sci-Fi,Mystery
1992	183	The Lover		tt0101316	Drama,Biography,Romance
1992	184	35 Up		tt0101254	Romance,Biography,Documentary
1992	185	Ruby		tt0105291	Crime,Biography,Drama
1992	186	Brain Donors		tt0103872	Comedy
1992	187	Scent of a Woman	scent_of_a_woman	tt0105323	Drama
1992	188	Meeting Venus		tt0102428	Drama,Romance,Comedy
1992	189	Rampage		tt0095958	Drama,Thriller
1992	190	Cabeza de Vaca		tt0101529	Adventure,Biography,Drama
1992	191	Turtle Beach		tt0103141	Drama,Thriller
1992	192	Mindwalk		tt0100151	Drama
1992	193	Until the End of the World		tt0101458	Drama,Sci-Fi,Action
1992	194	Love Potion No. 9		tt0102343	Romance,Fantasy,Comedy
1992	195	Edward II		tt0101798	Drama,Romance,History
1992	196	The Living End		tt0104745	Crime,Drama,Comedy
1992	197	Peter's Friends		tt0105130	Drama,Romance,Comedy
1992	198	Used People		tt0105706	Drama,Romance,Comedy
1992	199	Johnny Stecchino		tt0102164	Crime,Romance,Comedy
1992	200	Wild Orchid II: Two Shades of Blue		tt0105819	Drama,Romance
1993	1	Jurassic Park	jurassic_park	tt0107290	Adventure,Sci-Fi,Action
1993	2	The Fugitive	fugitive	tt0106977	Crime,Drama,Action
1993	3	The Firm	firm_fs	tt0106918	Drama,Thriller,Mystery
1993	4	Sleepless in Seattle	sleepless_in_seattle_fs	tt0108160	Drama,Romance,Comedy
1993	5	Mrs. Doubtfire	mrs_doubtfire	tt0107614	Drama,Family,Comedy
1993	6	Indecent Proposal	indecent_proposal	tt0107211	Drama,Romance
1993	7	In the Line of Fire	in_the_line_of_fire	tt0107206	Crime,Drama,Action
1993	8	Aladdin	aladdin_tt0103639	tt0103639	Adventure,Animation,Comedy
1993	9	Cliffhanger	cliffhanger	tt0106582	Adventure,Action,Thriller
1993	10	A Few Good Men	few_good_men	tt0104257	Drama,Thriller
1993	11	Free Willy	free_willy	tt0106965	Adventure,Drama,Family
1993	12	Groundhog Day	groundhog_day	tt0107048	Drama,Fantasy,Comedy
1993	13	Dave	dave	tt0106673	Romance,Comedy
1993	14	Rising Sun	rising_sun	tt0107969	Crime,Drama,Action
1993	15	Scent of a Woman	scent_of_a_woman	tt0105323	Drama
1993	16	Cool Runnings		tt0106611	Adventure,Family,Comedy
1993	17	The Crying Game	crying_game	tt0104036	Crime,Drama,Romance
1993	18	Demolition Man	demolition_man	tt0106697	Sci-Fi,Action,Thriller
1993	19	Rookie of the Year	rookie	tt0107985	Family,Fantasy,Comedy
1993	20	Dennis the Menace	dennis_the_menace	tt0106701	Family,Comedy
1993	21	The Pelican Brief	pelican_brief	tt0107798	Crime,Drama,Mystery
1993	22	Sommersby	sommersby	tt0108185	Drama,Mystery,Romance
1993	23	Last Action Hero	last_action_hero_fs	tt0107362	Adventure,Action,Comedy
1993	24	The Nightmare Before Christmas	nightmare.befor_tt0107688	tt0107688	Adventure,Family,Animation
1993	25	The Three Musketeers	three_musketeers	tt0108333	Adventure,Action,Romance
1993	26	Malice	malice	tt0107497	Crime,Thriller,Mystery
1993	27	Made in America	made_in_america_fs	tt0107478	Comedy
1993	28	The Good Son	good.son_tt0107034	tt0107034	Drama,Thriller
1993	29	Addams Family Values	addams.family.v_tt0106220	tt0106220	Fantasy,Comedy
1993	30	The Beverly Hillbillies		tt0106400	Family,Comedy
1993	31	Teenage Mutant Ninja Turtles III	teenage.mutant._tt0108308	tt0108308	Adventure,Action,Comedy
1993	32	Homeward Bound: The Incredible Journey	homeward.bound._tt0107131	tt0107131	Adventure,Drama,Comedy
1993	33	Snow White and the Seven Dwarfs1993 Re-release	snow.white.and._tt0029583	tt0029583	Adventure,Family,Animation
1993	34	Hocus Pocus	hocus.pocus_tt0107120	tt0107120	Family,Fantasy,Comedy
1993	35	What's Love Got to Do with It	whats.love.got._tt0108551	tt0108551	Drama,Biography,Music
1993	36	Falling Down	falling.down_tt0106856	tt0106856	Crime,Drama,Thriller
1993	37	Hot Shots! Part Deux	hot.shots.part._tt0107144	tt0107144	Action,Comedy
1993	38	The Bodyguard	bodyguard	tt0103855	Drama,Romance,Music
1993	39	Home Alone 2: Lost in New York	home_alone_2	tt0104431	Adventure,Crime,Comedy
1993	40	Carlito's Way	carlitos.way_tt0106519	tt0106519	Crime,Drama,Thriller
1993	41	Wayne's World 2	waynes.world.2_tt0108525	tt0108525	Music,Comedy
1993	42	Alive	alive_tt0106246	tt0106246	Drama,Biography,Thriller
1993	43	Son in Law	son.in.law_tt0108186	tt0108186	Drama,Romance,Comedy
1993	44	Sliver	sliver_tt0108162	tt0108162	Drama,Thriller
1993	45	Robin Hood: Men in Tights	robin.hood.men._tt0107977	tt0107977	Adventure,Musical,Comedy
1993	46	Dragon: The Bruce Lee Story	dragon.the.bruc_tt0106770	tt0106770	Drama,Biography,Action
1993	47	Sister Act 2: Back in the Habit	sister.act.2.ba_tt0108147	tt0108147	Music,Family,Comedy
1993	48	The Joy Luck Club	joy.luck.club_tt0107282	tt0107282	Drama
1993	49	Hard Target	hard.target_tt0107076	tt0107076	Crime,Action,Thriller
1993	50	The Sandlot	sandlot_tt0108037	tt0108037	Drama,Family,Comedy
1993	51	The Age of Innocence	age.of.innocenc_tt0106226	tt0106226	Drama,Romance
1993	52	Cop & ½	cop.._tt0106613	tt0106613	Crime,Family,Comedy
1993	53	The Secret Garden	secret.garden_tt0108071	tt0108071	Drama,Family,Fantasy
1993	54	Forever Young	forever.young_tt0104291	tt0104291	Drama,Sci-Fi,Romance
1993	55	Point of No Return		tt0107843	Crime,Drama,Action
1993	56	A Perfect World		tt0107808	Crime,Drama,Thriller
1993	57	Loaded Weapon 1		tt0107659	Crime,Action,Comedy
1993	58	Menace II Society		tt0107554	Crime,Drama,Thriller
1993	59	My Life		tt0107630	Drama
1993	60	Poetic Justice		tt0107840	Drama,Romance
1993	61	Unforgiven	unforgiven	tt0105695	Drama,Western
1993	62	Beethoven's 2nd	beethovens.2nd_tt0106375	tt0106375	Romance,Family,Comedy
1993	63	The Man Without a Face		tt0107501	Drama
1993	64	Striking Distance		tt0108238	Crime,Action,Mystery
1993	65	The Adventures of Huck Finn		tt0106223	Adventure,Drama,Comedy
1993	66	Benny & Joon	benny..joon_tt0106387	tt0106387	Drama,Romance,Comedy
1993	67	The Program		tt0107889	Drama,Action,Romance
1993	68	Guilty as Sin		tt0107057	Crime,Drama,Thriller
1993	69	Rudy		tt0108002	Drama,Biography,Sport
1993	70	Much Ado About Nothing	much.ado.about._tt0107616	tt0107616	Drama,Romance,Comedy
1993	71	Nowhere to Run		tt0107711	Drama,Action,Romance
1993	72	Like Water for Chocolate	like.water.for._tt0103994	tt0103994	Drama,Romance
1993	73	Coneheads		tt0106598	Sci-Fi,Comedy
1993	74	Super Mario Bros.		tt0108255	Adventure,Family,Comedy
1993	75	Another Stakeout		tt0106292	Crime,Comedy
1993	76	Fire in the Sky		tt0106912	Drama,Biography,Fantasy
1993	77	Sniper		tt0108171	War,Action,Thriller
1993	78	Untamed Heart		tt0108451	Drama,Romance
1993	79	Posse		tt0107863	Drama,Western
1993	80	CB4		tt0106500	Music,Comedy
1993	81	Born Yesterday		tt0106466	Romance,Comedy
1993	82	Used People		tt0105706	Drama,Romance,Comedy
1993	83	A Bronx Tale		tt0106489	Crime,Drama
1993	84	Sidekicks		tt0105402	Adventure,Action,Comedy
1993	85	Heart and Souls		tt0107091	Drama,Fantasy,Comedy
1993	86	Tombstone	tombstone_tt0108358	tt0108358	Drama,Biography,History
1993	87	Jason Goes to Hell: The Final Friday		tt0107254	Horror,Thriller,Fantasy
1993	88	The Piano	piano_tt0107822	tt0107822	Drama,Romance,Music
1993	89	Needful Things		tt0107665	Crime,Drama,Fantasy
1993	90	Indian Summer		tt0107212	Drama,Romance,Comedy
1993	91	The Vanishing		tt0108473	Drama,Horror,Mystery
1993	92	The Remains of the Day	remains.of.the._tt0107943	tt0107943	Drama,Romance
1993	93	Hoffa	hoffa_tt0104427	tt0104427	Crime,Biography,Drama
1993	94	The Crush		tt0106627	Crime,Drama,Romance
1993	95	Geronimo: An American Legend		tt0107004	Drama,Western,History
1993	96	Body of Evidence		tt0106453	Drama,Thriller
1993	97	Man's Best Friend		tt0107504	Sci-Fi,Horror,Comedy
1993	98	A Far Off Place		tt0106868	Adventure,Drama,Family
1993	99	The Distinguished Gentleman	distinguished.g_tt0104114	tt0104114	Crime,Comedy
1993	100	Weekend at Bernie's II		tt0108539	Adventure,Fantasy,Comedy
1993	101	Judgment Night		tt0107286	Crime,Drama,Action
1993	102	Life with Mikey		tt0107413	Family,Comedy
1993	103	Undercover Blues		tt0108442	Crime,Comedy
1993	104	True Romance		tt0108399	Crime,Drama,Romance
1993	105	So I Married an Axe Murderer		tt0108174	Romance,Comedy
1993	106	Army of Darkness		tt0106308	Horror,Comedy
1993	107	Manhattan Murder Mystery		tt0107507	Mystery,Comedy
1993	108	Who's the Man?		tt0108560	Drama,Mystery,Comedy
1993	109	For Love or Money		tt0106941	Drama,Romance,Comedy
1993	110	Mad Dog and Glory		tt0107473	Crime,Drama,Comedy
1993	111	Leap of Faith		tt0104695	Drama,Romance,Comedy
1993	112	Grumpy Old Men	grumpy_old_men_fs	tt0107050	Drama,Romance,Comedy
1993	113	Gettysburg		tt0107007	Drama,War,History
1993	114	RoboCop 3		tt0107978	Crime,Sci-Fi,Action
1993	115	The Dark Half		tt0106664	Thriller,Horror,Mystery
1993	116	Look Who's Talking Now		tt0107438	Romance,Family,Comedy
1993	117	Boiling Point		tt0106455	Crime,Drama,Action
1993	118	Amos & Andrew		tt0106266	Crime,Comedy
1993	119	Flesh and Bone		tt0106926	Drama,Mystery,Romance
1993	120	Matinee		tt0107529	Drama,Comedy
1993	121	A River Runs Through It	a.river.runs.th_tt0105265	tt0105265	Drama
1993	122	Chaplin		tt0103939	Drama,Biography,Comedy
1993	123	We're Back! A Dinosaur's Story		tt0108526	Adventure,Animation,Comedy
1993	124	Lost in Yonkers		tt0107443	Drama,Comedy
1993	125	Leprechaun		tt0107387	Fantasy,Horror,Comedy
1993	126	Strictly Ballroom	strictly.ballro_tt0105488	tt0105488	Drama,Music,Comedy
1993	127	Mr. Jones		tt0107611	Drama,Romance
1993	128	Toys		tt0105629	Adventure,Drama,Comedy
1993	129	Aspen Extreme		tt0106315	Drama,Sport,Romance
1993	130	The Meteor Man		tt0107563	Fantasy,Action,Comedy
1993	131	Dazed and Confused	dazed.and.confu_tt0106677	tt0106677	Comedy
1993	132	Fatal Instinct		tt0106873	Crime,Thriller,Comedy
1993	133	Damage		tt0104237	Drama,Romance
1993	134	Lorenzo's Oil		tt0104756	Drama,Biography
1993	135	Searching for Bobby Fischer		tt0108065	Drama,Biography,Sport
1993	136	Fearless		tt0106881	Drama,Thriller
1993	137	Children of the Corn II: The Final Sacrifice		tt0106557	Horror,Thriller
1993	138	The Wedding Banquet		tt0107156	Drama,Romance,Comedy
1993	139	Fortress		tt0106950	Crime,Sci-Fi,Action
1993	140	Best of the Best II		tt0106393	Crime,Drama,Action
1993	141	Once Upon a Forest		tt0107745	Adventure,Drama,Animation
1993	142	The Real McCoy		tt0107927	Crime,Drama,Thriller
1993	143	The Temp		tt0108311	Drama,Thriller
1993	144	Trespass		tt0105636	Action,Thriller
1993	145	The Cemetery Club		tt0106536	Comedy
1993	146	Howards End	howards.end_tt0104454	tt0104454	Drama,Romance
1993	147	Hear No Evil		tt0107090	Thriller
1993	148	The Muppet Christmas Carol	muppet.christma_tt0104940	tt0104940	Drama,Family,Comedy
1993	149	Swing Kids		tt0108265	Drama,Music
1993	150	Three of Hearts		tt0108334	Romance,Comedy
1993	151	Malcolm X	malcolm.x_tt0104797	tt0104797	Drama,Biography,History
1993	152	Orlando	orlando_tt0107756	tt0107756	Drama,Biography,Fantasy
1993	153	Farewell My Concubine	farewell.my.con_tt0106332	tt0106332	Drama,Romance,Music
1993	154	Jack the Bear		tt0107247	Drama,Comedy
1993	155	Schindler's List	schindlers_list	tt0108052	Drama,Biography,History
1993	156	Surf Ninjas		tt0108258	Adventure,Action,Comedy
1993	157	Into the West		tt0104522	Adventure,Family,Fantasy
1993	158	Passion Fish		tt0105107	Drama
1993	159	Blood In, Blood Out		tt0106469	Crime,Biography,Drama
1993	160	Mr. Nanny		tt0107612	Family,Action,Comedy
1993	161	This Boy's Life		tt0108330	Drama,Biography
1993	162	The Lover		tt0101316	Drama,Biography,Romance
1993	163	Warlock: The Armageddon		tt0108517	Horror,Action,Fantasy
1993	164	Tom and Jerry: The Movie		tt0105616	Adventure,Animation,Comedy
1993	165	Batman: Mask of the Phantasm		tt0106364	Adventure,Action,Animation
1993	166	Father Hood		tt0106877	Adventure,Crime,Comedy
1993	167	Peter's Friends		tt0105130	Drama,Romance,Comedy
1993	168	My Boyfriend's Back		tt0107626	Fantasy,Horror,Comedy
1993	169	Screen Two: The Snapper		tt0108170	Drama
1993	170	Happily Ever After		tt0099733	Family,Animation,Fantasy
1993	171	Only the Strong		tt0107750	Drama,Action
1993	172	Splitting Heirs		tt0108207	Crime,Comedy
1993	173	Mr. Wonderful		tt0107613	Romance,Comedy
1993	174	Tous les matins du monde	tous.les.matins_tt0103110	tt0103110	Drama,Biography,History
1993	175	Airborne		tt0106233	Adventure,Sport,Comedy
1993	176	The Judas Project		tt0107284	Drama,Action,Fantasy
1993	177	Map of the Human Heart		tt0104812	Adventure,Drama,Romance
1993	178	Hexed		tt0107107	Crime,Mystery,Comedy
1993	179	Calendar Girl		tt0106505	Drama,Comedy
1993	180	Son of the Pink Panther		tt0108187	Crime,Comedy
1993	181	Flirting		tt0101898	Drama,Romance
1993	182	Kalifornia		tt0107302	Crime,Drama,Thriller
1993	183	Rich in Love		tt0105256	Drama
1993	184	The Nutcracker		tt0107719	Music,Family,Fantasy
1993	185	Married to It		tt0107523	Drama,Comedy
1993	186	El Mariachi		tt0104815	Crime,Action,Thriller
1993	187	Nemesis		tt0107668	Drama,Sci-Fi,Action
1993	188	The Story of Qiu Ju	story.of.qiu.ju_tt0105197	tt0105197	Drama,Comedy
1993	189	The Night We Never Met		tt0107685	Romance,Comedy
1993	190	Boxing Helena		tt0106471	Drama,Mystery,Romance
1993	191	Carnosaur		tt0106521	Sci-Fi,Horror
1993	192	A Home of Our Own		tt0107130	Drama,Biography
1993	193	Josh and S.A.M.		tt0107277	Adventure,Drama,Comedy
1993	194	Black Diamond Rush		tt0125676	Sport,Documentary
1993	195	Wide Sargasso Sea		tt0108565	Drama,Thriller,Romance
1993	196	M. Butterfly		tt0107468	Drama,Romance
1993	197	A Dangerous Woman		tt0106661	Drama,Romance
1993	198	Ernest Rides Again		tt0106827	Family,Comedy
1993	199	Shadow of the Wolf		tt0105377	Adventure,Drama,Thriller
1993	200	Brother's Keeper		tt0103888	Crime,Mystery,Documentary
1994	1	The Lion King	lion.king_tt0110357	tt0110357	Adventure,Drama,Animation
1994	2	Forrest Gump	forrest_gump	tt0109830	Drama,Romance
1994	3	True Lies	true_lies	tt0111503	Action,Thriller,Comedy
1994	4	The Santa Clause	santa_clause	tt0111070	Drama,Family,Comedy
1994	5	The Flintstones	flintstones	tt0109813	Family,Fantasy,Comedy
1994	6	Clear and Present Danger	clear_and_present_danger	tt0109444	Crime,Drama,Action
1994	7	Speed	speed	tt0111257	Adventure,Action,Thriller
1994	8	The Mask	mask_1994	tt0110475	Crime,Fantasy,Comedy
1994	9	Mrs. Doubtfire	mrs_doubtfire	tt0107614	Drama,Family,Comedy
1994	10	Interview with the Vampire	interview_with_a_vampire	tt0110148	Drama,Horror,Fantasy
1994	11	Maverick	maverick	tt0110478	Adventure,Action,Comedy
1994	12	Schindler's List	schindlers_list	tt0108052	Drama,Biography,History
1994	13	The Client	client	tt0109446	Crime,Drama,Mystery
1994	14	Philadelphia	philadelphia	tt0107818	Drama
1994	15	Stargate	stargate	tt0111282	Adventure,Sci-Fi,Action
1994	16	Ace Ventura: Pet Detective	ace_ventura	tt0109040	Comedy
1994	17	Star Trek: Generations	star_trek_generations	tt0111280	Adventure,Action,Mystery
1994	18	Wolf	wolf	tt0111742	Drama,Horror,Romance
1994	19	Pulp Fiction	pulp_fiction	tt0110912	Crime,Drama
1994	20	Grumpy Old Men	grumpy_old_men_fs	tt0107050	Drama,Romance,Comedy
1994	21	The Specialist	specialist	tt0111255	Drama,Action,Thriller
1994	22	Dumb and Dumber	dumb_and_dumber	tt0109686	Comedy
1994	23	Four Weddings and a Funeral	four_weddings_and_a_funeral	tt0109831	Drama,Romance,Comedy
1994	24	Naked Gun 33 1/3: The Final Insult	naked_gun_3313	tt0110622	Crime,Comedy
1994	25	The Little Rascals	little_rascals	tt0110366	Romance,Family,Comedy
1994	26	The Crow	crow	tt0109506	Crime,Drama,Action
1994	27	The Pelican Brief	pelican_brief	tt0107798	Crime,Drama,Mystery
1994	28	Natural Born Killers	natural.born.ki_tt0110632	tt0110632	Crime,Romance
1994	29	Angels in the Outfield	angels.in.the.o_tt0109127	tt0109127	Drama,Family,Comedy
1994	30	When a Man Loves a Woman	when.a.man.love_tt0111693	tt0111693	Drama,Romance
1994	31	The River Wild	river.wild_tt0110997	tt0110997	Adventure,Crime,Thriller
1994	32	D2: The Mighty Ducks	d2.the.mighty.d_tt0109520	tt0109520	Drama,Family,Comedy
1994	33	Timecop	timecop_tt0111438	tt0111438	Crime,Sci-Fi,Action
1994	34	Disclosure	disclosure_tt0109635	tt0109635	Drama,Thriller
1994	35	City Slickers II: The Legend of Curly's Gold	city.slickers.i_tt0109439	tt0109439	Western,Comedy
1994	36	Beverly Hills Cop III	beverly.hills.c_tt0109254	tt0109254	Crime,Action,Comedy
1994	37	Tombstone	tombstone_tt0108358	tt0108358	Drama,Biography,History
1994	38	On Deadly Ground	on.deadly.groun_tt0110725	tt0110725	Adventure,Action,Thriller
1994	39	It Could Happen to You	it.could.happen_tt0110167	tt0110167	Drama,Romance,Comedy
1994	40	The Paper	paper_tt0110771	tt0110771	Drama,Comedy
1994	41	The Shadow	shadow_tt0111143	tt0111143	Adventure,Crime,Action
1994	42	I Love Trouble	i.love.trouble_tt0110093	tt0110093	Romance,Action,Comedy
1994	43	Major League II	major.league.ii_tt0110442	tt0110442	Sport,Comedy
1994	44	Blank Check	blank.check_tt0109287	tt0109287	Crime,Family,Comedy
1994	45	Blown Away	blown.away_tt0109303	tt0109303	Crime,Drama,Action
1994	46	Junior	junior_tt0110216	tt0110216	Romance,Sci-Fi,Comedy
1994	47	In the Army Now	in.the.army.now_tt0110123	tt0110123	War,Comedy
1994	48	Beethoven's 2nd	beethovens.2nd_tt0106375	tt0106375	Romance,Family,Comedy
1994	49	Guarding Tess	guarding.tess_tt0109951	tt0109951	Drama,Comedy
1994	50	A Low Down Dirty Shame	a.low.down.dirt_tt0110399	tt0110399	Crime,Action,Comedy
1994	51	Shadowlands	shadowlands_tt0108101	tt0108101	Drama,Biography,Romance
1994	52	My Father the Hero		tt0110612	Romance,Comedy
1994	53	In the Name of the Father	in.the.name.of._tt0107207	tt0107207	Crime,Biography,Drama
1994	54	Wyatt Earp		tt0111756	Adventure,Biography,Drama
1994	55	Renaissance Man		tt0110971	Drama,Comedy
1994	56	The Piano	piano_tt0107822	tt0107822	Drama,Romance,Music
1994	57	Blue Chips		tt0109305	Drama,Sport
1994	58	Sister Act 2: Back in the Habit	sister.act.2.ba_tt0108147	tt0108147	Music,Family,Comedy
1994	59	Frankenstein		tt0109836	Drama,Horror,Romance
1994	60	Intersection		tt0110146	Drama,Romance
1994	61	The Air Up There		tt0109067	Family,Sport,Comedy
1994	62	Iron Will		tt0110157	Adventure,Family
1994	63	Reality Bites		tt0110950	Drama,Romance,Comedy
1994	64	Drop Zone	drop.zone_tt0109676	tt0109676	Adventure,Action,Thriller
1994	65	Jason's Lyric		tt0110186	Crime,Drama,Romance
1994	66	The Cowboy Way		tt0109493	Crime,Action,Comedy
1994	67	Only You		tt0110737	Romance,Comedy
1994	68	With Honors		tt0111732	Drama,Comedy
1994	69	Color of Night		tt0109456	Drama,Mystery,Romance
1994	70	8 Seconds		tt0109021	Drama,Biography,Sport
1994	71	Quiz Show	quiz.show_tt0110932	tt0110932	Drama,Biography,History
1994	72	Léon: The Professional		tt0110413	Crime,Drama,Action
1994	73	Little Giants		tt0110364	Family,Sport,Comedy
1994	74	House Party 3	house.party.3_tt0110064	tt0110064	Music,Comedy
1994	75	Getting Even with Dad		tt0109891	Crime,Family,Comedy
1994	76	Love Affair		tt0110391	Drama,Romance,Comedy
1994	77	Corrina, Corrina		tt0109484	Drama,Romance,Comedy
1994	78	Sugar Hill		tt0107079	Crime,Drama,Action
1994	79	Jurassic Park	jurassic_park	tt0107290	Adventure,Sci-Fi,Action
1994	80	Milk Money		tt0110516	Romance,Comedy
1994	81	New Nightmare	new.nightmare_tt0111686	tt0111686	Horror,Mystery,Fantasy
1994	82	Street Fighter	street.fighter_tt0111301	tt0111301	Adventure,Action,Comedy
1994	83	My Girl 2	my.girl.2_tt0110613	tt0110613	Drama,Family,Comedy
1994	84	Miracle on 34th Street		tt0110527	Drama,Family,Fantasy
1994	85	The War		tt0111667	Drama,War,History
1994	86	Baby's Day Out		tt0109190	Adventure,Crime,Comedy
1994	87	Lightning Jack		tt0110353	Western,Comedy
1994	88	Andre		tt0109120	Adventure,Drama,Family
1994	89	Blink		tt0109297	Crime,Drama,Mystery
1994	90	Terminal Velocity		tt0111400	Romance,Action,Mystery
1994	91	Monkey Trouble		tt0110557	Adventure,Crime,Comedy
1994	92	Above the Rim		tt0109035	Crime,Drama,Sport
1994	93	The Getaway		tt0109890	Adventure,Crime,Action
1994	94	Little Women	little_women	tt0110367	Drama,Family,Romance
1994	95	The Shawshank Redemption	shawshank.redem_tt0111161	tt0111161	Drama
1994	96	Richie Rich	richie.rich_tt0110989	tt0110989	Family,Comedy
1994	97	The Jungle Book		tt0110213	Adventure,Family,Fantasy
1994	98	No Escape		tt0110678	Drama,Sci-Fi,Action
1994	99	Bad Girls		tt0109198	Adventure,Drama,Action
1994	100	Threesome		tt0111418	Drama,Romance,Comedy
1994	101	The Pagemaster		tt0110763	Adventure,Animation,Comedy
1994	102	Crooklyn	crooklyn_tt0109504	tt0109504	Drama,Comedy
1994	103	Bullets Over Broadway		tt0109348	Crime,Comedy
1994	104	Greedy		tt0109936	Comedy
1994	105	Speechless		tt0111256	Romance,Comedy
1994	106	Little Big League		tt0110363	Family,Sport,Comedy
1994	107	3 Ninjas Kick Back		tt0109015	Family,Action,Comedy
1994	108	The Ref		tt0110955	Crime,Drama,Comedy
1994	109	Cops and Robbersons		tt0109480	Crime,Thriller,Comedy
1994	110	Thumbelina		tt0111419	Adventure,Family,Animation
1994	111	Wayne's World 2	waynes.world.2_tt0108525	tt0108525	Music,Comedy
1994	112	The Adventures of Priscilla, Queen of the Desert	adventures.of.p_tt0109045	tt0109045	Music,Comedy
1994	113	Camp Nowhere		tt0109369	Adventure,Family,Comedy
1994	114	I'll Do Anything		tt0110097	Drama,Comedy
1994	115	Martin Lawrence: You So Crazy		tt0111804	Documentary,Comedy
1994	116	Lassie		tt0110305	Adventure,Family
1994	117	The Swan Princess		tt0111333	Adventure,Animation,Comedy
1994	118	What's Eating Gilbert Grape		tt0108550	Drama
1994	119	Angie		tt0109129	Drama,Romance,Comedy
1994	120	The Inkwell		tt0110137	Drama,Romance,Comedy
1994	121	White Fang 2: Myth of the White Wolf		tt0111701	Adventure,Family
1994	122	I.Q.		tt0110099	Romance,Comedy
1994	123	Nell	nell_tt0110638	tt0110638	Drama
1994	124	The Puppet Masters		tt0111003	Sci-Fi,Horror,Thriller
1994	125	Blankman		tt0109288	Crime,Action,Comedy
1994	126	The Chase		tt0109402	Adventure,Action,Comedy
1994	127	Cool Runnings	cool.runnings_tt0106611	tt0106611	Adventure,Family,Comedy
1994	128	The Next Karate Kid		tt0110657	Drama,Family,Action
1994	129	Serial Mom		tt0111127	Crime,Thriller,Comedy
1994	130	Surviving the Game		tt0111323	Adventure,Crime,Action
1994	131	Clifford		tt0109447	Comedy
1994	132	The Fugitive	fugitive	tt0106977	Crime,Drama,Action
1994	133	Clean Slate		tt0109443	Mystery,Comedy
1994	134	Eat Drink Man Woman		tt0111797	Drama,Romance,Comedy
1994	135	Barcelona		tt0109219	Drama,Romance,Comedy
1994	136	North		tt0110687	Adventure,Drama,Comedy
1994	137	Fresh		tt0109842	Crime,Drama,Thriller
1994	138	Trial by Jury		tt0111488	Crime,Drama,Thriller
1994	139	Exit to Eden		tt0109758	Crime,Romance,Comedy
1994	140	Sirens		tt0111201	Drama,Romance,Comedy
1994	141	The Road to Wellville		tt0111001	Drama,Comedy
1994	142	The House of the Spirits		tt0107151	Drama,Romance
1994	143	Widows' Peak		tt0111712	Crime,Drama,Comedy
1994	144	The Three Musketeers	three_musketeers	tt0108333	Adventure,Action,Romance
1994	145	Trapped in Paradise		tt0111477	Adventure,Crime,Comedy
1994	146	Short Cuts	short.cuts_tt0108122	tt0108122	Drama,Comedy
1994	147	Ed Wood	ed.wood_tt0109707	tt0109707	Drama,Biography,Comedy
1994	148	Six Degrees of Separation		tt0108149	Drama,Mystery,Comedy
1994	149	Airheads		tt0109068	Crime,Music,Comedy
1994	150	Geronimo: An American Legend		tt0107004	Drama,Western,History
1994	151	Heaven & Earth		tt0107096	Drama,Biography,Action
1994	152	Ready to Wear	ready.to.wear_tt0110907	tt0110907	Drama,Comedy
1994	153	Little Buddha		tt0107426	Drama
1994	154	Addams Family Values	addams.family.v_tt0106220	tt0106220	Fantasy,Comedy
1994	155	Black Beauty		tt0109279	Adventure,Drama,Family
1994	156	Ghost in the Machine		tt0107009	Sci-Fi,Horror,Thriller
1994	157	Wagons East		tt0111653	Adventure,Western,Comedy
1994	158	Brainscan		tt0109327	Sci-Fi,Horror
1994	159	PCU		tt0110759	Comedy
1994	160	Mixed Nuts		tt0110538	Drama,Comedy
1994	161	Jimmy Hollywood		tt0110197	Crime,Drama,Comedy
1994	162	Cabin Boy		tt0109361	Adventure,Romance,Comedy
1994	163	A Simple Twist of Fate		tt0111194	Drama,Comedy
1994	164	Gunmen		tt0109959	Crime,Action,Comedy
1994	165	Blue Sky		tt0109306	Drama,Romance
1994	166	Squanto: A Warrior's Tale		tt0111271	Adventure,Biography,Drama
1994	167	Romeo Is Bleeding		tt0107983	Crime,Drama,Romance
1994	168	Silent Fall		tt0111187	Drama,Thriller,Mystery
1994	169	The Favor		tt0109783	Romance,Comedy
1994	170	Princess Caraboo		tt0110892	Drama,History,Comedy
1994	171	China Moon		tt0109417	Crime,Drama,Mystery
1994	172	Clerks	clerks_tt0109445	tt0109445	Comedy
1994	173	A Perfect World		tt0107808	Crime,Drama,Thriller
1994	174	The Hudsucker Proxy		tt0110074	Drama,Fantasy,Comedy
1994	175	The Scout		tt0111094	Drama,Sport,Comedy
1994	176	Red Rock West		tt0105226	Crime,Drama,Thriller
1994	177	Backbeat		tt0106339	Drama,Biography,Music
1994	178	Double Dragon		tt0106761	Adventure,Action,Comedy
1994	179	A Good Man in Africa		tt0109920	Comedy
1994	180	Leprechaun 2		tt0110329	Fantasy,Horror,Comedy
1994	181	Batman: Mask of the Phantasm		tt0106364	Adventure,Action,Animation
1994	182	The Endless Summer 2		tt0109729	Adventure,Sport,Documentary
1994	183	The Princess and the Goblin		tt0107875	Adventure,Animation,Comedy
1994	184	The Remains of the Day	remains.of.the._tt0107943	tt0107943	Drama,Romance
1994	185	Bitter Moon		tt0104779	Drama,Thriller,Romance
1994	186	Screen Two: The Clothes in the Wardrobe		tt0108249	Drama
1994	187	Even Cowgirls Get the Blues		tt0106834	Drama,Romance,Comedy
1994	188	Death Wish: The Face of Death		tt0109578	Crime,Drama,Action
1994	189	Naked	naked_tt0107653	tt0107653	Drama,Comedy
1994	190	Chasers		tt0109403	Drama,Action,Comedy
1994	191	Being Human		tt0106379	Drama,Comedy
1994	192	Spanking the Monkey		tt0111252	Drama,Comedy
1994	193	Radioland Murders		tt0110939	Crime,Drama,Comedy
1994	194	Car 54, Where Are You?		tt0109376	Comedy
1994	195	Three Colors: White	three.colors.wh_tt0111507	tt0111507	Drama,Romance,Comedy
1994	196	A Million to Juan		tt0110518	Comedy
1994	197	Three Colors: Blue	three.colors.bl_tt0108394	tt0108394	Drama,Mystery,Music
1994	198	Cobb		tt0109450	Drama,Biography,Sport
1994	199	The War Room	war.room_tt0108515	tt0108515	History,Documentary
1994	200	Mother's Boys		tt0107606	Drama,Thriller
1995	1	Batman Forever	batman_forever	tt0112462	Adventure,Action
1995	2	Apollo 13	apollo13	tt0112384	Adventure,Drama,History
1995	3	Toy Story	toy.story_tt0114709	tt0114709	Adventure,Animation,Comedy
1995	4	Pocahontas	pocahontas_tt0114148	tt0114148	Adventure,Drama,Animation
1995	5	Ace Ventura: When Nature Calls	ace.ventura.when.nature.calls_tt0112281	tt0112281	Adventure,Crime,Comedy
1995	6	Casper	casper	tt0112642	Family,Fantasy,Comedy
1995	7	Die Hard with a Vengeance	die_hard_vengeance	tt0112864	Adventure,Action,Thriller
1995	8	Crimson Tide	crimson_tide	tt0112740	Drama,Action,Thriller
1995	9	GoldenEye	goldeneye	tt0113189	Adventure,Action,Thriller
1995	10	Waterworld	waterworld	tt0114898	Adventure,Sci-Fi,Action
1995	11	Dangerous Minds	dangerous_minds	tt0112792	Drama,Biography
1995	12	Seven	seven	tt0114369	Crime,Drama,Mystery
1995	13	Congo	congo	tt0112715	Adventure,Action,Mystery
1995	14	While You Were Sleeping	while_you_were_sleeping	tt0114924	Drama,Romance,Comedy
1995	15	Get Shorty	get_shorty	tt0113161	Crime,Thriller,Comedy
1995	16	The Bridges of Madison County	bridges_of_madison_county	tt0112579	Drama,Romance
1995	17	Mortal Kombat	mortal_kombat_fs	tt0113855	Adventure,Action,Fantasy
1995	18	Dumb and Dumber	dumb_and_dumber	tt0109686	Comedy
1995	19	Nine Months	nine_months	tt0113986	Romance,Comedy
1995	20	Outbreak	outbreak	tt0114069	Drama,Action,Thriller
1995	21	Braveheart	braveheart	tt0112573	Drama,Biography,War
1995	22	Legends of the Fall	legends_of_the_fall	tt0110322	Drama,War,Romance
1995	23	Bad Boys	bad_boys	tt0112442	Crime,Action,Comedy
1995	24	Species	species	tt0114508	Sci-Fi,Action,Horror
1995	25	Clueless	clueless	tt0112697	Romance,Comedy
1995	26	Something to Talk About	something_to_talk_about	tt0114496	Drama,Romance,Comedy
1995	27	Babe	babe	tt0112431	Drama,Family,Comedy
1995	28	Under Siege 2: Dark Territory	under.siege.2.d_tt0114781	tt0114781	Adventure,Action,Thriller
1995	29	A Walk in the Clouds	a.walk.in.the.c_tt0114887	tt0114887	Drama,Romance
1995	30	The Net	net_tt0113957	tt0113957	Crime,Drama,Action
1995	31	The American President	american.presid_tt0112346	tt0112346	Drama,Romance,Comedy
1995	32	Jumanji	jumanji_tt0113497	tt0113497	Adventure,Family,Comedy
1995	33	The Brady Bunch Movie	brady.bunch.mov_tt0112572	tt0112572	Comedy
1995	34	Father of the Bride Part II	father.of.the.b_tt0113041	tt0113041	Romance,Family,Comedy
1995	35	Pulp Fiction	pulp_fiction	tt0110912	Crime,Drama
1995	36	Man of the House	man.of.the.hous_tt0113755	tt0113755	Family,Comedy
1995	37	Nobody's Fool	nobodys.fool_tt0110684	tt0110684	Drama,Comedy
1995	38	Disclosure	disclosure_tt0109635	tt0109635	Drama,Thriller
1995	39	French Kiss	french.kiss_tt0113117	tt0113117	Drama,Romance,Comedy
1995	40	Higher Learning	higher.learning_tt0113305	tt0113305	Crime,Drama,Thriller
1995	41	Mighty Morphin Power Rangers	mighty.morphin._tt0113820	tt0113820	Adventure,Family,Action
1995	42	First Knight	first.knight_tt0113071	tt0113071	Adventure,Drama,Action
1995	43	Just Cause	just.cause_tt0113501	tt0113501	Crime,Drama,Action
1995	44	Casino	casino_tt0112641	tt0112641	Crime,Drama
1995	45	To Wong Foo, Thanks for Everything! Julie Newmar	to.wong.foo.tha_tt0114682	tt0114682	Drama,Comedy
1995	46	The Indian in the Cupboard	indian.in.the.c_tt0113419	tt0113419	Drama,Family,Fantasy
1995	47	A Goofy Movie	a.goofy.movie_tt0113198	tt0113198	Adventure,Animation,Comedy
1995	48	Judge Dredd	judge.dredd_tt0113492	tt0113492	Crime,Sci-Fi,Action
1995	49	Money Train	money.train_tt0113845	tt0113845	Crime,Action,Comedy
1995	50	Little Women	little_women	tt0110367	Drama,Family,Romance
1995	51	Forget Paris	forget.paris_tt0113097	tt0113097	Romance,Comedy
1995	52	Tommy Boy	tommy.boy_tt0114694	tt0114694	Adventure,Comedy
1995	53	Heat	heat_tt0113277	tt0113277	Crime,Drama,Action
1995	54	Rob Roy	rob.roy_tt0114287	tt0114287	Adventure,Biography,Drama
1995	55	Powder	powder_tt0114168	tt0114168	Drama,Mystery,Fantasy
1995	56	Assassins	assassins_tt0112401	tt0112401	Crime,Action,Thriller
1995	57	Free Willy 2: The Adventure Home	free.willy.2.th_tt0113114	tt0113114	Adventure,Drama,Family
1995	58	Forrest Gump	forrest_gump	tt0109830	Drama,Romance
1995	59	Waiting to Exhale	waiting.to.exha_tt0114885	tt0114885	Drama,Romance,Comedy
1995	60	Major Payne	major.payne_tt0110443	tt0110443	Adventure,Family,Comedy
1995	61	Copycat	copycat_tt0112722	tt0112722	Drama,Thriller,Mystery
1995	62	The Jungle Book		tt0110213	Adventure,Family,Fantasy
1995	63	Friday	friday_tt0113118	tt0113118	Drama,Comedy
1995	64	Now and Then	now.and.then_tt0114011	tt0114011	Drama,Romance,Comedy
1995	65	Houseguest	houseguest_tt0110066	tt0110066	Comedy
1995	66	Sabrina	sabrina_tt0114319	tt0114319	Drama,Romance,Comedy
1995	67	Billy Madison	billy.madison_tt0112508	tt0112508	Comedy
1995	68	Desperado	desperado_tt0112851	tt0112851	Crime,Drama,Action
1995	69	Nell	nell_tt0110638	tt0110638	Drama
1995	70	Operation Dumbo Drop	operation.dumbo_tt0114048	tt0114048	Adventure,Action,Comedy
1995	71	Dolores Claiborne		tt0109642	Crime,Drama,Mystery
1995	72	Dead Presidents	dead.presidents_tt0112819	tt0112819	Crime,Drama,Action
1995	73	Virtuosity	virtuosity_tt0114857	tt0114857	Crime,Sci-Fi,Action
1995	74	How to Make an American Quilt	how.to.make.an._tt0113347	tt0113347	Drama,Romance,Comedy
1995	75	Grumpier Old Men	grumpier.old.me_tt0113228	tt0113228	Romance,Comedy
1995	76	Boys on the Side		tt0112571	Drama,Comedy
1995	77	Circle of Friends		tt0112679	Drama,Romance
1995	78	The Usual Suspects	usual.suspects_tt0114814	tt0114814	Crime,Drama,Mystery
1995	79	Richie Rich	richie.rich_tt0110989	tt0110989	Family,Comedy
1995	80	Don Juan DeMarco		tt0112883	Drama,Romance,Comedy
1995	81	To Die For		tt0114681	Crime,Drama,Comedy
1995	82	Tales from the Crypt: Demon Knight		tt0114608	Horror,Action,Fantasy
1995	83	Showgirls		tt0114436	Drama
1995	84	Vampire in Brooklyn		tt0114825	Fantasy,Horror,Comedy
1995	85	It Takes Two		tt0113442	Romance,Family,Comedy
1995	86	Johnny Mnemonic		tt0113481	Drama,Sci-Fi,Action
1995	87	The Quick and the Dead		tt0114214	Drama,Action,Romance
1995	88	The Big Green		tt0112499	Family,Sport,Comedy
1995	89	Heavyweights		tt0110006	Drama,Family,Comedy
1995	90	I.Q.		tt0110099	Romance,Comedy
1995	91	Home for the Holidays		tt0113321	Drama,Romance,Comedy
1995	92	Murder in the First		tt0113870	Drama,Thriller
1995	93	Jury Duty		tt0113500	Comedy
1995	94	Devil in a Blue Dress		tt0112857	Crime,Drama,Mystery
1995	95	The Prophecy		tt0114194	Crime,Drama,Action
1995	96	Street Fighter	street.fighter_tt0111301	tt0111301	Adventure,Action,Comedy
1995	97	Mad Love		tt0113729	Drama,Romance,Comedy
1995	98	Muriel's Wedding		tt0110598	Drama,Comedy
1995	99	Halloween: The Curse of Michael Myers		tt0113253	Horror,Thriller
1995	100	Kiss of Death		tt0113552	Crime,Drama,Thriller
1995	101	The Lion King	lion.king_tt0110357	tt0110357	Adventure,Drama,Animation
1995	102	Candyman: Farewell to the Flesh		tt0112625	Horror,Thriller
1995	103	A Kid in King Arthur's Court		tt0113538	Adventure,Family,Comedy
1995	104	Lord of Illusions		tt0113690	Thriller,Horror,Mystery
1995	105	Clockers	clockers_tt0112688	tt0112688	Crime,Drama,Mystery
1995	106	The Santa Clause	santa_clause	tt0111070	Drama,Family,Comedy
1995	107	Highlander: The Final Dimension		tt0110027	Romance,Action,Fantasy
1995	108	Hideaway		tt0113303	Horror,Thriller,Fantasy
1995	109	Roommates		tt0114296	Drama,Comedy
1995	110	Bye Bye Love		tt0112606	Drama,Romance,Comedy
1995	111	Tales from the Hood		tt0114609	Crime,Drama,Horror
1995	112	Far from Home: The Adventures of Yellow Dog		tt0113028	Adventure,Family
1995	113	The Shawshank Redemption	shawshank.redem_tt0111161	tt0111161	Drama
1995	114	The Madness of King George	madness.of.king_tt0110428	tt0110428	Drama,Biography,Comedy
1995	115	Fair Game		tt0113010	Romance,Action,Thriller
1995	116	Tom and Huck		tt0112302	Adventure,Drama,Family
1995	117	My Family		tt0113896	Drama
1995	118	Sudden Death		tt0114576	Crime,Action,Thriller
1995	119	The Englishman Who Went Up a Hill But Came Down a Mountain		tt0112966	Drama,Romance,Comedy
1995	120	The Scarlet Letter		tt0114345	Drama,Romance
1995	121	A Little Princess	a.little.prince_tt0113670	tt0113670	Drama,Family,Fantasy
1995	122	Jade		tt0113451	Crime,Drama,Thriller
1995	123	The Baby-Sitters Club		tt0112435	Drama,Family,Comedy
1995	124	In the Mouth of Madness		tt0113409	Drama,Horror,Fantasy
1995	125	Immortal Beloved		tt0110116	Drama,Biography,Music
1995	126	Smoke		tt0114478	Drama,Comedy
1995	127	Tall Tale		tt0111359	Adventure,Family,Fantasy
1995	128	Nick of Time		tt0113972	Crime,Drama,Action
1995	129	Village of the Damned		tt0114852	Sci-Fi,Horror,Thriller
1995	130	Strange Days		tt0114558	Crime,Drama,Sci-Fi
1995	131	Speechless		tt0111256	Romance,Comedy
1995	132	Unstrung Heroes		tt0114798	Drama,Comedy
1995	133	Bushwhacked		tt0112602	Adventure,Crime,Comedy
1995	134	Drop Zone	drop.zone_tt0109676	tt0109676	Adventure,Action,Thriller
1995	135	Hoop Dreams	hoop.dreams_tt0110057	tt0110057	Drama,Sport,Documentary
1995	136	Losing Isaiah		tt0113691	Drama
1995	137	Hackers		tt0113243	Crime,Drama,Romance
1995	138	The Jerky Boys		tt0110189	Crime,Comedy
1995	139	The Amazing Panda Adventure		tt0112342	Adventure,Drama,Family
1995	140	Kids	kids_tt0113540	tt0113540	Drama
1995	141	The Brothers McMullen		tt0112585	Drama,Romance,Comedy
1995	142	Three Wishes		tt0114663	Drama,Family,Fantasy
1995	143	Last of the Dogmen		tt0113617	Adventure,Drama,Western
1995	144	Never Talk to Strangers		tt0113965	Crime,Drama,Mystery
1995	145	Panther		tt0114084	Drama
1995	146	Junior	junior_tt0110216	tt0110216	Romance,Sci-Fi,Comedy
1995	147	Dracula: Dead and Loving It		tt0112896	Fantasy,Horror,Comedy
1995	148	The Hunted		tt0113360	Drama,Action,Thriller
1995	149	Mighty Aphrodite		tt0113819	Romance,Fantasy,Comedy
1995	150	Ready to Wear	ready.to.wear_tt0110907	tt0110907	Drama,Comedy
1995	151	Nixon		tt0113987	Drama,Biography,History
1995	152	The Secret of Roan Inish		tt0111112	Drama,Family,Fantasy
1995	153	Gold Diggers: The Secret of Bear Mountain		tt0113188	Adventure,Drama,Family
1995	154	The Walking Dead		tt0114888	Drama,War,Action
1995	155	Cutthroat Island		tt0112760	Adventure,Action,Comedy
1995	156	The Tie That Binds		tt0114666	Crime,Drama,Thriller
1995	157	The Last Seduction	last.seduction_tt0110308	tt0110308	Crime,Drama,Romance
1995	158	Beyond Rangoon		tt0112495	Adventure,Drama,Action
1995	159	Star Trek: Generations	star_trek_generations	tt0111280	Adventure,Action,Mystery
1995	160	Before Sunrise	before.sunrise_tt0112471	tt0112471	Drama,Romance,Comedy
1995	161	Persuasion		tt0114117	Drama,Romance
1995	162	Miami Rhapsody		tt0113808	Romance,Comedy
1995	163	Quiz Show	quiz.show_tt0110932	tt0110932	Drama,Biography,History
1995	164	Balto		tt0112453	Adventure,Drama,Animation
1995	165	Top Dog		tt0114697	Crime,Action,Comedy
1995	166	Angus		tt0112368	Drama,Comedy
1995	167	National Lampoon's Senior Trip		tt0113936	Adventure,Comedy
1995	168	Exotica	exotica_tt0109759	tt0109759	Drama
1995	169	Interview with the Vampire	interview_with_a_vampire	tt0110148	Drama,Horror,Fantasy
1995	170	Priest		tt0110889	Drama,Romance
1995	171	Tank Girl		tt0114614	Sci-Fi,Action,Comedy
1995	172	Fluke		tt0113089	Drama,Family,Fantasy
1995	173	The Pebble and the Penguin		tt0114108	Adventure,Animation,Comedy
1995	174	Gordy		tt0113199	Drama,Family,Comedy
1995	175	Sense and Sensibility	sense.and.sensi_tt0114388	tt0114388	Drama,Romance
1995	176	White Man's Burden		tt0114928	Drama,Thriller
1995	177	Born to Be Wild		tt0113533	Adventure,Drama,Comedy
1995	178	Bad Company		tt0112443	Crime,Drama,Thriller
1995	179	New Jersey Drive		tt0113967	Crime,Drama
1995	180	Jeffrey	jeffrey_tt0113464	tt0113464	Drama,Comedy
1995	181	The Glass Shield		tt0109906	Crime,Drama
1995	182	Carrington		tt0112637	Drama,Biography,Romance
1995	183	Steal Big Steal Little		tt0114536	Comedy
1995	184	Crumb	crumb_tt0109508	tt0109508	Documentary,Biography,Comedy
1995	185	A Low Down Dirty Shame	a.low.down.dirt_tt0110399	tt0110399	Crime,Action,Comedy
1995	186	Unzipped		tt0114805	Documentary
1995	187	Othello		tt0114057	Drama,Romance
1995	188	The Perez Family		tt0114113	Drama,Romance,Comedy
1995	189	Dr. Jekyll and Ms. Hyde		tt0112895	Romance,Sci-Fi,Comedy
1995	190	Heavenly Creatures	heavenly.creatu_tt0110005	tt0110005	Crime,Biography,Drama
1995	191	The Show		tt0114435	Music,Documentary
1995	192	Magic in the Water		tt0113737	Adventure,Family,Fantasy
1995	193	The Cure		tt0112757	Adventure,Drama
1995	194	Mixed Nuts		tt0110538	Drama,Comedy
1995	195	Moonlight and Valentino		tt0113851	Drama,Romance,Comedy
1995	196	Jefferson in Paris		tt0113463	Drama,Biography,History
1995	197	The Basketball Diaries		tt0112461	Crime,Biography,Drama
1995	198	Burnt by the Sun	burnt.by.the.su_tt0111579	tt0111579	Drama,War
1995	199	To Live		tt0110081	Drama,War
1995	200	Wild Bill		tt0114938	Drama,Biography,Action
1996	1	Independence Day	independence_day	tt0116629	Adventure,Sci-Fi,Action
1996	2	Twister	twister	tt0117998	Adventure,Action,Thriller
1996	3	Mission: Impossible	mission_impossible	tt0117060	Adventure,Action,Thriller
1996	4	The Rock	rock	tt0117500	Adventure,Action,Thriller
1996	5	The Nutty Professor	nutty_professor	tt0117218	Romance,Sci-Fi,Comedy
1996	6	Ransom	ransom	tt0117438	Crime,Drama,Action
1996	7	The Birdcage	birdcage	tt0115685	Comedy
1996	8	A Time to Kill	time_to_kill	tt0117913	Crime,Drama,Thriller
1996	9	101 Dalmatians	101_dalmations	tt0115433	Adventure,Crime,Comedy
1996	10	The First Wives Club	first_wives_club	tt0116313	Comedy
1996	11	Eraser	eraser	tt0116213	Crime,Action,Thriller
1996	12	Phenomenon	phenomenon	tt0117333	Drama,Romance,Fantasy
1996	13	The Hunchback of Notre Dame	hunchback.of.no_tt0116583	tt0116583	Drama,Family,Animation
1996	14	Star Trek: First Contact	star_trek_first_contact	tt0117731	Adventure,Drama,Action
1996	15	Space Jam	space.jam_tt0117705	tt0117705	Adventure,Animation,Comedy
1996	16	Mr. Holland's Opus	mr_hollands_opus	tt0113862	Drama,Music
1996	17	Broken Arrow	broken_arrow	tt0115759	Adventure,Action,Thriller
1996	18	Jerry Maguire	jerry_maguire	tt0116695	Drama,Romance,Comedy
1996	19	The Cable Guy	cable_guy_fs	tt0115798	Drama,Thriller,Comedy
1996	20	Courage Under Fire	courage_under_fire	tt0115956	Drama,Action,Mystery
1996	21	Jack	jack	tt0116669	Drama,Fantasy,Comedy
1996	22	12 Monkeys	12_monkeys	tt0114746	Thriller,Sci-Fi,Mystery
1996	23	Executive Decision	executive_decision	tt0116253	Adventure,Action,Thriller
1996	24	Primal Fear	primal_fear	tt0117381	Crime,Drama,Mystery
1996	25	Jingle All the Way	jingle_all_the_way	tt0116705	Adventure,Family,Comedy
1996	26	Tin Cup	tin_cup	tt0117918	Drama,Romance,Comedy
1996	27	Sleepers	sleepers	tt0117665	Crime,Drama,Thriller
1996	28	DragonHeart	dragonheart_tt0116136	tt0116136	Adventure,Action,Fantasy
1996	29	Up Close & Personal	up.close..perso_tt0118055	tt0118055	Drama,Romance
1996	30	Jumanji	jumanji_tt0113497	tt0113497	Adventure,Family,Comedy
1996	31	Grumpier Old Men	grumpier.old.me_tt0113228	tt0113228	Romance,Comedy
1996	32	Toy Story	toy.story_tt0114709	tt0114709	Adventure,Animation,Comedy
1996	33	Beavis and Butt-Head Do America	beavis.and.butt_tt0115641	tt0115641	Adventure,Animation,Comedy
1996	34	Romeo + Juliet	romeo..juliet_tt0117509	tt0117509	Drama,Romance
1996	35	The Mirror Has Two Faces	mirror.has.two._tt0117057	tt0117057	Drama,Romance,Comedy
1996	36	Sense and Sensibility	sense.and.sensi_tt0114388	tt0114388	Drama,Romance
1996	37	Dead Man Walking	dead.man.walkin_tt0112818	tt0112818	Crime,Drama
1996	38	Happy Gilmore	happy.gilmore_tt0116483	tt0116483	Sport,Comedy
1996	39	The Ghost and the Darkness	ghost.and.the.d_tt0116409	tt0116409	Adventure,Drama,Thriller
1996	40	Waiting to Exhale	waiting.to.exha_tt0114885	tt0114885	Drama,Romance,Comedy
1996	41	Set It Off	set.it.off_tt0117603	tt0117603	Crime,Drama,Action
1996	42	Heat	heat_tt0113277	tt0113277	Crime,Drama,Action
1996	43	The Truth About Cats & Dogs	truth.about.cat_tt0117979	tt0117979	Romance,Comedy
1996	44	A Thin Line Between Love and Hate	a.thin.line.bet_tt0117891	tt0117891	Crime,Drama,Comedy
1996	45	Muppet Treasure Island	muppet.treasure_tt0117110	tt0117110	Adventure,Action,Comedy
1996	46	Matilda	matilda_tt0117008	tt0117008	Family,Fantasy,Comedy
1996	47	The Long Kiss Goodnight	long.kiss.goodn_tt0116908	tt0116908	Crime,Drama,Action
1996	48	Striptease	striptease_tt0117765	tt0117765	Crime,Drama,Comedy
1996	49	Homeward Bound II: Lost in San Francisco	homeward.bound._tt0116552	tt0116552	Adventure,Family,Comedy
1996	50	Black Sheep	black.sheep_tt0115697	tt0115697	Comedy
1996	51	Rumble in the Bronx	rumble.in.the.b_tt0113326	tt0113326	Crime,Action,Comedy
1996	52	Michael	michael_fs	tt0117038	Drama,Fantasy,Comedy
1996	53	Leaving Las Vegas	leaving.las.veg_tt0113627	tt0113627	Drama,Romance
1996	54	Eddie	eddie_tt0116168	tt0116168	Sport,Comedy
1996	55	Father of the Bride Part II	father.of.the.b_tt0113041	tt0113041	Romance,Family,Comedy
1996	56	Sgt. Bilko	sgt..bilko_tt0117608	tt0117608	Comedy
1996	57	The Preacher's Wife	preachers.wife_tt0117372	tt0117372	Drama,Fantasy,Comedy
1996	58	James and the Giant Peach		tt0116683	Adventure,Family,Animation
1996	59	The Island of Dr. Moreau		tt0116654	Sci-Fi,Horror,Thriller
1996	60	Mars Attacks!	mars.attacks_tt0116996	tt0116996	Sci-Fi,Comedy
1996	61	Sabrina	sabrina_tt0114319	tt0114319	Drama,Romance,Comedy
1996	62	Spy Hard	spy.hard_tt0117723	tt0117723	Action,Comedy
1996	63	Eye for an Eye		tt0116260	Crime,Drama,Thriller
1996	64	Harriet the Spy		tt0116493	Drama,Family,Comedy
1996	65	First Kid		tt0116311	Family,Comedy
1996	66	Daylight	daylight_tt0116040	tt0116040	Adventure,Drama,Action
1996	67	That Thing You Do!		tt0117887	Drama,Music,Comedy
1996	68	From Dusk Till Dawn		tt0116367	Crime,Action,Horror
1996	69	Down Periscope		tt0116130	Comedy
1996	70	Escape from L.A.		tt0116225	Adventure,Sci-Fi,Action
1996	71	Fly Away Home		tt0116329	Adventure,Drama,Family
1996	72	Kingpin		tt0116778	Sport,Comedy
1996	73	The Craft		tt0115963	Drama,Horror,Fantasy
1996	74	Scream	scream	tt0117571	Horror,Mystery
1996	75	Fargo	fargo_tt0116282	tt0116282	Crime,Drama,Thriller
1996	76	The English Patient	english.patient_tt0116209	tt0116209	Drama,War,Romance
1996	77	D3: The Mighty Ducks		tt0116000	Drama,Action,Comedy
1996	78	The Juror		tt0116731	Crime,Drama,Thriller
1996	79	Emma		tt0116191	Drama,Romance,Comedy
1996	80	One Fine Day	one.fine.day_tt0117247	tt0117247	Drama,Romance,Comedy
1996	81	The Quest	quest_tt0117420	tt0117420	Adventure,Drama,Action
1996	82	Bulletproof	bulletproof_tt0115783	tt0115783	Crime,Action,Comedy
1996	83	A Very Brady Sequel		tt0118073	Comedy
1996	84	High School High		tt0116531	Crime,Romance,Comedy
1996	85	Chain Reaction	chain.reaction_tt0115857	tt0115857	Drama,Sci-Fi,Action
1996	86	Multiplicity		tt0117108	Romance,Sci-Fi,Comedy
1996	87	Oliver & Company1996 Re-release	oliver..company_tt0095776	tt0095776	Adventure,Animation,Comedy
1996	88	Fear		tt0116287	Drama,Thriller
1996	89	The Glimmer Man		tt0116421	Crime,Action,Comedy
1996	90	City Hall		tt0115907	Crime,Drama,Mystery
1996	91	The Postman	il.postino_tt0110877	tt0110877	Drama,Biography,Comedy
1996	92	Don't Be a Menace to South Central While Drinking Your Juice in the Hood		tt0116126	Crime,Comedy
1996	93	Flipper		tt0116322	Adventure,Crime,Drama
1996	94	Bed of Roses		tt0115644	Drama,Romance
1996	95	Kazaam		tt0116756	Family,Fantasy,Comedy
1996	96	The Fan		tt0116277	Drama,Action,Sport
1996	97	Last Man Standing	last.man.standi_tt0116830	tt0116830	Crime,Drama,Action
1996	98	The Crow: City of Angels		tt0115986	Crime,Action,Fantasy
1996	99	Extreme Measures		tt0116259	Crime,Drama,Mystery
1996	100	The Phantom		tt0117331	Adventure,Action,Comedy
1996	101	Fled		tt0116320	Adventure,Action,Comedy
1996	102	Diabolique		tt0116095	Drama,Horror,Mystery
1996	103	The Frighteners		tt0116365	Drama,Fantasy,Comedy
1996	104	Trainspotting		tt0117951	Crime,Drama
1996	105	Supercop		tt0104558	Crime,Action,Comedy
1996	106	Thinner		tt0117894	Horror,Fantasy
1996	107	The Adventures of Pinocchio		tt0115472	Adventure,Drama,Family
1996	108	GoldenEye	goldeneye	tt0113189	Adventure,Action,Thriller
1996	109	The Substitute		tt0117774	Crime,Drama,Action
1996	110	Flirting with Disaster	flirting.with.d_tt0116324	tt0116324	Comedy
1996	111	The Chamber		tt0115862	Crime,Drama,Thriller
1996	112	Maximum Risk		tt0117011	Crime,Action,Thriller
1996	113	The Arrival		tt0115571	Thriller,Sci-Fi,Mystery
1996	114	Bio-Dome		tt0115683	Comedy
1996	115	Babe	babe	tt0112431	Drama,Family,Comedy
1996	116	The Associate		tt0115580	Comedy
1996	117	Mr. Wrong		tt0117102	Romance,Comedy
1996	118	The Spitfire Grill		tt0117718	Drama
1996	119	Tom and Huck		tt0112302	Adventure,Drama,Family
1996	120	My Fellow Americans		tt0117119	Adventure,Comedy
1996	121	Lone Star	lone.star_tt0116905	tt0116905	Drama,Western,Mystery
1996	122	Alaska		tt0115493	Adventure,Drama,Family
1996	123	Big Night		tt0115678	Drama,Romance
1996	124	Mulholland Falls		tt0117107	Crime,Drama,Mystery
1996	125	2 Days in the Valley		tt0115438	Crime,Thriller,Comedy
1996	126	The American President	american.presid_tt0112346	tt0112346	Drama,Romance,Comedy
1996	127	Michael Collins	michael.collins_tt0117039	tt0117039	Drama,Biography,History
1996	128	Two If by Sea		tt0118002	Crime,Romance,Comedy
1996	129	Seven	seven	tt0114369	Crime,Drama,Mystery
1996	130	Beautiful Girls		tt0115639	Drama,Romance,Comedy
1996	131	White Squall		tt0118158	Adventure,Drama
1996	132	Sunset Park		tt0117784	Drama,Sport
1996	133	A Family Thing		tt0116275	Drama,Comedy
1996	134	Mrs. Winterbourne		tt0117104	Drama,Romance,Comedy
1996	135	Dunston Checks In		tt0116151	Adventure,Family,Comedy
1996	136	She's the One		tt0117628	Drama,Romance,Comedy
1996	137	Sudden Death		tt0114576	Crime,Action,Thriller
1996	138	Hellraiser: Bloodline		tt0116514	Sci-Fi,Horror
1996	139	Celtic Pride		tt0115851	Sport,Comedy
1996	140	Before and After		tt0115645	Crime,Drama,Mystery
1996	141	All Dogs Go to Heaven 2		tt0115509	Adventure,Family,Animation
1996	142	Braveheart	braveheart	tt0112573	Drama,Biography,War
1996	143	The Rich Man's Wife		tt0117473	Drama,Thriller
1996	144	Larger Than Life		tt0116823	Family,Comedy
1996	145	The Great White Hype		tt0116448	Sport,Comedy
1996	146	Nixon		tt0113987	Drama,Biography,History
1996	147	Dear God		tt0116059	Comedy
1996	148	House Arrest		tt0116571	Family,Comedy
1996	149	The Evening Star		tt0116240	Drama,Romance,Comedy
1996	150	Balto		tt0112453	Adventure,Drama,Animation
1996	151	Last Dance		tt0116827	Drama,Thriller
1996	152	Bordello of Blood		tt0117826	Fantasy,Horror,Comedy
1996	153	Casino	casino_tt0112641	tt0112641	Crime,Drama
1996	154	Get on the Bus		tt0116404	Adventure,Drama,History
1996	155	Screamers		tt0114367	Sci-Fi,Horror,Thriller
1996	156	Mary Reilly		tt0117002	Drama,Horror,Romance
1996	157	Cold Comfort Farm		tt0112701	Romance,Comedy
1996	158	The Pallbearer		tt0117283	Romance,Comedy
1996	159	Jane Eyre		tt0116684	Drama,Romance
1996	160	Solo		tt0117688	Sci-Fi,Action,Thriller
1996	161	Heaven's Prisoners		tt0116508	Drama,Thriller,Mystery
1996	162	Girl 6		tt0116414	Drama,Comedy
1996	163	Joe's Apartment		tt0116707	Musical,Fantasy,Comedy
1996	164	Swingers	swingers_tt0117802	tt0117802	Drama,Comedy
1996	165	Ed		tt0116165	Family,Sport,Comedy
1996	166	Ace Ventura: When Nature Calls	ace.ventura.when.nature.calls_tt0112281	tt0112281	Adventure,Crime,Comedy
1996	167	Bogus		tt0115725	Family,Fantasy,Comedy
1996	168	Antonia's Line	antonias.line_tt0112379	tt0112379	Drama,Comedy
1996	169	To Gillian on Her 37th Birthday		tt0117924	Drama,Romance,Fantasy
1996	170	Cutthroat Island		tt0112760	Adventure,Action,Comedy
1996	171	Dracula: Dead and Loving It		tt0112896	Fantasy,Horror,Comedy
1996	172	Restoration		tt0114272	Drama,Biography,History
1996	173	Bound	bound_tt0115736	tt0115736	Crime,Thriller
1996	174	Original Gangstas		tt0117260	Crime,Drama,Action
1996	175	Shine	shine_tt0117631	tt0117631	Drama,Biography,Music
1996	176	The Trigger Effect		tt0117965	Drama,Thriller
1996	177	Moll Flanders		tt0117071	Drama,Romance
1996	178	Carpool		tt0115836	Crime,Comedy
1996	179	Feeling Minnesota		tt0116289	Crime,Drama,Comedy
1996	180	Barb Wire		tt0115624	Sci-Fi,Action
1996	181	Basquiat		tt0115632	Drama,Biography
1996	182	Unforgettable		tt0118040	Drama,Sci-Fi,Mystery
1996	183	The Crucible		tt0115988	Drama,History
1996	184	Richard III	richard.iii_tt0114279	tt0114279	Drama,War,Sci-Fi
1996	185	The Stupids		tt0117768	Adventure,Comedy
1996	186	If Lucy Fell		tt0116606	Drama,Romance,Comedy
1996	187	Lawnmower Man 2: Beyond Cyberspace		tt0116839	Sci-Fi,Action,Thriller
1996	188	Kids in the Hall: Brain Candy		tt0116768	Comedy
1996	189	Four Rooms		tt0113101	Comedy
1996	190	Once Upon a Time... When We Were Colored		tt0114039	Drama,Romance
1996	191	Faithful		tt0116269	Crime,Drama,Comedy
1996	192	Big Bully		tt0115676	Thriller,Comedy
1996	193	Surviving Picasso		tt0117791	Drama,Biography,Romance
1996	194	Race the Sun		tt0117427	Adventure,Drama,Comedy
1996	195	I Shot Andy Warhol		tt0116594	Drama,Biography
1996	196	Shanghai Triad	shanghai.triad_tt0115012	tt0115012	Crime,Drama,History
1996	197	The City of Lost Children		tt0112682	Adventure,Drama,Fantasy
1996	198	Beautiful Thing		tt0115640	Drama,Romance,Comedy
1996	199	Microcosmos		tt0117040	Documentary
1996	200	The Celluloid Closet		tt0112651	History,Documentary
1997	1	Men in Black	men_in_black	tt0119654	Adventure,Action,Comedy
1997	2	The Lost World: Jurassic Park	lost_world	tt0119567	Adventure,Sci-Fi,Action
1997	3	Liar Liar	liar_liar	tt0119528	Fantasy,Comedy
1997	4	Air Force One	air_force_one_fs	tt0118571	Crime,Drama,Action
1997	5	Star Wars: Episode IV - A New Hope1997 Special Edition	star.wars.episo_tt0076759	tt0076759	Adventure,Action,Fantasy
1997	6	My Best Friend's Wedding	my.best.friends_tt0119738	tt0119738	Drama,Romance,Comedy
1997	7	Titanic	titanic	tt0120338	Drama,Romance
1997	8	Face/Off	faceoff	tt0119094	Crime,Sci-Fi,Action
1997	9	Batman & Robin	batman_and_robin	tt0118688	Sci-Fi,Action
1997	10	George of the Jungle	george_of_the_jungle_fs	tt0119190	Adventure,Action,Comedy
1997	11	Con Air	con_air	tt0118880	Crime,Action,Thriller
1997	12	Hercules		tt0119282	Adventure,Action,Animation
1997	13	Contact	contact	tt0118884	Drama,Sci-Fi,Mystery
1997	14	Jerry Maguire	jerry_maguire	tt0116695	Drama,Romance,Comedy
1997	15	Flubber	flubber	tt0119137	Family,Sci-Fi,Comedy
1997	16	Conspiracy Theory	conspiracy_theory	tt0118883	Crime,Drama,Action
1997	17	Scream 2	scream_2	tt0120082	Horror,Mystery
1997	18	Scream	scream	tt0117571	Horror,Mystery
1997	19	Tomorrow Never Dies	tomorrow.never._tt0120347	tt0120347	Adventure,Action,Thriller
1997	20	I Know What You Did Last Summer	i_know_what_you_did_last_summer	tt0119345	Horror,Mystery
1997	21	Dante's Peak	dantes_peak	tt0118928	Adventure,Action,Thriller
1997	22	Star Wars: Episode V - The Empire Strikes Back1997 Special Edition	empire_strikes_back	tt0080684	Adventure,Action,Fantasy
1997	23	Anaconda	anaconda	tt0118615	Adventure,Action,Horror
1997	24	In & Out	in_and_out	tt0119360	Romance,Comedy
1997	25	The Fifth Element	fifth_element	tt0119116	Adventure,Sci-Fi,Action
1997	26	Michael	michael_fs	tt0117038	Drama,Fantasy,Comedy
1997	27	The Saint	saint_tt0120053	tt0120053	Adventure,Action,Romance
1997	28	Kiss the Girls	kiss.the.girls_tt0119468	tt0119468	Crime,Drama,Mystery
1997	29	Jungle 2 Jungle	jungle.2.jungle_tt0119432	tt0119432	Family,Comedy
1997	30	The Devil's Advocate	devils.advocate_tt0118971	tt0118971	Drama,Mystery,Fantasy
1997	31	The Jackal	jackal_tt0119395	tt0119395	Crime,Drama,Action
1997	32	The English Patient	english.patient_tt0116209	tt0116209	Drama,War,Romance
1997	33	Spawn	spawn_tt0120177	tt0120177	Crime,Drama,Action
1997	34	Starship Troopers	starship.troope_tt0120201	tt0120201	Adventure,Sci-Fi,Action
1997	35	Austin Powers: International Man of Mystery	austin.powers.i_tt0118655	tt0118655	Adventure,Comedy
1997	36	Anastasia	anastasia_tt0118617	tt0118617	Adventure,Drama,Animation
1997	37	Breakdown	breakdown_tt0118771	tt0118771	Crime,Drama,Action
1997	38	Absolute Power	absolute.power_tt0118548	tt0118548	Crime,Drama,Action
1997	39	Evita	evita_tt0116250	tt0116250	Drama,Biography,History
1997	40	Volcano	volcano_tt0120461	tt0120461	Drama,Sci-Fi,Action
1997	41	Speed 2: Cruise Control	speed.2.cruise._tt0120179	tt0120179	Adventure,Crime,Action
1997	42	The Game	game_tt0119174	tt0119174	Drama,Thriller,Mystery
1997	43	G.I. Jane	g.i..jane_tt0119173	tt0119173	Drama,War,Action
1997	44	Alien: Resurrection	alien.resurrect_tt0118583	tt0118583	Sci-Fi,Action,Horror
1997	45	The Rainmaker	rainmaker_tt0119978	tt0119978	Crime,Drama,Thriller
1997	46	Bean	bean_tt0118689	tt0118689	Adventure,Family,Comedy
1997	47	Cop Land	cop.land_tt0118887	tt0118887	Crime,Drama,Thriller
1997	48	Nothing to Lose	nothing.to.lose_tt0119807	tt0119807	Adventure,Action,Comedy
1997	49	Star Wars: Episode VI - Return of the Jedi1997 Special Edition	return_of_the_jedi	tt0086190	Adventure,Action,Fantasy
1997	50	Soul Food	soul.food_tt0120169	tt0120169	Drama,Comedy
1997	51	The Devil's Own	devils.own_tt0118972	tt0118972	Crime,Drama,Action
1997	52	Donnie Brasco	donnie.brasco_tt0119008	tt0119008	Crime,Biography,Drama
1997	53	Private Parts		tt0119951	Drama,Biography,Comedy
1997	54	The Peacemaker		tt0119874	Crime,Drama,Action
1997	55	Money Talks		tt0119695	Crime,Action,Comedy
1997	56	Seven Years in Tibet		tt0120102	Adventure,Biography,Drama
1997	57	Vegas Vacation		tt0120434	Comedy
1997	58	Mortal Kombat: Annihilation		tt0119707	Adventure,Action,Fantasy
1997	59	Selena		tt0120094	Drama,Biography,Music
1997	60	Addicted to Love		tt0118556	Romance,Comedy
1997	61	The Full Monty	full.monty_tt0119164	tt0119164	Drama,Comedy
1997	62	The Relic		tt0120004	Sci-Fi,Horror,Mystery
1997	63	Metro		tt0119664	Crime,Action,Comedy
1997	64	Shine	shine_tt0117631	tt0117631	Drama,Biography,Music
1997	65	L.A. Confidential	l.a..confidenti_tt0119488	tt0119488	Crime,Drama,Mystery
1997	66	Beverly Hills Ninja		tt0118708	Action,Comedy
1997	67	Picture Perfect		tt0119896	Drama,Romance,Comedy
1997	68	Fools Rush In		tt0119141	Drama,Romance,Comedy
1997	69	Romy and Michele's High School Reunion		tt0120032	Comedy
1997	70	Out to Sea		tt0119848	Romance,Comedy
1997	71	Fathers' Day		tt0119109	Romance,Comedy
1997	72	Mousehunt	mousehunt_tt0119715	tt0119715	Comedy
1997	73	Grosse Pointe Blank		tt0119229	Crime,Action,Comedy
1997	74	101 Dalmatians	101_dalmations	tt0115433	Adventure,Crime,Comedy
1997	75	The Edge		tt0119051	Adventure,Drama,Action
1997	76	The Little Mermaid1997 Re-release	little.mermaid_tt0097757	tt0097757	Adventure,Family,Animation
1997	77	Event Horizon		tt0119081	Sci-Fi,Horror,Thriller
1997	78	Boogie Nights	boogie.nights_tt0118749	tt0118749	Drama
1997	79	Murder at 1600		tt0119731	Crime,Drama,Action
1997	80	Mimic		tt0119675	Sci-Fi,Horror
1997	81	Midnight in the Garden of Good and Evil		tt0119668	Crime,Drama,Mystery
1997	82	Sling Blade		tt0117666	Drama
1997	83	As Good as It Gets	as_good_as_it_gets_fs	tt0119822	Drama,Romance,Comedy
1997	84	One Fine Day	one.fine.day_tt0117247	tt0117247	Drama,Romance,Comedy
1997	85	Good Burger		tt0119215	Family,Comedy
1997	86	Hoodlum		tt0119311	Crime,Drama
1997	87	Air Bud		tt0118570	Drama,Family,Comedy
1997	88	Red Corner		tt0119994	Crime,Drama,Thriller
1997	89	Amistad	amistad_tt0118607	tt0118607	Drama,Biography,History
1997	90	For Richer or Poorer		tt0119142	Romance,Comedy
1997	91	Booty Call		tt0118750	Romance,Comedy
1997	92	Gone Fishin'		tt0119214	Crime,Comedy
1997	93	Beavis and Butt-Head Do America	beavis.and.butt_tt0115641	tt0115641	Adventure,Animation,Comedy
1997	94	The People vs. Larry Flynt	people.vs..larr_tt0117318	tt0117318	Drama,Biography
1997	95	Home Alone 3		tt0119303	Crime,Action,Comedy
1997	96	Mother		tt0117091	Drama,Comedy
1997	97	That Darn Cat		tt0120317	Crime,Action,Comedy
1997	98	The Preacher's Wife	preachers.wife_tt0117372	tt0117372	Drama,Fantasy,Comedy
1997	99	Jackie Brown		tt0119396	Crime,Drama,Thriller
1997	100	That Old Feeling		tt0120318	Romance,Comedy
1997	101	Fire Down Below		tt0119123	Drama,Action,Thriller
1997	102	Wishmaster		tt0120524	Horror,Fantasy
1997	103	RocketMan		tt0120029	Family,Sci-Fi,Comedy
1997	104	First Strike	first.strike_tt0116704	tt0116704	Adventure,Action,Comedy
1997	105	Eve's Bayou		tt0119080	Drama
1997	106	The Sixth Man		tt0120142	Drama,Fantasy,Comedy
1997	107	Excess Baggage		tt0119086	Crime,Action,Comedy
1997	108	In Love and War		tt0116621	Drama,Biography,Romance
1997	109	FairyTale: A True Story		tt0119095	Drama,Family,Fantasy
1997	110	How to Be a Player		tt0119326	Comedy
1997	111	An American Werewolf in Paris		tt0118604	Fantasy,Horror,Comedy
1997	112	The Man Who Knew Too Little		tt0120483	Crime,Drama,Comedy
1997	113	The Wings of the Dove		tt0120520	Drama,Romance
1997	114	Trial and Error		tt0120373	Romance,Comedy
1997	115	Rosewood		tt0120036	Drama,Action,History
1997	116	Secrets & Lies	secrets..lies_tt0117589	tt0117589	Drama,Comedy
1997	117	Ghosts of Mississippi		tt0116410	Drama,History
1997	118	Marvin's Room		tt0116999	Drama
1997	119	Gattaca		tt0119177	Drama,Sci-Fi,Thriller
1997	120	Love Jones		tt0119572	Drama,Romance,Comedy
1997	121	Chasing Amy		tt0118842	Drama,Romance,Comedy
1997	122	Turbulence		tt0120390	Action,Thriller
1997	123	The Beautician and the Beast		tt0118691	Romance,Comedy
1997	124	Double Team		tt0119013	Sci-Fi,Action,Comedy
1997	125	Ransom	ransom	tt0117438	Crime,Drama,Action
1997	126	Leave It to Beaver		tt0119509	Family,Comedy
1997	127	Mad City		tt0119592	Crime,Drama,Thriller
1997	128	Armour of God 2: Operation Condor		tt0099558	Adventure,Action,Comedy
1997	129	Mars Attacks!	mars.attacks_tt0116996	tt0116996	Sci-Fi,Comedy
1997	130	My Fellow Americans		tt0117119	Adventure,Comedy
1997	131	Buddy		tt0118787	Adventure,Drama,Comedy
1997	132	Mr. Magoo		tt0119718	Adventure,Family,Comedy
1997	133	Night Falls on Manhattan		tt0119783	Crime,Drama,Mystery
1997	134	Everyone Says I Love You	everyone.says.i_tt0116242	tt0116242	Musical,Romance,Comedy
1997	135	The Postman		tt0119925	Adventure,Drama,Action
1997	136	Fierce Creatures		tt0119115	Comedy
1997	137	Ulee's Gold		tt0120402	Drama
1997	138	Mrs. Brown	mrs..brown_tt0119280	tt0119280	Drama,Biography,History
1997	139	Turbo: A Power Rangers Movie		tt0120389	Adventure,Family,Action
1997	140	A Simple Wish		tt0120133	Family,Fantasy,Comedy
1997	141	The Ice Storm		tt0119349	Drama
1997	142	A Thousand Acres		tt0120323	Drama
1997	143	Space Jam	space.jam_tt0117705	tt0117705	Adventure,Animation,Comedy
1997	144	Sprung		tt0120190	Romance,Comedy
1997	145	Wild America		tt0120512	Adventure,Action,Comedy
1997	146	She's So Lovely		tt0120112	Drama,Romance,Comedy
1997	147	B*A*P*S		tt0118663	Comedy
1997	148	Zeus and Roxanne		tt0120550	Adventure,Family,Comedy
1997	149	Daylight	daylight_tt0116040	tt0116040	Adventure,Drama,Action
1997	150	U Turn		tt0120399	Crime,Drama,Thriller
1997	151	The Evening Star		tt0116240	Drama,Romance,Comedy
1997	152	Warriors of Virtue		tt0120479	Adventure,Action,Fantasy
1997	153	Switchback		tt0119210	Crime,Thriller,Mystery
1997	154	Jingle All the Way	jingle_all_the_way	tt0116705	Adventure,Family,Comedy
1997	155	Most Wanted		tt0119709	Action,Thriller
1997	156	Kull: The Conqueror		tt0119484	Adventure,Action,Fantasy
1997	157	Star Trek: First Contact	star_trek_first_contact	tt0117731	Adventure,Drama,Action
1997	158	Inventing the Abbotts		tt0119381	Drama,Romance
1997	159	Gang Related		tt0118900	Crime,Drama,Action
1997	160	One Eight Seven		tt0118531	Drama,Thriller
1997	161	Gridlock'd	gridlockd_tt0119225	tt0119225	Crime,Drama,Comedy
1997	162	Dangerous Ground		tt0118927	Crime,Drama,Action
1997	163	Romeo + Juliet	romeo..juliet_tt0117509	tt0117509	Drama,Romance
1997	164	Les Boys		tt0118764	Drama,Sport,Comedy
1997	165	Hamlet		tt0116477	Drama
1997	166	McHale's Navy		tt0119640	Action,Comedy
1997	167	The Crucible		tt0115988	Drama,History
1997	168	Good Will Hunting	good_will_hunting	tt0119217	Drama,Romance
1997	169	A Life Less Ordinary		tt0119535	Crime,Fantasy,Comedy
1997	170	Playing God		tt0119906	Crime,Drama,Thriller
1997	171	Kama Sutra: A Tale of Love		tt0116743	Crime,Drama,History
1997	172	Meet Wally Sparks		tt0119644	Comedy
1997	173	Kolya		tt0116790	Drama,Music,Comedy
1997	174	Lost Highway	lost.highway_tt0116922	tt0116922	Drama,Thriller,Mystery
1997	175	8 Heads in a Duffel Bag		tt0118541	Adventure,Crime,Comedy
1997	176	The Pest		tt0119887	Comedy
1997	177	Cats Don't Dance		tt0118829	Family,Animation,Comedy
1997	178	The Portrait of a Lady		tt0117364	Drama,Romance
1997	179	Til There Was You		tt0118523	Romance,Comedy
1997	180	Free Willy 3: The Rescue		tt0119152	Adventure,Drama,Family
1997	181	The MatchMaker		tt0119632	Romance,Comedy
1997	182	A Smile Like Yours		tt0120151	Romance,Comedy
1997	183	Waiting for Guffman		tt0118111	Comedy
1997	184	When We Were Kings		tt0118147	Sport,Documentary
1997	185	One Night Stand		tt0119832	Drama,Romance
1997	186	In the Company of Men	in.the.company._tt0119361	tt0119361	Drama,Comedy
1997	187	Deconstructing Harry		tt0118954	Comedy
1997	188	Career Girls		tt0118818	Drama,Comedy
1997	189	Smilla's Sense of Snow		tt0120152	Crime,Drama,Mystery
1997	190	Shadow Conspiracy		tt0120107	Action,Thriller
1997	191	The Daytrippers		tt0116041	Drama,Comedy
1997	192	Masterminds		tt0119630	Action,Thriller,Comedy
1997	193	Crash		tt0115964	Drama
1997	194	Steel		tt0120207	Adventure,Crime,Action
1997	195	Brassed Off		tt0115744	Drama,Music,Comedy
1997	196	Rhyme & Reason		tt0120014	Music,Documentary
1997	197	City of Industry		tt0118859	Crime,Drama,Thriller
1997	198	The Godfather1997 Re-release	godfather_tt0068646	tt0068646	Crime,Drama
1997	199	Temptress Moon		tt0116295	Drama,Romance
1997	200	Blood and Wine		tt0115710	Crime,Drama,Thriller
1998	1	Titanic	titanic	tt0120338	Drama,Romance
1998	2	Armageddon	armageddon	tt0120591	Adventure,Sci-Fi,Action
1998	3	Saving Private Ryan	saving_private_ryan	tt0120815	Drama,War
1998	4	There's Something About Mary	something_about_mary	tt0129387	Romance,Comedy
1998	5	The Waterboy	waterboy	tt0120484	Sport,Comedy
1998	6	Doctor Dolittle	dr_dolittle_fs	tt0118998	Family,Fantasy,Comedy
1998	7	Deep Impact	deep_impact	tt0120647	Drama,Sci-Fi,Action
1998	8	Godzilla	godzilla	tt0120685	Sci-Fi,Action,Thriller
1998	9	Rush Hour	rush_hour	tt0120812	Crime,Action,Comedy
1998	10	Good Will Hunting	good_will_hunting	tt0119217	Drama,Romance
1998	11	Lethal Weapon 4	lethal_weapon_4	tt0122151	Crime,Action,Thriller
1998	12	A Bug's Life	a.bugs.life_tt0120623	tt0120623	Adventure,Animation,Comedy
1998	13	The Truman Show	truman_show	tt0120382	Drama,Comedy
1998	14	As Good as It Gets	as_good_as_it_gets_fs	tt0119822	Drama,Romance,Comedy
1998	15	Mulan	mulan_tt0120762	tt0120762	Adventure,Animation,Comedy
1998	16	The Mask of Zorro	mask.of.zorro_tt0120746	tt0120746	Adventure,Action,Comedy
1998	17	Enemy of the State	enemy_of_the_state	tt0120660	Action,Thriller
1998	18	Antz	antz_tt0120587	tt0120587	Adventure,Animation,Comedy
1998	19	The Rugrats Movie	rugrats.movie_tt0134067	tt0134067	Adventure,Animation,Comedy
1998	20	The X Files	x_files	tt0120902	Adventure,Drama,Mystery
1998	21	The Wedding Singer	wedding_singer	tt0120888	Music,Romance,Comedy
1998	22	City of Angels	city_of_angels	tt0120632	Drama,Romance,Fantasy
1998	23	The Horse Whisperer	horse_whisperer	tt0119314	Drama,Western,Romance
1998	24	Six Days Seven Nights	six_days_seven_nights	tt0120828	Adventure,Action,Comedy
1998	25	Blade	blade	tt0120611	Sci-Fi,Action,Horror
1998	26	Lost in Space	lost_in_space	tt0120738	Adventure,Sci-Fi,Action
1998	27	A Perfect Murder	perfect_murder	tt0120787	Crime,Drama,Thriller
1998	28	The Parent Trap	parent_trap	tt0120783	Adventure,Drama,Comedy
1998	29	You've Got Mail	youve_got_mail	tt0128853	Drama,Romance,Comedy
1998	30	Ever After: A Cinderella Story	ever.after.a.ci_tt0120631	tt0120631	Drama,Romance
1998	31	Hope Floats	hope.floats_tt0119313	tt0119313	Drama,Romance
1998	32	U.S. Marshals	u.s..marshals_tt0120873	tt0120873	Crime,Action,Thriller
1998	33	The Man in the Iron Mask	man.in.the.iron_tt0120744	tt0120744	Adventure,Drama,Action
1998	34	Snake Eyes	snake.eyes_tt0120832	tt0120832	Crime,Thriller,Mystery
1998	35	Everest	everest_tt0120661	tt0120661	Short,Documentary
1998	36	What Dreams May Come	what.dreams.may_tt0120889	tt0120889	Drama,Romance,Fantasy
1998	37	The Prince of Egypt	prince.of.egypt_tt0120794	tt0120794	Adventure,Drama,Animation
1998	38	Halloween H20: 20 Years Later	halloween.h20.2_tt0120694	tt0120694	Horror,Thriller
1998	39	Small Soldiers	small.soldiers_tt0122718	tt0122718	Adventure,Action,Comedy
1998	40	Star Trek: Insurrection	star.trek.insur_tt0120844	tt0120844	Adventure,Sci-Fi,Action
1998	41	Tomorrow Never Dies	tomorrow.never._tt0120347	tt0120347	Adventure,Action,Thriller
1998	42	Patch Adams	patch_fs	tt0129290	Drama,Biography,Comedy
1998	43	Practical Magic	practical.magic_tt0120791	tt0120791	Drama,Fantasy,Comedy
1998	44	The Negotiator	negotiator_tt0120768	tt0120768	Crime,Drama,Action
1998	45	Meet Joe Black	meet.joe.black_tt0119643	tt0119643	Drama,Romance,Fantasy
1998	46	Wag the Dog	wag.the.dog_tt0120885	tt0120885	Drama,Comedy
1998	47	Ronin	ronin_tt0122690	tt0122690	Crime,Action,Thriller
1998	48	The Siege	siege_tt0133952	tt0133952	Action,Thriller
1998	49	Primary Colors	primary.colors_tt0119942	tt0119942	Drama,Comedy
1998	50	I Still Know What You Did Last Summer	i.still.know.wh_tt0130018	tt0130018	Thriller,Horror,Mystery
1998	51	Pleasantville	pleasantville_tt0120789	tt0120789	Drama,Fantasy,Comedy
1998	52	How Stella Got Her Groove Back	how.stella.got._tt0120703	tt0120703	Drama,Romance,Comedy
1998	53	Out of Sight	out.of.sight_tt0120780	tt0120780	Crime,Drama,Comedy
1998	54	Urban Legend	urban.legend_tt0146336	tt0146336	Thriller,Horror,Mystery
1998	55	Sphere	sphere_tt0120184	tt0120184	Thriller,Sci-Fi,Mystery
1998	56	Stepmom	stepmom_tt0120686	tt0120686	Drama,Comedy
1998	57	Mousehunt	mousehunt_tt0119715	tt0119715	Comedy
1998	58	L.A. Confidential	l.a..confidenti_tt0119488	tt0119488	Crime,Drama,Mystery
1998	59	Mercury Rising		tt0120749	Crime,Drama,Action
1998	60	Bride of Chucky	bride.of.chucky_tt0144120	tt0144120	Horror,Thriller,Comedy
1998	61	A Night at the Roxbury		tt0120770	Music,Romance,Comedy
1998	62	Wild Things		tt0120890	Crime,Drama,Mystery
1998	63	Madeline		tt0123987	Family,Comedy
1998	64	Spice World		tt0120185	Music,Family,Comedy
1998	65	The Object of My Affection		tt0120772	Drama,Romance,Comedy
1998	66	Grease1998 Re-release	grease_tt0077631	tt0077631	Musical,Romance,Comedy
1998	67	Jack Frost		tt0141109	Drama,Family,Comedy
1998	68	The Big Hit		tt0120609	Crime,Action,Comedy
1998	69	Paulie		tt0125454	Adventure,Drama,Comedy
1998	70	Bulworth	bulworth_tt0118798	tt0118798	Drama,Romance,Comedy
1998	71	Great Expectations		tt0119223	Drama,Romance
1998	72	Can't Hardly Wait		tt0127723	Romance,Comedy
1998	73	Scream 2	scream_2	tt0120082	Horror,Mystery
1998	74	Fallen		tt0119099	Crime,Drama,Action
1998	75	Amistad	amistad_tt0118607	tt0118607	Drama,Biography,History
1998	76	The Avengers		tt0118661	Adventure,Sci-Fi,Action
1998	77	One True Thing		tt0120776	Drama
1998	78	The Players Club		tt0119905	Drama,Comedy
1998	79	Rounders		tt0128442	Crime,Drama
1998	80	The Borrowers		tt0118755	Adventure,Family,Comedy
1998	81	Quest for Camelot		tt0120800	Adventure,Animation,Comedy
1998	82	Jackie Brown		tt0119396	Crime,Drama,Thriller
1998	83	He Got Game		tt0124718	Drama,Sport
1998	84	Beloved		tt0120603	Drama,Horror,History
1998	85	Psycho		tt0155975	Thriller,Horror,Mystery
1998	86	Mighty Joe Young	mighty.joe.youn_tt0120751	tt0120751	Adventure,Family,Action
1998	87	Mafia!		tt0120741	Crime,Comedy
1998	88	Hard Rain	hard.rain_tt0120696	tt0120696	Crime,Drama,Action
1998	89	The Apostle		tt0118632	Drama
1998	90	Species II		tt0120841	Sci-Fi,Action,Horror
1998	91	The Replacement Killers		tt0120008	Crime,Action,Thriller
1998	92	The Odd Couple II		tt0120773	Adventure,Comedy
1998	93	Vampires		tt0120877	Action,Thriller,Horror
1998	94	The Faculty	faculty_tt0133751	tt0133751	Sci-Fi,Horror,Mystery
1998	95	Simon Birch		tt0124879	Drama,Family,Comedy
1998	96	Disturbing Behavior		tt0134619	Sci-Fi,Horror,Mystery
1998	97	Half Baked		tt0120693	Crime,Comedy
1998	98	The Big Lebowski	big.lebowski_tt0118715	tt0118715	Crime,Comedy
1998	99	54		tt0120577	Drama,Music
1998	100	Dance with Me		tt0120576	Drama,Romance,Music
1998	101	Flubber	flubber	tt0119137	Family,Sci-Fi,Comedy
1998	102	Babe: Pig in the City		tt0120595	Adventure,Drama,Comedy
1998	103	Dead Man on Campus		tt0118301	Comedy
1998	104	Twilight		tt0119594	Crime,Drama,Mystery
1998	105	Elizabeth	elizabeth_tt0127536	tt0127536	Drama,Biography,History
1998	106	The Wizard of Oz1998 Re-release	wizard.of.oz_tt0032138	tt0032138	Adventure,Family,Fantasy
1998	107	Soldier		tt0120157	Drama,Sci-Fi,Action
1998	108	Les Misérables		tt0119683	Crime,Drama,Romance
1998	109	Blues Brothers 2000		tt0118747	Crime,Action,Comedy
1998	110	Dark City		tt0118929	Sci-Fi,Mystery,Fantasy
1998	111	Desperate Measures		tt0118966	Crime,Drama,Action
1998	112	Hush		tt0118744	Drama,Thriller
1998	113	Black Dog	black.dog_tt0120610	tt0120610	Crime,Drama,Action
1998	114	Senseless		tt0120820	Romance,Comedy
1998	115	Mr. Nice Guy		tt0117786	Adventure,Action,Comedy
1998	116	An American Werewolf in Paris		tt0118604	Fantasy,Horror,Comedy
1998	117	Why Do Fools Fall in Love		tt0123324	Drama,Biography,Music
1998	118	Barney's Great Adventure		tt0120598	Adventure,Drama,Comedy
1998	119	Holy Man		tt0120701	Drama,Comedy
1998	120	I'll Be Home for Christmas		tt0155753	Family,Comedy
1998	121	Sliding Doors		tt0120148	Drama,Fantasy,Comedy
1998	122	Home Alone 3		tt0119303	Crime,Action,Comedy
1998	123	For Richer or Poorer		tt0119142	Romance,Comedy
1998	124	Mr. Magoo		tt0119718	Adventure,Family,Comedy
1998	125	Deep Rising		tt0118956	Adventure,Action,Horror
1998	126	The Full Monty	full.monty_tt0119164	tt0119164	Drama,Comedy
1998	127	Fear and Loathing in Las Vegas		tt0120669	Adventure,Drama,Comedy
1998	128	Living Out Loud		tt0120722	Drama,Romance,Comedy
1998	129	The Newton Boys		tt0120769	Crime,Drama,Action
1998	130	Knock Off		tt0120724	Crime,Action,Thriller
1998	131	I Got the Hook Up		tt0131436	Crime,Comedy
1998	132	Air Bud: Golden Receiver		tt0140796	Family,Sport,Comedy
1998	133	Home Fries		tt0119304	Drama,Romance,Comedy
1998	134	Dirty Work		tt0120654	Comedy
1998	135	Very Bad Things		tt0124198	Crime,Thriller,Comedy
1998	136	Wrongfully Accused		tt0120901	Action,Thriller,Comedy
1998	137	Life Is Beautiful	life.is.beautif_tt0118799	tt0118799	Drama,Romance,Comedy
1998	138	Belly		tt0158493	Crime,Drama
1998	139	The Spanish Prisoner		tt0120176	Drama,Thriller,Mystery
1998	140	Apt Pupil		tt0118636	Crime,Drama,Thriller
1998	141	Ringmaster		tt0165494	Comedy
1998	142	Return to Paradise		tt0124595	Drama,Thriller,Romance
1998	143	Firestorm		tt0120670	Action,Thriller
1998	144	Anastasia	anastasia_tt0118617	tt0118617	Adventure,Drama,Animation
1998	145	The Postman		tt0119925	Adventure,Drama,Action
1998	146	Deconstructing Harry		tt0118954	Comedy
1998	147	My Giant		tt0120765	Drama,Comedy
1998	148	Woo		tt0120531	Romance,Comedy
1998	149	Krippendorf's Tribe		tt0120725	Adventure,Action,Comedy
1998	150	Star Kid		tt0120478	Adventure,Family,Sci-Fi
1998	151	BASEketball		tt0131857	Sport,Comedy
1998	152	Caught Up		tt0119988	Crime,Drama,Thriller
1998	153	Gone with the Wind1998 Re-release	gone.with.the.w_tt0031381	tt0031381	Drama,War,Romance
1998	154	Smoke Signals		tt0120321	Drama,Comedy
1998	155	Almost Heroes		tt0119053	Adventure,Western,Comedy
1998	156	Shakespeare in Love	shakespeare_in_love	tt0138097	Drama,History,Comedy
1998	157	The Boxer	boxer_tt0118760	tt0118760	Drama,Sport,Romance
1998	158	The Opposite of Sex		tt0120777	Drama,Romance,Comedy
1998	159	Palmetto		tt0120782	Crime,Drama,Mystery
1998	160	American History X		tt0120586	Crime,Drama
1998	161	Phantoms		tt0119891	Sci-Fi,Horror,Thriller
1998	162	Kundun		tt0119485	Drama,Biography,History
1998	163	Ride		tt0120707	Comedy
1998	164	Slums of Beverly Hills		tt0120831	Drama,Comedy
1998	165	Celebrity		tt0120533	Drama,Comedy
1998	166	Waking Ned Devine		tt0166396	Comedy
1998	167	Your Friends and Neighbors		tt0119517	Drama,Romance,Comedy
1998	168	Meet the Deedles		tt0120645	Family,Sport,Comedy
1998	169	Dangerous Beauty		tt0118892	Drama,Biography,Romance
1998	170	Kissing a Fool		tt0120723	Romance,Comedy
1998	171	The Governess		tt0120687	Drama,Romance
1998	172	Major League: Back to the Minors		tt0120742	Sport,Comedy
1998	173	Mrs Dalloway		tt0119723	Drama,Romance
1998	174	Next Stop Wonderland		tt0119778	Drama,Romance,Comedy
1998	175	The Sweet Hereafter	sweet.hereafter_tt0120255	tt0120255	Drama
1998	176	Pi	pi_tt0138704	tt0138704	Drama,Horror,Mystery
1998	177	The Last Days of Disco	last.days.of.di_tt0120728	tt0120728	Drama,Music,Comedy
1998	178	Freeriders		tt0168808	Sport,Documentary
1998	179	Love and Death on Long Island		tt0119574	Drama,Comedy
1998	180	Happiness	happiness_tt0147612	tt0147612	Drama,Comedy
1998	181	The Mighty		tt0119670	Drama,Comedy
1998	182	Down in the Delta		tt0142231	Drama
1998	183	Afterglow		tt0118566	Drama,Romance,Comedy
1998	184	Buffalo '66	buffalo.66_tt0118789	tt0118789	Drama,Romance,Comedy
1998	185	Hav Plenty		tt0126938	Romance,Comedy
1998	186	Pecker		tt0126604	Drama,Comedy
1998	187	The Impostors		tt0120823	Comedy
1998	188	Chinese Box		tt0118851	Drama,Romance
1998	189	Tarzan and the Lost City		tt0120856	Adventure,Family,Action
1998	190	Wilde		tt0120514	Drama,Biography,Romance
1998	191	Touch of Evil1998 Re-release	touch.of.evil_tt0052311	tt0052311	Crime,Drama,Film-Noir
1998	192	Ma vie en rose	ma.vie.en.rose_tt0119590	tt0119590	Drama
1998	193	The Butcher Boy		tt0118804	Drama,Comedy
1998	194	High Art	high.art_tt0139362	tt0139362	Drama,Romance
1998	195	The Devil's Advocate	devils.advocate_tt0118971	tt0118971	Drama,Mystery,Fantasy
1998	196	Two Girls and a Guy		tt0124179	Drama,Romance
1998	197	Zero Effect		tt0120906	Crime,Drama,Comedy
1998	198	Suicide Kings		tt0120241	Crime,Drama,Comedy
1998	199	A Soldier's Daughter Never Cries		tt0120835	Drama
1998	200	The Gingerbread Man		tt0119196	Crime,Thriller,Mystery
1999	1	Star Wars: Episode I - The Phantom Menace	phantom_menace	tt0120915	Adventure,Action,Fantasy
1999	2	The Sixth Sense	sixth_sense	tt0167404	Drama,Thriller,Mystery
1999	3	Austin Powers: The Spy Who Shagged Me	austin.powers.t_tt0145660	tt0145660	Adventure,Action,Comedy
1999	4	Toy Story 2	toy.story.2_tt0120363	tt0120363	Adventure,Animation,Comedy
1999	5	The Matrix	matrix_tt0133093	tt0133093	Sci-Fi,Action
1999	6	Tarzan	tarzan_tt0120855	tt0120855	Adventure,Animation,Comedy
1999	7	Big Daddy	big_daddy	tt0142342	Drama,Comedy
1999	8	The Mummy	mummy	tt0120616	Adventure,Action,Fantasy
1999	9	Runaway Bride	runaway_bride	tt0163187	Romance,Comedy
1999	10	The Blair Witch Project	blair_witch_fs	tt0185937	Horror,Mystery
1999	11	Notting Hill	notting_hill	tt0125439	Drama,Romance,Comedy
1999	12	The World Is Not Enough	world_is_not_enough	tt0143145	Adventure,Action,Thriller
1999	13	Double Jeopardy	double_jeopardy	tt0150377	Crime,Drama,Mystery
1999	14	Wild Wild West	wild_wild_west	tt0120891	Sci-Fi,Action,Comedy
1999	15	Analyze This	analyze_this	tt0122933	Crime,Comedy
1999	16	The General's Daughter	generals_daughter	tt0144214	Crime,Drama,Mystery
1999	17	American Pie	american_pie	tt0163651	Comedy
1999	18	Inspector Gadget	inspector_gadget	tt0141369	Adventure,Action,Comedy
1999	19	Shakespeare in Love	shakespeare_in_love	tt0138097	Drama,History,Comedy
1999	20	Sleepy Hollow	sleepy_hollow	tt0162661	Horror,Mystery,Fantasy
1999	21	The Haunting	haunting	tt0171363	Horror,Mystery,Fantasy
1999	22	Patch Adams	patch_fs	tt0129290	Drama,Biography,Comedy
1999	23	Entrapment	entrapment	tt0137494	Crime,Action,Romance
1999	24	Pokémon: The First Movie - Mewtwo Strikes Back	pokmon.the.firs_tt0190641	tt0190641	Adventure,Action,Animation
1999	25	Payback	payback	tt0120784	Crime,Drama,Action
1999	26	Deep Blue Sea	deep_blue_sea	tt0149261	Adventure,Sci-Fi,Action
1999	27	American Beauty	american_beauty	tt0169547	Drama
1999	28	The Thomas Crown Affair	thomas_crown_affair	tt0155267	Crime,Thriller,Romance
1999	29	Stuart Little	stuart_little	tt0164912	Adventure,Family,Comedy
1999	30	Blue Streak	blue.streak_tt0181316	tt0181316	Crime,Action,Comedy
1999	31	The Green Mile	green.mile_tt0120689	tt0120689	Crime,Drama,Fantasy
1999	32	Bowfinger	bowfinger_tt0131325	tt0131325	Comedy
1999	33	Life	life_tt0123964	tt0123964	Crime,Drama,Comedy
1999	34	The Bone Collector	bone.collector_tt0145681	tt0145681	Crime,Drama,Mystery
1999	35	She's All That	shes.all.that_tt0160862	tt0160862	Romance,Comedy
1999	36	End of Days	end.of.days_tt0146675	tt0146675	Horror,Action,Fantasy
1999	37	Three Kings	three.kings_tt0120188	tt0120188	Adventure,Action,Comedy
1999	38	A Civil Action	a.civil.action_tt0120633	tt0120633	Drama,Biography
1999	39	Stepmom	stepmom_tt0120686	tt0120686	Drama,Comedy
1999	40	Eyes Wide Shut	eyes.wide.shut_tt0120663	tt0120663	Drama,Thriller,Mystery
1999	41	Never Been Kissed	never.been.kiss_tt0151738	tt0151738	Drama,Romance,Comedy
1999	42	Forces of Nature	forces.of.natur_tt0141098	tt0141098	Romance,Comedy
1999	43	Varsity Blues	varsity.blues_tt0139699	tt0139699	Drama,Romance,Comedy
1999	44	Message in a Bottle	message.in.a.bo_tt0139462	tt0139462	Drama,Romance
1999	45	You've Got Mail	youve_got_mail	tt0128853	Drama,Romance,Comedy
1999	46	South Park: Bigger, Longer & Uncut	south.park.bigg_tt0158983	tt0158983	Fantasy,Animation,Comedy
1999	47	Stigmata	stigmata_tt0145531	tt0145531	Horror,Mystery
1999	48	Life Is Beautiful	life.is.beautif_tt0118799	tt0118799	Drama,Romance,Comedy
1999	49	The Prince of Egypt	prince.of.egypt_tt0120794	tt0120794	Adventure,Drama,Animation
1999	50	Deuce Bigalow: Male Gigolo	deuce.bigalow.m_tt0205000	tt0205000	Romance,Comedy
1999	51	House on Haunted Hill	house.on.haunte_tt0185371	tt0185371	Thriller,Horror,Mystery
1999	52	Cruel Intentions	cruel.intention_tt0139134	tt0139134	Drama,Romance
1999	53	10 Things I Hate About You	10.things.i.hat_tt0147800	tt0147800	Drama,Romance,Comedy
1999	54	My Favorite Martian	my.favorite.mar_tt0120764	tt0120764	Family,Sci-Fi,Comedy
1999	55	8MM	8mm_tt0134273	tt0134273	Crime,Drama,Mystery
1999	56	Fight Club	fight.club_tt0137523	tt0137523	Crime,Drama,Thriller
1999	57	Any Given Sunday	any.given.sunda_tt0146838	tt0146838	Drama,Sport
1999	58	The Thin Red Line	thin.red.line_tt0120863	tt0120863	Drama,War,History
1999	59	A Bug's Life	a.bugs.life_tt0120623	tt0120623	Adventure,Animation,Comedy
1999	60	For Love of the Game		tt0126916	Drama,Sport,Romance
1999	61	Instinct		tt0128278	Drama,Thriller
1999	62	Mickey Blue Eyes		tt0130121	Crime,Romance,Comedy
1999	63	The Best Man		tt0168501	Drama,Romance,Comedy
1999	64	Bicentennial Man	bicentennial.ma_tt0182789	tt0182789	Drama,Sci-Fi,Romance
1999	65	The 13th Warrior		tt0120657	Adventure,Action,History
1999	66	October Sky		tt0132477	Drama,Biography,Family
1999	67	Lake Placid		tt0139414	Horror,Action,Comedy
1999	68	Random Hearts		tt0156934	Drama,Mystery,Romance
1999	69	Mighty Joe Young	mighty.joe.youn_tt0120751	tt0120751	Adventure,Family,Action
1999	70	Superstar		tt0167427	Romance,Comedy
1999	71	Mystery Men		tt0132347	Fantasy,Action,Comedy
1999	72	The Talented Mr. Ripley	talented.mr..ri_tt0134119	tt0134119	Crime,Drama,Thriller
1999	73	Dogma		tt0120655	Adventure,Drama,Comedy
1999	74	The Out-of-Towners		tt0129280	Comedy
1999	75	The Other Sister		tt0123209	Drama,Romance,Comedy
1999	76	Baby Geniuses		tt0118665	Crime,Family,Comedy
1999	77	The Story of Us		tt0160916	Drama,Romance,Comedy
1999	78	Blast from the Past		tt0124298	Drama,Romance,Comedy
1999	79	The Insider	insider_tt0140352	tt0140352	Drama,Biography,History
1999	80	Saving Private Ryan	saving_private_ryan	tt0120815	Drama,War
1999	81	Mysteries of Egypt		tt0145921	Drama,Family,Documentary
1999	82	The Wood		tt0161100	Drama,Romance,Comedy
1999	83	Arlington Road		tt0137363	Crime,Drama,Action
1999	84	T-Rex: Back to the Cretaceous	trex.back.to.th_tt0163862	tt0163862	Adventure,Family,Fantasy
1999	85	The Iron Giant		tt0129167	Adventure,Action,Animation
1999	86	Edtv		tt0131369	Drama,Comedy
1999	87	At First Sight		tt0132512	Drama,Romance
1999	88	The Faculty	faculty_tt0133751	tt0133751	Sci-Fi,Horror,Mystery
1999	89	Summer of Sam	summer.of.sam_tt0162677	tt0162677	Crime,Drama,Romance
1999	90	The Bachelor		tt0120596	Romance,Comedy
1999	91	Stir of Echoes		tt0164181	Thriller,Horror,Mystery
1999	92	Anna and the King	anna.and.the.ki_tt0166485	tt0166485	Drama,Romance,History
1999	93	Man on the Moon	man.on.the.moon_tt0125664	tt0125664	Drama,Biography,Comedy
1999	94	Galaxy Quest	galaxy.quest_tt0177789	tt0177789	Adventure,Sci-Fi,Comedy
1999	95	Enemy of the State	enemy_of_the_state	tt0120660	Action,Thriller
1999	96	Waking Ned Devine		tt0166396	Comedy
1999	97	Doug's 1st Movie		tt0187819	Adventure,Animation,Comedy
1999	98	An Ideal Husband		tt0122541	Romance,Comedy
1999	99	Everest	everest_tt0120661	tt0120661	Short,Documentary
1999	100	Anywhere But Here		tt0149691	Drama,Comedy
1999	101	Being John Malkovich	being.john.malk_tt0120601	tt0120601	Drama,Fantasy,Comedy
1999	102	Drive Me Crazy		tt0164114	Drama,Romance,Comedy
1999	103	The Rage: Carrie 2		tt0144814	Drama,Sci-Fi,Horror
1999	104	Rushmore	rushmore_tt0128445	tt0128445	Drama,Romance,Comedy
1999	105	Go	go_tt0139239	tt0139239	Crime,Comedy
1999	106	True Crime		tt0139668	Crime,Drama,Mystery
1999	107	Muppets from Space		tt0158811	Adventure,Family,Comedy
1999	108	Bringing Out the Dead		tt0163988	Drama,Thriller
1999	109	Star Trek: Insurrection	star.trek.insur_tt0120844	tt0120844	Adventure,Sci-Fi,Action
1999	110	A Midsummer Night's Dream		tt0140379	Romance,Fantasy,Comedy
1999	111	The Corruptor		tt0142192	Crime,Action,Thriller
1999	112	Election	election_tt0126886	tt0126886	Romance,Comedy
1999	113	Music of the Heart		tt0166943	Drama,Music
1999	114	Elizabeth	elizabeth_tt0127536	tt0127536	Drama,Biography,History
1999	115	Tea with Mussolini		tt0120857	Drama,War,Comedy
1999	116	A Simple Plan		tt0120324	Crime,Drama,Thriller
1999	117	The Messenger: The Story of Joan of Arc	messenger_tt0151137	tt0151137	Adventure,Biography,Drama
1999	118	The Rugrats Movie	rugrats.movie_tt0134067	tt0134067	Adventure,Animation,Comedy
1999	119	Virus		tt0120458	Sci-Fi,Action,Horror
1999	120	In Too Deep		tt0160401	Crime,Drama,Thriller
1999	121	The Deep End of the Ocean		tt0120646	Drama
1999	122	The Waterboy	waterboy	tt0120484	Sport,Comedy
1999	123	The Mod Squad		tt0120757	Crime,Action,Thriller
1999	124	Black Mask		tt0115693	Adventure,Action,Comedy
1999	125	The Omega Code		tt0203408	Adventure,Action,Fantasy
1999	126	In Dreams		tt0120710	Drama,Horror,Fantasy
1999	127	The King and I		tt0160429	Family,Animation,Fantasy
1999	128	The Thirteenth Floor		tt0139809	Thriller,Sci-Fi,Mystery
1999	129	The Adventures of Elmo in Grouchland		tt0159421	Adventure,Family,Comedy
1999	130	The Muse		tt0164108	Comedy
1999	131	Wing Commander		tt0131646	Adventure,Sci-Fi,Action
1999	132	Chill Factor		tt0163579	Adventure,Action,Comedy
1999	133	Cookie's Fortune		tt0126250	Drama,Comedy
1999	134	Office Space		tt0151804	Comedy
1999	135	The Astronaut's Wife		tt0138304	Drama,Sci-Fi,Thriller
1999	136	Universal Soldier: The Return		tt0176269	Sci-Fi,Action
1999	137	Drop Dead Gorgeous		tt0157503	Romance,Thriller,Comedy
1999	138	Three to Tango		tt0144640	Romance,Comedy
1999	139	Bats		tt0200469	Sci-Fi,Horror,Thriller
1999	140	Brokedown Palace		tt0120620	Drama,Thriller,Mystery
1999	141	Dudley Do-Right	dudley.doright_tt0160236	tt0160236	Romance,Family,Comedy
1999	142	Trippin'		tt0160298	Comedy
1999	143	Teaching Mrs. Tingle		tt0133046	Thriller,Comedy
1999	144	Mystery, Alaska		tt0134618	Drama,Sport,Comedy
1999	145	The Red Violin		tt0120802	Drama,Mystery,Music
1999	146	Hilary and Jackie		tt0150915	Drama,Biography,Music
1999	147	Pushing Tin		tt0120797	Drama,Romance,Comedy
1999	148	Twin Dragons		tt0105399	Action,Comedy
1999	149	The Love Letter		tt0166252	Drama,Romance,Comedy
1999	150	Run Lola Run	run.lola.run_tt0130827	tt0130827	Crime,Action,Thriller
1999	151	Outside Providence		tt0125971	Drama,Romance,Comedy
1999	152	Wings of Courage		tt0114952	Adventure,Romance
1999	153	Buena Vista Social Club	buena.vista.soc_tt0186508	tt0186508	Music,Documentary
1999	154	200 Cigarettes		tt0137338	Drama,Romance,Comedy
1999	155	Africa's Elephant Kingdom		tt0155478	Short,Documentary
1999	156	Extreme		tt0193925	Short,Documentary
1999	157	Les Boys II		tt0137401	Romance,Sport,Comedy
1999	158	Jack Frost		tt0141109	Drama,Family,Comedy
1999	159	Lost & Found		tt0120836	Romance,Comedy
1999	160	Affliction	affliction_tt0118564	tt0118564	Drama,Thriller,Mystery
1999	161	Dick		tt0144168	Comedy
1999	162	Foolish		tt0166195	Drama,Comedy
1999	163	Light It Up		tt0172726	Drama,Thriller
1999	164	Central Station		tt0140888	Drama
1999	165	Rush Hour	rush_hour	tt0120812	Crime,Action,Comedy
1999	166	Island of the Sharks		tt0182914	Short,Documentary
1999	167	Jakob the Liar		tt0120716	Drama,War,Comedy
1999	168	Gods and Monsters	gods.and.monste_tt0120684	tt0120684	Drama,Biography
1999	169	A Walk on the Moon		tt0120613	Drama,Romance
1999	170	Mumford		tt0140397	Drama,Comedy
1999	171	Flawless		tt0155711	Crime,Drama
1999	172	Simply Irresistible		tt0145893	Drama,Fantasy,Comedy
1999	173	Ever After: A Cinderella Story	ever.after.a.ci_tt0120631	tt0120631	Drama,Romance
1999	174	The Straight Story		tt0166896	Drama,Biography
1999	175	Detroit Rock City		tt0165710	Adventure,Music,Comedy
1999	176	Gloria		tt0120683	Crime,Drama,Thriller
1999	177	Idle Hands		tt0138510	Fantasy,Horror,Comedy
1999	178	Encounter in the Third Dimension		tt0159423	Adventure,Drama,Comedy
1999	179	Le Dîner de Cons		tt0119038	Comedy
1999	180	Playing by Heart		tt0145734	Drama,Romance,Comedy
1999	181	The Winslow Boy		tt0155388	Drama,Romance
1999	182	Little Voice		tt0147004	Drama,Music,Comedy
1999	183	Lock, Stock and Two Smoking Barrels		tt0120735	Crime,Comedy
1999	184	Fifty		tt0221959	Sport,Documentary
1999	185	Elvis Gratton II: Miracle à Memphis		tt0180668	Music,Comedy
1999	186	Down in the Delta		tt0142231	Drama
1999	187	Jawbreaker		tt0155776	Crime,Thriller,Comedy
1999	188	Thrill Ride: The Science of Fun		tt0120327	Adventure,Short,Documentary
1999	189	The Cider House Rules	cider.house.rul_tt0124315	tt0124315	Drama,Romance
1999	190	eXistenZ		tt0120907	Sci-Fi,Horror,Mystery
1999	191	The Limey	limey_tt0165854	tt0165854	Crime,Drama,Mystery
1999	192	Love Stinks		tt0188863	Comedy
1999	193	Boys Don't Cry	boys.dont.cry_tt0171804	tt0171804	Crime,Biography,Drama
1999	194	Babe: Pig in the City		tt0120595	Adventure,Drama,Comedy
1999	195	Wolves		tt0226648	Short,Documentary
1999	196	Living Out Loud		tt0120722	Drama,Romance,Comedy
1999	197	Princess Mononoke		tt0119698	Adventure,Animation,Fantasy
1999	198	Autumn Tale		tt0137439	Drama,Romance,Comedy
1999	199	A Dog of Flanders		tt0160216	Drama,Family
1999	200	Limbo		tt0164085	Adventure,Drama,Thriller
2000	1	How the Grinch Stole Christmas	how_the_grinch_stole_christmas	tt0170016	Family,Fantasy,Comedy
2000	2	Mission: Impossible II	mission_impossible_2	tt0120755	Adventure,Action,Thriller
2000	3	Gladiator	gladiator	tt0172495	Adventure,Drama,Action
2000	4	The Perfect Storm	perfect_storm	tt0177971	Adventure,Drama,Action
2000	5	Meet the Parents	meet_the_parents	tt0212338	Romance,Comedy
2000	6	X-Men	xmen	tt0120903	Adventure,Sci-Fi,Action
2000	7	Scary Movie	scary_movie	tt0175142	Comedy
2000	8	What Lies Beneath	what_lies_beneath	tt0161081	Drama,Horror,Mystery
2000	9	Dinosaur	dinosaur_tt0130623	tt0130623	Adventure,Drama,Animation
2000	10	Erin Brockovich	erin_brockovich	tt0195685	Drama,Biography
2000	11	Nutty Professor II: The Klumps	klumps	tt0144528	Romance,Sci-Fi,Comedy
2000	12	Charlie's Angels	charlies_angels	tt0160127	Adventure,Action,Comedy
2000	13	Big Momma's House	big_mammas_house	tt0208003	Crime,Action,Comedy
2000	14	Remember the Titans	remember_the_titans	tt0210945	Drama,Biography,Comedy
2000	15	The Patriot	patriot	tt0187393	Drama,War,Action
2000	16	What Women Want	what_women_want	tt0207201	Romance,Fantasy,Comedy
2000	17	Chicken Run	chicken.run_tt0120630	tt0120630	Adventure,Animation,Comedy
2000	18	Gone in 60 Seconds	gone_in_60_seconds	tt0187078	Crime,Action,Thriller
2000	19	Cast Away	castaway	tt0162222	Adventure,Drama,Romance
2000	20	Me, Myself & Irene	me_myself_and_irene	tt0183505	Comedy
2000	21	Space Cowboys	space_cowboys	tt0186566	Adventure,Action,Thriller
2000	22	Scream 3	scream_3	tt0134084	Horror,Mystery
2000	23	Unbreakable	unbreakable	tt0217869	Drama,Sci-Fi,Mystery
2000	24	U-571	u571	tt0141926	War,Action
2000	25	Hollow Man	hollow_man	tt0164052	Sci-Fi,Action,Horror
2000	26	Stuart Little	stuart_little	tt0164912	Adventure,Family,Comedy
2000	27	Shaft	shaft_2000	tt0162650	Crime,Action,Thriller
2000	28	The Green Mile	green.mile_tt0120689	tt0120689	Crime,Drama,Fantasy
2000	29	The Kid	kid_tt0219854	tt0219854	Family,Fantasy,Comedy
2000	30	Rugrats in Paris		tt0213203	Adventure,Animation,Comedy
2000	31	Road Trip	road.trip_tt0215129	tt0215129	Comedy
2000	32	Bring It On	bring.it.on_tt0204946	tt0204946	Romance,Sport,Comedy
2000	33	Rules of Engagement	rules.of.engage_tt0160797	tt0160797	Drama,War,Thriller
2000	34	The Cell	cell_tt0209958	tt0209958	Crime,Sci-Fi,Horror
2000	35	Mission to Mars	mission.to.mars_tt0183523	tt0183523	Adventure,Sci-Fi,Thriller
2000	36	Coyote Ugly	coyote.ugly_tt0200550	tt0200550	Drama,Music,Comedy
2000	37	Snow Day	snow.day_tt0184907	tt0184907	Adventure,Family,Comedy
2000	38	Fantasia 2000	fantasia.2000_tt0120910	tt0120910	Family,Animation,Fantasy
2000	39	American Beauty	american_beauty	tt0169547	Drama
2000	40	Next Friday	next.friday_tt0195945	tt0195945	Comedy
2000	41	The Whole Nine Yards	whole.nine.yard_tt0190138	tt0190138	Crime,Comedy
2000	42	Shanghai Noon	shanghai.noon_tt0184894	tt0184894	Adventure,Action,Comedy
2000	43	Romeo Must Die	romeo.must.die_tt0165929	tt0165929	Crime,Action,Thriller
2000	44	102 Dalmatians	102.dalmatians_tt0211181	tt0211181	Adventure,Family,Comedy
2000	45	The Cider House Rules	cider.house.rul_tt0124315	tt0124315	Drama,Romance
2000	46	Final Destination	final.destinati_tt0195714	tt0195714	Horror,Thriller
2000	47	The Talented Mr. Ripley	talented.mr..ri_tt0134119	tt0134119	Crime,Drama,Thriller
2000	48	Galaxy Quest	galaxy.quest_tt0177789	tt0177789	Adventure,Sci-Fi,Comedy
2000	49	The Road to El Dorado	road.to.el.dora_tt0138749	tt0138749	Adventure,Animation,Comedy
2000	50	The Hurricane	hurricane_tt0174856	tt0174856	Drama,Biography,Sport
2000	51	Vertical Limit	vertical.limit_tt0190865	tt0190865	Adventure,Drama,Action
2000	52	Men of Honor	men.of.honor_tt0203019	tt0203019	Drama,Biography
2000	53	Toy Story 2	toy.story.2_tt0120363	tt0120363	Adventure,Animation,Comedy
2000	54	The Tigger Movie		tt0220099	Adventure,Animation,Comedy
2000	55	Frequency	frequency_tt0186151	tt0186151	Crime,Drama,Mystery
2000	56	The Replacements	replacements_tt0191397	tt0191397	Sport,Comedy
2000	57	Pokémon the Movie 2000		tt0210234	Adventure,Action,Animation
2000	58	Miss Congeniality	miss.congeniali_tt0212346	tt0212346	Crime,Action,Comedy
2000	59	Any Given Sunday	any.given.sunda_tt0146838	tt0146838	Drama,Sport
2000	60	The Beach		tt0163978	Adventure,Drama,Romance
2000	61	The Exorcist2000 Director's Cut	exorcist_tt0070047	tt0070047	Horror
2000	62	Pitch Black	pitch.black_tt0134847	tt0134847	Sci-Fi,Horror,Thriller
2000	63	The Emperor's New Groove		tt0120917	Adventure,Animation,Comedy
2000	64	The Family Man	family.man_tt0218967	tt0218967	Drama,Fantasy,Comedy
2000	65	Little Nicky		tt0185431	Fantasy,Comedy
2000	66	The Original Kings of Comedy		tt0236388	Documentary,Comedy
2000	67	Autumn in New York		tt0174480	Drama,Romance
2000	68	Bedazzled		tt0230030	Fantasy,Comedy
2000	69	28 Days		tt0191754	Drama,Comedy
2000	70	Keeping the Faith		tt0171433	Drama,Romance,Comedy
2000	71	Bounce		tt0186894	Drama,Romance
2000	72	Hanging Up		tt0162983	Drama,Comedy
2000	73	The Flintstones in Viva Rock Vegas		tt0158622	Romance,Family,Comedy
2000	74	The Skulls		tt0192614	Crime,Drama,Action
2000	75	Mysteries of Egypt		tt0145921	Drama,Family,Documentary
2000	76	The 6th Day		tt0216216	Sci-Fi,Action,Mystery
2000	77	My Dog Skip		tt0156812	Drama,Family,Comedy
2000	78	Where the Heart Is		tt0198021	Drama,Romance,Comedy
2000	79	Dude, Where's My Car?	dude.wheres.my._tt0242423	tt0242423	Sci-Fi,Mystery,Comedy
2000	80	Pay It Forward		tt0223897	Drama
2000	81	Return to Me		tt0122459	Drama,Romance,Comedy
2000	82	Almost Famous	almost.famous_tt0181875	tt0181875	Adventure,Drama,Comedy
2000	83	The Legend of Bagger Vance		tt0146984	Drama,Sport
2000	84	The Art of War		tt0160009	Adventure,Crime,Action
2000	85	Bless the Child		tt0163983	Crime,Drama,Horror
2000	86	The Watcher		tt0204626	Crime,Drama,Mystery
2000	87	Girl, Interrupted		tt0172493	Drama,Biography
2000	88	Love & Basketball	love..basketbal_tt0199725	tt0199725	Drama,Sport,Romance
2000	89	High Fidelity		tt0146882	Drama,Music,Comedy
2000	90	Book of Shadows: Blair Witch 2		tt0229260	Adventure,Horror,Fantasy
2000	91	Proof of Life		tt0228750	Drama,Action,Thriller
2000	92	The Adventures of Rocky & Bullwinkle		tt0131704	Adventure,Family,Comedy
2000	93	Nurse Betty		tt0171580	Crime,Drama,Comedy
2000	94	Bicentennial Man	bicentennial.ma_tt0182789	tt0182789	Drama,Sci-Fi,Romance
2000	95	Deuce Bigalow: Male Gigolo	deuce.bigalow.m_tt0205000	tt0205000	Romance,Comedy
2000	96	Reindeer Games		tt0184858	Crime,Action,Thriller
2000	97	Titan A.E.		tt0120913	Adventure,Action,Animation
2000	98	Boys and Girls		tt0204175	Drama,Romance,Comedy
2000	99	Magnolia	magnolia_tt0175880	tt0175880	Drama
2000	100	Battlefield Earth		tt0185183	Adventure,Sci-Fi,Action
2000	101	Urban Legends: Final Cut		tt0192731	Horror,Mystery
2000	102	Down to You		tt0186975	Drama,Romance,Comedy
2000	103	Wonder Boys	wonder.boys_tt0185014	tt0185014	Drama,Comedy
2000	104	Anna and the King	anna.and.the.ki_tt0166485	tt0166485	Drama,Romance,History
2000	105	The Ninth Gate		tt0142688	Thriller,Mystery
2000	106	Dracula 2000		tt0219653	Horror,Action,Fantasy
2000	107	The Contender		tt0208874	Drama,Thriller
2000	108	The Sixth Sense	sixth_sense	tt0167404	Drama,Thriller,Mystery
2000	109	Small Time Crooks		tt0196216	Crime,Comedy
2000	110	Red Planet		tt0199753	Sci-Fi,Action,Thriller
2000	111	Center Stage		tt0210616	Drama,Romance,Music
2000	112	Best in Show	best.in.show_tt0218839	tt0218839	Comedy
2000	113	Boiler Room		tt0181984	Crime,Drama,Thriller
2000	114	Billy Elliot	billy.elliot_tt0249462	tt0249462	Drama,Music
2000	115	Lost Souls		tt0160484	Drama,Horror,Thriller
2000	116	Eye of the Beholder		tt0120662	Drama,Thriller,Mystery
2000	117	Thomas and the Magic Railroad		tt0205461	Adventure,Family,Comedy
2000	118	Loser		tt0217630	Romance,Comedy
2000	119	Drowning Mona		tt0186045	Crime,Mystery,Comedy
2000	120	Bait		tt0211938	Crime,Action,Comedy
2000	121	American Psycho	american.psycho_tt0144084	tt0144084	Crime,Drama,Comedy
2000	122	Get Carter		tt0208988	Crime,Drama,Action
2000	123	The Next Best Thing		tt0156841	Drama,Romance,Comedy
2000	124	Man on the Moon	man.on.the.moon_tt0125664	tt0125664	Drama,Biography,Comedy
2000	125	Snow Falling on Cedars		tt0120834	Drama,Mystery,Romance
2000	126	Michael Jordan to the Max		tt0245280	Sport,Documentary
2000	127	Supernova		tt0134983	Sci-Fi,Horror,Thriller
2000	128	Dungeons & Dragons		tt0190374	Adventure,Action,Fantasy
2000	129	The Ladies Man		tt0213790	Comedy
2000	130	The Little Vampire		tt0192255	Adventure,Family,Comedy
2000	131	Dr. T & the Women		tt0205271	Drama,Romance,Comedy
2000	132	The Crew		tt0198386	Crime,Comedy
2000	133	Everest	everest_tt0120661	tt0120661	Short,Documentary
2000	134	Angela's Ashes		tt0145653	Drama,Biography
2000	135	Highlander: Endgame		tt0144964	Adventure,Action,Fantasy
2000	136	Ready to Rumble		tt0217756	Sport,Comedy
2000	137	Crouching Tiger, Hidden Dragon	crouching_tiger_hidden_dragon	tt0190332	Adventure,Drama,Action
2000	138	Saving Grace		tt0195234	Crime,Comedy
2000	139	Drunken Master II		tt0111512	Action,Comedy
2000	140	The World Is Not Enough	world_is_not_enough	tt0143145	Adventure,Action,Thriller
2000	141	Here on Earth		tt0195778	Drama,Romance
2000	142	Lucky Numbers		tt0219952	Crime,Comedy
2000	143	Godzilla 2000		tt0188640	Adventure,Drama,Action
2000	144	3 Strikes		tt0199290	Comedy
2000	145	Digimon: The Movie		tt0259974	Adventure,Action,Animation
2000	146	The End of the Affair	end.of.the.affa_tt0172396	tt0172396	Drama,Mystery,Romance
2000	147	Sleepy Hollow	sleepy_hollow	tt0162661	Horror,Mystery,Fantasy
2000	148	Boys Don't Cry	boys.dont.cry_tt0171804	tt0171804	Crime,Biography,Drama
2000	149	Whatever It Takes		tt0202402	Drama,Romance,Comedy
2000	150	Cirque du Soleil: Journey of Man		tt0213749	Drama,Family,Fantasy
2000	151	Play It to the Bone		tt0196857	Drama,Sport,Comedy
2000	152	T-Rex: Back to the Cretaceous	trex.back.to.th_tt0163862	tt0163862	Adventure,Family,Fantasy
2000	153	Galapagos		tt0163639	Short,Documentary
2000	154	Screwed		tt0156323	Crime,Comedy
2000	155	All the Pretty Horses		tt0149624	Drama,Western,Romance
2000	156	I Dreamed of Africa		tt0167203	Adventure,Biography,Drama
2000	157	All About My Mother	all.about.my.mo_tt0185125	tt0185125	Drama,Romance,Comedy
2000	158	Sunshine	sunshine_tt0145503	tt0145503	Drama,Romance,History
2000	159	What Planet Are You From?		tt0181151	Sci-Fi,Comedy
2000	160	Croupier		tt0159382	Crime,Drama,Thriller
2000	161	Topsy-Turvy	topsyturvy_tt0151568	tt0151568	Drama,Biography,Comedy
2000	162	The Way of the Gun		tt0202677	Crime,Drama,Action
2000	163	Where the Money Is		tt0149367	Crime,Drama,Comedy
2000	164	The in Crowd		tt0163676	Drama,Thriller,Mystery
2000	165	Black & White		tt0165643	Crime,Drama,Music
2000	166	Gossip		tt0176783	Drama,Thriller,Mystery
2000	167	Woman on Top		tt0206420	Romance,Fantasy,Comedy
2000	168	End of Days	end.of.days_tt0146675	tt0146675	Horror,Action,Fantasy
2000	169	Being John Malkovich	being.john.malk_tt0120601	tt0120601	Drama,Fantasy,Comedy
2000	170	The Virgin Suicides	virgin.suicides_tt0159097	tt0159097	Drama,Romance
2000	171	Duets		tt0134630	Drama,Music,Comedy
2000	172	Held Up		tt0165831	Comedy
2000	173	The Tao of Steve		tt0234853	Drama,Romance,Comedy
2000	174	Dancer in the Dark		tt0168629	Crime,Drama,Musical
2000	175	East Is East	east.is.east_tt0166175	tt0166175	Drama,Comedy
2000	176	Whipped		tt0174336	Romance,Comedy
2000	177	Finding Forrester	finding.forrest_tt0181536	tt0181536	Drama,Sport
2000	178	You Can Count on Me		tt0203230	Drama
2000	179	CyberWorld		tt0233508	Short,Animation
2000	180	Chocolat	chocolat_tt0241303	tt0241303	Drama,Romance
2000	181	Extreme		tt0193925	Short,Documentary
2000	182	Price of Glory		tt0188160	Drama,Sport
2000	183	Sweet and Lowdown		tt0158371	Drama,Music,Comedy
2000	184	Island of the Sharks		tt0182914	Short,Documentary
2000	185	Ghost Dog: The Way of the Samurai		tt0165798	Crime,Drama
2000	186	The Big Kahuna		tt0189584	Drama,Comedy
2000	187	Beautiful		tt0210567	Drama,Comedy
2000	188	Siegfried & Roy: The Magic Box		tt0182299	Biography,Documentary
2000	189	The Insider	insider_tt0140352	tt0140352	Drama,Biography,History
2000	190	The Bone Collector	bone.collector_tt0145681	tt0145681	Crime,Drama,Mystery
2000	191	Quills		tt0180073	Drama,Biography
2000	192	Isn't She Great		tt0141399	Drama,Biography,Comedy
2000	193	Up at the Villa		tt0153464	Drama,Romance
2000	194	Requiem for a Dream	requiem.for.a.d_tt0180093	tt0180093	Drama
2000	195	Alien Adventure		tt0238829	Adventure,Sci-Fi,Animation
2000	196	Double Jeopardy	double_jeopardy	tt0150377	Crime,Drama,Mystery
2000	197	Africa's Elephant Kingdom		tt0155478	Short,Documentary
2000	198	God's Army		tt0238247	Drama
2000	199	Wolves		tt0226648	Short,Documentary
2000	200	Mansfield Park		tt0178737	Drama,Romance
2001	1	Harry Potter and the Sorcerer's Stone	harry_potter_sorcerers_stone	tt0241527	Adventure,Family,Fantasy
2001	2	Shrek	shrek_tt0126029	tt0126029	Adventure,Animation,Comedy
2001	3	Monsters, Inc.	monsters.inc._tt0198781	tt0198781	Adventure,Animation,Comedy
2001	4	Rush Hour 2	rush_hour_2	tt0266915	Crime,Action,Comedy
2001	5	The Mummy Returns	mummy_returns_fs	tt0209163	Adventure,Action,Fantasy
2001	6	Pearl Harbor	pearl_harbor	tt0213149	Drama,Action,Romance
2001	7	Jurassic Park III	jurassic_park_3	tt0163025	Adventure,Sci-Fi,Action
2001	8	Planet of the Apes	planet_of_the_apes_2001	tt0133152	Adventure,Sci-Fi,Action
2001	9	Hannibal	hannibal	tt0212985	Crime,Drama,Thriller
2001	10	The Lord of the Rings: The Fellowship of the Ring	lotr_fellowship	tt0120737	Adventure,Drama,Fantasy
2001	11	American Pie 2	american.pie.2_tt0252866	tt0252866	Comedy
2001	12	The Fast and the Furious	fast_and_the_furious	tt0232500	Crime,Action,Thriller
2001	13	Ocean's Eleven	oceans_11_fs	tt0240772	Crime,Thriller
2001	14	Lara Croft: Tomb Raider	lara_croft_tomb_raider	tt0146316	Adventure,Action,Fantasy
2001	15	Traffic	traffic	tt0181865	Crime,Drama,Thriller
2001	16	Cast Away	castaway	tt0162222	Adventure,Drama,Romance
2001	17	Crouching Tiger, Hidden Dragon	crouching_tiger_hidden_dragon	tt0190332	Adventure,Drama,Action
2001	18	Dr. Dolittle 2	dr_dolittle_2_fs	tt0240462	Family,Fantasy,Comedy
2001	19	Spy Kids	spy_kids	tt0227538	Adventure,Action,Comedy
2001	20	The Princess Diaries	princess_diaries_fs	tt0247638	Romance,Family,Comedy
2001	21	The Others	others	tt0230600	Thriller,Horror,Mystery
2001	22	Legally Blonde	legally.blonde_tt0250494	tt0250494	Romance,Comedy
2001	23	America's Sweethearts	americas_sweethearts	tt0265029	Romance,Comedy
2001	24	Cats & Dogs	cats_and_dogs	tt0239395	Adventure,Action,Comedy
2001	25	Save the Last Dance	save_the_last_dance	tt0206275	Drama,Romance,Music
2001	26	Atlantis: The Lost Empire	atlantis.the.lo_tt0230011	tt0230011	Adventure,Action,Animation
2001	27	A.I. Artificial Intelligence	artificial_intelligence_fs	tt0212720	Adventure,Drama,Sci-Fi
2001	28	Training Day	training_day	tt0139654	Crime,Drama,Thriller
2001	29	Along Came a Spider	along.came.a.sp_tt0164334	tt0164334	Crime,Drama,Mystery
2001	30	What Women Want	what_women_want	tt0207201	Romance,Fantasy,Comedy
2001	31	Bridget Jones's Diary	bridget.joness._tt0243155	tt0243155	Drama,Romance,Comedy
2001	32	Scary Movie 2	scary.movie.2_tt0257106	tt0257106	Horror,Comedy
2001	33	The Score	score_tt0227445	tt0227445	Crime,Drama,Thriller
2001	34	Swordfish	swordfish_tt0244244	tt0244244	Crime,Action,Thriller
2001	35	Vanilla Sky	vanilla.sky_tt0259711	tt0259711	Romance,Mystery,Fantasy
2001	36	Shallow Hal	shallow.hal_tt0256380	tt0256380	Drama,Fantasy,Comedy
2001	37	Chocolat	chocolat_tt0241303	tt0241303	Drama,Romance
2001	38	The Mexican	mexican_tt0236493	tt0236493	Adventure,Drama,Comedy
2001	39	Miss Congeniality	miss.congeniali_tt0212346	tt0212346	Crime,Action,Comedy
2001	40	Down to Earth	down.to.earth_tt0231775	tt0231775	Fantasy,Comedy
2001	41	Spy Game	spy.game_tt0266987	tt0266987	Crime,Action,Thriller
2001	42	The Wedding Planner	wedding.planner_tt0209475	tt0209475	Romance,Comedy
2001	43	The Animal	animal_tt0255798	tt0255798	Sci-Fi,Comedy
2001	44	Moulin Rouge!	moulin.rouge_tt0203009	tt0203009	Drama,Musical,Romance
2001	45	Rat Race	rat.race_tt0250687	tt0250687	Adventure,Action,Comedy
2001	46	A Knight's Tale	a.knights.tale_tt0183790	tt0183790	Adventure,Drama,Action
2001	47	Don't Say a Word	dont.say.a.word_tt0260866	tt0260866	Drama,Thriller,Mystery
2001	48	Blow	blow_tt0221027	tt0221027	Crime,Biography,Drama
2001	49	Exit Wounds	exit.wounds_tt0242445	tt0242445	Crime,Action,Thriller
2001	50	Enemy at the Gates	enemy.at.the.ga_tt0215750	tt0215750	Drama,War,Action
2001	51	K-PAX	kpax_tt0272152	tt0272152	Drama,Sci-Fi,Mystery
2001	52	Behind Enemy Lines	behind.enemy.li_tt0159273	tt0159273	Drama,Action,Thriller
2001	53	Serendipity	serendipity_tt0240890	tt0240890	Romance,Comedy
2001	54	Finding Forrester	finding.forrest_tt0181536	tt0181536	Drama,Sport
2001	55	Jimmy Neutron: Boy Genius	jimmy.neutron.b_tt0268397	tt0268397	Adventure,Action,Animation
2001	56	Zoolander	zoolander_tt0196229	tt0196229	Comedy
2001	57	Domestic Disturbance	domestic.distur_tt0249478	tt0249478	Crime,Thriller
2001	58	O Brother, Where Art Thou?	o.brother.where_tt0190590	tt0190590	Adventure,Crime,Comedy
2001	59	The One		tt0267804	Sci-Fi,Action,Thriller
2001	60	Thir13en Ghosts		tt0245674	Horror,Fantasy
2001	61	Bandits		tt0219965	Crime,Action,Comedy
2001	62	Heartbreakers		tt0125022	Crime,Romance,Comedy
2001	63	Hardball		tt0180734	Drama,Sport,Comedy
2001	64	Evolution		tt0251075	Sci-Fi,Comedy
2001	65	Jeepers Creepers		tt0263488	Horror,Mystery
2001	66	The Emperor's New Groove		tt0120917	Adventure,Animation,Comedy
2001	67	Kiss of the Dragon		tt0271027	Crime,Action,Thriller
2001	68	Recess: School's Out		tt0265632	Adventure,Animation,Comedy
2001	69	Ali	ali_tt0248667	tt0248667	Drama,Biography,Sport
2001	70	The Family Man	family.man_tt0218967	tt0218967	Drama,Fantasy,Comedy
2001	71	Thirteen Days		tt0146309	Drama,Thriller,History
2001	72	See Spot Run		tt0250720	Crime,Action,Comedy
2001	73	Driven	driven.movie_tt0132245	tt0132245	Drama,Action,Sport
2001	74	What's the Worst That Could Happen?		tt0161083	Crime,Comedy
2001	75	Final Fantasy: The Spirits Within		tt0173840	Adventure,Action,Animation
2001	76	Black Knight		tt0265087	Adventure,Fantasy,Comedy
2001	77	From Hell		tt0120681	Crime,Horror,Mystery
2001	78	Not Another Teen Movie		tt0277371	Romance,Comedy
2001	79	Snatch		tt0208092	Crime,Comedy
2001	80	Riding in Cars with Boys		tt0200027	Drama,Biography,Comedy
2001	81	Jay and Silent Bob Strike Back		tt0261392	Comedy
2001	82	Double Take		tt0238948	Crime,Action,Comedy
2001	83	Baby Boy		tt0255819	Crime,Drama,Romance
2001	84	The Brothers		tt0250274	Drama,Romance,Comedy
2001	85	Someone Like You		tt0244970	Romance,Comedy
2001	86	Joe Dirt		tt0245686	Adventure,Drama,Comedy
2001	87	The Musketeer		tt0246544	Adventure,Action,Romance
2001	88	Crocodile Dundee in Los Angeles		tt0231402	Adventure,Crime,Comedy
2001	89	Memento	memento_tt0209144	tt0209144	Drama,Thriller,Mystery
2001	90	Captain Corelli's Mandolin		tt0238112	Drama,Romance,Music
2001	91	Sweet November		tt0230838	Drama,Romance
2001	92	15 Minutes		tt0179626	Crime,Drama,Action
2001	93	Hearts in Atlantis		tt0252501	Drama,Mystery
2001	94	Angel Eyes		tt0225071	Drama,Romance
2001	95	Corky Romano		tt0250310	Crime,Comedy
2001	96	Heist		tt0252503	Crime,Drama,Action
2001	97	Kingdom Come		tt0246002	Drama,Comedy
2001	98	Two Can Play That Game		tt0269341	Romance,Comedy
2001	99	Joy Ride		tt0206314	Thriller,Horror,Mystery
2001	100	Valentine		tt0242998	Thriller,Horror,Mystery
2001	101	Summer Catch		tt0234829	Drama,Romance,Comedy
2001	102	The Pledge		tt0237572	Crime,Drama,Mystery
2001	103	Vertical Limit	vertical.limit_tt0190865	tt0190865	Adventure,Drama,Action
2001	104	Saving Silverman		tt0239948	Crime,Romance,Comedy
2001	105	The Last Castle		tt0272020	Drama,Action,Thriller
2001	106	How High		tt0278488	Fantasy,Comedy
2001	107	The Glass House		tt0221218	Crime,Drama,Mystery
2001	108	Kate & Leopold	kate..leopold_tt0035423	tt0035423	Romance,Fantasy,Comedy
2001	109	Pokémon 3 the Movie: Spell of the Unown		tt0235679	Adventure,Action,Animation
2001	110	Rock Star		tt0202470	Drama,Music
2001	111	Max Keeble's Big Move		tt0273799	Crime,Action,Comedy
2001	112	Crazy/Beautiful		tt0250224	Drama,Romance
2001	113	Original Sin		tt0218922	Crime,Drama,Mystery
2001	114	O		tt0184791	Drama,Thriller,Romance
2001	115	The Majestic		tt0268995	Drama,Romance
2001	116	A Beautiful Mind	beautiful_mind	tt0268978	Drama,Biography,Mystery
2001	117	Amélie	amlie_tt0211915	tt0211915	Romance,Comedy
2001	118	3000 Miles to Graceland		tt0233142	Crime,Action,Comedy
2001	119	Life as a House		tt0264796	Drama
2001	120	Iron Monkey		tt0108148	Crime,Drama,Action
2001	121	Dracula 2000		tt0219653	Horror,Action,Fantasy
2001	122	Joe Somebody		tt0279889	Drama,Comedy
2001	123	Josie and the Pussycats		tt0236348	Music,Comedy
2001	124	Freddy Got Fingered		tt0240515	Comedy
2001	125	The Tailor of Panama		tt0236784	Drama,Thriller
2001	126	Dude, Where's My Car?	dude.wheres.my._tt0242423	tt0242423	Sci-Fi,Mystery,Comedy
2001	127	Osmosis Jones		tt0181739	Adventure,Action,Animation
2001	128	Out Cold		tt0253798	Sport,Comedy
2001	129	Tomcats		tt0246989	Comedy
2001	130	American Outlaws		tt0244000	Drama,Western,Action
2001	131	Sugar & Spice		tt0186589	Crime,Comedy
2001	132	The Gift		tt0219699	Drama,Horror,Fantasy
2001	133	Get Over It		tt0192071	Romance,Comedy
2001	134	Antitrust		tt0218817	Crime,Drama,Action
2001	135	Head Over Heels		tt0192111	Romance,Mystery,Comedy
2001	136	The Wash		tt0290332	Comedy
2001	137	102 Dalmatians	102.dalmatians_tt0211181	tt0211181	Adventure,Family,Comedy
2001	138	The Royal Tenenbaums	royal.tenenbaum_tt0265666	tt0265666	Drama,Comedy
2001	139	The Deep End		tt0250323	Crime,Drama,Mystery
2001	140	All the Pretty Horses		tt0149624	Drama,Western,Romance
2001	141	Ghosts of Mars		tt0228333	Sci-Fi,Action,Horror
2001	142	Pollock		tt0183659	Drama,Biography
2001	143	How the Grinch Stole Christmas	how_the_grinch_stole_christmas	tt0170016	Family,Fantasy,Comedy
2001	144	Shadow of the Vampire	shadow.of.the.v_tt0189998	tt0189998	Drama,Horror
2001	145	The Closet		tt0243493	Comedy
2001	146	The Curse of the Jade Scorpion		tt0256524	Crime,Mystery,Comedy
2001	147	Bones		tt0166110	Crime,Horror,Fantasy
2001	148	The Forsaken	forsaken_tt0245120	tt0245120	Horror,Action,Fantasy
2001	149	CyberWorld		tt0233508	Short,Animation
2001	150	Sexy Beast		tt0203119	Crime,Drama,Thriller
2001	151	The Man Who Wasn't There	man.who.wasnt.t_tt0243133	tt0243133	Crime,Drama
2001	152	Town & Country		tt0141907	Romance,Comedy
2001	153	Shackleton's Antarctic Adventure		tt0280105	Short,Documentary
2001	154	One Night at McCool's		tt0203755	Crime,Comedy
2001	155	Ghost World	ghost.world_tt0162346	tt0162346	Drama,Comedy
2001	156	Megiddo: The Omega Code 2	megiddo.the.ome_tt0263728	tt0263728	Adventure,Action,Fantasy
2001	157	Rugrats in Paris		tt0213203	Adventure,Animation,Comedy
2001	158	You Can Count on Me		tt0203230	Drama
2001	159	State and Main	state.and.main_tt0120202	tt0120202	Drama,Comedy
2001	160	Mulholland Drive	mulholland.driv_tt0166924	tt0166924	Drama,Thriller,Mystery
2001	161	Say It Isn't So		tt0239949	Romance,Comedy
2001	162	Unbreakable	unbreakable	tt0217869	Drama,Sci-Fi,Mystery
2001	163	Monkeybone		tt0166276	Fantasy,Comedy
2001	164	Amores Perros		tt0245712	Drama,Thriller
2001	165	Made		tt0227005	Crime,Drama,Comedy
2001	166	Billy Elliot	billy.elliot_tt0249462	tt0249462	Drama,Music
2001	167	Meet the Parents	meet_the_parents	tt0212338	Romance,Comedy
2001	168	Bubble Boy		tt0258470	Adventure,Romance,Comedy
2001	169	Just Visiting		tt0189192	Adventure,Fantasy,Comedy
2001	170	Bread and Tulips		tt0237539	Romance,Comedy
2001	171	Apocalypse Now Redux2001 Re-release	apocalypse.now_tt0078788	tt0078788	Drama,War,Mystery
2001	172	Tortilla Soup		tt0255653	Drama,Romance,Comedy
2001	173	Proof of Life		tt0228750	Drama,Action,Thriller
2001	174	On the Line		tt0279286	Romance,Family,Comedy
2001	175	Michael Jordan to the Max		tt0245280	Sport,Documentary
2001	176	Cirque du Soleil: Journey of Man		tt0213749	Drama,Family,Fantasy
2001	177	Glitter		tt0118589	Drama,Romance,Music
2001	178	Left Behind: The Movie		tt0190524	Drama,Action,Fantasy
2001	179	Quills		tt0180073	Drama,Biography
2001	180	The Anniversary Party		tt0254099	Drama,Romance,Comedy
2001	181	Before Night Falls		tt0247196	Drama,Biography,Romance
2001	182	With a Friend Like Harry...		tt0216800	Drama,Mystery,Comedy
2001	183	Galapagos		tt0163639	Short,Documentary
2001	184	Pootie Tang		tt0258038	Adventure,Action,Comedy
2001	185	Widow of St. Pierre		tt0191636	Drama,Romance,History
2001	186	Soul Survivors		tt0218619	Thriller,Horror,Mystery
2001	187	Malena	malena_tt0213847	tt0213847	Drama,War,Romance
2001	188	Hedwig and the Angry Inch	hedwig.and.the._tt0248845	tt0248845	Drama,Music,Comedy
2001	189	Songcatcher		tt0210299	Drama,Music
2001	190	The Golden Bowl		tt0200669	Drama,Romance
2001	191	The House of Mirth	house.of.mirth_tt0200720	tt0200720	Drama,Romance
2001	192	In the Mood for Love	in.the.mood.for_tt0118694	tt0118694	Drama,Romance
2001	193	Les Boys III		tt0186895	Drama,Sport,Comedy
2001	194	T-Rex: Back to the Cretaceous	trex.back.to.th_tt0163862	tt0163862	Adventure,Family,Fantasy
2001	195	Charlie's Angels	charlies_angels	tt0160127	Adventure,Action,Comedy
2001	196	The Dish		tt0205873	Drama,History,Comedy
2001	197	Waking Life		tt0243017	Drama,Animation,Fantasy
2001	198	Himalaya2001 Re-release		tt0210727	Drama
2001	199	Gabriela		tt0189541	Drama,Romance
2001	200	Sidewalks of New York		tt0239986	Romance,Comedy
2002	1	Spider-Man	spiderman	tt0145487	Adventure,Sci-Fi,Action
2002	2	Star Wars: Episode II - Attack of the Clones	star_wars_2_attack_of_the_clones	tt0121765	Adventure,Action,Fantasy
2002	3	Harry Potter and the Chamber of Secrets	harry_potter_chamber_of_secrets	tt0295297	Adventure,Family,Fantasy
2002	4	Signs	signs	tt0286106	Drama,Sci-Fi,Mystery
2002	5	My Big Fat Greek Wedding	big_fat_greek_wedding_fs	tt0259446	Drama,Romance,Comedy
2002	6	The Lord of the Rings: The Two Towers	lotr_two_towers	tt0167261	Adventure,Drama,Fantasy
2002	7	Austin Powers in Goldmember	goldmember	tt0295178	Adventure,Action,Comedy
2002	8	Men in Black II	men_in_black_2	tt0120912	Adventure,Action,Comedy
2002	9	Ice Age	ice.age_tt0268380	tt0268380	Adventure,Animation,Comedy
2002	10	A Beautiful Mind	beautiful_mind	tt0268978	Drama,Biography,Mystery
2002	11	Scooby-Doo	scooby_doo	tt0267913	Adventure,Family,Comedy
2002	12	The Lord of the Rings: The Fellowship of the Ring	lotr_fellowship	tt0120737	Adventure,Drama,Fantasy
2002	13	Die Another Day	die_another_day	tt0246460	Adventure,Action,Thriller
2002	14	Lilo & Stitch	lilo..stitch_tt0275847	tt0275847	Adventure,Animation,Comedy
2002	15	xXx	xxx	tt0295701	Adventure,Drama,Action
2002	16	The Santa Clause 2	santa_clause_2	tt0304669	Family,Fantasy,Comedy
2002	17	Minority Report	minority_report	tt0181689	Crime,Action,Mystery
2002	18	The Ring	ring	tt0298130	Horror,Mystery
2002	19	Mr. Deeds	mr_deeds	tt0280590	Romance,Comedy
2002	20	Sweet Home Alabama	sweet_home_alabama	tt0256415	Romance,Comedy
2002	21	The Bourne Identity	bourne_identity	tt0258463	Thriller,Action,Mystery
2002	22	The Sum of All Fears	sum_of_all_fears	tt0164184	Drama,Action,Thriller
2002	23	8 Mile	8_mile	tt0298203	Drama,Music
2002	24	Black Hawk Down	black_hawk_down	tt0265086	Drama,Action,History
2002	25	Road to Perdition	road_to_perdition	tt0257044	Crime,Drama,Thriller
2002	26	Panic Room	panic_room	tt0258000	Crime,Drama,Thriller
2002	27	Red Dragon	red_dragon	tt0289765	Crime,Drama,Thriller
2002	28	The Scorpion King	scorpion.king_tt0277296	tt0277296	Adventure,Action,Fantasy
2002	29	Spy Kids 2: Island of Lost Dreams	spy.kids.2.isla_tt0287717	tt0287717	Adventure,Action,Comedy
2002	30	Blade II	blade.ii_tt0187738	tt0187738	Sci-Fi,Action,Horror
2002	31	Snow Dogs	snow.dogs_tt0281373	tt0281373	Adventure,Family,Comedy
2002	32	We Were Soldiers	we.were.soldier_tt0277434	tt0277434	Drama,Action,History
2002	33	Barbershop	barbershop_tt0303714	tt0303714	Drama,Comedy
2002	34	The Rookie	rookie_tt0265662	tt0265662	Drama,Family,Sport
2002	35	Spirit: Stallion of the Cimarron	spirit.stallion_tt0166813	tt0166813	Adventure,Drama,Animation
2002	36	John Q	john.q_tt0251160	tt0251160	Crime,Drama,Thriller
2002	37	Divine Secrets of the Ya-Ya Sisterhood	divine.secrets._tt0279778	tt0279778	Drama
2002	38	Insomnia	insomnia_tt0278504	tt0278504	Drama,Thriller,Mystery
2002	39	Changing Lanes	changing.lanes_tt0264472	tt0264472	Drama,Thriller
2002	40	Stuart Little 2	stuart.little.2_tt0243585	tt0243585	Adventure,Family,Comedy
2002	41	Jackass: The Movie	jackass.the.mov_tt0322802	tt0322802	Documentary,Action,Comedy
2002	42	Catch Me If You Can	catch.me.if.you_tt0264464	tt0264464	Crime,Biography,Drama
2002	43	Maid in Manhattan	maid.in.manhatt_tt0252076	tt0252076	Drama,Romance,Comedy
2002	44	The Time Machine	time.machine_tt0268695	tt0268695	Adventure,Sci-Fi,Action
2002	45	The Count of Monte Cristo	count.of.monte._tt0245844	tt0245844	Adventure,Drama,Action
2002	46	Unfaithful	unfaithful_tt0250797	tt0250797	Drama,Thriller,Romance
2002	47	Like Mike	like.mike_tt0308506	tt0308506	Family,Fantasy,Comedy
2002	48	Ocean's Eleven	oceans_11_fs	tt0240772	Crime,Thriller
2002	49	The Tuxedo	tuxedo_tt0290095	tt0290095	Sci-Fi,Action,Comedy
2002	50	Two Weeks Notice	two.weeks.notic_tt0313737	tt0313737	Romance,Comedy
2002	51	Return to Never Land		tt0280030	Adventure,Family,Animation
2002	52	Big Fat Liar	big.fat.liar_tt0265298	tt0265298	Adventure,Family,Comedy
2002	53	The Royal Tenenbaums	royal.tenenbaum_tt0265666	tt0265666	Drama,Comedy
2002	54	Reign of Fire	reign.of.fire_tt0253556	tt0253556	Adventure,Action,Fantasy
2002	55	High Crimes	high.crimes_tt0257756	tt0257756	Crime,Drama,Mystery
2002	56	About a Boy	about.a.boy_tt0276751	tt0276751	Drama,Romance,Comedy
2002	57	A Walk to Remember	a.walk.to.remem_tt0281358	tt0281358	Drama,Romance
2002	58	Orange County		tt0273923	Drama,Comedy
2002	59	Windtalkers		tt0245562	Drama,War,Action
2002	60	Gosford Park	gosford.park_tt0280707	tt0280707	Drama,Mystery,Comedy
2002	61	Blue Crush		tt0300532	Drama,Sport,Romance
2002	62	The Master of Disguise		tt0295427	Adventure,Family,Comedy
2002	63	I Am Sam		tt0277027	Drama
2002	64	Resident Evil	resident.evil_tt0120804	tt0120804	Sci-Fi,Action,Horror
2002	65	Collateral Damage	collateral.dama_tt0233469	tt0233469	Drama,Action,Thriller
2002	66	Enough		tt0278435	Crime,Drama,Thriller
2002	67	Drumline	drumline_tt0303933	tt0303933	Drama,Music,Comedy
2002	68	Undercover Brother		tt0279493	Action,Comedy
2002	69	Showtime		tt0284490	Crime,Action,Comedy
2002	70	40 Days and 40 Nights		tt0243736	Romance,Comedy
2002	71	Crossroads		tt0275022	Drama,Romance,Comedy
2002	72	Clockstoppers		tt0157472	Adventure,Action,Comedy
2002	73	The Mothman Prophecies		tt0265349	Drama,Horror,Mystery
2002	74	Star Trek: Nemesis	star.trek.nemes_tt0253754	tt0253754	Adventure,Sci-Fi,Action
2002	75	E.T. the Extra-Terrestrial20th Anniversary	et	tt0083866	Adventure,Family,Sci-Fi
2002	76	Jimmy Neutron: Boy Genius	jimmy.neutron.b_tt0268397	tt0268397	Adventure,Action,Animation
2002	77	K-19: The Widowmaker		tt0267626	Drama,Thriller,History
2002	78	Gangs of New York	gangs.of.new.yo_tt0217505	tt0217505	Crime,Drama
2002	79	In the Bedroom	in.the.bedroom_tt0247425	tt0247425	Crime,Drama
2002	80	Treasure Planet		tt0133240	Adventure,Action,Animation
2002	81	I Spy		tt0297181	Adventure,Action,Comedy
2002	82	Friday After Next	friday.after.ne_tt0293815	tt0293815	Drama,Comedy
2002	83	Vanilla Sky	vanilla.sky_tt0259711	tt0259711	Romance,Mystery,Fantasy
2002	84	Murder by Numbers		tt0264935	Crime,Thriller,Mystery
2002	85	One Hour Photo		tt0265459	Drama,Thriller
2002	86	Monster's Ball	monsters.ball_tt0285742	tt0285742	Drama,Romance
2002	87	Halloween: Resurrection		tt0220506	Horror,Thriller
2002	88	Queen of the Damned		tt0238546	Drama,Horror,Fantasy
2002	89	Dragonfly		tt0259288	Drama,Mystery,Fantasy
2002	90	The Banger Sisters		tt0280460	Drama,Comedy
2002	91	Bad Company		tt0280486	Action,Thriller,Comedy
2002	92	Space Station 3D		tt0290296	Documentary
2002	93	Kate & Leopold	kate..leopold_tt0035423	tt0035423	Romance,Fantasy,Comedy
2002	94	The New Guy		tt0241760	Comedy
2002	95	Ghost Ship		tt0288477	Thriller,Horror,Mystery
2002	96	Harry Potter and the Sorcerer's Stone	harry_potter_sorcerers_stone	tt0241527	Adventure,Family,Fantasy
2002	97	Analyze That		tt0289848	Crime,Comedy
2002	98	Swimfan		tt0283026	Drama,Thriller
2002	99	The Crocodile Hunter: Collision Course		tt0305396	Adventure,Action,Comedy
2002	100	Brown Sugar		tt0297037	Drama,Music,Comedy
2002	101	Blood Work		tt0309377	Crime,Drama,Action
2002	102	All About the Benjamins		tt0278295	Crime,Action,Comedy
2002	103	The Transporter	transporter_tt0293662	tt0293662	Crime,Action,Thriller
2002	104	Jonah: A VeggieTales Movie		tt0298388	Adventure,Animation,Comedy
2002	105	The Sweetest Thing		tt0253867	Romance,Comedy
2002	106	Beauty and the Beast2000 IMAX Release	beauty.and.the._tt0101414	tt0101414	Family,Animation,Fantasy
2002	107	The Hot Chick		tt0302640	Fantasy,Comedy
2002	108	Eight Crazy Nights		tt0271263	Musical,Animation,Comedy
2002	109	City by the Sea		tt0269095	Crime,Drama,Mystery
2002	110	The Wild Thornberrys		tt0282120	Adventure,Animation,Comedy
2002	111	Ali	ali_tt0248667	tt0248667	Drama,Biography,Sport
2002	112	Van Wilder		tt0283111	Romance,Comedy
2002	113	Frida		tt0120679	Drama,Biography,Romance
2002	114	Martin Lawrence Live: Runteldat		tt0327036	Documentary,Comedy
2002	115	Hart's War		tt0251114	Drama,War
2002	116	Rollerball		tt0246894	Sci-Fi,Action,Sport
2002	117	Tuck Everlasting		tt0283084	Drama,Family,Fantasy
2002	118	Super Troopers		tt0247745	Crime,Mystery,Comedy
2002	119	Monsters, Inc.	monsters.inc._tt0198781	tt0198781	Adventure,Animation,Comedy
2002	120	The Four Feathers		tt0240510	Adventure,Drama,Romance
2002	121	Punch-Drunk Love	punchdrunk.love_tt0272338	tt0272338	Drama,Romance,Comedy
2002	122	Amélie	amlie_tt0211915	tt0211915	Romance,Comedy
2002	123	Eight Legged Freaks		tt0271367	Adventure,Action,Comedy
2002	124	The Country Bears		tt0276033	Music,Family,Comedy
2002	125	Serving Sara		tt0261289	Romance,Comedy
2002	126	White Oleander		tt0283139	Drama
2002	127	Kung Pow: Enter the Fist		tt0240468	Action,Comedy
2002	128	Empire		tt0262396	Crime,Drama,Thriller
2002	129	Half Past Dead		tt0297162	Crime,Action,Thriller
2002	130	Bowling for Columbine	bowling.for.col_tt0310793	tt0310793	Crime,Drama,Documentary
2002	131	The Next Best Thing		tt0156841	Drama,Romance,Comedy
2002	132	Solaris		tt0307479	Drama,Mystery,Romance
2002	133	Life or Something Like It		tt0282687	Romance,Comedy
2002	134	Ballistic: Ecks vs. Sever		tt0308208	Crime,Action,Mystery
2002	135	Stealing Harvard		tt0265808	Crime,Comedy
2002	136	The Good Girl		tt0279113	Drama,Romance
2002	137	Monsoon Wedding	monsoon.wedding_tt0265343	tt0265343	Drama,Romance,Comedy
2002	138	Y tu mamá también	y.tu.mam.tambin_tt0245574	tt0245574	Drama
2002	139	Hey Arnold! The Movie		tt0314166	Adventure,Animation,Comedy
2002	140	The Emperor's Club		tt0283530	Drama
2002	141	Juwanna Mann		tt0247444	Drama,Romance,Comedy
2002	142	Feardotcom		tt0295254	Crime,Horror,Thriller
2002	143	Jason X		tt0211443	Sci-Fi,Action,Horror
2002	144	Frailty		tt0264616	Crime,Drama,Thriller
2002	145	How High		tt0278488	Fantasy,Comedy
2002	146	Undisputed		tt0281322	Crime,Drama,Action
2002	147	They		tt0283632	Thriller,Horror,Mystery
2002	148	The Majestic		tt0268995	Drama,Romance
2002	149	Knockaround Guys		tt0211465	Crime,Drama,Thriller
2002	150	The Powerpuff Girls Movie		tt0289408	Adventure,Action,Animation
2002	151	CyberWorld		tt0233508	Short,Animation
2002	152	Brotherhood of the Wolf		tt0237534	Adventure,Drama,Action
2002	153	Abandon		tt0267248	Drama,Mystery,Romance
2002	154	Far from Heaven	far.from.heaven_tt0297884	tt0297884	Drama,Romance
2002	155	Sorority Boys		tt0279781	Comedy
2002	156	Possession		tt0256276	Drama,Mystery,Romance
2002	157	S1m0ne		tt0258153	Drama,Sci-Fi,Comedy
2002	158	The Shipping News		tt0120824	Drama
2002	159	Behind Enemy Lines	behind.enemy.li_tt0159273	tt0159273	Drama,Action,Thriller
2002	160	The Importance of Being Earnest		tt0278500	Drama,Romance,Comedy
2002	161	Death to Smoochy		tt0266452	Crime,Drama,Comedy
2002	162	Joe Somebody		tt0279889	Drama,Comedy
2002	163	Star Wars: Episode II - Attack of the Clones2002 IMAX Release	star_wars_2_attack_of_the_clones	tt0121765	Adventure,Action,Fantasy
2002	164	Not Another Teen Movie		tt0277371	Romance,Comedy
2002	165	Shackleton's Antarctic Adventure		tt0280105	Short,Documentary
2002	166	Big Trouble		tt0246464	Crime,Thriller,Comedy
2002	167	Trapped		tt0280380	Crime,Drama,Action
2002	168	Kissing Jessica Stein		tt0264761	Drama,Romance,Comedy
2002	169	Moonlight Mile		tt0179098	Drama,Romance
2002	170	Spider-Man/Men in Black IIDouble Bill	spiderman	tt0145487	Adventure,Sci-Fi,Action
2002	171	Femme Fatale		tt0280665	Crime,Drama,Mystery
2002	172	The Rules of Attraction		tt0292644	Drama,Romance,Comedy
2002	173	Impostor		tt0160399	Drama,Sci-Fi,Mystery
2002	174	Deuces Wild		tt0231448	Drama,Action
2002	175	Iris		tt0280778	Drama,Biography,Romance
2002	176	Spirited Away	spirited.away_tt0245429	tt0245429	Adventure,Family,Animation
2002	177	The Truth About Charlie		tt0270707	Thriller,Mystery
2002	178	Slackers		tt0240900	Romance,Comedy
2002	179	Formula 51		tt0227984	Crime,Action,Comedy
2002	180	Real Women Have Curves	real.women.have_tt0296166	tt0296166	Drama,Comedy
2002	181	Birthday Girl		tt0188453	Crime,Thriller,Comedy
2002	182	Hollywood Ending		tt0278823	Romance,Comedy
2002	183	Extreme Ops		tt0283160	Adventure,Action,Thriller
2002	184	Igby Goes Down		tt0280760	Drama,Comedy
2002	185	Adaptation.	adaptation._tt0268126	tt0268126	Drama,Comedy
2002	186	Italian for Beginners	italian.for.beg_tt0243862	tt0243862	Drama,Romance,Comedy
2002	187	The Adventures of Pluto Nash		tt0180052	Sci-Fi,Action,Comedy
2002	188	Lantana		tt0259393	Drama,Mystery,Romance
2002	189	EnigmaOriginal Release		tt0157583	Drama,Mystery,Romance
2002	190	The Crime of Padre Amaro	crime.of.padre._tt0313196	tt0313196	Drama,Romance
2002	191	The Other Side of Heaven		tt0250371	Adventure,Biography,Drama
2002	192	Séraphin: Heart of Stone		tt0221013	Drama
2002	193	Men with Brooms		tt0263734	Drama,Romance,Comedy
2002	194	Lovely & Amazing		tt0258273	Drama,Romance,Comedy
2002	195	Ultimate X: The Movie		tt0297445	Sport,Documentary
2002	196	Mostly Martha		tt0246772	Drama,Romance,Comedy
2002	197	Secretary		tt0274812	Drama,Romance,Comedy
2002	198	Antwone Fisher		tt0168786	Drama,Biography
2002	199	T-Rex: Back to the Cretaceous	trex.back.to.th_tt0163862	tt0163862	Adventure,Family,Fantasy
2002	200	13 Conversations About One Thing		tt0268690	Drama
2003	1	Finding Nemo	finding.nemo_tt0266543	tt0266543	Adventure,Animation,Comedy
2003	2	Pirates of the Caribbean: The Curse of the Black Pearl	pirates_black_pearl	tt0325980	Adventure,Action,Fantasy
2003	3	The Matrix Reloaded	matrix_reloaded	tt0234215	Sci-Fi,Action
2003	4	The Lord of the Rings: The Return of the King	lotr_return_of_the_king	tt0167260	Adventure,Drama,Fantasy
2003	5	Bruce Almighty	bruce_almighty	tt0315327	Fantasy,Comedy
2003	6	X2: X-Men United	x2	tt0290334	Sci-Fi,Action,Thriller
2003	7	Elf	elf	tt0319343	Adventure,Family,Comedy
2003	8	Chicago	chicago	tt0299658	Crime,Musical,Comedy
2003	9	Terminator 3: Rise of the Machines	terminator_3	tt0181852	Sci-Fi,Action
2003	10	Bad Boys II	bad_boys_2	tt0172156	Crime,Action,Comedy
2003	11	The Matrix Revolutions	matrix_revolutions	tt0242653	Sci-Fi,Action
2003	12	Anger Management	anger_management	tt0305224	Comedy
2003	13	Bringing Down the House	bringing_down_the_house_fs	tt0305669	Comedy
2003	14	Hulk	hulk_2003_fs	tt0286716	Sci-Fi,Action
2003	15	2 Fast 2 Furious	2_fast_2_furious_fs	tt0322259	Crime,Action,Thriller
2003	16	The Lord of the Rings: The Two Towers	lotr_two_towers	tt0167261	Adventure,Drama,Fantasy
2003	17	Seabiscuit	seabiscuit_fs	tt0329575	Drama,Sport,History
2003	18	S.W.A.T.	swat	tt0257076	Adventure,Crime,Action
2003	19	Spy Kids 3: Game Over	spy_kids_3	tt0338459	Adventure,Action,Comedy
2003	20	Freaky Friday	freaky_friday	tt0322330	Family,Fantasy,Comedy
2003	21	Scary Movie 3	scary_movie_3	tt0306047	Comedy
2003	22	The Italian Job	italian_job	tt0317740	Crime,Action,Thriller
2003	23	How to Lose a Guy in 10 Days	how_to_lose_a_guy_in_10_days	tt0251127	Romance,Comedy
2003	24	American Wedding	american_wedding	tt0328828	Comedy
2003	25	Daddy Day Care	daddy_day_care	tt0317303	Family,Comedy
2003	26	Daredevil	daredevil	tt0287978	Crime,Drama,Action
2003	27	Catch Me If You Can	catch.me.if.you_tt0264464	tt0264464	Crime,Biography,Drama
2003	28	Charlie's Angels: Full Throttle	charlies.angels_tt0305357	tt0305357	Adventure,Action,Comedy
2003	29	The Cat in the Hat	cat.in.the.hat_tt0312528	tt0312528	Adventure,Family,Comedy
2003	30	Legally Blonde 2: Red, White & Blonde	legally.blonde._tt0333780	tt0333780	Comedy
2003	31	Freddy vs. Jason	freddy.vs..jaso_tt0329101	tt0329101	Action,Horror
2003	32	Brother Bear	brother.bear_tt0328880	tt0328880	Adventure,Animation,Comedy
2003	33	Master and Commander: The Far Side of the World	master.and.comm_tt0311113	tt0311113	Adventure,Drama,Action
2003	34	The Texas Chainsaw Massacre	texas.chainsaw._tt0324216	tt0324216	Horror
2003	35	School of Rock	school.of.rock_tt0332379	tt0332379	Music,Comedy
2003	36	The Last Samurai	last.samurai_tt0325710	tt0325710	Drama,Action
2003	37	Old School	old.school_tt0302886	tt0302886	Comedy
2003	38	Kill Bill: Vol. 1	kill.bill.vol.._tt0266697	tt0266697	Crime,Action,Thriller
2003	39	Holes	holes_tt0311289	tt0311289	Adventure,Drama,Comedy
2003	40	The Haunted Mansion	haunted.mansion_tt0338094	tt0338094	Family,Fantasy,Comedy
2003	41	Kangaroo Jack	kangaroo.jack_tt0257568	tt0257568	Adventure,Action,Comedy
2003	42	The League of Extraordinary Gentlemen	league.of.extra_tt0311429	tt0311429	Adventure,Action,Fantasy
2003	43	Lara Croft: Tomb Raider - The Cradle of Life	lara.croft.tomb_tt0325703	tt0325703	Adventure,Action,Fantasy
2003	44	Something's Gotta Give	somethings.gott_tt0337741	tt0337741	Drama,Romance,Comedy
2003	45	About Schmidt	about.schmidt_tt0257360	tt0257360	Drama
2003	46	Shanghai Knights	shanghai.knight_tt0300471	tt0300471	Adventure,Action,Comedy
2003	47	Open Range	open.range_tt0316356	tt0316356	Drama,Action,Romance
2003	48	Gothika	gothika_tt0348836	tt0348836	Thriller,Horror,Mystery
2003	49	Love Actually	love.actually_tt0314331	tt0314331	Drama,Romance,Comedy
2003	50	Once Upon a Time in Mexico	once.upon.a.tim_tt0285823	tt0285823	Crime,Action,Thriller
2003	51	Just Married	just.married_tt0305711	tt0305711	Romance,Comedy
2003	52	Cheaper by the Dozen	cheaper_by_the_dozen	tt0349205	Family,Comedy
2003	53	Mystic River	mystic.river_tt0327056	tt0327056	Crime,Drama,Mystery
2003	54	Bad Santa	bad.santa_tt0307987	tt0307987	Crime,Drama,Comedy
2003	55	The Recruit		tt0292506	Action,Thriller
2003	56	Identity	identity_tt0309698	tt0309698	Thriller,Mystery
2003	57	Underworld	underworld_tt0320691	tt0320691	Action,Thriller,Fantasy
2003	58	Radio		tt0316465	Drama,Biography,Sport
2003	59	Runaway Jury		tt0313542	Crime,Drama,Thriller
2003	60	Agent Cody Banks		tt0313911	Adventure,Action,Comedy
2003	61	The Jungle Book 2		tt0283426	Adventure,Animation,Comedy
2003	62	The Rundown		tt0327850	Adventure,Action,Comedy
2003	63	Final Destination 2		tt0309593	Horror,Thriller
2003	64	Phone Booth	phone.booth_tt0183649	tt0183649	Crime,Thriller
2003	65	28 Days Later	28.days.later.._tt0289043	tt0289043	Drama,Sci-Fi,Horror
2003	66	Tears of the Sun		tt0314353	Drama,Action,Thriller
2003	67	Gangs of New York	gangs.of.new.yo_tt0217505	tt0217505	Crime,Drama
2003	68	Under the Tuscan Sun		tt0328589	Drama,Romance,Comedy
2003	69	Two Weeks Notice	two.weeks.notic_tt0313737	tt0313737	Romance,Comedy
2003	70	The Lizzie McGuire Movie		tt0306841	Adventure,Family,Comedy
2003	71	Secondhand Lions		tt0327137	Drama,Family,Comedy
2003	72	The Hours	hours_tt0274558	tt0274558	Drama,Romance
2003	73	Out of Time		tt0313443	Crime,Drama,Mystery
2003	74	Rugrats Go Wild		tt0337711	Adventure,Animation,Comedy
2003	75	Mona Lisa Smile	mona.lisa.smile_tt0304415	tt0304415	Drama
2003	76	Head of State		tt0325537	Comedy
2003	77	Good Boy		tt0326900	Drama,Family,Comedy
2003	78	Uptown Girls		tt0263757	Drama,Romance,Comedy
2003	79	Matchstick Men		tt0325805	Crime,Drama,Comedy
2003	80	National Security	national.securi_tt0271668	tt0271668	Crime,Action,Comedy
2003	81	What a Girl Wants		tt0286788	Drama,Family,Comedy
2003	82	Jeepers Creepers 2		tt0301470	Horror
2003	83	Intolerable Cruelty		tt0138524	Crime,Romance,Comedy
2003	84	Cradle 2 the Grave	cradle.2.the.gr_tt0306685	tt0306685	Crime,Drama,Action
2003	85	Malibu's Most Wanted		tt0328099	Crime,Comedy
2003	86	The Hunted	hunted_tt0269347	tt0269347	Crime,Drama,Action
2003	87	Dreamcatcher	dreamcatcher_tt0285531	tt0285531	Drama,Sci-Fi,Horror
2003	88	Darkness Falls		tt0282209	Horror,Mystery,Fantasy
2003	89	Bend It Like Beckham	bend.it.like.be_tt0286499	tt0286499	Drama,Romance,Comedy
2003	90	The Pianist	pianist_tt0253474	tt0253474	Drama,Biography,Music
2003	91	Maid in Manhattan	maid.in.manhatt_tt0252076	tt0252076	Drama,Romance,Comedy
2003	92	The Core	core_tt0298814	tt0298814	Adventure,Sci-Fi,Action
2003	93	Lost in Translation	lost.in.transla_tt0335266	tt0335266	Drama,Comedy
2003	94	Hollywood Homicide		tt0329717	Crime,Action,Comedy
2003	95	The Fighting Temptations		tt0191133	Drama,Music,Comedy
2003	96	Johnny English		tt0274166	Adventure,Action,Comedy
2003	97	Cold Mountain	cold.mountain_tt0159365	tt0159365	Adventure,Drama,Romance
2003	98	Honey		tt0322589	Drama,Romance,Music
2003	99	A Man Apart		tt0266465	Crime,Drama,Action
2003	100	Basic	basic_tt0264395	tt0264395	Crime,Drama,Mystery
2003	101	Stuck on You		tt0338466	Comedy
2003	102	Sinbad: Legend of the Seven Seas		tt0165982	Adventure,Animation,Comedy
2003	103	Dumb and Dumberer: When Harry Met Lloyd		tt0329028	Comedy
2003	104	The Missing		tt0338188	Adventure,Drama,Thriller
2003	105	Paycheck		tt0338337	Sci-Fi,Action,Mystery
2003	106	Bulletproof Monk	bulletproof.mon_tt0245803	tt0245803	Fantasy,Action,Comedy
2003	107	Piglet's Big Movie		tt0323642	Adventure,Animation,Comedy
2003	108	Dickie Roberts: Former Child Star		tt0325258	Comedy
2003	109	The Medallion		tt0288045	Fantasy,Action,Comedy
2003	110	Peter Pan	peter.pan_tt0316396	tt0316396	Adventure,Family,Fantasy
2003	111	Biker Boyz		tt0326769	Drama,Action
2003	112	Cold Creek Manor		tt0331468	Drama,Thriller,Mystery
2003	113	Cabin Fever		tt0303816	Horror
2003	114	Whale Rider		tt0298228	Drama,Family
2003	115	The In-Laws		tt0314786	Action,Thriller,Comedy
2003	116	Looney Tunes: Back in Action		tt0318155	Adventure,Animation,Comedy
2003	117	Down with Love		tt0309530	Romance,Comedy
2003	118	The Life of David Gale		tt0289992	Crime,Drama,Mystery
2003	119	Timeline		tt0300556	Adventure,Sci-Fi,Action
2003	120	Harry Potter and the Chamber of Secrets	harry_potter_chamber_of_secrets	tt0295297	Adventure,Family,Fantasy
2003	121	Adaptation.	adaptation._tt0268126	tt0268126	Drama,Comedy
2003	122	My Big Fat Greek Wedding	big_fat_greek_wedding_fs	tt0259446	Drama,Romance,Comedy
2003	123	A Mighty Wind		tt0310281	Music,Comedy
2003	124	The Wild Thornberrys		tt0282120	Adventure,Animation,Comedy
2003	125	Love Don't Cost a Thing		tt0337592	Drama,Romance,Comedy
2003	126	Deliver Us from Eva		tt0301181	Drama,Romance,Comedy
2003	127	Antwone Fisher		tt0168786	Drama,Biography
2003	128	Drumline	drumline_tt0303933	tt0303933	Drama,Music,Comedy
2003	129	Space Station 3D		tt0290296	Documentary
2003	130	Confessions of a Dangerous Mind	confessions.of._tt0270288	tt0270288	Crime,Biography,Comedy
2003	131	View from the Top		tt0264150	Romance,Comedy
2003	132	My Boss's Daughter		tt0270980	Romance,Comedy
2003	133	A Guy Thing	a.guy.thing_tt0295289	tt0295289	Romance,Comedy
2003	134	Wrong Turn		tt0295700	Horror,Thriller
2003	135	Ghosts of the Abyss		tt0297144	Family,Documentary
2003	136	Dirty Pretty Things		tt0301199	Crime,Drama,Thriller
2003	137	Alex & Emma		tt0318283	Romance,Comedy
2003	138	How to Deal		tt0319524	Drama,Romance,Comedy
2003	139	Gods and Generals		tt0279111	Drama,Biography,History
2003	140	25th Hour	25th.hour_tt0307901	tt0307901	Drama
2003	141	House of 1000 Corpses	house.of.1000.c_tt0251736	tt0251736	Horror
2003	142	The Quiet American		tt0258068	Drama,Thriller,Romance
2003	143	Confidence		tt0310910	Crime,Thriller
2003	144	Die Another Day	die_another_day	tt0246460	Adventure,Action,Thriller
2003	145	The Lion King2002 IMAX Release	lion.king_tt0110357	tt0110357	Adventure,Drama,Animation
2003	146	The Hot Chick		tt0302640	Fantasy,Comedy
2003	147	Winged Migration2003 Re-release		tt0301727	Documentary
2003	148	Narc		tt0272207	Crime,Drama,Mystery
2003	149	House of the Dead		tt0317676	Adventure,Action,Horror
2003	150	Swimming Pool		tt0324133	Crime,Drama,Mystery
2003	151	Duplex		tt0266489	Comedy
2003	152	Dark Blue		tt0279331	Crime,Drama,Thriller
2003	153	The Divorce		tt0306734	Drama,Romance,Comedy
2003	154	Boat Trip		tt0285462	Comedy
2003	155	Seducing Doctor Lewis		tt0366532	Drama,Comedy
2003	156	Talk to Her2002 Re-release	talk.to.her_tt0287467	tt0287467	Drama,Mystery,Romance
2003	157	Star Trek: Nemesis	star.trek.nemes_tt0253754	tt0253754	Adventure,Sci-Fi,Action
2003	158	Tupac: Resurrection		tt0343121	Music,Biography,Documentary
2003	159	The Order		tt0304711	Thriller,Horror,Mystery
2003	160	It Runs in the Family		tt0311110	Drama,Romance,Comedy
2003	161	Willard		tt0310357	Drama,Horror,Thriller
2003	162	Bowling for Columbine	bowling.for.col_tt0310793	tt0310793	Crime,Drama,Documentary
2003	163	Nowhere in Africa	nowhere.in.afri_tt0161860	tt0161860	Drama,Biography,History
2003	164	Chasing Papi		tt0323572	Romance,Comedy
2003	165	Gigli		tt0299930	Crime,Romance,Comedy
2003	166	American Splendor	american.splend_tt0305206	tt0305206	Drama,Biography,Comedy
2003	167	Spellbound		tt0334405	Documentary,Thriller,Comedy
2003	168	T-Rex: Back to the Cretaceous	trex.back.to.th_tt0163862	tt0163862	Adventure,Family,Fantasy
2003	169	Far from Heaven	far.from.heaven_tt0297884	tt0297884	Drama,Romance
2003	170	21 Grams		tt0315733	Crime,Drama,Thriller
2003	171	Luther		tt0309820	Drama,Biography,History
2003	172	Frida		tt0120679	Drama,Biography,Romance
2003	173	The Human Stain		tt0308383	Drama,Thriller,Romance
2003	174	Grind		tt0338077	Adventure,Sport,Comedy
2003	175	Rabbit-Proof Fence		tt0252444	Adventure,Biography,Drama
2003	176	The Barbarian Invasions	barbarian.invas_tt0338135	tt0338135	Crime,Drama,Comedy
2003	177	Big Fish	big.fish_tt0319061	tt0319061	Adventure,Drama,Fantasy
2003	178	From Justin to Kelly		tt0339034	Music,Musical,Comedy
2003	179	In the Cut		tt0199626	Thriller,Mystery
2003	180	Spirited Away	spirited.away_tt0245429	tt0245429	Adventure,Family,Animation
2003	181	Thirteen	thirteen_tt0328538	tt0328538	Drama
2003	182	City of God	city.of.god_tt0317248	tt0317248	Crime,Drama
2003	183	The Magdalene Sisters2003 Re-release		tt0318411	Drama
2003	184	The Station Agent	station.agent_tt0340377	tt0340377	Drama,Comedy
2003	185	Beyond Borders		tt0294357	Adventure,Drama,Romance
2003	186	Treasure Planet		tt0133240	Adventure,Action,Animation
2003	187	The Real Cancun		tt0360916	Documentary
2003	188	Better Luck Tomorrow		tt0280477	Crime,Drama,Romance
2003	189	In America		tt0298845	Drama
2003	190	Step Into Liquid		tt0308508	Sport,Documentary
2003	191	Laurel Canyon		tt0298408	Drama
2003	192	The Secret Lives of Dentists		tt0314630	Drama
2003	193	The Good Thief		tt0281820	Crime,Drama,Action
2003	194	Analyze That		tt0289848	Crime,Comedy
2003	195	Anything Else		tt0313792	Romance,Comedy
2003	196	Mambo Italiano2003 Re-release		tt0330602	Drama,Romance,Comedy
2003	197	Capturing the Friedmans	capturing.the.f_tt0342172	tt0342172	Crime,Biography,Documentary
2003	198	The Guru		tt0280720	Music,Romance,Comedy
2003	199	The Gospel of John		tt0377992	Drama,Biography,History
2003	200	Mambo Italiano		tt0330602	Drama,Romance,Comedy
2004	1	Shrek 2	shrek.2_tt0298148	tt0298148	Adventure,Animation,Comedy
2004	2	Spider-Man 2	spiderman_2_fs	tt0316654	Adventure,Sci-Fi,Action
2004	3	The Passion of the Christ	passion_of_the_christ	tt0335345	Drama
2004	4	Harry Potter and the Prisoner of Azkaban	harry_potter_azkaban	tt0304141	Adventure,Family,Fantasy
2004	5	The Incredibles	incredibles_tt0317705	tt0317705	Adventure,Action,Animation
2004	6	The Day After Tomorrow	day_after_tomorrow	tt0319262	Adventure,Sci-Fi,Action
2004	7	The Bourne Supremacy	bourne_supremacy	tt0372183	Thriller,Action,Mystery
2004	8	Shark Tale	shark.tale_tt0307453	tt0307453	Adventure,Animation,Comedy
2004	9	The Polar Express	polar.express_tt0338348	tt0338348	Adventure,Family,Animation
2004	10	National Treasure	national_treasure	tt0368891	Adventure,Action,Mystery
2004	11	I, Robot	i_robot	tt0343818	Sci-Fi,Action,Mystery
2004	12	Troy	troy	tt0332452	Adventure,Drama,Action
2004	13	Meet the Fockers	meet_the_fockers	tt0290002	Romance,Comedy
2004	14	The Lord of the Rings: The Return of the King	lotr_return_of_the_king	tt0167260	Adventure,Drama,Fantasy
2004	15	50 First Dates	50_first_dates	tt0343660	Drama,Romance,Comedy
2004	16	Van Helsing	van_helsing_fs	tt0338526	Adventure,Action,Fantasy
2004	17	Fahrenheit 9/11	fahrenheit.911_tt0361596	tt0361596	Drama,War,Documentary
2004	18	Dodgeball: A True Underdog Story	dodgeball	tt0364725	Sport,Comedy
2004	19	The Village	village	tt0368447	Drama,Thriller,Mystery
2004	20	The Grudge	grudge	tt0391198	Thriller,Horror,Mystery
2004	21	Collateral	collateral	tt0369339	Crime,Drama,Action
2004	22	Ocean's Twelve	oceans_twelve	tt0349903	Crime,Thriller
2004	23	The Princess Diaries 2: Royal Engagement	princess_diaries_2	tt0368933	Romance,Family,Comedy
2004	24	Starsky & Hutch	starsky_and_hutch	tt0335438	Crime,Comedy
2004	25	Along Came Polly	along_came_polly_fs	tt0343135	Romance,Comedy
2004	26	Mean Girls	mean_girls	tt0377092	Comedy
2004	27	Anchorman: The Legend of Ron Burgundy	anchorman_fs	tt0357413	Comedy
2004	28	A Series of Unfortunate Events	lemony_snicket	tt0339291	Adventure,Family,Comedy
2004	29	Scooby-Doo 2: Monsters Unleashed	scooby_doo_2	tt0331632	Adventure,Family,Comedy
2004	30	Cheaper by the Dozen	cheaper_by_the_dozen	tt0349205	Family,Comedy
2004	31	The SpongeBob SquarePants Movie	spongebob.squar_tt0345950	tt0345950	Adventure,Animation,Comedy
2004	32	The Notebook	notebook_tt0332280	tt0332280	Drama,Romance
2004	33	Alien vs. Predator	alien.vs..preda_tt0370263	tt0370263	Adventure,Action,Horror
2004	34	Man on Fire	man.on.fire_tt0328107	tt0328107	Crime,Drama,Action
2004	35	The Terminal	terminal_tt0362227	tt0362227	Drama,Romance,Comedy
2004	36	Garfield: The Movie	garfield_tt0356634	tt0356634	Adventure,Family,Comedy
2004	37	Ladder 49	ladder.49_tt0349710	tt0349710	Drama,Action,Thriller
2004	38	Christmas with the Kranks	christmas.with._tt0388419	tt0388419	Family,Comedy
2004	39	Ray	ray_tt0350258	tt0350258	Drama,Biography,Music
2004	40	White Chicks	white.chicks_tt0381707	tt0381707	Crime,Comedy
2004	41	Cold Mountain	cold.mountain_tt0159365	tt0159365	Adventure,Drama,Romance
2004	42	Hidalgo	hidalgo_tt0317648	tt0317648	Adventure,Biography,Action
2004	43	The Forgotten	forgotten_tt0356618	tt0356618	Drama,Sci-Fi,Mystery
2004	44	Kill Bill: Vol. 2	kill.bill.vol.._tt0378194	tt0378194	Crime,Action,Thriller
2004	45	The Manchurian Candidate	manchurian.cand_tt0368008	tt0368008	Drama,Sci-Fi,Mystery
2004	46	Barbershop 2: Back in Business	barbershop.2.ba_tt0337579	tt0337579	Drama,Comedy
2004	47	Miracle	miracle_tt0349825	tt0349825	Drama,Biography,History
2004	48	Big Fish	big.fish_tt0319061	tt0319061	Adventure,Drama,Fantasy
2004	49	Friday Night Lights	friday.night.li_tt0390022	tt0390022	Drama,Action,Sport
2004	50	Hellboy	hellboy_tt0167190	tt0167190	Adventure,Action,Fantasy
2004	51	Something's Gotta Give	somethings.gott_tt0337741	tt0337741	Drama,Romance,Comedy
2004	52	The Stepford Wives	stepford.wives_tt0327162	tt0327162	Sci-Fi,Horror,Comedy
2004	53	Dawn of the Dead	dawn.of.the.dea_tt0363547	tt0363547	Action,Horror
2004	54	Without a Paddle	without.a.paddl_tt0364751	tt0364751	Adventure,Mystery,Comedy
2004	55	The Butterfly Effect	butterfly.effec_tt0289879	tt0289879	Drama,Sci-Fi,Thriller
2004	56	The Chronicles of Riddick	chronicles.of.r_tt0296572	tt0296572	Adventure,Sci-Fi,Action
2004	57	13 Going on 30	13.going.on.30_tt0337563	tt0337563	Romance,Fantasy,Comedy
2004	58	Shall We Dance?	shall.we.dance_tt0358135	tt0358135	Drama,Music,Comedy
2004	59	Saw	saw_tt0387564	tt0387564	Thriller,Horror,Mystery
2004	60	Hero	hero_tt0299977	tt0299977	Adventure,Drama,Action
2004	61	King Arthur		tt0349683	Adventure,Drama,Action
2004	62	A Cinderella Story		tt0356470	Romance,Family,Comedy
2004	63	Resident Evil: Apocalypse	resident.evil.a_tt0318627	tt0318627	Sci-Fi,Action,Horror
2004	64	Home on the Range		tt0299172	Adventure,Animation,Comedy
2004	65	Secret Window		tt0363988	Drama,Thriller,Mystery
2004	66	Walking Tall		tt0351977	Crime,Action
2004	67	Blade: Trinity		tt0359013	Sci-Fi,Action,Horror
2004	68	Napoleon Dynamite	napoleon.dynami_tt0374900	tt0374900	Comedy
2004	69	Exorcist: The Beginning		tt0204313	Thriller,Horror,Mystery
2004	70	You Got Served		tt0365957	Drama,Music
2004	71	Catwoman		tt0327554	Crime,Action,Fantasy
2004	72	The Ladykillers		tt0335245	Crime,Thriller,Comedy
2004	73	Bridget Jones: The Edge of Reason		tt0317198	Drama,Romance,Comedy
2004	74	Sky Captain and the World of Tomorrow		tt0346156	Adventure,Action,Mystery
2004	75	Raising Helen		tt0350028	Drama,Romance,Comedy
2004	76	Mystic River	mystic.river_tt0327056	tt0327056	Crime,Drama,Mystery
2004	77	TaxiOriginal Release		tt0316732	Crime,Action,Comedy
2004	78	Eternal Sunshine of the Spotless Mind	eternal.sunshin_tt0338013	tt0338013	Drama,Sci-Fi,Romance
2004	79	Monster		tt0340855	Crime,Biography,Drama
2004	80	Alexander	alexander_tt0346491	tt0346491	Drama,Biography,Action
2004	81	The Punisher		tt0330793	Crime,Drama,Action
2004	82	Team America: World Police	team.america.wo_tt0372588	tt0372588	Action,Comedy
2004	83	Taking Lives		tt0364045	Crime,Thriller,Mystery
2004	84	Anacondas: The Hunt for the Blood Orchid		tt0366174	Adventure,Action,Horror
2004	85	Cellular	cellular_tt0337921	tt0337921	Crime,Action,Thriller
2004	86	The Last Samurai	last.samurai_tt0325710	tt0325710	Drama,Action
2004	87	Johnson Family Vacation		tt0359517	Comedy
2004	88	Open Water		tt0374102	Adventure,Drama,Horror
2004	89	Calendar Girls		tt0337909	Drama,Comedy
2004	90	Confessions of a Teenage Drama Queen		tt0361467	Music,Family,Comedy
2004	91	Paycheck		tt0338337	Sci-Fi,Action,Mystery
2004	92	The Prince and Me		tt0337697	Romance,Family,Comedy
2004	93	After the Sunset		tt0367479	Crime,Action,Comedy
2004	94	Garden State		tt0333766	Drama,Romance,Comedy
2004	95	Spanglish		tt0371246	Drama,Romance,Comedy
2004	96	Peter Pan	peter.pan_tt0316396	tt0316396	Adventure,Family,Fantasy
2004	97	Fat Albert		tt0396592	Family,Fantasy,Comedy
2004	98	Closer	closer_tt0376541	tt0376541	Drama,Romance
2004	99	Jersey Girl		tt0300051	Drama,Romance,Comedy
2004	100	Mona Lisa Smile	mona.lisa.smile_tt0304415	tt0304415	Drama
2004	101	Twisted		tt0315297	Crime,Drama,Mystery
2004	102	The Aviator	aviator	tt0338751	Drama,Biography
2004	103	Around the World in 80 Days		tt0327437	Adventure,Action,Comedy
2004	104	Agent Cody Banks 2: Destination London		tt0358349	Adventure,Action,Comedy
2004	105	Ella Enchanted		tt0327679	Family,Fantasy,Comedy
2004	106	Finding Neverland	finding.neverla_tt0308644	tt0308644	Drama,Biography,Family
2004	107	The Alamo		tt0318974	Drama,War,History
2004	108	Mr. 3000		tt0339412	Drama,Romance,Comedy
2004	109	Torque		tt0329691	Crime,Action,Comedy
2004	110	Sideways	sideways_tt0375063	tt0375063	Drama,Romance,Comedy
2004	111	Little Black Book		tt0361841	Drama,Romance,Comedy
2004	112	Yu-Gi-Oh!: The Movie		tt0403703	Adventure,Action,Animation
2004	113	NASCAR: The IMAX Experience		tt0353774	Sport,Documentary
2004	114	Two Brothers		tt0338512	Adventure,Drama,Family
2004	115	Harold & Kumar Go to White Castle		tt0366551	Adventure,Comedy
2004	116	Laws of Attraction		tt0323033	Romance,Comedy
2004	117	EuroTrip		tt0356150	Comedy
2004	118	My Baby's Daddy		tt0332712	Comedy
2004	119	Seed of Chucky	seed.of.chucky_tt0387575	tt0387575	Horror,Thriller,Comedy
2004	120	Win a Date with Tad Hamilton!		tt0335559	Romance,Comedy
2004	121	Wimbledon		tt0360201	Romance,Sport,Comedy
2004	122	Catch That Kid		tt0337917	Adventure,Crime,Comedy
2004	123	The Whole Ten Yards		tt0327247	Crime,Thriller,Comedy
2004	124	Vanity Fair		tt0241025	Drama
2004	125	Paparazzi		tt0338325	Crime,Drama,Action
2004	126	The Motorcycle Diaries	motorcycle.diar_tt0318462	tt0318462	Adventure,Biography,Drama
2004	127	The Girl Next Door		tt0265208	Drama,Romance,Comedy
2004	128	Flight of the Phoenix		tt0377062	Adventure,Drama,Action
2004	129	Welcome to Mooseport		tt0361925	Romance,Comedy
2004	130	Godsend		tt0335121	Drama,Action,Fantasy
2004	131	Soul Plane		tt0367085	Comedy
2004	132	Dirty Dancing: Havana Nights		tt0338096	Drama,Romance,Music
2004	133	New York Minute		tt0363282	Adventure,Crime,Comedy
2004	134	Lost in Translation	lost.in.transla_tt0335266	tt0335266	Drama,Comedy
2004	135	Envy		tt0326856	Comedy
2004	136	Shaun of the Dead		tt0365748	Horror,Comedy
2004	137	De-Lovely		tt0352277	Drama,Biography,Music
2004	138	Alfie		tt0375173	Drama,Romance,Comedy
2004	139	Wicker Park		tt0324554	Drama,Mystery,Romance
2004	140	The Phantom of the Opera	phantom.of.the._tt0293508	tt0293508	Drama,Musical,Romance
2004	141	Darkness		tt0273517	Horror
2004	142	I Heart Huckabees		tt0356721	Comedy
2004	143	Master and Commander: The Far Side of the World	master.and.comm_tt0311113	tt0311113	Adventure,Drama,Action
2004	144	Breakin' All the Rules		tt0349169	Romance,Comedy
2004	145	Chasing Liberty		tt0360139	Romance,Comedy
2004	146	In America		tt0298845	Drama
2004	147	The Cookout		tt0380277	Comedy
2004	148	Surviving Christmas		tt0252028	Romance,Comedy
2004	149	Super Size Me	super.size.me_tt0390521	tt0390521	Documentary
2004	150	The Life Aquatic with Steve Zissou		tt0362270	Adventure,Action,Comedy
2004	151	Girl with a Pearl Earring	girl.with.a.pea_tt0335119	tt0335119	Drama,Biography,Romance
2004	152	21 Grams		tt0315733	Crime,Drama,Thriller
2004	153	Raise Your Voice		tt0361696	Musical,Family,Music
2004	154	The Perfect Score		tt0314498	Crime,Drama,Comedy
2004	155	Space Station 3D		tt0290296	Documentary
2004	156	House of Sand and Fog		tt0315983	Crime,Drama
2004	157	What the #$*! Do We (K)now!?		tt0399877	Drama,Documentary,Comedy
2004	158	Bugs!		tt0337587	Short,Documentary
2004	159	Sleepover		tt0368975	Romance,Family,Comedy
2004	160	Superbabies: Baby Geniuses 2		tt0270846	Family,Sci-Fi,Comedy
2004	161	First Daughter		tt0361620	Drama,Romance,Comedy
2004	162	Saved!		tt0332375	Drama,Comedy
2004	163	The Haunted Mansion	haunted.mansion_tt0338094	tt0338094	Family,Fantasy,Comedy
2004	164	Suspect Zero		tt0324127	Crime,Horror,Mystery
2004	165	Connie and Carla		tt0345074	Crime,Music,Comedy
2004	166	Bad Santa	bad.santa_tt0307987	tt0307987	Crime,Drama,Comedy
2004	167	Stuck on You		tt0338466	Comedy
2004	168	The Cooler		tt0318374	Drama,Romance
2004	169	Thunderbirds		tt0167456	Adventure,Action,Comedy
2004	170	Woman Thou Art Loosed		tt0399901	Drama
2004	171	Maria Full of Grace	maria.full.of.g_tt0390221	tt0390221	Crime,Drama
2004	172	Teacher's Pet		tt0350194	Adventure,Animation,Comedy
2004	173	The Big Bounce		tt0315824	Crime,Comedy
2004	174	Kinsey	kinsey_tt0362269	tt0362269	Drama,Biography,Romance
2004	175	The Triplets of Belleville	triplets.of.bel_tt0286244	tt0286244	Adventure,Animation,Comedy
2004	176	Against the Ropes		tt0312329	Drama,Biography,Romance
2004	177	Elf	elf	tt0319343	Adventure,Family,Comedy
2004	178	Before Sunset	before.sunset_tt0381681	tt0381681	Drama,Romance
2004	179	The Clearing		tt0331952	Drama,Thriller,Mystery
2004	180	Never Die Alone		tt0354766	Crime,Drama,Action
2004	181	The Young Black Stallion		tt0318850	Adventure,Drama,Family
2004	182	Club Dread		tt0331953	Horror,Mystery,Comedy
2004	183	Birth		tt0337876	Drama,Mystery,Fantasy
2004	184	Touching the Void		tt0379557	Adventure,Drama,Documentary
2004	185	Spartan		tt0360009	Crime,Drama,Action
2004	186	Love Don't Cost a Thing		tt0337592	Drama,Romance,Comedy
2004	187	A Day Without a Mexican		tt0377744	Drama,Fantasy,Comedy
2004	188	Good Bye Lenin!	good.bye.lenin_tt0301357	tt0301357	Drama,Romance,Comedy
2004	189	The Fog of War	fog.of.war_tt0317910	tt0317910	History,Biography,Documentary
2004	190	Camping sauvage		tt0389831	Crime,Comedy
2004	191	The Door in the Floor		tt0348593	Drama,Comedy
2004	192	Benji: Off the Leash!		tt0315273	Drama,Family,Comedy
2004	193	House of Flying Daggers	broken-blu	tt0385004	Adventure,Drama,Action
2004	194	Being Julia		tt0340012	Drama,Romance,Comedy
2004	195	City of God	city.of.god_tt0317248	tt0317248	Crime,Drama
2004	196	Love Actually	love.actually_tt0314331	tt0314331	Drama,Romance,Comedy
2004	197	The Cat in the Hat	cat.in.the.hat_tt0312528	tt0312528	Adventure,Family,Comedy
2004	198	Honey		tt0322589	Drama,Romance,Music
2004	199	Clifford's Really Big Movie		tt0398872	Adventure,Animation,Comedy
2004	200	Veer Zaara		tt0420332	Drama,Family,Musical
2005	1	Star Wars: Episode III - Revenge of the Sith	revenge_of_the_sith	tt0121766	Adventure,Action,Fantasy
2005	2	Harry Potter and the Goblet of Fire	harry_potter_goblet_of_fire	tt0330373	Adventure,Family,Fantasy
2005	3	War of the Worlds	war_of_the_worlds	tt0407304	Adventure,Sci-Fi,Action
2005	4	The Chronicles of Narnia: The Lion, the Witch and the Wardrobe	narnia	tt0363771	Adventure,Family,Fantasy
2005	5	Wedding Crashers	wedding_crashers	tt0396269	Romance,Comedy
2005	6	Charlie and the Chocolate Factory	charlie_and_the_chocolate_factory	tt0367594	Adventure,Family,Comedy
2005	7	Batman Begins	batman_begins	tt0372784	Crime,Drama,Action
2005	8	Madagascar	madagascar_tt0351283	tt0351283	Adventure,Animation,Comedy
2005	9	Mr. & Mrs. Smith	mr_mrs_smith	tt0356910	Crime,Action,Comedy
2005	10	Hitch	hitch	tt0386588	Romance,Comedy
2005	11	King Kong	king_kong	tt0360717	Adventure,Action,Romance
2005	12	The Longest Yard	longest_yard	tt0398165	Crime,Sport,Comedy
2005	13	Fantastic Four	fantastic_four	tt0120667	Adventure,Action,Fantasy
2005	14	Meet the Fockers	meet_the_fockers	tt0290002	Romance,Comedy
2005	15	Chicken Little	chicken.little_tt0371606	tt0371606	Adventure,Animation,Comedy
2005	16	Robots	robots_tt0358082	tt0358082	Adventure,Animation,Comedy
2005	17	The Pacifier	pacifier	tt0395699	Drama,Action,Comedy
2005	18	The 40-Year-Old Virgin	40_year_old_virgin	tt0405422	Romance,Comedy
2005	19	Million Dollar Baby	million_dollar_baby	tt0405159	Drama,Sport
2005	20	Walk the Line	walk_the_line	tt0358273	Drama,Biography,Music
2005	21	Flightplan	flightplan	tt0408790	Drama,Thriller,Mystery
2005	22	Saw II	saw_2	tt0432348	Horror,Mystery
2005	23	Monster-in-Law	monster_in_law	tt0369735	Romance,Comedy
2005	24	Are We There Yet?	are_we_there_yet	tt0368578	Adventure,Family,Comedy
2005	25	The Dukes of Hazzard	dukes_of_hazzard_fs	tt0377818	Adventure,Action,Comedy
2005	26	The Aviator	aviator	tt0338751	Drama,Biography
2005	27	March of the Penguins	march.of.the.pe_tt0428803	tt0428803	Family,Documentary
2005	28	The Ring Two	ring_2_fs	tt0377109	Horror,Mystery
2005	29	Constantine	constantine	tt0360486	Horror,Action,Fantasy
2005	30	The Exorcism of Emily Rose	exorcism.of.emi_tt0404032	tt0404032	Drama,Horror,Thriller
2005	31	Four Brothers	four.brothers_tt0430105	tt0430105	Crime,Drama,Action
2005	32	Sin City	sin.city_tt0401792	tt0401792	Crime,Thriller
2005	33	The Interpreter	interpreter_tt0373926	tt0373926	Crime,Thriller,Mystery
2005	34	Guess Who	guess.who_tt0372237	tt0372237	Romance,Comedy
2005	35	Sahara	sahara_tt0318649	tt0318649	Adventure,Action,Comedy
2005	36	Coach Carter	coach.carter_tt0393162	tt0393162	Drama,Biography,Sport
2005	37	Herbie: Fully Loaded	herbie.fully.lo_tt0400497	tt0400497	Adventure,Family,Comedy
2005	38	The Amityville Horror	amityville.horr_tt0384806	tt0384806	Horror
2005	39	Sky High	sky.high_tt0405325	tt0405325	Family,Action,Comedy
2005	40	Bewitched	bewitched_tt0374536	tt0374536	Romance,Fantasy,Comedy
2005	41	Jarhead	jarhead_tt0418763	tt0418763	Drama,Biography,War
2005	42	Cinderella Man	cinderella.man_tt0352248	tt0352248	Drama,Biography,Romance
2005	43	Red Eye	red.eye_tt0421239	tt0421239	Thriller
2005	44	White Noise	white.noise_tt0375210	tt0375210	Drama,Horror,Mystery
2005	45	Be Cool	be.cool_tt0377471	tt0377471	Crime,Music,Comedy
2005	46	Wallace & Gromit: The Curse of the Were-Rabbit	wallace..gromit_tt0312004	tt0312004	Adventure,Animation,Comedy
2005	47	Fun with Dick and Jane	fun.with.dick.a_tt0369441	tt0369441	Crime,Comedy
2005	48	Crash	crash_tt0375679	tt0375679	Crime,Drama,Thriller
2005	49	Corpse Bride	corpse.bride_tt0121164	tt0121164	Drama,Animation,Comedy
2005	50	Kicking & Screaming	kicking..scream_tt0384642	tt0384642	Romance,Family,Comedy
2005	51	Hide and Seek	hide.and.seek_tt0382077	tt0382077	Horror,Mystery
2005	52	The Hitchhiker's Guide to the Galaxy	hitchhikers.gui_tt0371724	tt0371724	Adventure,Sci-Fi,Comedy
2005	53	Sideways	sideways_tt0375063	tt0375063	Drama,Romance,Comedy
2005	54	Diary of a Mad Black Woman	diary.of.a.mad._tt0422093	tt0422093	Drama,Romance,Comedy
2005	55	Yours, Mine & Ours	yours.mine..our_tt0443295	tt0443295	Romance,Family,Comedy
2005	56	Racing Stripes	racing.stripes_tt0376105	tt0376105	Adventure,Drama,Comedy
2005	57	Miss Congeniality 2: Armed & Fabulous	miss.congeniali_tt0385307	tt0385307	Crime,Action,Comedy
2005	58	Just Like Heaven	just.like.heave_tt0425123	tt0425123	Drama,Fantasy,Comedy
2005	59	The Skeleton Key	skeleton.key_tt0397101	tt0397101	Drama,Horror,Mystery
2005	60	Kingdom of Heaven	kingdom.of.heav_tt0320661	tt0320661	Adventure,Drama,Action
2005	61	Boogeyman	boogeyman_tt0357507	tt0357507	Drama,Horror,Mystery
2005	62	Cheaper by the Dozen 2	cheaper.by.the._tt0452598	tt0452598	Adventure,Family,Comedy
2005	63	In Good Company	in.good.company_tt0385267	tt0385267	Drama,Romance,Comedy
2005	64	The Legend of Zorro	legend.of.zorro_tt0386140	tt0386140	Adventure,Drama,Action
2005	65	Must Love Dogs	must.love.dogs_tt0417001	tt0417001	Romance,Comedy
2005	66	Transporter 2		tt0388482	Action,Thriller
2005	67	Fever Pitch	fever.pitch_tt0332047	tt0332047	Drama,Romance,Comedy
2005	68	The Family Stone	family.stone_tt0356680	tt0356680	Drama,Romance,Comedy
2005	69	The Adventures of Sharkboy and Lavagirl 3-D	adventures.of.s_tt0424774	tt0424774	Adventure,Action,Comedy
2005	70	The Sisterhood of the Traveling Pants	sisterhood.of.t_tt0403508	tt0403508	Drama,Romance,Comedy
2005	71	The Phantom of the Opera	phantom.of.the._tt0293508	tt0293508	Drama,Musical,Romance
2005	72	The Brothers Grimm	brothers.grimm_tt0355295	tt0355295	Adventure,Action,Comedy
2005	73	Beauty Shop	beauty.shop_tt0388500	tt0388500	Comedy
2005	74	Syriana	syriana_tt0365737	tt0365737	Drama,Thriller
2005	75	The Island	island_tt0399201	tt0399201	Sci-Fi,Action,Thriller
2005	76	Derailed	derailed_tt0398017	tt0398017	Crime,Drama,Thriller
2005	77	Hostage	hostage_tt0340163	tt0340163	Crime,Drama,Action
2005	78	A Series of Unfortunate Events	lemony_snicket	tt0339291	Adventure,Family,Comedy
2005	79	The Constant Gardener	constant.garden_tt0387131	tt0387131	Drama,Mystery,Romance
2005	80	Pride & Prejudice	pride..prejudic_tt0414387	tt0414387	Drama,Romance
2005	81	Bad News Bears	bad.news.bears_tt0408524	tt0408524	Sport,Comedy
2005	82	In Her Shoes		tt0388125	Drama,Romance,Comedy
2005	83	Because of Winn-Dixie		tt0317132	Drama,Family,Comedy
2005	84	Dreamer		tt0418647	Drama,Family,Sport
2005	85	Stealth		tt0382992	Adventure,Sci-Fi,Action
2005	86	House of Wax		tt0397065	Horror,Thriller
2005	87	The Wedding Date		tt0372532	Romance,Comedy
2005	88	Just Friends		tt0433400	Romance,Comedy
2005	89	A History of Violence	a.history.of.vi_tt0399146	tt0399146	Crime,Drama,Action
2005	90	Get Rich or Die Tryin'		tt0430308	Crime,Biography,Drama
2005	91	The Fog		tt0432291	Horror,Mystery
2005	92	Rent		tt0294870	Drama,Musical,Romance
2005	93	Doom		tt0419706	Sci-Fi,Action,Horror
2005	94	Zathura: A Space Adventure		tt0406375	Adventure,Action,Comedy
2005	95	Finding Neverland	finding.neverla_tt0308644	tt0308644	Drama,Biography,Family
2005	96	xXx: State of the Union		tt0329774	Adventure,Crime,Action
2005	97	Elizabethtown	elizabethtown_tt0368709	tt0368709	Drama,Romance,Comedy
2005	98	Serenity		tt0379786	Adventure,Sci-Fi,Action
2005	99	Dark WaterOriginal Release		tt0382628	Drama,Horror,Mystery
2005	100	Memoirs of a Geisha	memoirs.of.a.ge_tt0397535	tt0397535	Drama,Romance
2005	101	Ocean's Twelve	oceans_twelve	tt0349903	Crime,Thriller
2005	102	Æon Flux		tt0402022	Adventure,Sci-Fi,Action
2005	103	Rumor Has It...		tt0398375	Drama,Romance,Comedy
2005	104	Unleashed		tt0342258	Crime,Action,Thriller
2005	105	Elektra		tt0357277	Adventure,Crime,Action
2005	106	Ice Princess		tt0396652	Drama,Family,Comedy
2005	107	Lord of War	lord.of.war_tt0399295	tt0399295	Crime,Drama
2005	108	Good Night, and Good Luck.	good.night.and._tt0433383	tt0433383	Drama,Biography,History
2005	109	Hotel Rwanda	hotel.rwanda_tt0395169	tt0395169	Drama,Biography,History
2005	110	Two for the Money		tt0417217	Crime,Drama,Sport
2005	111	National Treasure	national_treasure	tt0368891	Adventure,Action,Mystery
2005	112	Prime		tt0387514	Drama,Romance,Comedy
2005	113	Deuce Bigalow: European Gigolo		tt0367652	Comedy
2005	114	Hustle & Flow	hustle..flow_tt0410097	tt0410097	Crime,Drama,Music
2005	115	Fat Albert		tt0396592	Family,Fantasy,Comedy
2005	116	A Lot Like Love		tt0391304	Drama,Romance,Comedy
2005	117	Land of the Dead		tt0418819	Sci-Fi,Horror,Thriller
2005	118	Assault on Precinct 13		tt0398712	Crime,Drama,Action
2005	119	Man of the House		tt0331933	Crime,Comedy
2005	120	Valiant		tt0361089	Adventure,Animation,Comedy
2005	121	Cursed		tt0257516	Horror,Mystery,Comedy
2005	122	The Upside of Anger		tt0365885	Drama,Comedy
2005	123	Into the Blue		tt0378109	Adventure,Crime,Action
2005	124	North Country		tt0395972	Drama
2005	125	Pooh's Heffalump Movie		tt0407121	Adventure,Animation,Comedy
2005	126	Roll Bounce		tt0403455	Drama,Music,Comedy
2005	127	The Ringer		tt0267891	Sport,Comedy
2005	128	Kung Fu Hustle		tt0373074	Fantasy,Action,Comedy
2005	129	The Devil's Rejects	devils.rejects_tt0395584	tt0395584	Crime,Drama,Horror
2005	130	Son of the Mask		tt0362165	Family,Fantasy,Comedy
2005	131	Rebound		tt0376108	Family,Sport,Comedy
2005	132	The Perfect Man		tt0380623	Romance,Family,Comedy
2005	133	Spanglish		tt0371246	Drama,Romance,Comedy
2005	134	Waiting...		tt0348333	Comedy
2005	135	The Gospel		tt0451069	Adventure,Drama,Family
2005	136	The Greatest Game Ever Played		tt0388980	Drama,Biography,Sport
2005	137	The Cave		tt0402901	Adventure,Sci-Fi,Horror
2005	138	Broken Flowers	broken.flowers_tt0412019	tt0412019	Drama,Mystery,Comedy
2005	139	The Honeymooners		tt0373908	Romance,Family,Comedy
2005	140	The Life Aquatic with Steve Zissou		tt0362270	Adventure,Action,Comedy
2005	141	The Incredibles	incredibles_tt0317705	tt0317705	Adventure,Action,Animation
2005	142	The Weather Man		tt0384680	Drama,Comedy
2005	143	Brokeback Mountain	brokeback.mount_tt0388795	tt0388795	Drama,Romance
2005	144	Munich	munich_tt0408306	tt0408306	Drama,Thriller,History
2005	145	Capote	capote_tt0379725	tt0379725	Crime,Biography,Drama
2005	146	Lords of Dogtown		tt0355702	Drama,Biography,Sport
2005	147	The Polar Express	polar.express_tt0338348	tt0338348	Adventure,Family,Animation
2005	148	Wolf Creek		tt0416315	Horror,Thriller
2005	149	In the Mix		tt0426615	Crime,Drama,Comedy
2005	150	Domino		tt0421054	Crime,Biography,Action
2005	151	The Great Raid		tt0326905	Drama,War,Action
2005	152	Shopgirl		tt0338427	Drama,Romance
2005	153	Cry Wolf		tt0384286	Drama,Horror,Mystery
2005	154	The Polar Express2005 IMAX Release	polar.express_tt0338348	tt0338348	Adventure,Family,Animation
2005	155	Darkness		tt0273517	Horror
2005	156	The Producers	producers_tt0395251	tt0395251	Crime,Musical,Comedy
2005	157	The Ice Harvest		tt0400525	Crime,Drama,Comedy
2005	158	An Unfinished Life		tt0350261	Drama,Family,Romance
2005	159	The Man		tt0399327	Crime,Action,Comedy
2005	160	Closer	closer_tt0376541	tt0376541	Drama,Romance
2005	161	Mad Hot Ballroom		tt0438205	Music,Family,Documentary
2005	162	Aliens of the Deep		tt0417415	Family,Documentary
2005	163	Proof		tt0377107	Drama,Mystery
2005	164	House of Flying Daggers	broken-blu	tt0385004	Adventure,Drama,Action
2005	165	Space Station 3D		tt0290296	Documentary
2005	166	Ladies in Lavender		tt0377084	Drama,Romance,Music
2005	167	Bride & Prejudice		tt0361411	Drama,Musical,Comedy
2005	168	Millions		tt0366777	Crime,Drama,Comedy
2005	169	Flight of the Phoenix		tt0377062	Adventure,Drama,Action
2005	170	The Aristocrats		tt0436078	Documentary,Comedy
2005	171	The Jacket		tt0366627	Drama,Mystery,Fantasy
2005	172	Magnificent Desolation: Walking on the Moon		tt0401623	Short,Animation,Documentary
2005	173	Underclassman		tt0373416	Crime,Action,Comedy
2005	174	Blade: Trinity		tt0359013	Sci-Fi,Action,Horror
2005	175	Downfall		tt0363163	Drama,Biography,History
2005	176	Beyond the Sea		tt0363473	Drama,Biography,Music
2005	177	Alone in the Dark		tt0369226	Sci-Fi,Action,Horror
2005	178	The Squid and the Whale	squid.and.the.w_tt0367089	tt0367089	Drama,Comedy
2005	179	Wild Safari - A South African Adventure		tt0457528	Short,Documentary
2005	180	Howl's Moving Castle		tt0347149	Adventure,Family,Animation
2005	181	Ong-Bak: The Thai Warrior		tt0368909	Crime,Action,Thriller
2005	182	Mindhunters		tt0297284	Crime,Horror,Thriller
2005	183	A Very Long Engagement	a.very.long.eng_tt0344510	tt0344510	Drama,Mystery,Romance
2005	184	The SpongeBob SquarePants Movie	spongebob.squar_tt0345950	tt0345950	Adventure,Animation,Comedy
2005	185	Being Julia		tt0340012	Drama,Romance,Comedy
2005	186	Kiss Kiss Bang Bang		tt0373469	Crime,Mystery,Comedy
2005	187	Enron: The Smartest Guys in the Room	enron.the.smart_tt1016268	tt1016268	History,Biography,Documentary
2005	188	Ray	ray_tt0350258	tt0350258	Drama,Biography,Music
2005	189	King's Ransom		tt0388183	Crime,Comedy
2005	190	Kinsey	kinsey_tt0362269	tt0362269	Drama,Biography,Romance
2005	191	Me and You and Everyone We Know	me.and.you.and._tt0415978	tt0415978	Drama,Comedy
2005	192	Melinda and Melinda		tt0378947	Drama,Romance,Comedy
2005	193	The Merchant of Venice		tt0379889	Drama,Romance
2005	194	High Tension		tt0338095	Horror
2005	195	Bad Education		tt0275491	Crime,Drama
2005	196	Stay		tt0371257	Drama,Thriller,Mystery
2005	197	Born Into Brothels: Calcutta's Red Light Kids		tt0388789	Biography,News,Documentary
2005	198	Rize		tt0436724	Music,Documentary
2005	199	Grizzly Man	grizzly.man_tt0427312	tt0427312	Biography,Documentary
2005	200	Supercross		tt0403016	Drama,Action,Romance
2006	1	Pirates of the Caribbean: Dead Man's Chest	pirates_dead_mans_chest	tt0383574	Adventure,Action,Fantasy
2006	2	Cars	cars_tt0317219	tt0317219	Adventure,Animation,Comedy
2006	3	X-Men: The Last Stand	xmen_the_last_stand	tt0376994	Adventure,Sci-Fi,Action
2006	4	The Da Vinci Code	davinci_code	tt0382625	Thriller,Mystery
2006	5	Superman Returns	superman_returns	tt0348150	Adventure,Sci-Fi,Action
2006	6	Ice Age 2: The Meltdown	ice.age.the.mel_tt0438097	tt0438097	Adventure,Animation,Comedy
2006	7	Happy Feet	happy.feet_tt0366548	tt0366548	Adventure,Animation,Comedy
2006	8	Over the Hedge	over.the.hedge_tt0327084	tt0327084	Adventure,Animation,Comedy
2006	9	Casino Royale	casino_royale	tt0381061	Adventure,Action,Thriller
2006	10	Talladega Nights: The Ballad of Ricky Bobby	talladega_nights	tt0415306	Sport,Comedy
2006	11	Click	click	tt0389860	Drama,Fantasy,Comedy
2006	12	Mission: Impossible III	mission_impossible_3	tt0317919	Adventure,Action,Thriller
2006	13	Borat	borat	tt0443453	Comedy
2006	14	The Devil Wears Prada	devil_wears_prada	tt0458352	Drama,Comedy
2006	15	The Departed	departed	tt0407887	Crime,Drama,Thriller
2006	16	The Break-Up	breakup	tt0452594	Drama,Romance,Comedy
2006	17	Night at the Museum	night_at_the_museum	tt0477347	Adventure,Family,Comedy
2006	18	The Pursuit of Happyness	pursuit_of_happyness	tt0454921	Drama,Biography
2006	19	Scary Movie 4	scary_movie_4	tt0362120	Comedy
2006	20	Failure to Launch	failure_to_launch	tt0427229	Romance,Comedy
2006	21	Inside Man	inside_man	tt0454848	Crime,Drama,Mystery
2006	22	Open Season	open.season_tt0400717	tt0400717	Adventure,Animation,Comedy
2006	23	The Santa Clause 3: The Escape Clause	santa_clause_3	tt0452681	Adventure,Family,Comedy
2006	24	The Chronicles of Narnia: The Lion, the Witch and the Wardrobe	narnia	tt0363771	Adventure,Family,Fantasy
2006	25	The Pink Panther	pink_panther	tt0383216	Adventure,Crime,Comedy
2006	26	Eight Below	8_below	tt0397313	Adventure,Drama,Family
2006	27	Saw III	saw_3	tt0489270	Thriller,Horror,Mystery
2006	28	Nacho Libre	nacho_libre	tt0457510	Family,Sport,Comedy
2006	29	You, Me and Dupree	you_me_and_dupree	tt0463034	Romance,Comedy
2006	30	Monster House	monster.house_tt0385880	tt0385880	Family,Animation,Comedy
2006	31	Jackass Number Two	jackass.number._tt0493430	tt0493430	Documentary,Action,Comedy
2006	32	Barnyard	barnyard_tt0414853	tt0414853	Adventure,Animation,Comedy
2006	33	RV	rv	tt0449089	Adventure,Family,Comedy
2006	34	Brokeback Mountain	brokeback.mount_tt0388795	tt0388795	Drama,Romance
2006	35	V for Vendetta	v.for.vendetta_tt0434409	tt0434409	Drama,Sci-Fi,Action
2006	36	World Trade Center	world.trade.cen_tt0469641	tt0469641	Drama,Thriller,History
2006	37	Big Momma's House 2	big.mommas.hous_tt0421729	tt0421729	Crime,Comedy
2006	38	Step Up	step.up_tt0462590	tt0462590	Crime,Drama,Music
2006	39	Miami Vice	miami.vice_tt0430357	tt0430357	Crime,Drama,Action
2006	40	Madea's Family Reunion	madeas.family.r_tt0455612	tt0455612	Drama,Romance,Comedy
2006	41	The Fast and the Furious: Tokyo Drift	fast.and.the.fu_tt0463985	tt0463985	Crime,Action,Thriller
2006	42	Underworld: Evolution	underworld.evol_tt0401855	tt0401855	Action,Thriller,Fantasy
2006	43	Flushed Away	flushed.away_tt0424095	tt0424095	Adventure,Action,Animation
2006	44	Deja Vu	deja.vu_tt0453467	tt0453467	Crime,Sci-Fi,Action
2006	45	The Shaggy Dog	shaggy.dog_tt0393735	tt0393735	Family,Fantasy,Comedy
2006	46	Poseidon	poseidon_tt0409182	tt0409182	Adventure,Action,Thriller
2006	47	The Benchwarmers	benchwarmers_tt0437863	tt0437863	Sport,Comedy
2006	48	Little Miss Sunshine	little.miss.sun_tt0449059	tt0449059	Drama,Comedy
2006	49	King Kong	king_kong	tt0360717	Adventure,Action,Romance
2006	50	Little Man	little.man_tt0430304	tt0430304	Crime,Comedy
2006	51	Curious George		tt0381971	Adventure,Animation,Comedy
2006	52	Invincible	invincible_tt0445990	tt0445990	Drama,Biography,Sport
2006	53	Eragon	eragon_tt0449010	tt0449010	Adventure,Family,Action
2006	54	Fun with Dick and Jane	fun.with.dick.a_tt0369441	tt0369441	Crime,Comedy
2006	55	The Guardian	guardian_tt0406816	tt0406816	Adventure,Drama
2006	56	The Omen	omen_tt0466909	tt0466909	Drama,Horror,Fantasy
2006	57	Final Destination 3	final.destinati_tt0414982	tt0414982	Horror,Thriller
2006	58	Charlotte's Web	charlottes.web_tt0413895	tt0413895	Adventure,Family,Comedy
2006	59	The Prestige	prestige_tt0482571	tt0482571	Drama,Sci-Fi,Mystery
2006	60	The Lake House	lake.house_tt0410297	tt0410297	Drama,Romance,Fantasy
2006	61	Hoodwinked		tt0443536	Adventure,Animation,Comedy
2006	62	The Holiday	holiday_tt0457939	tt0457939	Romance,Comedy
2006	63	Firewall	firewall_tt0408345	tt0408345	Crime,Thriller
2006	64	Date Movie		tt0466342	Romance,Comedy
2006	65	Rocky Balboa		tt0479143	Drama,Sport
2006	66	When a Stranger Calls	when.a.stranger_tt0455857	tt0455857	Horror,Thriller
2006	67	Hostel		tt0450278	Horror
2006	68	Nanny McPhee	nanny.mcphee_tt0396752	tt0396752	Family,Fantasy,Comedy
2006	69	Silent Hill		tt0384537	Horror,Mystery
2006	70	Apocalypto	apocalypto_tt0472043	tt0472043	Adventure,Drama,Action
2006	71	Glory Road		tt0385726	Drama,Biography,Sport
2006	72	Lady in the Water		tt0452637	Drama,Mystery,Fantasy
2006	73	The Hills Have Eyes		tt0454841	Horror,Thriller
2006	74	John Tucker Must Die		tt0455967	Romance,Comedy
2006	75	Stranger Than Fiction		tt0420223	Drama,Fantasy,Comedy
2006	76	The Illusionist	illusionist_tt0443543	tt0443543	Drama,Mystery,Fantasy
2006	77	The Texas Chainsaw Massacre: The Beginning		tt0420294	Horror
2006	78	The Grudge 2		tt0433386	Horror,Thriller
2006	79	Gridiron Gang		tt0421206	Crime,Biography,Drama
2006	80	Last Holiday		tt0408985	Drama,Romance,Comedy
2006	81	The Wild		tt0405469	Adventure,Animation,Comedy
2006	82	Man of the Year		tt0483726	Drama,Romance,Comedy
2006	83	Dreamgirls	dreamgirls_tt0443489	tt0443489	Drama,Musical
2006	84	16 Blocks		tt0450232	Drama,Action,Thriller
2006	85	Cheaper by the Dozen 2	cheaper.by.the._tt0452598	tt0452598	Adventure,Family,Comedy
2006	86	The Nativity Story		tt0762121	Adventure,Drama,Family
2006	87	Accepted		tt0384793	Comedy
2006	88	The Sentinel		tt0443632	Crime,Action,Thriller
2006	89	Blood Diamond	blood.diamond_tt0450259	tt0450259	Adventure,Drama,Thriller
2006	90	Munich	munich_tt0408306	tt0408306	Drama,Thriller,History
2006	91	The Good Shepherd		tt0343737	Drama,Thriller,History
2006	92	Deck the Halls		tt0790604	Family,Comedy
2006	93	Take the Lead		tt0446046	Drama,Music
2006	94	Snakes on a Plane		tt0417148	Adventure,Crime,Action
2006	95	She's the Man		tt0454945	Romance,Sport,Comedy
2006	96	Flags of Our Fathers		tt0418689	Adventure,Drama,Action
2006	97	Memoirs of a Geisha	memoirs.of.a.ge_tt0397535	tt0397535	Drama,Romance
2006	98	United 93	united.93_tt0475276	tt0475276	Drama,Action,History
2006	99	Walk the Line	walk_the_line	tt0358273	Drama,Biography,Music
2006	100	Employee of the Month		tt0424993	Romance,Comedy
2006	101	Garfield: A Tail of Two Kitties		tt0455499	Adventure,Family,Comedy
2006	102	The Queen	queen_tt0436697	tt0436697	Drama,Biography
2006	103	The Ant Bully		tt0429589	Adventure,Animation,Comedy
2006	104	Crank		tt0479884	Crime,Action,Thriller
2006	105	Stick It		tt0430634	Drama,Sport,Comedy
2006	106	The Descent		tt0435625	Adventure,Horror,Thriller
2006	107	We Are Marshall		tt0758794	Drama,Sport
2006	108	Thank You for Smoking	thank.you.for.s_tt0427944	tt0427944	Drama,Comedy
2006	109	Fearless		tt0446059	Drama,Biography,Action
2006	110	Clerks II		tt0424345	Comedy
2006	111	An Inconvenient Truth	an.inconvenient_tt0497116	tt0497116	Documentary
2006	112	The Wicker Man		tt0450345	Thriller,Horror,Mystery
2006	113	The Covenant	covenant_tt0475944	tt0475944	Adventure,Horror,Fantasy
2006	114	Stay Alive		tt0441796	Horror,Mystery,Fantasy
2006	115	Match Point	match.point_tt0416320	tt0416320	Drama,Thriller,Romance
2006	116	The Black Dahlia		tt0387877	Crime,Drama,Mystery
2006	117	My Super Ex-Girlfriend		tt0465624	Romance,Sci-Fi,Comedy
2006	118	Lucky Number Slevin		tt0425210	Crime,Drama,Thriller
2006	119	Deep Sea		tt0424942	Short,Documentary
2006	120	Rumor Has It...		tt0398375	Drama,Romance,Comedy
2006	121	Waist Deep		tt0456020	Crime,Drama,Action
2006	122	ATL		tt0466856	Crime,Drama,Comedy
2006	123	Flicka		tt0434215	Adventure,Drama,Family
2006	124	A Prairie Home Companion		tt0420087	Drama,Music,Comedy
2006	125	Pulse		tt0454919	Sci-Fi,Horror,Thriller
2006	126	Babel	babel_tt0449467	tt0449467	Drama
2006	127	Beerfest		tt0486551	Comedy
2006	128	Akeelah and the Bee		tt0437800	Drama,Family
2006	129	The Marine		tt0419946	Drama,Action,Comedy
2006	130	The Family Stone	family.stone_tt0356680	tt0356680	Drama,Romance,Comedy
2006	131	Aquamarine		tt0429591	Family,Fantasy,Comedy
2006	132	Ultraviolet		tt0370032	Sci-Fi,Action
2006	133	The Ringer		tt0267891	Sport,Comedy
2006	134	School for Scoundrels		tt0462519	Comedy
2006	135	Just My Luck		tt0397078	Romance,Fantasy,Comedy
2006	136	Annapolis		tt0417433	Drama,Sport,Romance
2006	137	Capote	capote_tt0379725	tt0379725	Crime,Biography,Drama
2006	138	Harry Potter and the Goblet of Fire	harry_potter_goblet_of_fire	tt0330373	Adventure,Family,Fantasy
2006	139	An American Haunting		tt0429573	Drama,Horror,Mystery
2006	140	Marie Antoinette		tt0422720	Drama,Biography,History
2006	141	Larry the Cable Guy: Health Inspector		tt0462395	Romance,Comedy
2006	142	See No Evil		tt0437179	Action,Thriller,Horror
2006	143	Unaccompanied Minors		tt0488658	Adventure,Family,Comedy
2006	144	Tristan + Isolde		tt0375154	Drama,Action,Romance
2006	145	Syriana	syriana_tt0365737	tt0365737	Drama,Thriller
2006	146	Everyone's Hero		tt0430779	Adventure,Animation,Comedy
2006	147	Hollywoodland	hollywoodland_tt0427969	tt0427969	Crime,Biography,Drama
2006	148	One Night with the King		tt0430431	Drama,Biography,History
2006	149	Friends with Money		tt0436331	Drama,Romance,Comedy
2006	150	Flyboys		tt0454824	Drama,Action,History
2006	151	How to Eat Fried Worms		tt0462346	Family,Comedy
2006	152	Bon Cop Bad Cop		tt0479647	Crime,Action,Comedy
2006	153	The New World2005 Re-release		tt0402399	Drama,Biography,History
2006	154	Idlewild		tt0417225	Crime,Drama,Musical
2006	155	The Matador		tt0365485	Crime,Thriller,Comedy
2006	156	Freedomland		tt0349467	Crime,Drama,Mystery
2006	157	The Protector		tt0427954	Crime,Drama,Action
2006	158	Zoom		tt0383060	Adventure,Action,Comedy
2006	159	End of the Spear		tt0399862	Adventure,Biography,Drama
2006	160	Dave Chappelle's Block Party		tt0425598	Music,Documentary,Comedy
2006	161	The Last Kiss		tt0434139	Drama,Romance,Comedy
2006	162	Something New		tt0437777	Drama,Romance,Comedy
2006	163	Material Girls		tt0433412	Romance,Family,Comedy
2006	164	Bobby	bobby_tt0308055	tt0308055	Drama,Biography,History
2006	165	Black Christmas		tt0454082	Horror
2006	166	Mrs. Henderson Presents	mrs..henderson._tt0413015	tt0413015	Drama,Music,Comedy
2006	167	Casanova		tt0402894	Adventure,Drama,Comedy
2006	168	Magnificent Desolation: Walking on the Moon		tt0401623	Short,Animation,Documentary
2006	169	Scoop		tt0457513	Crime,Fantasy,Comedy
2006	170	The Producers	producers_tt0395251	tt0395251	Crime,Musical,Comedy
2006	171	Facing the Giants		tt0805526	Drama,Sport
2006	172	The Fountain		tt0414993	Drama,Mystery,Romance
2006	173	Transamerica		tt0407265	Adventure,Drama,Comedy
2006	174	The Nightmare Before Christmas2006 3D Release	nightmare.befor_tt0107688	tt0107688	Adventure,Family,Animation
2006	175	Tenacious D in the Pick of Destiny		tt0365830	Adventure,Music,Comedy
2006	176	Hoot		tt0453494	Adventure,Family,Comedy
2006	177	Good Night, and Good Luck.	good.night.and._tt0433383	tt0433383	Drama,Biography,History
2006	178	The Night Listener		tt0448075	Crime,Drama,Horror
2006	179	Slither		tt0439815	Sci-Fi,Horror,Comedy
2006	180	The Return		tt0433442	Thriller,Horror,Mystery
2006	181	Doogal		tt0763304	Adventure,Animation,Comedy
2006	182	A Good Year		tt0401445	Drama,Romance,Comedy
2006	183	All the King's Men		tt0405676	Drama,Thriller
2006	184	American Dreamz	american.dreamz_tt0465142	tt0465142	Music,Comedy
2006	185	Phat Girlz		tt0490196	Comedy
2006	186	Crossover		tt0473024	Action,Sport
2006	187	Turistas		tt0454970	Thriller,Horror,Mystery
2006	188	Running Scared		tt0404390	Crime,Drama,Action
2006	189	Running with Scissors		tt0439289	Drama,Comedy
2006	190	Grandma's Boy		tt0456554	Comedy
2006	191	Basic Instinct 2		tt0430912	Drama,Thriller,Mystery
2006	192	Wild Safari - A South African Adventure		tt0457528	Short,Documentary
2006	193	Wolf Creek		tt0416315	Horror,Thriller
2006	194	A Scanner Darkly	a.scanner.darkl_tt0405296	tt0405296	Crime,Animation,Comedy
2006	195	Roving Mars		tt0436595	Short,Documentary
2006	196	For Your Consideration		tt0470765	Comedy
2006	197	Pride & Prejudice	pride..prejudic_tt0414387	tt0414387	Drama,Romance
2006	198	The Three Burials of Melquiades Estrada	three.burials.o_tt0419294	tt0419294	Adventure,Crime,Drama
2006	199	The World's Fastest Indian		tt0412080	Drama,Biography,Sport
2006	200	The Libertine		tt0375920	Drama,Biography,History
2007	1	Spider-Man 3	spiderman_3	tt0413300	Adventure,Sci-Fi,Action
2007	2	Shrek the Third	shrek.the.third_tt0413267	tt0413267	Adventure,Animation,Comedy
2007	3	Transformers	transformers	tt0418279	Adventure,Sci-Fi,Action
2007	4	Pirates of the Caribbean: At World's End	pirates_at_worlds_end	tt0449088	Adventure,Action,Fantasy
2007	5	Harry Potter and the Order of the Phoenix	harry_potter_phoenix	tt0373889	Adventure,Family,Action
2007	6	The Bourne Ultimatum	bourne_ultimatum	tt0440963	Thriller,Action,Mystery
2007	7	300	300	tt0416449	Drama,Action
2007	8	Ratatouille	ratatouille_tt0382932	tt0382932	Adventure,Animation,Comedy
2007	9	I Am Legend	i_am_legend	tt0480249	Drama,Sci-Fi,Horror
2007	10	The Simpsons Movie	simpsons.movie_tt0462538	tt0462538	Adventure,Animation,Comedy
2007	11	Wild Hogs	wild_hogs	tt0486946	Adventure,Action,Comedy
2007	12	Knocked Up	knocked_up	tt0478311	Romance,Comedy
2007	13	Alvin and the Chipmunks	alvin.and.the.c_tt0952640	tt0952640	Adventure,Animation,Comedy
2007	14	Rush Hour 3	rush_hour_3_fs	tt0293564	Crime,Action,Comedy
2007	15	Night at the Museum	night_at_the_museum	tt0477347	Adventure,Family,Comedy
2007	16	Live Free or Die Hard	live_free_or_die_hard	tt0337978	Action,Thriller
2007	17	National Treasure: Book of Secrets	national_treasure_2	tt0465234	Adventure,Action,Mystery
2007	18	Fantastic Four: Rise of the Silver Surfer	fantastic_four_rise_of_the_silver_surfer	tt0486576	Adventure,Action,Fantasy
2007	19	American Gangster	american_gangster	tt0765429	Crime,Biography,Drama
2007	20	Bee Movie	bee.movie_tt0389790	tt0389790	Adventure,Animation,Comedy
2007	21	Superbad	superbad	tt0829482	Comedy
2007	22	I Now Pronounce You Chuck & Larry	i_now_pronounce_you_chuck_and_larry	tt0762107	Romance,Comedy
2007	23	Hairspray	hairspray	tt0427327	Drama,Musical,Comedy
2007	24	Blades of Glory	blades_of_glory	tt0445934	Sport,Comedy
2007	25	Ocean's Thirteen	oceans_13	tt0496806	Crime,Thriller
2007	26	Ghost Rider	ghost_rider	tt0259324	Action,Thriller,Fantasy
2007	27	Enchanted	enchanted_tt0461770	tt0461770	Adventure,Animation,Comedy
2007	28	Evan Almighty	evan_almighty	tt0413099	Family,Fantasy,Comedy
2007	29	Meet the Robinsons	meet.the.robins_tt0396555	tt0396555	Adventure,Animation,Comedy
2007	30	Norbit	norbit	tt0477051	Romance,Comedy
2007	31	The Game Plan	game_plan	tt0492956	Family,Sport,Comedy
2007	32	Bridge to Terabithia	terabithia_fs	tt0398808	Drama,Family,Fantasy
2007	33	Beowulf	beowulf_tt0442933	tt0442933	Adventure,Action,Animation
2007	34	Disturbia	disturbia_tt0486822	tt0486822	Crime,Drama,Mystery
2007	35	1408	1408_tt0450385	tt0450385	Horror,Mystery,Fantasy
2007	36	Fred Claus	fred.claus_tt0486583	tt0486583	Family,Fantasy,Comedy
2007	37	Dreamgirls	dreamgirls_tt0443489	tt0443489	Drama,Musical
2007	38	The Pursuit of Happyness	pursuit_of_happyness	tt0454921	Drama,Biography
2007	39	Saw IV	saw.iv_tt0890870	tt0890870	Thriller,Horror,Mystery
2007	40	Stomp the Yard	stomp.the.yard_tt0775539	tt0775539	Drama,Romance,Music
2007	41	The Golden Compass	golden.compass_tt0385752	tt0385752	Adventure,Family,Fantasy
2007	42	Surf's Up	surfs.up_tt0423294	tt0423294	Adventure,Animation,Comedy
2007	43	Halloween	halloween_tt0373883	tt0373883	Horror
2007	44	Why Did I Get Married?	why.did.i.get.m_tt0906108	tt0906108	Drama,Romance,Comedy
2007	45	TMNT	tmnt_tt0453556	tt0453556	Adventure,Action,Animation
2007	46	3:10 to Yuma	310.to.yuma_tt0381849	tt0381849	Crime,Drama,Action
2007	47	Resident Evil: Extinction	resident.evil.e_tt0432021	tt0432021	Sci-Fi,Action,Horror
2007	48	Music and Lyrics	music.and.lyric_tt0758766	tt0758766	Music,Romance,Comedy
2007	49	Are We Done Yet?	are.we.done.yet_tt0422774	tt0422774	Family,Comedy
2007	50	This Christmas	this.christmas_tt0937375	tt0937375	Drama,Romance,Comedy
2007	51	Premonition	premonition_tt0477071	tt0477071	Drama,Mystery,Fantasy
2007	52	The Kingdom	kingdom_tt0431197	tt0431197	Drama,Action,Thriller
2007	53	Shooter	shooter_tt0822854	tt0822854	Drama,Action,Thriller
2007	54	Dan in Real Life	dan.in.real.lif_tt0480242	tt0480242	Drama,Romance,Comedy
2007	55	License to Wed	license.to.wed_tt0762114	tt0762114	Romance,Comedy
2007	56	Underdog	underdog_tt0467110	tt0467110	Adventure,Action,Comedy
2007	57	No Reservations	no.reservations_tt0481141	tt0481141	Drama,Romance,Comedy
2007	58	Because I Said So	because.i.said._tt0490084	tt0490084	Romance,Comedy
2007	59	No Country for Old Men	no.country.for._tt0477348	tt0477348	Crime,Drama,Thriller
2007	60	Epic Movie	epic.movie_tt0799949	tt0799949	Adventure,Fantasy,Comedy
2007	61	30 Days of Night		tt0389722	Horror,Thriller
2007	62	Hitman	hitman_tt0465494	tt0465494	Crime,Action,Thriller
2007	63	Michael Clayton	michael.clayton_tt0465538	tt0465538	Crime,Drama,Mystery
2007	64	Fracture		tt0488120	Crime,Drama,Thriller
2007	65	Charlie Wilson's War	charlie.wilsons_tt0472062	tt0472062	Drama,Biography,Comedy
2007	66	Stardust		tt0486655	Adventure,Romance,Fantasy
2007	67	Pan's Labyrinth	pans.labyrinth_tt0457430	tt0457430	Drama,War,Fantasy
2007	68	The Brave One		tt0476964	Crime,Drama,Thriller
2007	69	The Heartbreak Kid		tt0408839	Romance,Comedy
2007	70	Freedom Writers		tt0463998	Crime,Biography,Drama
2007	71	Smokin' Aces	smokin.aces_tt0475394	tt0475394	Crime,Action,Comedy
2007	72	The Messengers		tt0425430	Drama,Horror,Mystery
2007	73	The Number 23		tt0481369	Crime,Thriller,Mystery
2007	74	Good Luck Chuck		tt0452625	Romance,Comedy
2007	75	Children of Men	children.of.men_tt0206634	tt0206634	Drama,Sci-Fi,Thriller
2007	76	Breach		tt0401997	Crime,Biography,Drama
2007	77	Zodiac	zodiac_tt0443706	tt0443706	Crime,Drama,Mystery
2007	78	Balls of Fury		tt0424823	Crime,Sport,Comedy
2007	79	Mr. Bean's Holiday		tt0453451	Family,Comedy
2007	80	Daddy's Little Girls		tt0778661	Drama,Romance
2007	81	Mr. Magorium's Wonder Emporium		tt0457419	Family,Fantasy,Comedy
2007	82	August Rush		tt0426931	Drama,Music
2007	83	Charlotte's Web	charlottes.web_tt0413895	tt0413895	Adventure,Family,Comedy
2007	84	28 Weeks Later		tt0463854	Sci-Fi,Horror
2007	85	We Own the Night	we.own.the.nigh_tt0498399	tt0498399	Crime,Drama,Thriller
2007	86	Mr. Brooks		tt0780571	Crime,Drama,Mystery
2007	87	Sweeney Todd: The Demon Barber of Fleet Street	sweeney.todd.th_tt0408236	tt0408236	Drama,Horror,Musical
2007	88	The Queen	queen_tt0436697	tt0436697	Drama,Biography
2007	89	Aliens vs. Predator: Requiem		tt0758730	Sci-Fi,Action,Horror
2007	90	Juno	juno	tt0467406	Drama,Comedy
2007	91	Hannibal Rising		tt0367959	Adventure,Crime,Drama
2007	92	The Nanny Diaries		tt0489237	Drama,Romance,Comedy
2007	93	Mr. Woodcock		tt0419984	Romance,Sport,Comedy
2007	94	Nancy Drew		tt0479500	Crime,Family,Comedy
2007	95	The Mist		tt0884328	Sci-Fi,Horror,Thriller
2007	96	P.S. I Love You		tt0431308	Drama,Romance,Comedy
2007	97	The Reaping		tt0444682	Horror,Thriller
2007	98	Grindhouse		tt0462322	Horror,Thriller
2007	99	The Good Shepherd		tt0343737	Drama,Thriller,History
2007	100	Sicko		tt0386032	Drama,Documentary
2007	101	Across the Universe	across.the.univ_tt0445922	tt0445922	Drama,History,Fantasy
2007	102	Perfect Stranger		tt0457433	Crime,Thriller,Mystery
2007	103	Hot Fuzz		tt0425112	Action,Mystery,Comedy
2007	104	War		tt0499556	Action,Thriller
2007	105	Rocky Balboa		tt0479143	Drama,Sport
2007	106	Happy Feet	happy.feet_tt0366548	tt0366548	Adventure,Animation,Comedy
2007	107	Blood Diamond	blood.diamond_tt0450259	tt0450259	Adventure,Drama,Thriller
2007	108	The Last Mimzy		tt0768212	Adventure,Drama,Action
2007	109	Amazing Grace		tt0454776	Drama,Biography,History
2007	110	The Hills Have Eyes 2		tt0800069	Horror,Thriller
2007	111	The Invisible		tt0435670	Crime,Drama,Fantasy
2007	112	Reno 911!: Miami		tt0499554	Crime,Comedy
2007	113	Gone Baby Gone		tt0452623	Crime,Drama,Mystery
2007	114	Reign Over Me		tt0490204	Drama
2007	115	Vacancy		tt0452702	Horror,Thriller
2007	116	Georgia Rule		tt0791304	Drama,Comedy
2007	117	Waitress		tt0473308	Drama,Romance,Comedy
2007	118	The Water Horse		tt0760329	Adventure,Family,Fantasy
2007	119	Becoming Jane		tt0416508	Drama,Biography,Romance
2007	120	Eragon	eragon_tt0449010	tt0449010	Adventure,Family,Action
2007	121	We Are Marshall		tt0758794	Drama,Sport
2007	122	Next		tt0435705	Sci-Fi,Action,Thriller
2007	123	Hostel: Part II		tt0498353	Horror
2007	124	Eastern Promises	eastern.promise_tt0765443	tt0765443	Crime,Drama,Thriller
2007	125	Into the Wild	into.the.wild_tt0758758	tt0758758	Adventure,Biography,Drama
2007	126	Notes on a Scandal		tt0465551	Crime,Drama,Romance
2007	127	Dead Silence		tt0455760	Thriller,Horror,Mystery
2007	128	The Hitcher		tt0455960	Crime,Thriller
2007	129	Elizabeth: The Golden Age		tt0414055	Drama,Biography,History
2007	130	Happily N'Ever After		tt0308353	Adventure,Animation,Comedy
2007	131	Catch and Release		tt0395495	Drama,Romance,Comedy
2007	132	Alpha Dog		tt0426883	Crime,Biography,Drama
2007	133	Arthur and the Invisibles		tt0344854	Adventure,Animation,Comedy
2007	134	The Invasion		tt0427392	Sci-Fi,Thriller
2007	135	Lions for Lambs		tt0891527	Crime,Drama,Mystery
2007	136	The Great Debaters	great.debaters_tt0427309	tt0427309	Drama,Biography,Romance
2007	137	The Nightmare Before Christmas2008 3D Release	nightmare.befor_tt0107688	tt0107688	Adventure,Family,Animation
2007	138	Babel	babel_tt0449467	tt0449467	Drama
2007	139	Awake		tt0211933	Crime,Drama,Mystery
2007	140	The Last King of Scotland	last.king.of.sc_tt0455590	tt0455590	Drama,Biography,History
2007	141	Hot Rod		tt0787475	Sport,Comedy
2007	142	Firehouse Dog		tt0476995	Family,Action,Comedy
2007	143	Casino Royale	casino_royale	tt0381061	Adventure,Action,Thriller
2007	144	The Namesake		tt0433416	Drama
2007	145	Letters from Iwo Jima	letters.from.iw_tt0498380	tt0498380	Adventure,Drama,Action
2007	146	The Comebacks		tt0790804	Sport,Comedy
2007	147	Daddy Day Camp		tt0462244	Family,Comedy
2007	148	The Holiday	holiday_tt0457939	tt0457939	Romance,Comedy
2007	149	Walk Hard: The Dewey Cox Story		tt0841046	Music,Comedy
2007	150	Shoot 'Em Up		tt0465602	Action,Thriller,Comedy
2007	151	I Think I Love My Wife		tt0770772	Drama,Romance,Comedy
2007	152	Evening		tt0765447	Drama,Romance
2007	153	Atonement	atonement_tt0783233	tt0783233	Drama,Mystery,Romance
2007	154	The Departed	departed	tt0407887	Crime,Drama,Thriller
2007	155	Deep Sea		tt0424942	Short,Documentary
2007	156	Sydney White		tt0815244	Drama,Romance,Comedy
2007	157	The Darjeeling Limited	darjeeling.limi_tt0838221	tt0838221	Adventure,Drama,Comedy
2007	158	The Lives of Others	lives.of.others_tt0405094	tt0405094	Drama,Thriller,Mystery
2007	159	In the Land of Women		tt0419843	Drama,Romance,Comedy
2007	160	The Astronaut Farmer		tt0469263	Adventure,Drama,Sci-Fi
2007	161	Dragon Wars: D-War		tt0372873	Drama,Action,Fantasy
2007	162	Primeval		tt0772193	Adventure,Crime,Action
2007	163	La Vie En Rose		tt0450188	Drama,Biography,Music
2007	164	Pathfinder		tt0446013	Adventure,Drama,Action
2007	165	Bratz		tt0804452	Music,Family,Comedy
2007	166	Rendition		tt0804522	Drama,Thriller
2007	167	Death Sentence		tt0804461	Crime,Action,Thriller
2007	168	Once		tt0907657	Drama,Musical,Music
2007	169	Black Snake Moan		tt0462200	Drama,Music
2007	170	A Mighty Heart		tt0829459	Drama,Biography,History
2007	171	The Seeker: The Dark Is Rising		tt0484562	Adventure,Drama,Family
2007	172	Death at a Funeral	death.at.a.fune_tt0795368	tt0795368	Comedy
2007	173	Apocalypto	apocalypto_tt0472043	tt0472043	Adventure,Drama,Action
2007	174	Code Name: The Cleaner		tt0462229	Crime,Action,Comedy
2007	175	Delta Farce		tt0800003	Adventure,Action,Comedy
2007	176	Space Station 3D		tt0290296	Documentary
2007	177	Volver	volver_tt0441909	tt0441909	Drama,Comedy
2007	178	Bella		tt0482463	Drama,Romance
2007	179	The Painted Veil		tt0446755	Drama,Romance
2007	180	El cantante		tt0458522	Drama,Biography,Music
2007	181	Martian Child		tt0415965	Drama,Family,Comedy
2007	182	I Know Who Killed Me		tt0897361	Thriller,Horror,Mystery
2007	183	The Condemned		tt0443473	Crime,Action,Thriller
2007	184	The Hoax		tt0462338	Drama,Biography,Comedy
2007	185	Pride		tt0475355	Drama,Sport
2007	186	Bug		tt0470705	Drama,Horror,Thriller
2007	187	Redline		tt0780595	Action
2007	188	In the Valley of Elah		tt0478134	Crime,Drama,Mystery
2007	189	Before the Devil Knows You're Dead	before.the.devi_tt0292963	tt0292963	Crime,Drama,Thriller
2007	190	The Last Legion		tt0462396	Adventure,Action,History
2007	191	Feel the Noise		tt0756703	Drama,Music
2007	192	The Kite Runner	kite.runner_tt0419887	tt0419887	Drama
2007	193	Sea Monsters: A Prehistoric Adventure		tt1027743	Adventure,Animation,Documentary
2007	194	Lucky You		tt0338216	Drama,Sport,Romance
2007	195	Who's Your Caddy?		tt0785077	Sport,Comedy
2007	196	Lars and the Real Girl		tt0805564	Drama,Romance,Comedy
2007	197	Magnificent Desolation: Walking on the Moon		tt0401623	Short,Animation,Documentary
2007	198	Aqua Teen Hunger Force Colon Movie Film for Theaters		tt0455326	Adventure,Action,Animation
2007	199	Rescue Dawn		tt0462504	Adventure,Biography,War
2007	200	The Perfect Holiday		tt0841032	Family,Fantasy,Comedy
2008	1	The Dark Knight	dark_knight	tt0468569	Crime,Drama,Action
2008	2	Iron Man	iron_man	tt0371746	Adventure,Sci-Fi,Action
2008	3	Indiana Jones and the Kingdom of the Crystal Skull	indiana_jones_crystal_skull	tt0367882	Adventure,Action
2008	4	Hancock	hancock	tt0448157	Drama,Action,Comedy
2008	5	WALL·E	walle_tt0910970	tt0910970	Adventure,Family,Animation
2008	6	Kung Fu Panda	kung.fu.panda_tt0441773	tt0441773	Adventure,Action,Animation
2008	7	Madagascar: Escape 2 Africa	madagascar.esca_tt0479952	tt0479952	Adventure,Animation,Comedy
2008	8	Twilight	twilight	tt1099212	Drama,Romance,Fantasy
2008	9	Quantum of Solace	quantum_of_solace	tt0830515	Adventure,Action,Mystery
2008	10	Horton Hears a Who!	horton.hears.a._tt0451079	tt0451079	Adventure,Animation,Comedy
2008	11	Sex and the City	sex_and_the_city	tt1000774	Drama,Romance,Comedy
2008	12	Mamma Mia!	mamma_mia	tt0795421	Musical,Romance,Comedy
2008	13	The Chronicles of Narnia: Prince Caspian	chronicles_of_narnia_prince_caspian	tt0499448	Adventure,Family,Action
2008	14	The Incredible Hulk	hulk	tt0800080	Adventure,Sci-Fi,Action
2008	15	Wanted	wanted_fs	tt0493464	Crime,Action,Thriller
2008	16	Get Smart	get_smart_fs	tt0425061	Adventure,Action,Comedy
2008	17	Juno	juno	tt0467406	Drama,Comedy
2008	18	Four Christmases	four_christmases	tt0369436	Drama,Romance,Comedy
2008	19	Tropic Thunder	tropic_thunder	tt0942385	War,Action,Comedy
2008	20	Bolt	bolt_tt0397892	tt0397892	Adventure,Animation,Comedy
2008	21	The Mummy: Tomb of the Dragon Emperor	mummy_tomb_of_the_dragon_emperor	tt0859163	Adventure,Action,Fantasy
2008	22	Journey to the Center of the Earth	journey_to_the_center_of_the_earth	tt0373051	Adventure,Family,Action
2008	23	Eagle Eye	eagle_eye	tt1059786	Thriller,Action,Mystery
2008	24	Step Brothers	step_brothers	tt0838283	Comedy
2008	25	You Don't Mess with the Zohan	zohan	tt0960144	Action,Comedy
2008	26	10,000 BC	bc_10000	tt0443649	Adventure,Drama,Action
2008	27	Beverly Hills Chihuahua	beverly_hills_chihuahua	tt1014775	Adventure,Drama,Comedy
2008	28	The Bucket List	bucket_list	tt0825232	Adventure,Drama,Comedy
2008	29	High School Musical 3: Senior Year	high_school_musical_3	tt0962726	Drama,Family,Comedy
2008	30	Pineapple Express	pineapple_express	tt0910936	Crime,Action,Comedy
2008	31	National Treasure: Book of Secrets	national_treasure_2	tt0465234	Adventure,Action,Mystery
2008	32	21	21_tt0478087	tt0478087	Crime,Drama,Thriller
2008	33	What Happens in Vegas	what.happens.in_tt1033643	tt1033643	Romance,Comedy
2008	34	Jumper	jumper_tt0489099	tt0489099	Adventure,Sci-Fi,Action
2008	35	Cloverfield	cloverfield_tt1060277	tt1060277	Sci-Fi,Action,Horror
2008	36	27 Dresses	27.dresses_tt0988595	tt0988595	Romance,Comedy
2008	37	Hellboy II: The Golden Army	hellboy.ii.the._tt0411477	tt0411477	Adventure,Action,Fantasy
2008	38	Marley & Me	marley..me_tt0822832	tt0822832	Drama,Family
2008	39	Vantage Point	vantage.point_tt0443274	tt0443274	Drama,Action,Thriller
2008	40	The Spiderwick Chronicles	spiderwick.chro_tt0416236	tt0416236	Adventure,Drama,Action
2008	41	Alvin and the Chipmunks	alvin.and.the.c_tt0952640	tt0952640	Adventure,Animation,Comedy
2008	42	Fool's Gold	fools.gold_tt0770752	tt0770752	Adventure,Action,Comedy
2008	43	The Day the Earth Stood Still	day.the.earth.s_tt0970416	tt0970416	Adventure,Drama,Sci-Fi
2008	44	Role Models	role.models_tt0430922	tt0430922	Comedy
2008	45	Hannah Montana and Miley Cyrus: Best of Both Worlds Concert	hannah.montana._tt1127884	tt1127884	Music,Documentary
2008	46	The Happening	happening_tt0949731	tt0949731	Adventure,Drama,Sci-Fi
2008	47	Forgetting Sarah Marshall	forgetting.sara_tt0800039	tt0800039	Drama,Romance,Comedy
2008	48	Baby Mama	baby.mama_tt0871426	tt0871426	Romance,Comedy
2008	49	Burn After Reading	burn.after.read_tt0887883	tt0887883	Crime,Drama,Comedy
2008	50	Yes Man	yes.man_tt1068680	tt1068680	Romance,Comedy
2008	51	Step Up 2 the Streets	step.up.2.the.s_tt1023481	tt1023481	Drama,Romance,Music
2008	52	I Am Legend	i_am_legend	tt0480249	Drama,Sci-Fi,Horror
2008	53	Saw V	saw.v_tt1132626	tt1132626	Horror,Thriller
2008	54	Bedtime Stories	bedtime.stories_tt0960731	tt0960731	Adventure,Family,Comedy
2008	55	The Curious Case of Benjamin Button	curious.case.of_tt0421715	tt0421715	Drama,Romance,Fantasy
2008	56	The Strangers	strangers_tt0482606	tt0482606	Thriller,Horror,Mystery
2008	57	The Forbidden Kingdom	forbidden.kingd_tt0865556	tt0865556	Adventure,Action,Fantasy
2008	58	The House Bunny		tt0852713	Comedy
2008	59	Nim's Island		tt0410377	Adventure,Family,Fantasy
2008	60	Made of Honor		tt0866439	Romance,Comedy
2008	61	Seven Pounds	seven.pounds_tt0814314	tt0814314	Drama,Thriller,Mystery
2008	62	College Road Trip		tt0997047	Adventure,Drama,Comedy
2008	63	Australia		tt0455824	Adventure,Drama,Romance
2008	64	The Sisterhood of the Traveling Pants 2		tt1018785	Drama,Romance,Comedy
2008	65	Speed Racer		tt0811080	Adventure,Action,Comedy
2008	66	Prom Night		tt0926129	Horror
2008	67	Rambo		tt0462499	Action,Thriller
2008	68	Welcome Home, Roscoe Jenkins		tt0494652	Romance,Comedy
2008	69	Meet the Browns		tt1047494	Drama,Romance,Comedy
2008	70	Nights in Rodanthe	nights.in.rodan_tt0956038	tt0956038	Drama,Romance
2008	71	Valkyrie	valkyrie_tt0985699	tt0985699	Drama,Thriller,History
2008	72	Max Payne		tt0467197	Crime,Drama,Action
2008	73	Righteous Kill		tt1034331	Crime,Thriller,Mystery
2008	74	There Will Be Blood	there.will.be.b_tt0469494	tt0469494	Drama
2008	75	Lakeview Terrace		tt0947802	Crime,Drama,Thriller
2008	76	Body of Lies	body.of.lies_tt0758774	tt0758774	Drama,Action,Thriller
2008	77	Atonement	atonement_tt0783233	tt0783233	Drama,Mystery,Romance
2008	78	Meet the Spartans		tt1073498	Fantasy,Comedy
2008	79	Harold & Kumar Escape from Guantanamo Bay		tt0481536	Adventure,Comedy
2008	80	First Sunday		tt0486578	Crime,Drama,Comedy
2008	81	The Secret Life of Bees		tt0416212	Drama
2008	82	The Family That Preys		tt1142798	Drama
2008	83	Death Race	death.race_tt0452608	tt0452608	Sci-Fi,Action,Thriller
2008	84	Changeling	changeling_tt0824747	tt0824747	Crime,Biography,Drama
2008	85	Star Wars: The Clone Wars		tt1185834	Adventure,Action,Animation
2008	86	The Tale of Despereaux		tt0420238	Adventure,Animation,Comedy
2008	87	Semi-Pro		tt0839980	Sport,Comedy
2008	88	Fireproof		tt1129423	Drama,Romance
2008	89	Drillbit Taylor		tt0817538	Crime,Action,Comedy
2008	90	No Country for Old Men	no.country.for._tt0477348	tt0477348	Crime,Drama,Thriller
2008	91	Definitely, Maybe		tt0832266	Drama,Romance,Comedy
2008	92	The Love Guru		tt0811138	Romance,Sport,Comedy
2008	93	Quarantine		tt1082868	Sci-Fi,Horror,Thriller
2008	94	Transporter 3		tt1129442	Action,Thriller
2008	95	Nick and Norah's Infinite Playlist		tt0981227	Drama,Music,Comedy
2008	96	The Eye		tt0406759	Horror,Mystery
2008	97	Leatherheads		tt0379865	Drama,Romance,Comedy
2008	98	Zack and Miri Make a Porno		tt1007028	Romance,Comedy
2008	99	Mirrors		tt0790686	Horror,Mystery
2008	100	Space Chimps		tt0482603	Adventure,Animation,Comedy
2008	101	The Bank Job		tt0200465	Crime,Thriller
2008	102	Untraceable		tt0880578	Crime,Thriller,Mystery
2008	103	P.S. I Love You		tt0431308	Drama,Romance,Comedy
2008	104	Charlie Wilson's War	charlie.wilsons_tt0472062	tt0472062	Drama,Biography,Comedy
2008	105	The Women		tt0430770	Drama,Comedy
2008	106	One Missed Call		tt0479968	Horror,Mystery
2008	107	The Other Boleyn Girl		tt0467200	Drama,Biography,History
2008	108	Street Kings		tt0421073	Crime,Action,Thriller
2008	109	Shutter		tt0482599	Thriller,Horror,Mystery
2008	110	Superhero Movie		tt0426592	Sci-Fi,Action,Comedy
2008	111	W.		tt1175491	Drama,Biography,Comedy
2008	112	Never Back Down		tt1023111	Drama,Action,Sport
2008	113	Sweeney Todd: The Demon Barber of Fleet Street	sweeney.todd.th_tt0408236	tt0408236	Drama,Horror,Musical
2008	114	Traitor		tt0988047	Crime,Drama,Action
2008	115	Vicky Cristina Barcelona	vicky.cristina._tt0497465	tt0497465	Drama,Romance,Comedy
2008	116	Babylon A.D.		tt0364970	Adventure,Sci-Fi,Action
2008	117	Slumdog Millionaire	slumdog.million_tt1010048	tt1010048	Crime,Drama,Romance
2008	118	The Water Horse		tt0760329	Adventure,Family,Fantasy
2008	119	The X Files: I Want to Believe		tt0443701	Adventure,Crime,Drama
2008	120	Mad Money		tt0951216	Crime,Thriller,Comedy
2008	121	Appaloosa		tt0800308	Crime,Drama,Romance
2008	122	Igor		tt0465502	Family,Animation,Comedy
2008	123	My Best Friend's Girl		tt1046163	Romance,Comedy
2008	124	Kit Kittredge: An American Girl		tt0846308	Drama,Family,Comedy
2008	125	The Ruins		tt0963794	Adventure,Horror,Thriller
2008	126	88 Minutes		tt0411061	Crime,Drama,Mystery
2008	127	Swing Vote		tt1027862	Drama,Comedy
2008	128	Pride and Glory		tt0482572	Crime,Drama,Thriller
2008	129	Enchanted	enchanted_tt0461770	tt0461770	Adventure,Animation,Comedy
2008	130	The Great Debaters	great.debaters_tt0427309	tt0427309	Drama,Biography,Romance
2008	131	Bangkok Dangerous		tt0814022	Crime,Action,Thriller
2008	132	Milk	milk_tt1013753	tt1013753	Drama,Biography,History
2008	133	Sea Monsters: A Prehistoric Adventure		tt1027743	Adventure,Animation,Documentary
2008	134	Disaster Movie		tt1213644	Sci-Fi,Comedy
2008	135	The Duchess		tt0864761	Drama,Biography,History
2008	136	Aliens vs. Predator: Requiem		tt0758730	Sci-Fi,Action,Horror
2008	137	The Haunting of Molly Hartley		tt1045655	Drama,Horror,Thriller
2008	138	Ghost Town		tt0995039	Drama,Fantasy,Comedy
2008	139	The Spirit		tt0831887	Crime,Action,Fantasy
2008	140	Religulous		tt0815241	Documentary,War,Comedy
2008	141	The Pirates Who Don't Do Anything: A VeggieTales Movie		tt0475998	Adventure,Animation,Comedy
2008	142	Under the Same Moon		tt0796307	Adventure,Drama
2008	143	Fly Me to the Moon 3D		tt0486321	Adventure,Family,Animation
2008	144	Miss Pettigrew Lives for a Day		tt0970468	Romance,Comedy
2008	145	Soul Men		tt1111948	Drama,Music,Comedy
2008	146	Doubt		tt0918927	Drama,Mystery
2008	147	Meet Dave		tt0765476	Adventure,Family,Comedy
2008	148	The Longshots		tt1091751	Drama,Biography,Comedy
2008	149	Be Kind Rewind		tt0799934	Comedy
2008	150	Doomsday		tt0483607	Sci-Fi,Action,Thriller
2008	151	Stop-Loss		tt0489281	Drama,War
2008	152	The Golden Compass	golden.compass_tt0385752	tt0385752	Adventure,Family,Fantasy
2008	153	Rachel Getting Married		tt1084950	Drama,Romance
2008	154	Penelope		tt0472160	Romance,Fantasy,Comedy
2008	155	The Kite Runner	kite.runner_tt0419887	tt0419887	Drama
2008	156	Michael Clayton	michael.clayton_tt0465538	tt0465538	Crime,Drama,Mystery
2008	157	The Express		tt0469903	Drama,Biography,Sport
2008	158	U2 3D		tt0892375	Music,Documentary
2008	159	Smart People		tt0858479	Drama,Romance,Comedy
2008	160	The Visitor		tt0857191	Drama
2008	161	The Boy in the Striped Pajamas		tt0914798	Drama,War
2008	162	Sex Drive		tt1135985	Romance,Comedy
2008	163	Punisher: War Zone		tt0450314	Crime,Drama,Action
2008	164	Miracle at St. Anna		tt1046997	Drama,War,Action
2008	165	City of Ember		tt0970411	Adventure,Drama,Family
2008	166	Cadillac Records		tt1042877	Drama,Biography,Music
2008	167	In Bruges	in.bruges_tt0780536	tt0780536	Crime,Drama,Comedy
2008	168	Expelled: No Intelligence Allowed		tt1091617	Documentary
2008	169	Over Her Dead Body		tt0785007	Romance,Fantasy,Comedy
2008	170	Nothing Like the Holidays		tt1151915	Drama,Romance,Comedy
2008	171	How She Move		tt0770810	Drama
2008	172	An American Carol		tt1190617	Fantasy,Comedy
2008	173	The Orphanage		tt0464141	Drama,Horror,Mystery
2008	174	Strange Wilderness		tt0489282	Adventure,Comedy
2008	175	Brideshead Revisited		tt0412536	Drama,Romance
2008	176	The Rocker		tt1031969	Music,Comedy
2008	177	Tell No One		tt0362225	Crime,Drama,Mystery
2008	178	Run Fatboy Run		tt0425413	Romance,Sport,Comedy
2008	179	Gran Torino	gran_torino	tt1205489	Drama
2008	180	Mongol: The Rise of Genghis Khan	mongol.the.rise_tt0416044	tt0416044	Drama,Biography,Action
2008	181	RocknRolla		tt1032755	Crime,Action,Thriller
2008	182	Shine a Light		tt0893382	Music,Biography,Documentary
2008	183	The Counterfeiters	counterfeiters_tt0813547	tt0813547	Crime,Drama,History
2008	184	Walk Hard: The Dewey Cox Story		tt0841046	Music,Comedy
2008	185	Dolphins and Whales 3D: Tribes of the Ocean		tt0996382	Adventure,Short,Documentary
2008	186	The Diving Bell and the Butterfly	diving.bell.and_tt0401383	tt0401383	Drama,Biography
2008	187	Hamlet 2		tt1104733	Music,Comedy
2008	188	Magnificent Desolation: Walking on the Moon		tt0401623	Short,Animation,Documentary
2008	189	The Savages		tt0775529	Drama,Comedy
2008	190	In the Name of the King: A Dungeon Siege Tale		tt0460780	Adventure,Action,Fantasy
2008	191	College		tt0844671	Comedy
2008	192	Deception		tt0800240	Crime,Drama,Mystery
2008	193	Flash of Genius		tt1054588	Drama,Biography
2008	194	Space Station 3D		tt0290296	Documentary
2008	195	Frost/Nixon	frostnixon_tt0870111	tt0870111	Drama,Biography,History
2008	196	Persepolis	persepolis_tt0808417	tt0808417	Drama,Biography,Animation
2008	197	Witless Protection		tt1001562	Crime,Comedy
2008	198	Bottle Shock		tt0914797	Drama,Comedy
2008	199	Young@Heart		tt1047007	Music,Documentary
2008	200	Charlie Bartlett		tt0423977	Drama,Romance,Comedy
2009	1	Transformers: Revenge of the Fallen	transformers_revenge_of_the_fallen	tt1055369	Adventure,Sci-Fi,Action
2009	2	Harry Potter and the Half-Blood Prince	harry_potter_half_blood_prince	tt0417741	Adventure,Family,Action
2009	3	Up	up_tt1049413	tt1049413	Adventure,Animation,Comedy
2009	4	The Twilight Saga: New Moon	twilight_new_moon	tt1259571	Adventure,Drama,Fantasy
2009	5	Avatar	avatar	tt0499549	Adventure,Action,Fantasy
2009	6	The Hangover	hangover_fs	tt1119646	Comedy
2009	7	Star Trek	star_trek_xi	tt0796366	Adventure,Sci-Fi,Action
2009	8	Monsters vs. Aliens	monsters.vs..al_tt0892782	tt0892782	Adventure,Action,Animation
2009	9	Ice Age: Dawn of the Dinosaurs	ice.age.dawn.of_tt1080016	tt1080016	Adventure,Animation,Comedy
2009	10	The Blind Side	blind_side	tt0878804	Drama,Biography,Sport
2009	11	X-Men Origins: Wolverine	xmen_origins_wolverine	tt0458525	Sci-Fi,Action
2009	12	Night at the Museum: Battle of the Smithsonian	night_at_the_museum_battle_of_the_smithsonian	tt1078912	Adventure,Family,Comedy
2009	13	The Proposal	proposal	tt1041829	Drama,Romance,Comedy
2009	14	2012	2012m	tt1190080	Adventure,Sci-Fi,Action
2009	15	Fast & Furious	fast..furious_tt1013752	tt1013752	Action,Thriller
2009	16	G.I. Joe: The Rise of Cobra	gi_joe_the_rise_of_cobra	tt1046173	Adventure,Sci-Fi,Action
2009	17	Paul Blart: Mall Cop	paul_blart_mall_cop	tt1114740	Crime,Action,Comedy
2009	18	Taken	taken	tt0936501	Crime,Action,Thriller
2009	19	Gran Torino	gran_torino	tt1205489	Drama
2009	20	A Christmas Carol	a.christmas.car_tt1067106	tt1067106	Adventure,Animation,Comedy
2009	21	Angels & Demons	angels_and_demons	tt0808151	Thriller,Mystery
2009	22	Terminator Salvation	terminator_salvation	tt0438488	Adventure,Sci-Fi,Action
2009	23	Cloudy with a Chance of Meatballs	cloudy.with.a.c_tt0844471	tt0844471	Adventure,Animation,Comedy
2009	24	Alvin and the Chipmunks: The Squeakquel	alvin.and.the.c_tt1231580	tt1231580	Adventure,Animation,Comedy
2009	25	Inglourious Basterds	inglourious_basterds	tt0361748	Adventure,Drama,War
2009	26	G-Force	gforce_tt0436339	tt0436339	Adventure,Action,Animation
2009	27	Slumdog Millionaire	slumdog.million_tt1010048	tt1010048	Crime,Drama,Romance
2009	28	District 9	district_9	tt1136608	Sci-Fi,Action,Thriller
2009	29	Couples Retreat	couples_retreat	tt1078940	Comedy
2009	30	Paranormal Activity	paranormal.acti_tt1179904	tt1179904	Horror,Mystery
2009	31	Watchmen	watchmen	tt0409459	Drama,Action,Mystery
2009	32	Sherlock Holmes	sherlock_holmes	tt0988045	Adventure,Action,Mystery
2009	33	Public Enemies	public.enemies_tt1152836	tt1152836	Crime,Biography,Drama
2009	34	Julie & Julia	julie..julia_tt1135503	tt1135503	Drama,Biography,Romance
2009	35	He's Just Not That Into You	hes.just.not.th_tt1001508	tt1001508	Drama,Romance,Comedy
2009	36	Madea Goes to Jail	madea.goes.to.j_tt1142800	tt1142800	Crime,Drama,Comedy
2009	37	The Ugly Truth	ugly.truth_tt1142988	tt1142988	Romance,Comedy
2009	38	Knowing	knowing_tt0448011	tt0448011	Thriller,Sci-Fi,Mystery
2009	39	Hannah Montana: The Movie	hannah.montana._tt1114677	tt1114677	Drama,Family,Comedy
2009	40	Where the Wild Things Are	where.the.wild._tt0386117	tt0386117	Adventure,Drama,Family
2009	41	The Princess and the Frog	princess.and.th_tt0780521	tt0780521	Adventure,Animation,Comedy
2009	42	Zombieland	zombieland_tt1156398	tt1156398	Horror,Action,Comedy
2009	43	Coraline	coraline_tt0327597	tt0327597	Drama,Family,Animation
2009	44	The Curious Case of Benjamin Button	curious.case.of_tt0421715	tt0421715	Drama,Romance,Fantasy
2009	45	Hotel for Dogs	hotel.for.dogs_tt0785006	tt0785006	Family,Comedy
2009	46	Law Abiding Citizen	law.abiding.cit_tt1197624	tt1197624	Crime,Drama,Action
2009	47	This Is It	this.is.it_tt1477715	tt1477715	Music,Documentary
2009	48	I Love You, Man	i.love.you.man_tt1155056	tt1155056	Romance,Comedy
2009	49	Marley & Me	marley..me_tt0822832	tt0822832	Drama,Family
2009	50	Obsessed	obsessed_tt1198138	tt1198138	Drama,Thriller,Romance
2009	51	Race to Witch Mountain	race.to.witch.m_tt1075417	tt1075417	Adventure,Family,Action
2009	52	The Final Destination	final.destinati_tt1144884	tt1144884	Horror,Thriller
2009	53	The Taking of Pelham 123	taking.of.pelha_tt1111422	tt1111422	Crime,Action,Thriller
2009	54	Friday the 13th	suicide.squad_tt6334354	tt6334354	Adventure,Action,Comedy
2009	55	17 Again	17.again_tt0974661	tt0974661	Drama,Fantasy,Comedy
2009	56	The Time Traveler's Wife	time.travelers._tt0452694	tt0452694	Drama,Romance,Fantasy
2009	57	Brüno	brno_tt0889583	tt0889583	Comedy
2009	58	Bride Wars	bride.wars_tt0901476	tt0901476	Romance,Comedy
2009	59	The Haunting in Connecticut	haunting.in.con_tt0492044	tt0492044	Drama,Horror,Mystery
2009	60	Ghosts of Girlfriends Past	ghosts.of.girlf_tt0821640	tt0821640	Romance,Fantasy,Comedy
2009	61	Bedtime Stories	bedtime.stories_tt0960731	tt0960731	Adventure,Family,Comedy
2009	62	Funny People	funny.people_tt1201167	tt1201167	Drama,Comedy
2009	63	I Can Do Bad All by Myself	i.can.do.bad.al_tt1385912	tt1385912	Drama,Comedy
2009	64	My Bloody Valentine		tt1179891	Thriller,Horror,Mystery
2009	65	Land of the Lost	land.of.the.los_tt0457400	tt0457400	Adventure,Action,Comedy
2009	66	My Sister's Keeper		tt1078588	Drama,Family
2009	67	Old Dogs	old.dogs_tt0976238	tt0976238	Family,Comedy
2009	68	Underworld: Rise of the Lycans	underworld.rise_tt0834001	tt0834001	Action,Thriller,Fantasy
2009	69	Confessions of a Shopaholic		tt1093908	Romance,Comedy
2009	70	Year One		tt1045778	Comedy
2009	71	The Unborn		tt1139668	Thriller,Horror,Mystery
2009	72	Precious	precious_tt0929632	tt0929632	Drama
2009	73	Valkyrie	valkyrie_tt0985699	tt0985699	Drama,Thriller,History
2009	74	Drag Me to Hell		tt1127180	Horror
2009	75	Orphan		tt1148204	Thriller,Horror,Mystery
2009	76	Duplicity		tt1135487	Crime,Romance,Comedy
2009	77	It's Complicated	its.complicated_tt1230414	tt1230414	Drama,Romance,Comedy
2009	78	Planet 51	planet.51_tt0762125	tt0762125	Adventure,Animation,Comedy
2009	79	Surrogates		tt0986263	Sci-Fi,Action,Thriller
2009	80	Yes Man	yes.man_tt1068680	tt1068680	Romance,Comedy
2009	81	Ninja Assassin		tt1186367	Action,Thriller
2009	82	State of Play		tt0473705	Crime,Drama,Mystery
2009	83	Notorious		tt0472198	Crime,Biography,Drama
2009	84	The Pink Panther 2		tt0838232	Adventure,Action,Comedy
2009	85	All About Steve		tt0881891	Romance,Comedy
2009	86	Up in the Air	up.in.the.air_tt1193138	tt1193138	Drama,Romance,Comedy
2009	87	Halloween II		tt1311067	Horror
2009	88	The Informant!		tt1130080	Crime,Biography,Comedy
2009	89	The Last House on the Left		tt0844708	Horror,Thriller
2009	90	The Reader	reader_tt0976051	tt0976051	Drama,Mystery,Romance
2009	91	500 Days of Summer	500.days.of.sum_tt1022603	tt1022603	Drama,Romance,Comedy
2009	92	Earth		tt0393597	Documentary
2009	93	The Men Who Stare at Goats		tt1234548	War,Comedy
2009	94	Push		tt0465580	Sci-Fi,Action,Thriller
2009	95	9		tt0472033	Adventure,Action,Animation
2009	96	The Soloist		tt0821642	Drama,Biography,Music
2009	97	Toy Story2009 Re-release	toy.story_tt0114709	tt0114709	Adventure,Animation,Comedy
2009	98	The Stepfather		tt0814335	Thriller,Mystery
2009	99	Defiance		tt1034303	Drama,Action,History
2009	100	The Uninvited		tt0815245	Drama,Horror,Fantasy
2009	101	Saw VI	saw.vi_tt1233227	tt1233227	Thriller,Horror,Mystery
2009	102	Invictus		tt1057500	Drama,Biography,History
2009	103	Brothers		tt0765010	Drama,War,Thriller
2009	104	Dance Flick		tt1153706	Music,Action,Comedy
2009	105	The International	international_tt0963178	tt0963178	Crime,Drama,Action
2009	106	The Fourth Kind	fourth.kind_tt1220198	tt1220198	Sci-Fi,Horror,Mystery
2009	107	Aliens in the Attic		tt0775552	Adventure,Family,Comedy
2009	108	The Wrestler		tt1125849	Drama,Sport
2009	109	Seven Pounds	seven.pounds_tt0814314	tt0814314	Drama,Thriller,Mystery
2009	110	Observe and Report		tt1197628	Crime,Action,Comedy
2009	111	Fighting	fighting_tt1082601	tt1082601	Crime,Drama,Action
2009	112	Love Happens		tt0899106	Drama,Romance
2009	113	Revolutionary Road	revolutionary.r_tt0959337	tt0959337	Drama,Romance
2009	114	Fame		tt1016075	Drama,Musical,Romance
2009	115	Twilight	twilight	tt1099212	Drama,Romance,Fantasy
2009	116	Doubt		tt0918927	Drama,Mystery
2009	117	Shorts		tt1100119	Adventure,Family,Comedy
2009	118	Gamer	gamer_tt1034032	tt1034032	Sci-Fi,Action,Thriller
2009	119	Did You Hear About the Morgans?	did.you.hear.ab_tt1314228	tt1314228	Drama,Romance,Comedy
2009	120	Astro Boy		tt0375568	Adventure,Action,Animation
2009	121	Under the Sea 3D		tt1020876	Short,Documentary
2009	122	Jonas Brothers: The 3D Concert Experience		tt1229827	Music,Biography,Documentary
2009	123	Fantastic Mr. Fox	fantastic.mr..f_tt0432283	tt0432283	Adventure,Animation,Comedy
2009	124	The Invention of Lying		tt1058017	Romance,Fantasy,Comedy
2009	125	Inkheart		tt0494238	Adventure,Family,Fantasy
2009	126	Milk	milk_tt1013753	tt1013753	Drama,Biography,History
2009	127	Fired Up!		tt1083456	Sport,Comedy
2009	128	The Tale of Despereaux		tt0420238	Adventure,Animation,Comedy
2009	129	New in Town		tt1095174	Romance,Comedy
2009	130	Jennifer's Body		tt1131734	Horror,Comedy
2009	131	Imagine That		tt0780567	Drama,Family,Comedy
2009	132	Adventureland	adventureland_tt1091722	tt1091722	Drama,Romance,Comedy
2009	133	A Perfect Getaway		tt0971209	Drama,Thriller,Mystery
2009	134	Armored		tt0913354	Crime,Action,Mystery
2009	135	The Goods: Live Hard, Sell Hard		tt1092633	Comedy
2009	136	Ponyo		tt0876563	Adventure,Animation,Comedy
2009	137	The Box		tt0362478	Drama,Thriller,Mystery
2009	138	I Love You, Beth Cooper		tt1032815	Adventure,Family,Comedy
2009	139	Last Chance Harvey		tt1046947	Drama,Romance
2009	140	Capitalism: A Love Story	capitalism.a.lo_tt1232207	tt1232207	Crime,History,Documentary
2009	141	Frost/Nixon	frostnixon_tt0870111	tt0870111	Drama,Biography,History
2009	142	Amelia		tt1129445	Adventure,Biography,Drama
2009	143	Cirque du Freak: The Vampire's Assistant		tt0450405	Adventure,Action,Fantasy
2009	144	Crank: High Voltage		tt1121931	Action,Thriller
2009	145	Whip It		tt1172233	Drama,Sport
2009	146	The Hurt Locker	hurt.locker_tt0887912	tt0887912	Drama,War,Thriller
2009	147	12 Rounds		tt1160368	Crime,Action,Thriller
2009	148	The Day the Earth Stood Still	day.the.earth.s_tt0970416	tt0970416	Adventure,Drama,Sci-Fi
2009	149	Sunshine Cleaning		tt0862846	Drama,Comedy
2009	150	Sorority Row		tt1232783	Horror,Mystery
2009	151	Extract		tt1225822	Crime,Romance,Comedy
2009	152	Not Easily Broken		tt0795438	Drama,Romance
2009	153	Pandorum		tt1188729	Action,Mystery,Horror
2009	154	Whiteout		tt0365929	Crime,Action,Mystery
2009	155	Next Day Air		tt1097013	Crime,Action,Comedy
2009	156	Nine	nine_tt0875034	tt0875034	Drama,Musical,Romance
2009	157	The Boondock Saints II: All Saints Day		tt1300851	Crime,Action,Thriller
2009	158	Away We Go		tt1176740	Drama,Romance,Comedy
2009	159	Dragonball Evolution		tt1098327	Adventure,Action,Fantasy
2009	160	Everybody's Fine		tt0780511	Adventure,Drama
2009	161	A Serious Man	a.serious.man_tt1019452	tt1019452	Drama,Comedy
2009	162	Street Fighter: The Legend of Chun-Li		tt0891592	Crime,Action,Fantasy
2009	163	Bolt	bolt_tt0397892	tt0397892	Adventure,Animation,Comedy
2009	164	My Life in Ruins		tt0865559	Romance,Comedy
2009	165	The Boat That Rocked		tt1131729	Drama,Music,Comedy
2009	166	The Collector		tt0844479	Horror,Thriller
2009	167	An Education	an.education_tt1174732	tt1174732	Drama
2009	168	Taking Woodstock		tt1127896	Drama,Biography,Comedy
2009	169	The Spirit		tt0831887	Crime,Action,Fantasy
2009	170	Post Grad		tt1142433	Romance,Family,Comedy
2009	171	The Road	road_tt0898367	tt0898367	Drama,Thriller
2009	172	Four Christmases	four_christmases	tt0369436	Drama,Romance,Comedy
2009	173	Coco Before Chanel		tt1035736	Drama,Biography
2009	174	Whatever Works		tt1178663	Romance,Comedy
2009	175	Bandslam		tt0976222	Drama,Family,Comedy
2009	176	Moon		tt1182345	Drama,Sci-Fi,Mystery
2009	177	Miss March		tt1151922	Romance,Comedy
2009	178	Magnificent Desolation: Walking on the Moon		tt0401623	Short,Animation,Documentary
2009	179	Bright Star		tt0810784	Drama,Biography,Romance
2009	180	Australia		tt0455824	Adventure,Drama,Romance
2009	181	Food, Inc.		tt1286537	News,Documentary
2009	182	Madagascar: Escape 2 Africa	madagascar.esca_tt0479952	tt0479952	Adventure,Animation,Comedy
2009	183	Good Hair	good.hair_tt1213585	tt1213585	Documentary,Comedy
2009	184	The September Issue	september.issue_tt1331025	tt1331025	Documentary
2009	185	The Class	class_tt1068646	tt1068646	Drama
2009	186	The Brothers Bloom		tt0844286	Adventure,Action,Comedy
2009	187	Space Station 3D		tt0290296	Documentary
2009	188	3 Idiots		tt1187043	Drama,Comedy
2009	189	Two Lovers		tt1103275	Drama,Romance
2009	190	Quantum of Solace	quantum_of_solace	tt0830515	Adventure,Action,Mystery
2009	191	Chéri		tt1179258	Drama,Romance,Comedy
2009	192	Rachel Getting Married		tt1084950	Drama,Romance
2009	193	Easy Virtue		tt0808244	Romance,Comedy
2009	194	Sin Nombre	sin.nombre_tt1127715	tt1127715	Adventure,Crime,Drama
2009	195	My One and Only		tt1185431	Adventure,Biography,Comedy
2009	196	Love Aaj Kal		tt1275863	Drama,Romance,Comedy
2009	197	The Dark Knight	dark_knight	tt0468569	Crime,Drama,Action
2009	198	In the Loop		tt1226774	Comedy
2009	199	Sea Monsters: A Prehistoric Adventure		tt1027743	Adventure,Animation,Documentary
2009	200	Adam		tt1185836	Drama,Romance,Comedy
2010	1	Avatar	avatar	tt0499549	Adventure,Action,Fantasy
2010	2	Toy Story 3	toy.story.3_tt0435761	tt0435761	Adventure,Animation,Comedy
2010	3	Alice in Wonderland	alice_in_wonderland	tt1014759	Adventure,Family,Fantasy
2010	4	Iron Man 2	iron_man_2	tt1228705	Sci-Fi,Action
2010	5	The Twilight Saga: Eclipse	twilight_eclipse	tt1325004	Adventure,Drama,Action
2010	6	Inception	inception	tt1375666	Adventure,Sci-Fi,Action
2010	7	Harry Potter and the Deathly Hallows: Part 1	harry_potter_deathly_hallows_1	tt0926084	Adventure,Family,Fantasy
2010	8	Despicable Me	despicable.me_tt1323594	tt1323594	Adventure,Animation,Comedy
2010	9	Shrek Forever After	shrek.forever.a_tt0892791	tt0892791	Adventure,Animation,Comedy
2010	10	How to Train Your Dragon	how.to.train.yo_tt0892769	tt0892769	Adventure,Action,Animation
2010	11	The Karate Kid	karate_kid_2010	tt1155076	Drama,Family,Action
2010	12	Clash of the Titans	clash_of_the_titans	tt0800320	Adventure,Action,Fantasy
2010	13	Grown Ups	grown_ups	tt1375670	Comedy
2010	14	Tangled	tangled_tt0398286	tt0398286	Adventure,Animation,Comedy
2010	15	Megamind	megamind_tt1001526	tt1001526	Adventure,Action,Animation
2010	16	The Last Airbender	last_airbender	tt0938283	Adventure,Family,Action
2010	17	Shutter Island	shutter_island	tt1130884	Drama,Thriller,Mystery
2010	18	The Other Guys	other_guys	tt1386588	Crime,Action,Comedy
2010	19	Salt	salt	tt0944835	Action,Thriller
2010	20	Tron: Legacy	tron_legacy	tt1104001	Adventure,Sci-Fi,Action
2010	21	Jackass 3D	jackass.3d_tt1116184	tt1116184	Documentary,Action,Comedy
2010	22	Valentine's Day	valentines_day	tt0817230	Romance,Comedy
2010	23	Sherlock Holmes	sherlock_holmes	tt0988045	Adventure,Action,Mystery
2010	24	Robin Hood	robin_hood	tt0955308	Adventure,Drama,Action
2010	25	The Expendables	expendables	tt1320253	Adventure,Action,Thriller
2010	26	Due Date	due_date	tt1231583	Drama,Comedy
2010	27	Alvin and the Chipmunks: The Squeakquel	alvin.and.the.c_tt1231580	tt1231580	Adventure,Animation,Comedy
2010	28	Date Night	date_night	tt1279935	Crime,Romance,Comedy
2010	29	Sex and the City 2	sex_and_the_city_2	tt1261945	Drama,Romance,Comedy
2010	30	The Book of Eli	book_of_eli	tt1037705	Adventure,Drama,Action
2010	31	The Social Network	social_network	tt1285016	Drama,Biography
2010	32	The Town	town	tt0840361	Crime,Drama,Thriller
2010	33	Prince of Persia: The Sands of Time	prince_of_persia	tt0473075	Adventure,Action,Fantasy
2010	34	RED	red_tt1245526	tt1245526	Crime,Action,Comedy
2010	35	Percy Jackson & the Olympians: The Lightning Thief	percy.jackson.._tt0814255	tt0814255	Adventure,Family,Fantasy
2010	36	Paranormal Activity 2	paranormal.acti_tt1536044	tt1536044	Horror,Mystery
2010	37	Little Fockers	little.fockers_tt0970866	tt0970866	Romance,Comedy
2010	38	Eat Pray Love	eat.pray.love_tt0879870	tt0879870	Drama,Biography,Comedy
2010	39	The Chronicles of Narnia: The Voyage of the Dawn Treader	chronicles.of.n_tt0980970	tt0980970	Adventure,Family,Fantasy
2010	40	Dear John	dear.john_tt0989757	tt0989757	Drama,War,Romance
2010	41	Unstoppable	unstoppable_tt0477080	tt0477080	Action,Thriller
2010	42	The A-Team	ateam_tt0429493	tt0429493	Adventure,Crime,Action
2010	43	Knight and DayOriginal Release	knight.and.day_tt1013743	tt1013743	Adventure,Action,Comedy
2010	44	Dinner for Schmucks	dinner.for.schm_tt0427152	tt0427152	Comedy
2010	45	It's Complicated	its.complicated_tt1230414	tt1230414	Drama,Romance,Comedy
2010	46	True Grit	true_grit	tt1403865	Drama,Western
2010	47	The Bounty Hunter	bounty.hunter_tt1038919	tt1038919	Romance,Action,Comedy
2010	48	Diary of a Wimpy Kid	diary.of.a.wimp_tt1196141	tt1196141	Drama,Family,Comedy
2010	49	The Sorcerer's Apprentice	sorcerers.appre_tt0963966	tt0963966	Adventure,Family,Action
2010	50	A Nightmare on Elm Street	a.nightmare.on._tt1179056	tt1179056	Crime,Drama,Horror
2010	51	The Last Song	last.song_tt1294226	tt1294226	Drama,Romance,Music
2010	52	The Wolfman	wolfman_tt0780653	tt0780653	Drama,Horror,Fantasy
2010	53	Get Him to the Greek	get.him.to.the._tt1226229	tt1226229	Music,Comedy
2010	54	Resident Evil: Afterlife	resident.evil.a_tt1220634	tt1220634	Sci-Fi,Action,Horror
2010	55	Why Did I Get Married Too?	why.did.i.get.m_tt1391137	tt1391137	Drama,Romance,Comedy
2010	56	Tooth Fairy	tooth.fairy_tt0808510	tt0808510	Family,Fantasy,Comedy
2010	57	The Blind Side	blind_side	tt0878804	Drama,Biography,Sport
2010	58	Secretariat	secretariat_tt1028576	tt1028576	Drama,Biography,Family
2010	59	Easy A	easy.a_tt1282140	tt1282140	Drama,Romance,Comedy
2010	60	Takers		tt1135084	Crime,Drama,Action
2010	61	Yogi Bear		tt1302067	Adventure,Animation,Comedy
2010	62	Legend of the Guardians: The Owls of Ga'Hoole		tt1219342	Adventure,Action,Animation
2010	63	Letters to Juliet		tt0892318	Adventure,Drama,Comedy
2010	64	Life as We Know It		tt1055292	Drama,Romance,Comedy
2010	65	Wall Street: Money Never Sleeps		tt1027718	Drama
2010	66	Predators		tt1424381	Adventure,Sci-Fi,Action
2010	67	Hot Tub Time Machine		tt1231587	Sci-Fi,Comedy
2010	68	Up in the Air	up.in.the.air_tt1193138	tt1193138	Drama,Romance,Comedy
2010	69	The Tourist	tourist_tt1243957	tt1243957	Romance,Action,Thriller
2010	70	Kick-Ass		tt1250777	Crime,Action,Comedy
2010	71	Killers		tt1103153	Romance,Action,Comedy
2010	72	Saw 3D	saw.3d_tt1477076	tt1477076	Horror,Mystery
2010	73	Cop Out		tt1385867	Crime,Action,Comedy
2010	74	The Lovely Bones		tt0380510	Drama,Thriller,Fantasy
2010	75	Cats & Dogs: The Revenge of Kitty Galore		tt1287468	Family,Action,Comedy
2010	76	Edge of Darkness		tt1226273	Adventure,Drama,Action
2010	77	Death at a Funeral		tt1321509	Drama,Comedy
2010	78	Step Up 3D		tt1193631	Drama,Romance,Music
2010	79	The Last Exorcism		tt1320244	Thriller,Horror,Mystery
2010	80	Black Swan	black.swan_tt0947798	tt0947798	Drama,Thriller
2010	81	Legion		tt1038686	Horror,Action,Fantasy
2010	82	The Crazies		tt0455407	Horror
2010	83	The Fighter	fighter_tt0964517	tt0964517	Drama,Biography,Action
2010	84	Crazy Heart		tt1263670	Drama,Romance,Music
2010	85	For Colored Girls		tt1405500	Drama
2010	86	The Back-up Plan		tt1212436	Romance,Comedy
2010	87	Burlesque	burlesque_tt1126591	tt1126591	Drama,Musical,Music
2010	88	Vampires Suck		tt1666186	Horror,Comedy
2010	89	The American	american_tt1440728	tt1440728	Crime,Drama,Thriller
2010	90	Green Zone	green.zone_tt0947810	tt0947810	Drama,Action,Thriller
2010	91	Marmaduke		tt1392197	Family,Comedy
2010	92	Devil		tt1314655	Thriller,Horror,Mystery
2010	93	Hereafter		tt1212419	Drama,Romance,Fantasy
2010	94	When in Rome		tt1185416	Romance,Comedy
2010	95	She's Out of My League		tt0815236	Romance,Comedy
2010	96	Scott Pilgrim vs. the World		tt0446029	Fantasy,Action,Comedy
2010	97	Charlie St. Cloud	charlie.st..clo_tt1438254	tt1438254	Drama,Romance,Fantasy
2010	98	Love & Other Drugs		tt0758752	Drama,Romance,Comedy
2010	99	Morning Glory	morning.glory_tt1126618	tt1126618	Drama,Romance,Comedy
2010	100	Daybreakers		tt0433362	Sci-Fi,Action,Horror
2010	101	Nanny McPhee Returns	nanny.mcphee.re_tt1415283	tt1415283	Family,Fantasy,Comedy
2010	102	The Princess and the Frog	princess.and.th_tt0780521	tt0780521	Adventure,Animation,Comedy
2010	103	The Switch		tt0889573	Drama,Romance,Comedy
2010	104	Brooklyn's Finest		tt1210042	Crime,Drama,Thriller
2010	105	Machete		tt0985694	Crime,Action,Thriller
2010	106	Ramona and Beezus		tt0493949	Drama,Family,Comedy
2010	107	Leap Year	leap.year_tt1216492	tt1216492	Romance,Comedy
2010	108	You Again		tt1414382	Romance,Comedy
2010	109	Alpha and Omega		tt1213012	Adventure,Animation,Comedy
2010	110	Piranha 3D		tt0464154	Horror,Comedy
2010	111	Lottery Ticket		tt0979434	Comedy
2010	112	The Spy Next Door		tt1273678	Family,Action,Comedy
2010	113	From Paris with Love		tt1179034	Crime,Action,Thriller
2010	114	The Losers		tt0480255	Adventure,Action,Comedy
2010	115	Faster		tt1433108	Crime,Drama,Action
2010	116	How Do You Know	how.do.you.know_tt1341188	tt1341188	Drama,Romance,Comedy
2010	117	Just Wright		tt1407061	Romance,Sport,Comedy
2010	118	Skyline	skyline_tt1564585	tt1564585	Sci-Fi,Action,Thriller
2010	119	Gulliver's Travels		tt1320261	Adventure,Family,Comedy
2010	120	The Next Three Days		tt1458175	Crime,Drama,Action
2010	121	The Kids Are All Right	kids.are.all.ri_tt0842926	tt0842926	Drama,Romance,Comedy
2010	122	Our Family Wedding		tt1305583	Romance,Comedy
2010	123	Hubble		tt1433813	Documentary
2010	124	Oceans		tt0765128	Documentary
2010	125	Remember Me		tt1403981	Drama,Romance
2010	126	Going the Distance		tt1322312	Romance,Comedy
2010	127	The King's Speech	kings_speech	tt1504320	Drama,Biography,History
2010	128	Furry Vengeance		tt0492389	Family,Comedy
2010	129	Splice2010 Re-release		tt1017460	Sci-Fi,Horror
2010	130	The Ghost Writer	ghost.writer_tt1139328	tt1139328	Crime,Drama,Mystery
2010	131	Youth in Revolt		tt0403702	Drama,Romance,Comedy
2010	132	My Soul to Take	my.soul.to.take_tt0872230	tt0872230	Thriller,Horror,Mystery
2010	133	Repo Men	repo.men_tt1053424	tt1053424	Sci-Fi,Action,Thriller
2010	134	Case 39	case.39_tt0795351	tt0795351	Thriller,Horror,Mystery
2010	135	Let Me In		tt1228987	Drama,Horror,Fantasy
2010	136	The Twilight Saga: New Moon	twilight_new_moon	tt1259571	Adventure,Drama,Fantasy
2010	137	Extraordinary Measures		tt1244659	Drama
2010	138	Invictus		tt1057500	Drama,Biography,History
2010	139	Avatar2010 Special Edition	avatar	tt0499549	Adventure,Action,Fantasy
2010	140	Jonah Hex		tt1075747	Drama,Action,Fantasy
2010	141	127 Hours	127.hours_tt1542344	tt1542344	Drama,Biography
2010	142	The Girl with the Dragon Tattoo		tt1132620	Crime,Drama,Mystery
2010	143	Nine	nine_tt0875034	tt0875034	Drama,Musical,Romance
2010	144	Did You Hear About the Morgans?	did.you.hear.ab_tt1314228	tt1314228	Drama,Romance,Comedy
2010	145	Get Low		tt1194263	Drama,Mystery
2010	146	Fair Game	fair.game_tt0977855	tt0977855	Drama,Biography,Thriller
2010	147	The Young Victoria		tt0962736	Drama,Biography,History
2010	148	MacGruber	macgruber_tt1470023	tt1470023	Action,Comedy
2010	149	A Single Man		tt1315981	Drama,Thriller,Romance
2010	150	The Girl Who Played with Fire		tt1216487	Crime,Drama,Action
2010	151	Cyrus	cyrus_tt1336617	tt1336617	Drama,Romance,Comedy
2010	152	Babies		tt1020938	Documentary
2010	153	The Imaginarium of Doctor Parnassus		tt1054606	Adventure,Fantasy,Comedy
2010	154	Conviction2010 Re-release		tt1244754	Crime,Biography,Drama
2010	155	City Island		tt1174730	Drama,Comedy
2010	156	The Last Station		tt0824758	Drama,Biography,Romance
2010	157	Waiting for Superman		tt1566648	Documentary
2010	158	The Secret in Their Eyes		tt1305806	Drama,Mystery,Romance
2010	159	It's Kind of a Funny Story		tt0804497	Drama,Romance,Comedy
2010	160	Winter's Bone	winters.bone_tt1399683	tt1399683	Crime,Drama,Mystery
2010	161	Under the Sea 3D		tt1020876	Short,Documentary
2010	162	The Warrior's Way		tt1032751	Drama,Action,Fantasy
2010	163	I Am Love	i.am.love_tt1226236	tt1226236	Drama,Romance
2010	164	Precious	precious_tt0929632	tt0929632	Drama
2010	165	The Girl Who Kicked the Hornet's Nest		tt1343097	Crime,Drama,Mystery
2010	166	An Education	an.education_tt1174732	tt1174732	Drama
2010	167	Mao's Last Dancer		tt1071812	Drama,Biography,Music
2010	168	Solitary Man		tt1294213	Drama,Romance,Comedy
2010	169	Greenberg		tt1234654	Drama,Romance,Comedy
2010	170	Please Give		tt0878835	Drama,Comedy
2010	171	My Name Is Khan		tt1188996	Drama,Romance
2010	172	To Save a Life		tt1270286	Drama
2010	173	2012	2012m	tt1190080	Adventure,Sci-Fi,Action
2010	174	The Runaways		tt1017451	Drama,Biography,Music
2010	175	Broken Embraces	broken.embraces_tt0913425	tt0913425	Drama,Thriller,Romance
2010	176	Inside Job		tt1645089	Crime,Documentary
2010	177	Lebanon		tt1483831	Drama,War
2010	178	Exit Through the Gift Shop		tt1587707	Crime,Documentary,Comedy
2010	179	3 Idiots		tt1187043	Drama,Comedy
2010	180	Catfish		tt1584016	Drama,Mystery,Documentary
2010	181	You Will Meet a Tall Dark Stranger		tt1182350	Drama,Romance,Comedy
2010	182	Chloe		tt1352824	Drama,Thriller,Mystery
2010	183	Old Dogs	old.dogs_tt0976238	tt0976238	Family,Comedy
2010	184	Joan Rivers: A Piece of Work		tt1568150	Documentary,Biography,Comedy
2010	185	Letters to God		tt1462054	Drama
2010	186	Planet 51	planet.51_tt0762125	tt0762125	Adventure,Animation,Comedy
2010	187	The Hurt Locker	hurt.locker_tt0887912	tt0887912	Drama,War,Thriller
2010	188	N-Secure		tt1289419	Crime,Drama,Thriller
2010	189	Magnificent Desolation: Walking on the Moon		tt0401623	Short,Animation,Documentary
2010	190	Never Let Me Go		tt1334260	Drama,Romance
2010	191	Twilight/New MoonDouble Bill	twilight	tt1099212	Drama,Romance,Fantasy
2010	192	Fantastic Mr. Fox	fantastic.mr..f_tt0432283	tt0432283	Adventure,Animation,Comedy
2010	193	Brothers		tt0765010	Drama,War,Thriller
2010	194	The White Ribbon	white.ribbon_tt1149362	tt1149362	Drama,Thriller,Mystery
2010	195	A Prophet	a.prophet_tt1235166	tt1235166	Crime,Drama
2010	196	Tamara Drewe		tt1486190	Drama,Romance,Comedy
2010	197	Harry Brown		tt1289406	Crime,Drama,Action
2010	198	Stone		tt1423995	Drama,Thriller,Mystery
2010	199	The Road	road_tt0898367	tt0898367	Drama,Thriller
2010	200	Flipped		tt0817177	Drama,Romance,Comedy
2011	1	Harry Potter and the Deathly Hallows: Part 2	harry_potter_deathly_hallows_2	tt1201607	Adventure,Family,Fantasy
2011	2	Transformers: Dark of the Moon	transformers_dark_of_the_moon	tt1399103	Adventure,Action,Comedy
2011	3	The Twilight Saga: Breaking Dawn - Part 1	twilight_breaking_dawn_1	tt1324999	Adventure,Drama,Fantasy
2011	4	The Hangover Part II	hangover_2	tt1411697	Comedy
2011	5	Pirates of the Caribbean: On Stranger Tides	pirates_of_the_caribbean_on_stranger_tides	tt1298650	Adventure,Action,Fantasy
2011	6	Fast Five	fast_five	tt1596343	Crime,Action,Thriller
2011	7	Cars 2	cars.2_tt1216475	tt1216475	Adventure,Animation,Comedy
2011	8	Thor	thor	tt0800369	Action,Fantasy
2011	9	Rise of the Planet of the Apes	rise_of_the_planet_of_the_apes	tt1318514	Drama,Sci-Fi,Action
2011	10	Captain America: The First Avenger	captain_america	tt0458339	Adventure,Sci-Fi,Action
2011	11	The Help	help	tt1454029	Drama
2011	12	Bridesmaids	bridesmaids	tt1478338	Comedy
2011	13	Kung Fu Panda 2	kung.fu.panda.2_tt1302011	tt1302011	Adventure,Action,Animation
2011	14	X-Men: First Class	xmen_first_class	tt1270798	Sci-Fi,Action
2011	15	Puss in Boots	puss.in.boots_tt0448694	tt0448694	Adventure,Action,Animation
2011	16	Rio	rio_tt1436562	tt1436562	Adventure,Animation,Comedy
2011	17	The Smurfs	smurfs_tt0472181	tt0472181	Adventure,Animation,Comedy
2011	18	Super 8	super_8	tt1650062	Sci-Fi,Action,Thriller
2011	19	Sherlock Holmes: A Game of Shadows	sherlock_holmes_game_of_shadows	tt1515091	Adventure,Action,Mystery
2011	20	Rango	rango_tt1192628	tt1192628	Adventure,Action,Animation
2011	21	Mission: Impossible - Ghost Protocol	mission_impossible_4	tt1229238	Adventure,Action,Thriller
2011	22	The King's Speech	kings_speech	tt1504320	Drama,Biography,History
2011	23	Horrible Bosses	horrible_bosses	tt1499658	Crime,Comedy
2011	24	Green Lantern	green_lantern	tt1133985	Adventure,Sci-Fi,Action
2011	25	Hop	hop_tt1411704	tt1411704	Adventure,Animation,Comedy
2011	26	Paranormal Activity 3	paranormal.acti_tt1778304	tt1778304	Thriller,Horror,Mystery
2011	27	Just Go with It	just_go_with_it	tt1564367	Romance,Comedy
2011	28	True Grit	true_grit	tt1403865	Drama,Western
2011	29	Bad Teacher	bad_teacher	tt1284575	Romance,Comedy
2011	30	Cowboys & Aliens	cowboys_and_aliens	tt0409847	Drama,Sci-Fi,Action
2011	31	Gnomeo & Juliet	gnomeo..juliet_tt0377981	tt0377981	Adventure,Animation,Comedy
2011	32	The Green Hornet	green_hornet	tt0990407	Crime,Action,Comedy
2011	33	The Lion King2011 3D Release	lion.king_tt0110357	tt0110357	Adventure,Drama,Animation
2011	34	Alvin and the Chipmunks: Chipwrecked	alvin.and.the.c_tt1615918	tt1615918	Adventure,Animation,Comedy
2011	35	Real Steel	real_steel	tt0433035	Drama,Sci-Fi,Action
2011	36	Crazy, Stupid, Love.	crazy.stupid.lo_tt1570728	tt1570728	Drama,Romance,Comedy
2011	37	Battle Los Angeles	battle.los.ange_tt1217613	tt1217613	Adventure,Sci-Fi,Action
2011	38	Immortals	immortals_tt1253864	tt1253864	Drama,Action,Fantasy
2011	39	The Muppets	muppets_tt1204342	tt1204342	Adventure,Family,Comedy
2011	40	Zookeeper	zookeeper_tt1222817	tt1222817	Family,Fantasy,Comedy
2011	41	Limitless	limitless_tt1219289	tt1219289	Sci-Fi,Thriller
2011	42	Tower Heist	tower.heist_tt0471042	tt0471042	Crime,Action,Comedy
2011	43	Contagion	contagion_tt1598778	tt1598778	Drama,Thriller
2011	44	Moneyball	moneyball_tt1210166	tt1210166	Drama,Biography,Sport
2011	45	Justin Bieber: Never Say Never	justin.bieber.n_tt1702443	tt1702443	Music,Documentary
2011	46	Dolphin Tale	dolphin.tale_tt1564349	tt1564349	Drama,Family
2011	47	Jack and Jill	jack.and.jill_tt0810913	tt0810913	Comedy
2011	48	No Strings Attached	no.strings.atta_tt1411238	tt1411238	Romance,Comedy
2011	49	Mr. Popper's Penguins	mr..poppers.pen_tt1396218	tt1396218	Family,Fantasy,Comedy
2011	50	Black Swan	black.swan_tt0947798	tt0947798	Drama,Thriller
2011	51	Little Fockers	little.fockers_tt0970866	tt0970866	Romance,Comedy
2011	52	Unknown	unknown_tt1401152	tt1401152	Thriller,Action,Mystery
2011	53	The Adjustment Bureau	adjustment.bure_tt1385826	tt1385826	Crime,Drama,Mystery
2011	54	Happy Feet Two		tt1402488	Adventure,Animation,Comedy
2011	55	Water for Elephants	water.for.eleph_tt1067583	tt1067583	Drama,Romance
2011	56	The Lincoln Lawyer	lincoln.lawyer_tt1189340	tt1189340	Crime,Drama,Mystery
2011	57	Midnight in Paris	midnight.in.par_tt1605783	tt1605783	Romance,Fantasy,Comedy
2011	58	Friends with Benefits	friends.with.be_tt1632708	tt1632708	Romance,Comedy
2011	59	I Am Number Four	i.am.number.fou_tt1464540	tt1464540	Adventure,Sci-Fi,Action
2011	60	Source Code	source.code_tt0945513	tt0945513	Drama,Action,Mystery
2011	61	The Fighter	fighter_tt0964517	tt0964517	Drama,Biography,Action
2011	62	Tron: Legacy	tron_legacy	tt1104001	Adventure,Sci-Fi,Action
2011	63	Insidious	insidious_tt1591095	tt1591095	Thriller,Horror,Mystery
2011	64	Madea's Big Happy Family		tt1787759	Drama,Comedy
2011	65	Diary of a Wimpy Kid: Rodrick Rules	diary.of.a.wimp_tt1650043	tt1650043	Family,Comedy
2011	66	FootlooseOriginal Release	footloose_tt1068242	tt1068242	Drama,Music,Comedy
2011	67	The Girl with the Dragon Tattoo	girl.with.the.d_tt1568346	tt1568346	Crime,Drama,Mystery
2011	68	Hugo	hugo_tt0970179	tt0970179	Adventure,Drama,Family
2011	69	The Dilemma		tt1578275	Drama,Comedy
2011	70	Arthur Christmas	arthur.christma_tt1430607	tt1430607	Adventure,Animation,Comedy
2011	71	Hall Pass		tt0480687	Romance,Comedy
2011	72	New Year's Eve	new.years.eve_tt1598822	tt1598822	Romance,Comedy
2011	73	Soul Surfer	soul.surfer_tt1596346	tt1596346	Drama,Biography,Family
2011	74	The Adventures of Tintin	adventures.of.t_tt0983193	tt0983193	Adventure,Action,Animation
2011	75	Yogi Bear		tt1302067	Adventure,Animation,Comedy
2011	76	Final Destination 5	final.destinati_tt1622979	tt1622979	Horror,Thriller
2011	77	The Ides of March	ides.of.march_tt1124035	tt1124035	Drama,Thriller
2011	78	Hanna	hanna_tt0993842	tt0993842	Adventure,Drama,Action
2011	79	Tangled	tangled_tt0398286	tt0398286	Adventure,Animation,Comedy
2011	80	Something Borrowed		tt0491152	Drama,Romance,Comedy
2011	81	Spy Kids 4: All the Time in the World		tt1517489	Adventure,Action,Comedy
2011	82	The Descendants	descendants_tt1033575	tt1033575	Drama,Comedy
2011	83	Scream 4		tt1262416	Horror,Mystery
2011	84	Big Mommas: Like Father, Like Son	big.mommas.like_tt1464174	tt1464174	Crime,Action,Comedy
2011	85	Red Riding Hood		tt1486185	Horror,Mystery,Fantasy
2011	86	Paul		tt1092026	Adventure,Sci-Fi,Comedy
2011	87	The Roommate	roommate_tt1265990	tt1265990	Drama,Horror,Thriller
2011	88	We Bought a Zoo	we.bought.a.zoo_tt1389137	tt1389137	Drama,Family,Comedy
2011	89	Jumping the Broom	jumping.the.bro_tt1640484	tt1640484	Drama,Comedy
2011	90	The Change-Up	changeup_tt1488555	tt1488555	Fantasy,Comedy
2011	91	30 Minutes or Less	30.minutes.or.l_tt1622547	tt1622547	Crime,Action,Comedy
2011	92	In Time	in.time_tt1637688	tt1637688	Sci-Fi,Action,Thriller
2011	93	Colombiana	colombiana_tt1657507	tt1657507	Crime,Drama,Action
2011	94	J. Edgar		tt1616195	Drama,Biography,Romance
2011	95	Sucker Punch		tt0978764	Adventure,Action,Fantasy
2011	96	War Horse	war.horse_tt1568911	tt1568911	Adventure,Drama,War
2011	97	Larry Crowne		tt1583420	Drama,Romance,Comedy
2011	98	50/50	5050_tt1306980	tt1306980	Drama,Romance,Comedy
2011	99	A Very Harold & Kumar Christmas		tt1268799	Adventure,Comedy
2011	100	Drive	drive_tt0780504	tt0780504	Drama,Action
2011	101	Courageous		tt1630036	Drama
2011	102	The Rite		tt1161864	Drama,Horror,Mystery
2011	103	Arthur		tt1334512	Romance,Comedy
2011	104	The Debt		tt1226753	Drama,Thriller
2011	105	Priest	priest_tt0822847	tt0822847	Horror,Action,Fantasy
2011	106	The Mechanic		tt0472399	Crime,Action,Thriller
2011	107	Abduction		tt1600195	Drama,Action,Mystery
2011	108	Beastly		tt1152398	Drama,Romance,Fantasy
2011	109	Winnie the Pooh		tt1449283	Adventure,Animation,Comedy
2011	110	The Sitter	sitter_tt1366344	tt1366344	Comedy
2011	111	Killer Elite	killer.elite_tt1448755	tt1448755	Crime,Action,Thriller
2011	112	Season of the Witch		tt0479997	Adventure,Action,Fantasy
2011	113	Our Idiot Brother		tt1637706	Drama,Comedy
2011	114	The Chronicles of Narnia: The Voyage of the Dawn Treader	chronicles.of.n_tt0980970	tt0980970	Adventure,Family,Fantasy
2011	115	Don't Be Afraid of the Dark		tt1270761	Horror,Thriller,Fantasy
2011	116	Sanctum	sanctum_tt0881320	tt0881320	Adventure,Drama,Action
2011	117	Monte Carlo		tt1067774	Adventure,Family,Comedy
2011	118	Gulliver's Travels		tt1320261	Adventure,Family,Comedy
2011	119	Your Highness	your.highness_tt1240982	tt1240982	Adventure,Action,Comedy
2011	120	Mars Needs Moms	mars.needs.moms_tt1305591	tt1305591	Adventure,Family,Animation
2011	121	Dream House	dream.house_tt1462041	tt1462041	Drama,Thriller,Mystery
2011	122	Conan the Barbarian		tt0816462	Adventure,Action,Fantasy
2011	123	The Three Musketeers		tt1509767	Adventure,Action,Fantasy
2011	124	Country Strong		tt1555064	Drama,Music
2011	125	The Eagle	eagle_tt1034389	tt1034389	Adventure,Drama,Action
2011	126	Shark Night		tt1633356	Action,Thriller,Horror
2011	127	Fright Night	fright.night_tt1438176	tt1438176	Drama,Action,Comedy
2011	128	Apollo 18		tt1772240	Sci-Fi,Horror,Mystery
2011	129	The Tourist	tourist_tt1243957	tt1243957	Romance,Action,Thriller
2011	130	The Thing		tt0905372	Sci-Fi,Horror,Mystery
2011	131	Harry Potter and the Deathly Hallows: Part 1	harry_potter_deathly_hallows_1	tt0926084	Adventure,Family,Fantasy
2011	132	African Cats		tt1223236	Adventure,Documentary
2011	133	Born to Be Wild		tt1680059	Adventure,Short,Documentary
2011	134	Judy Moody and the Not Bummer Summer		tt1547230	Family,Comedy
2011	135	What's Your Number?	whats.your.numb_tt0770703	tt0770703	Romance,Comedy
2011	136	One Day	one.day_tt1563738	tt1563738	Drama,Romance
2011	137	Warrior		tt1291584	Drama,Action,Sport
2011	138	The Tree of Life	tree.of.life_tt0478304	tt0478304	Drama,Fantasy
2011	139	The Rum Diary		tt0376136	Drama,Romance,Comedy
2011	140	Glee: The 3D Concert Movie		tt1922612	Music,Documentary,Comedy
2011	141	The Darkest Hour	darkest.hour_tt1093357	tt1093357	Adventure,Action,Horror
2011	142	The Conspirator		tt0968264	Crime,Drama,History
2011	143	Young Adult	young.adult_tt1625346	tt1625346	Drama,Comedy
2011	144	Jane Eyre		tt1229822	Drama,Mystery,Romance
2011	145	Drive Angry		tt1502404	Fantasy,Action,Comedy
2011	146	Straw Dogs		tt0999913	Drama,Action,Thriller
2011	147	Win Win		tt1606392	Drama,Sport,Comedy
2011	148	Hoodwinked Too! Hood vs. Evil		tt0844993	Adventure,Animation,Comedy
2011	149	Prom	prom_tt1604171	tt1604171	Drama,Family,Comedy
2011	150	Hubble		tt1433813	Documentary
2011	151	I Don't Know How She Does It		tt1742650	Romance,Family,Comedy
2011	152	Blue Valentine		tt1120985	Drama,Romance
2011	153	My Week with Marilyn	my.week.with.ma_tt1655420	tt1655420	Drama,Biography
2011	154	How Do You Know	how.do.you.know_tt1341188	tt1341188	Drama,Romance,Comedy
2011	155	Johnny English Reborn	johnny.english._tt1634122	tt1634122	Adventure,Action,Comedy
2011	156	127 Hours	127.hours_tt1542344	tt1542344	Drama,Biography
2011	157	Kevin Hart: Laugh at My Pain		tt1999192	Documentary,Comedy
2011	158	Sarah's Key		tt1668200	Drama,War
2011	159	The Big Year		tt1053810	Comedy
2011	160	Take Me Home Tonight		tt0810922	Drama,Romance,Comedy
2011	161	Cedar Rapids		tt1477837	Comedy
2011	162	Beginners		tt1532503	Drama,Romance,Comedy
2011	163	The Guard		tt1540133	Crime,Thriller,Comedy
2011	164	Cave of Forgotten Dreams		tt1664894	History,Documentary
2011	165	Margin Call		tt1615147	Drama,Thriller
2011	166	Biutiful		tt1164999	Drama,Romance
2011	167	Megamind	megamind_tt1001526	tt1001526	Adventure,Action,Animation
2011	168	Atlas Shrugged: Part I		tt0480239	Drama,Sci-Fi,Mystery
2011	169	The Artist	artist_tt1655442	tt1655442	Drama,Romance,Comedy
2011	170	Anonymous	anonymous_tt1521197	tt1521197	Drama,Thriller
2011	171	The Company Men		tt1172991	Drama
2011	172	Barney's Version		tt1423894	Drama,Comedy
2011	173	Seven Days in Utopia		tt1699147	Drama,Sport
2011	174	The Way2010 Re-release		tt1441912	Drama,Comedy
2011	175	The Social Network	social_network	tt1285016	Drama,Biography
2011	176	Buck		tt1753549	Documentary
2011	177	Of Gods and Men	of.gods.and.men_tt1588337	tt1588337	Drama,History
2011	178	Under the Sea 3D		tt1020876	Short,Documentary
2011	179	Tinker Tailor Soldier Spy	tinker.tailor.s_tt1340800	tt1340800	Drama,Thriller,Mystery
2011	180	Like Crazy	like.crazy_tt1758692	tt1758692	Drama,Romance
2011	181	The King's SpeechPG-13 Version	kings_speech	tt1504320	Drama,Biography,History
2011	182	Sea Rex 3D: Journey to a Prehistoric World		tt1529567	History,Short,Documentary
2011	183	Zindagi Na Milegi Dobara		tt1562872	Drama,Musical,Comedy
2011	184	From Prada to Nada		tt0893412	Drama,Action,Comedy
2011	185	The Skin I Live In		tt1189073	Drama,Thriller,Mystery
2011	186	Martha Marcy May Marlene	martha.marcy.ma_tt1441326	tt1441326	Drama,Thriller,Mystery
2011	187	Another Year		tt1431181	Drama,Comedy
2011	188	Don 2		tt1285241	Crime,Action,Thriller
2011	189	Everything Must Go		tt1531663	Drama,Comedy
2011	190	The Way Back		tt1023114	Adventure,Drama,History
2011	191	Bucky Larson: Born to Be a Star		tt1411664	Comedy
2011	192	Ra.One		tt1562871	Sci-Fi,Action,Thriller
2011	193	Melancholia	melancholia_tt1527186	tt1527186	Drama,Sci-Fi
2011	194	Unstoppable	unstoppable_tt0477080	tt0477080	Action,Thriller
2011	195	The Grace Card		tt1544600	Drama
2011	196	Space Station 3D		tt0290296	Documentary
2011	197	The Illusionist		tt0775489	Drama,Animation
2011	198	Incendies		tt1255953	Drama,War,Mystery
2011	199	Burlesque	burlesque_tt1126591	tt1126591	Drama,Musical,Music
2011	200	The Trip		tt1740047	Drama,Comedy
2012	1	The Avengers	avengers	tt0848228	Sci-Fi,Action
2012	2	The Dark Knight Rises	dark_knight_rises	tt1345836	Crime,Drama,Action
2012	3	The Hunger Games	hunger_games	tt1392170	Adventure,Sci-Fi,Action
2012	4	Skyfall	skyfall	tt1074638	Adventure,Action,Thriller
2012	5	The Twilight Saga: Breaking Dawn - Part 2	twilight_breaking_dawn_2	tt1673434	Adventure,Drama,Fantasy
2012	6	The Amazing Spider-Man	amazing_spiderman	tt0948470	Sci-Fi,Action
2012	7	Brave	brave_tt1217209	tt1217209	Adventure,Action,Animation
2012	8	The Hobbit: An Unexpected Journey	hobbit_unexpected_journey	tt0903624	Adventure,Fantasy
2012	9	Ted	ted	tt1637725	Comedy
2012	10	Madagascar 3: Europe's Most Wanted	madagascar.3.eu_tt1277953	tt1277953	Adventure,Animation,Comedy
2012	11	The Lorax	lorax_tt1482459	tt1482459	Adventure,Animation,Comedy
2012	12	Men in Black³	men_in_black_3	tt1409024	Adventure,Action,Comedy
2012	13	Wreck-It Ralph	wreckit.ralph_tt1772341	tt1772341	Adventure,Animation,Comedy
2012	14	Ice Age: Continental Drift	ice.age.contine_tt1667889	tt1667889	Adventure,Animation,Comedy
2012	15	Snow White and the Huntsman	snow_white_and_the_huntsman	tt1735898	Adventure,Drama,Action
2012	16	Hotel Transylvania	hotel.transylva_tt0837562	tt0837562	Family,Animation,Comedy
2012	17	Taken 2	taken_2	tt1397280	Crime,Action,Thriller
2012	18	21 Jump Street	21_jump_street	tt1232829	Crime,Action,Comedy
2012	19	Lincoln	lincoln	tt0443272	Drama,Biography,History
2012	20	Prometheus	prometheus	tt1446714	Adventure,Sci-Fi,Mystery
2012	21	Safe House	safe_house	tt1599348	Action,Thriller
2012	22	The Vow	vow	tt1606389	Drama,Romance
2012	23	Magic Mike	magic.mike_tt1915581	tt1915581	Drama,Music,Comedy
2012	24	The Bourne Legacy	bourne_legacy	tt1194173	Adventure,Action,Thriller
2012	25	Argo	argo	tt1024648	Drama,Biography,History
2012	26	Journey 2: The Mysterious Island	journey_2_the_mysterious_island	tt1397514	Adventure,Action,Comedy
2012	27	Flight	flight	tt1907668	Drama,Thriller
2012	28	Think Like a Man		tt1621045	Romance,Comedy
2012	29	Rise of the Guardians	rise.of.the.gua_tt1446192	tt1446192	Adventure,Action,Animation
2012	30	Mission: Impossible - Ghost Protocol	mission_impossible_4	tt1229238	Adventure,Action,Thriller
2012	31	The Campaign	campaign	tt1790886	Comedy
2012	32	Life of Pi	life.of.pi_tt0454876	tt0454876	Adventure,Drama,Fantasy
2012	33	The Expendables 2	expendables.2_tt1764651	tt1764651	Adventure,Action,Thriller
2012	34	Wrath of the Titans	wrath.of.the.ti_tt1646987	tt1646987	Adventure,Action,Fantasy
2012	35	Dark Shadows	dark.shadows_tt1077368	tt1077368	Fantasy,Horror,Comedy
2012	36	John Carter	john.carter_tt0401729	tt0401729	Adventure,Sci-Fi,Action
2012	37	Les Misérables	les.misrables_tt1707386	tt1707386	Drama,Musical,Romance
2012	38	Act of Valor	act.of.valor_tt1591479	tt1591479	Adventure,Action,Thriller
2012	39	Django Unchained	django.unchaine_tt1853728	tt1853728	Drama,Western
2012	40	Contraband	contraband_tt1524137	tt1524137	Adventure,Crime,Action
2012	41	Looper	looper_tt1276104	tt1276104	Drama,Sci-Fi,Action
2012	42	Madea's Witness Protection	madeas.witness._tt2215285	tt2215285	Crime,Drama,Comedy
2012	43	Battleship	battleship_tt1440129	tt1440129	Adventure,Sci-Fi,Action
2012	44	Mirror Mirror	mirror.mirror_tt1667353	tt1667353	Adventure,Drama,Comedy
2012	45	Chronicle	chronicle_tt1706593	tt1706593	Adventure,Drama,Sci-Fi
2012	46	Pitch Perfect	pitch.perfect_tt1981677	tt1981677	Music,Romance,Comedy
2012	47	Hope Springs	hope.springs_tt1535438	tt1535438	Drama,Romance,Comedy
2012	48	Sherlock Holmes: A Game of Shadows	sherlock_holmes_game_of_shadows	tt1515091	Adventure,Action,Mystery
2012	49	Underworld: Awakening	underworld.awak_tt1496025	tt1496025	Horror,Action,Fantasy
2012	50	The Lucky One	lucky.one_tt1327194	tt1327194	Drama,Mystery,Romance
2012	51	The Dictator	dictator_tt1645170	tt1645170	Comedy
2012	52	Total Recall	total.recall_tt1386703	tt1386703	Adventure,Sci-Fi,Action
2012	53	Titanic2012 3D Release	titanic	tt0120338	Drama,Romance
2012	54	American Reunion	a.room.with.a.v_tt0091867	tt0091867	Drama,Romance
2012	55	ParaNorman	paranorman_tt1623288	tt1623288	Adventure,Animation,Comedy
2012	56	This Means War	this.means.war_tt1596350	tt1596350	Romance,Action,Comedy
2012	57	Project X	project.x_tt1636826	tt1636826	Thriller,Comedy
2012	58	The Woman in Black	woman.in.black_tt1596365	tt1596365	Drama,Horror,Fantasy
2012	59	Paranormal Activity 4	paranormal.acti_tt2109184	tt2109184	Horror,Mystery
2012	60	The Devil Inside	devil.inside_tt1560985	tt1560985	Horror
2012	61	The Girl with the Dragon Tattoo	girl.with.the.d_tt1568346	tt1568346	Crime,Drama,Mystery
2012	62	The Odd Life of Timothy Green	odd.life.of.tim_tt1462769	tt1462769	Drama,Family,Comedy
2012	63	Ghost Rider: Spirit of Vengeance	ghost.rider.spi_tt1071875	tt1071875	Sci-Fi,Action,Fantasy
2012	64	The Grey		tt1601913	Adventure,Drama,Action
2012	65	Red Tails	red.tails_tt0485985	tt0485985	Drama,Action,History
2012	66	The Possession		tt0431021	Thriller,Horror,Mystery
2012	67	Diary of a Wimpy Kid: Dog Days	diary.of.a.wimp_tt2023453	tt2023453	Family,Comedy
2012	68	Sinister		tt1922777	Thriller,Horror,Mystery
2012	69	Beauty and the Beast2012 3D Release	beauty.and.the._tt0101414	tt0101414	Family,Animation,Fantasy
2012	70	Jack Reacher	jack.reacher_tt0790724	tt0790724	Action,Thriller
2012	71	Savages		tt1615065	Crime,Drama,Thriller
2012	72	The Best Exotic Marigold Hotel	best.exotic.marigold.hotel_tt1412386	tt1412386	Drama,Romance,Comedy
2012	73	Moonrise Kingdom	moonrise.kingdo_tt1748122	tt1748122	Adventure,Drama,Comedy
2012	74	Alvin and the Chipmunks: Chipwrecked	alvin.and.the.c_tt1615918	tt1615918	Adventure,Animation,Comedy
2012	75	The Three Stooges	three.stooges_tt0383010	tt0383010	Family,Comedy
2012	76	The Descendants	descendants_tt1033575	tt1033575	Drama,Comedy
2012	77	Here Comes the Boom		tt1648179	Action,Sport,Comedy
2012	78	War Horse	war.horse_tt1568911	tt1568911	Adventure,Drama,War
2012	79	Red Dawn		tt1234719	War,Action
2012	80	Star Wars: Episode I - The Phantom Menace2012 3D Release	phantom_menace	tt0120915	Adventure,Action,Fantasy
2012	81	Resident Evil: Retribution	resident.evil.r_tt1855325	tt1855325	Sci-Fi,Action,Horror
2012	82	The Cabin in the Woods		tt1259521	Thriller,Horror,Mystery
2012	83	What to Expect When You're Expecting		tt1586265	Drama,Romance,Comedy
2012	84	Finding Nemo2012 3D Release	finding.nemo_tt0266543	tt0266543	Adventure,Animation,Comedy
2012	85	End of Watch		tt1855199	Crime,Drama,Action
2012	86	The Artist	artist_tt1655442	tt1655442	Drama,Romance,Comedy
2012	87	This Is 40	this.is.40_tt1758830	tt1758830	Drama,Romance,Comedy
2012	88	We Bought a Zoo	we.bought.a.zoo_tt1389137	tt1389137	Drama,Family,Comedy
2012	89	Rock of Ages		tt1336608	Drama,Musical,Comedy
2012	90	Abraham Lincoln: Vampire Hunter	abraham.lincoln_tt1611224	tt1611224	Horror,Action,Fantasy
2012	91	Lawless		tt1212450	Crime,Biography,Drama
2012	92	That's My Boy	thats.my.boy_tt1232200	tt1232200	Drama,Comedy
2012	93	Trouble with the Curve		tt2083383	Drama,Sport,Romance
2012	94	The Watch	watch_tt1298649	tt1298649	Sci-Fi,Comedy
2012	95	Step Up: Revolution		tt1800741	Drama,Romance,Music
2012	96	Good Deeds		tt1885265	Drama,Romance
2012	97	Frankenweenie	frankenweenie_tt1142977	tt1142977	Drama,Animation,Comedy
2012	98	Parental Guidance	parental.guidan_tt1047540	tt1047540	Family,Comedy
2012	99	The Adventures of Tintin	adventures.of.t_tt0983193	tt0983193	Adventure,Action,Animation
2012	100	2016: Obama's America		tt2247692	Documentary
2012	101	House at the End of the Street		tt1582507	Drama,Horror,Mystery
2012	102	Extremely Loud & Incredibly Close	extremely.loud._tt0477302	tt0477302	Adventure,Drama,Mystery
2012	103	The Pirates! Band of Misfits	pirates.band.of_tt1430626	tt1430626	Adventure,Action,Animation
2012	104	Joyful Noise		tt1710396	Drama,Music,Comedy
2012	105	The Iron Lady		tt1007029	Drama,Biography
2012	106	Chimpanzee		tt1222815	Family,Documentary
2012	107	The Five-Year Engagement	fiveyear.engage_tt1195478	tt1195478	Drama,Romance,Comedy
2012	108	Silver Linings Playbook	silver_linings_playbook	tt1045658	Drama,Romance,Comedy
2012	109	Cloud Atlas		tt1371111	Drama,Sci-Fi,Mystery
2012	110	One for the Money		tt1598828	Crime,Action,Comedy
2012	111	Alex Cross		tt1712170	Crime,Action,Mystery
2012	112	Katy Perry: Part of Me		tt2215719	Music,Biography,Documentary
2012	113	Hugo	hugo_tt0970179	tt0970179	Adventure,Drama,Family
2012	114	Sparkle		tt1876451	Drama,Music
2012	115	The Guilt Trip	guilt.trip_tt1694020	tt1694020	Drama,Comedy
2012	116	Tinker Tailor Soldier Spy	tinker.tailor.s_tt1340800	tt1340800	Drama,Thriller,Mystery
2012	117	Premium Rush		tt1547234	Action,Thriller
2012	118	Big Miracle	big.miracle_tt1430615	tt1430615	Drama,Biography,Romance
2012	119	Monsters, Inc.2012 3D Release	monsters.inc._tt0198781	tt0198781	Adventure,Animation,Comedy
2012	120	The Secret World of Arrietty		tt1568921	Adventure,Drama,Animation
2012	121	Haywire		tt1506999	Drama,Action,Thriller
2012	122	Man on a Ledge		tt1568338	Crime,Action,Thriller
2012	123	A Thousand Words	a.thousand.word_tt0763831	tt0763831	Drama,Fantasy,Comedy
2012	124	Chernobyl Diaries		tt1991245	Thriller,Horror,Mystery
2012	125	Silent Hill: Revelation		tt0938330	Drama,Horror,Mystery
2012	126	Wanderlust		tt1655460	Romance,Comedy
2012	127	The Perks of Being a Wallflower		tt1659337	Drama
2012	128	Safe		tt1656190	Crime,Action,Thriller
2012	129	To Rome with Love		tt1859650	Music,Romance,Comedy
2012	130	The Raven		tt1486192	Crime,Drama,Mystery
2012	131	The Master	master_tt1560747	tt1560747	Drama
2012	132	The Man with the Iron Fists	man.with.the.ir_tt1258972	tt1258972	Action
2012	133	Seven Psychopaths		tt1931533	Crime,Comedy
2012	134	Killing Them Softly		tt1764234	Crime,Drama,Thriller
2012	135	Lockout		tt1592525	Sci-Fi,Action,Thriller
2012	136	Hit and Run		tt2097307	Adventure,Action,Comedy
2012	137	Dredd		tt1343727	Crime,Sci-Fi,Action
2012	138	Silent House		tt1767382	Horror,Thriller
2012	139	Playing for Keeps	playing.for.kee_tt1540128	tt1540128	Romance,Sport,Comedy
2012	140	People Like Us	people.like.us_tt1716777	tt1716777	Drama,Comedy
2012	141	Gone		tt1838544	Adventure,Action,Mystery
2012	142	The Words		tt1840417	Drama,Mystery,Romance
2012	143	Beasts of the Southern Wild	beasts.of.the.s_tt2125435	tt2125435	Adventure,Drama,Fantasy
2012	144	Anna Karenina	anna.karenina_tt1781769	tt1781769	Drama,Romance
2012	145	To the Arctic 3D		tt2073128	Short,Documentary
2012	146	New Year's Eve	new.years.eve_tt1598822	tt1598822	Romance,Comedy
2012	147	The Intouchables		tt1675434	Drama,Comedy
2012	148	The Darkest Hour	darkest.hour_tt1093357	tt1093357	Adventure,Action,Horror
2012	149	Fun Size	fun.size_tt1663143	tt1663143	Adventure,Crime,Comedy
2012	150	Bernie		tt1704573	Crime,Biography,Comedy
2012	151	Salmon Fishing in the Yemen	salmon.fishing._tt1441952	tt1441952	Drama,Romance,Comedy
2012	152	Cirque du Soleil: Worlds Away	cirque.du.solei_tt1792647	tt1792647	Fantasy
2012	153	Arbitrage		tt1764183	Drama,Thriller
2012	154	Friends with Kids		tt1720616	Drama,Romance,Comedy
2012	155	Seeking a Friend for the End of the World		tt1307068	Adventure,Drama,Comedy
2012	156	A Separation	a.separation_tt1832382	tt1832382	Drama
2012	157	The Collection		tt1748227	Horror,Thriller
2012	158	The Muppets	muppets_tt1204342	tt1204342	Adventure,Family,Comedy
2012	159	Born to Be Wild		tt1680059	Adventure,Short,Documentary
2012	160	The Twilight Saga: Breaking Dawn - Part 1	twilight_breaking_dawn_1	tt1324999	Adventure,Drama,Fantasy
2012	161	My Week with Marilyn	my.week.with.ma_tt1655420	tt1655420	Drama,Biography
2012	162	Chasing Mavericks	chasing.maveric_tt1629757	tt1629757	Drama,Biography,Sport
2012	163	Casa de mi Padre		tt1702425	Western,Comedy
2012	164	Outlaws		tt1566501	Drama,War,History
2012	165	The Sessions		tt1866249	Drama,Biography,Comedy
2012	166	Won't Back Down	wont.back.down_tt1870529	tt1870529	Drama
2012	167	Hubble		tt1433813	Documentary
2012	168	October Baby2012 Re-release		tt1720182	Drama,Family,Mystery
2012	169	Hitchcock	hitchcock_tt0975645	tt0975645	Drama,Biography,Romance
2012	170	Young Adult	young.adult_tt1625346	tt1625346	Drama,Comedy
2012	171	The Apparition		tt1433822	Horror,Thriller
2012	172	The Sitter	sitter_tt1366344	tt1366344	Comedy
2012	173	A Dangerous Method		tt1571222	Drama,Biography,Romance
2012	174	Jeff, Who Lives at Home	jeff.who.lives._tt1588334	tt1588334	Drama,Comedy
2012	175	Goon		tt1456635	Drama,Sport,Comedy
2012	176	The Raid: Redemption		tt1899353	Crime,Action,Thriller
2012	177	Safety Not Guaranteed		tt1862079	Adventure,Drama,Comedy
2012	178	Puss in Boots	puss.in.boots_tt0448694	tt0448694	Adventure,Action,Animation
2012	179	Bully2012 Re-release		tt1682181	Drama,Documentary
2012	180	Flying Monsters 3D with David Attenborough		tt1777610	Documentary
2012	181	The Cold Light of Day		tt1366365	Adventure,Action,Thriller
2012	182	Nitro Circus: The Movie		tt1815852	Documentary,Action,Comedy
2012	183	Atlas Shrugged II: The Strike		tt1985017	Drama,Sci-Fi,Mystery
2012	184	Last Ounce of Courage		tt2359137	Drama,War
2012	185	Pina		tt1440266	Music,Documentary
2012	186	Happy Feet Two		tt1402488	Adventure,Animation,Comedy
2012	187	Robot & Frank		tt1990314	Crime,Drama,Comedy
2012	188	Raiders of the Lost Ark2012 IMAX Release	raiders_of_the_lost_ark	tt0082971	Adventure,Action
2012	189	Celeste & Jesse Forever		tt1405365	Drama,Romance,Comedy
2012	190	Jab Tak Hai Jaan		tt2176013	Drama,Romance
2012	191	Albert Nobbs		tt1602098	Drama,Romance
2012	192	Searching for Sugar Man	searching.for.s_tt2125608	tt2125608	Music,Biography,Documentary
2012	193	Talaash: The Answer Lies Within		tt1787988	Crime,Drama,Mystery
2012	194	Barfi!		tt2082197	Drama,Romance,Comedy
2012	195	Singin' in the Rain2012 Re-release	singin.in.the.r_tt0045152	tt0045152	Musical,Romance,Comedy
2012	196	Samsara		tt0770802	Music,Documentary
2012	197	Girl in Progress		tt1817676	Drama,Comedy
2012	198	Jiro Dreams of Sushi		tt1772925	Documentary
2012	199	Ruby Sparks		tt1839492	Drama,Fantasy,Comedy
2012	200	Jack and Jill	jack.and.jill_tt0810913	tt0810913	Comedy
2013	1	Iron Man 3	iron_man_3	tt1300854	Adventure,Sci-Fi,Action
2013	2	The Hunger Games: Catching Fire	hunger_games_catching_fire	tt1951264	Adventure,Sci-Fi,Action
2013	3	Despicable Me 2	despicable.me.2_tt1690953	tt1690953	Adventure,Animation,Comedy
2013	4	Man of Steel	man_of_steel	tt0770828	Adventure,Sci-Fi,Action
2013	5	Monsters University	monsters.univer_tt1453405	tt1453405	Adventure,Animation,Comedy
2013	6	Frozen	frozen_tt2294629	tt2294629	Adventure,Animation,Comedy
2013	7	Gravity	gravity	tt1454468	Drama,Sci-Fi,Thriller
2013	8	Fast & Furious 6	fast_and_furious_6	tt1905041	Action,Thriller
2013	9	Oz the Great and Powerful	oz_the_great_and_powerful	tt1623205	Adventure,Family,Fantasy
2013	10	Star Trek Into Darkness	star_trek_into_darkness	tt1408101	Adventure,Sci-Fi,Action
2013	11	Thor: The Dark World	thor_dark_world	tt1981115	Adventure,Action,Fantasy
2013	12	World War Z	world_war_z	tt0816711	Adventure,Action,Horror
2013	13	The Hobbit: The Desolation of Smaug	hobbit_desolation_of_smaug	tt1170358	Adventure,Fantasy
2013	14	The Croods	croods_tt0481499	tt0481499	Adventure,Animation,Comedy
2013	15	The Heat	heat_2013	tt2404463	Crime,Action,Comedy
2013	16	We're the Millers	were_the_millers	tt1723121	Crime,Comedy
2013	17	The Great Gatsby	great_gatsby	tt1343092	Drama,Romance
2013	18	The Conjuring	conjuring	tt1457767	Thriller,Horror,Mystery
2013	19	Identity Thief	identity_thief	tt2024432	Crime,Drama,Comedy
2013	20	Grown Ups 2	grown_ups_2	tt2191701	Comedy
2013	21	The Wolverine	wolverine	tt1430132	Sci-Fi,Action
2013	22	G.I. Joe: Retaliation	gi_joe_retaliation	tt1583421	Adventure,Sci-Fi,Action
2013	23	Now You See Me	now_you_see_me	tt1670345	Crime,Thriller,Mystery
2013	24	Cloudy with a Chance of Meatballs 2	cloudy.with.a.c_tt1985966	tt1985966	Adventure,Animation,Comedy
2013	25	The Butler	butler	tt1327773	Drama,Biography
2013	26	The Hangover Part III	hangover_3	tt1951261	Crime,Comedy
2013	27	Epic	epic_tt0848537	tt0848537	Adventure,Action,Animation
2013	28	Captain Phillips	captain_phillips	tt1535109	Crime,Biography,Action
2013	29	Silver Linings Playbook	silver_linings_playbook	tt1045658	Drama,Romance,Comedy
2013	30	Pacific Rim	pacific_rim	tt1663662	Adventure,Sci-Fi,Action
2013	31	This Is the End	this_is_the_end	tt1245492	Fantasy,Sci-Fi,Comedy
2013	32	Jackass Presents: Bad Grandpa	jackass.present_tt3063516	tt3063516	Comedy
2013	33	Olympus Has Fallen	olympus.has.fal_tt2302755	tt2302755	Action,Thriller
2013	34	42	42_tt0453562	tt0453562	Drama,Biography,Sport
2013	35	Zero Dark Thirty	zero.dark.thirt_tt1790885	tt1790885	Drama,Thriller,History
2013	36	Django Unchained	django.unchaine_tt1853728	tt1853728	Drama,Western
2013	37	Elysium	elysium_tt1535108	tt1535108	Drama,Sci-Fi,Action
2013	38	Anchorman 2: The Legend Continues	anchorman.2.the_tt1229340	tt1229340	Comedy
2013	39	Planes	planes_tt1691917	tt1691917	Adventure,Animation,Comedy
2013	40	The Lone Ranger	lone.ranger_tt1210819	tt1210819	Adventure,Drama,Action
2013	41	Oblivion	oblivion_tt1483013	tt1483013	Adventure,Sci-Fi,Action
2013	42	Insidious: Chapter 2	insidious.chapt_tt2226417	tt2226417	Thriller,Horror,Mystery
2013	43	Turbo	turbo_tt1860353	tt1860353	Adventure,Animation,Comedy
2013	44	Les Misérables	les.misrables_tt1707386	tt1707386	Drama,Musical,Romance
2013	45	2 Guns	2.guns_tt1272878	tt1272878	Crime,Action,Comedy
2013	46	The Hobbit: An Unexpected Journey	hobbit_unexpected_journey	tt0903624	Adventure,Fantasy
2013	47	White House Down	white.house.down_tt2334879	tt2334879	Drama,Action,Thriller
2013	48	Mama	mama_tt2023587	tt2023587	Horror,Thriller,Fantasy
2013	49	Safe Haven	safe.haven_tt1702439	tt1702439	Drama,Thriller,Romance
2013	50	The Smurfs 2	smurfs.2_tt2017020	tt2017020	Adventure,Animation,Comedy
2013	51	The Best Man Holiday	best.man.holida_tt2083355	tt2083355	Drama,Comedy
2013	52	Percy Jackson: Sea of Monsters	percy.jackson.s_tt1854564	tt1854564	Adventure,Family,Fantasy
2013	53	American Hustle	american.hustle_tt1800241	tt1800241	Crime,Drama
2013	54	A Good Day to Die Hard	a.good.day.to.d_tt1606378	tt1606378	Action,Thriller
2013	55	Warm Bodies	warm.bodies_tt1588173	tt1588173	Romance,Horror,Comedy
2013	56	Jack the Giant Slayer	jack.the.giant._tt1351685	tt1351685	Adventure,Action,Fantasy
2013	57	The Purge	purge_tt2184339	tt2184339	Sci-Fi,Horror,Thriller
2013	58	Last Vegas	last.vegas_tt1204975	tt1204975	Comedy
2013	59	Ender's Game	enders_tt1731141	tt1731141	Adventure,Sci-Fi,Action
2013	60	Prisoners	prisoners_tt1392214	tt1392214	Crime,Drama,Mystery
2013	61	After Earth	after.earth_tt1815862	tt1815862	Adventure,Drama,Action
2013	62	Escape from Planet Earth		tt0765446	Adventure,Animation,Comedy
2013	63	Hansel & Gretel: Witch Hunters	hansel..gretel._tt1428538	tt1428538	Horror,Action,Fantasy
2013	64	Free Birds		tt1621039	Adventure,Animation,Comedy
2013	65	Evil Dead	evil.dead_tt1288558	tt1288558	Horror,Thriller
2013	66	RED 2		tt1821694	Crime,Action,Comedy
2013	67	Temptation: Confessions of a Marriage Counselor		tt2070862	Drama
2013	68	The Call	call_tt1911644	tt1911644	Drama,Horror,Thriller
2013	69	Pain & Gain	pain..gain_tt1980209	tt1980209	Biography,Action,Comedy
2013	70	Lincoln	lincoln	tt0443272	Drama,Biography,History
2013	71	Gangster Squad		tt1321870	Crime,Drama,Action
2013	72	Jurassic Park2013 Re-release	jurassic_park	tt0107290	Adventure,Sci-Fi,Action
2013	73	A Madea Christmas		tt2609758	Drama,Romance,Comedy
2013	74	The Internship		tt2234155	Comedy
2013	75	Instructions Not Included		tt2378281	Drama,Comedy
2013	76	Saving Mr. Banks	saving.mr..bank_tt2140373	tt2140373	Drama,Biography,Comedy
2013	77	Parental Guidance	parental.guidan_tt1047540	tt1047540	Family,Comedy
2013	78	Snitch		tt0882977	Drama,Action,Thriller
2013	79	Riddick	riddick_tt1411250	tt1411250	Adventure,Sci-Fi,Action
2013	80	The Wolf of Wall Street	wolf.of.wall.st_tt0993846	tt0993846	Crime,Biography,Comedy
2013	81	A Haunted House		tt2243537	Fantasy,Horror,Comedy
2013	82	Life of Pi	life.of.pi_tt0454876	tt0454876	Adventure,Drama,Fantasy
2013	83	12 Years a Slave	12.years.a.slav_tt2024544	tt2024544	Drama,Biography,History
2013	84	The Family		tt2404311	Crime,Thriller,Comedy
2013	85	Carrie	carrie_tt1939659	tt1939659	Drama,Horror,Thriller
2013	86	Texas Chainsaw		tt1572315	Thriller,Horror,Mystery
2013	87	R.I.P.D.	r.i.p.d._tt0790736	tt0790736	Adventure,Action,Comedy
2013	88	Blue Jasmine		tt2334873	Drama,Romance,Comedy
2013	89	Jack Reacher	jack.reacher_tt0790724	tt0790724	Action,Thriller
2013	90	Kevin Hart: Let Me Explain		tt2609912	Documentary,Comedy
2013	91	Side Effects		tt2053463	Crime,Drama,Mystery
2013	92	Scary Movie 5		tt0795461	Sci-Fi,Horror,Comedy
2013	93	The Secret Life of Walter Mitty	secret.life.of._tt0359950	tt0359950	Adventure,Drama,Comedy
2013	94	The Mortal Instruments: City of Bones	mortal.instrume_tt1538403	tt1538403	Adventure,Action,Fantasy
2013	95	Delivery Man	delivery.man_tt2387559	tt2387559	Drama,Comedy
2013	96	One Direction: This Is Us		tt2515086	Music,Documentary
2013	97	Kick-Ass 2	kickass.2_tt1650554	tt1650554	Crime,Action,Comedy
2013	98	This Is 40	this.is.40_tt1758830	tt1758830	Drama,Romance,Comedy
2013	99	Argo	argo	tt1024648	Drama,Biography,History
2013	100	Rush	rush_tt1979320	tt1979320	Drama,Biography,Sport
2013	101	The Host		tt1517260	Adventure,Drama,Action
2013	102	The World's End	worlds.end_tt1213663	tt1213663	Sci-Fi,Action,Comedy
2013	103	21 & Over		tt1711425	Comedy
2013	104	Escape Plan		tt1211956	Action,Thriller
2013	105	Don Jon		tt2229499	Drama,Romance,Comedy
2013	106	Walking with Dinosaurs 3D		tt1762399	Adventure,Animation,Comedy
2013	107	47 Ronin		tt1335975	Drama,Action,Fantasy
2013	108	The Incredible Burt Wonderstone		tt0790628	Comedy
2013	109	The Big Wedding		tt1931435	Drama,Romance,Comedy
2013	110	Mud		tt1935179	Adventure,Drama
2013	111	Baggage Claim	baggage.claim_tt1171222	tt1171222	Romance,Comedy
2013	112	The Way Way Back	way.way.back_tt1727388	tt1727388	Drama,Comedy
2013	113	The Place Beyond the Pines		tt1817273	Crime,Drama,Thriller
2013	114	Homefront		tt2312718	Crime,Action,Thriller
2013	115	Broken City	broken.city_tt1235522	tt1235522	Crime,Drama,Action
2013	116	Beautiful Creatures		tt1559547	Drama,Romance,Fantasy
2013	117	Runner Runner	runner.runner_tt2364841	tt2364841	Crime,Thriller,Mystery
2013	118	You're Next		tt1853739	Drama,Horror,Mystery
2013	119	The Impossible		tt1649419	Drama,Thriller,History
2013	120	Quartet		tt1441951	Drama,Music,Comedy
2013	121	The Book Thief	book.thief_tt0816442	tt0816442	Drama,War
2013	122	Admission		tt1814621	Drama,Romance,Comedy
2013	123	Parker		tt1904996	Crime,Action,Thriller
2013	124	Enough Said	enough.said_tt2390361	tt2390361	Drama,Romance,Comedy
2013	125	Dark Skies		tt2387433	Sci-Fi,Horror,Thriller
2013	126	Philomena	philomena_tt2431286	tt2431286	Drama,Biography,Comedy
2013	127	The Counselor	counselor_tt2193215	tt2193215	Adventure,Crime,Action
2013	128	Grudge Match		tt1661382	Drama,Sport,Comedy
2013	129	Jobs		tt2357129	Drama,Biography
2013	130	Fruitvale Station	fruitvale.stati_tt2334649	tt2334649	Crime,Biography,Drama
2013	131	Dallas Buyers Club	dallas.buyers.c_tt0790636	tt0790636	Drama,Biography
2013	132	About Time		tt2194499	Drama,Fantasy,Comedy
2013	133	The Last Exorcism Part II		tt2034139	Horror,Thriller
2013	134	The Guilt Trip	guilt.trip_tt1694020	tt1694020	Drama,Comedy
2013	135	Spring Breakers		tt2101441	Crime,Drama,Thriller
2013	136	Monsters, Inc.2012 3D Release	monsters.inc._tt0198781	tt0198781	Adventure,Animation,Comedy
2013	137	Skyfall	skyfall	tt1074638	Adventure,Action,Thriller
2013	138	Wreck-It Ralph	wreckit.ralph_tt1772341	tt1772341	Adventure,Animation,Comedy
2013	139	Rise of the Guardians	rise.of.the.gua_tt1446192	tt1446192	Adventure,Action,Animation
2013	140	The Last Stand		tt1549920	Drama,Action,Thriller
2013	141	Out of the Furnace		tt1206543	Crime,Drama,Thriller
2013	142	Dead Man Down	dead.man.down_tt2101341	tt2101341	Adventure,Crime,Action
2013	143	Getaway		tt2167202	Action,Thriller
2013	144	Bullet to the Head		tt1308729	Crime,Action,Thriller
2013	145	Peeples		tt1699755	Romance,Comedy
2013	146	Battle of the Year	battle.of.the.y_tt1532958	tt1532958	Drama,Music
2013	147	Movie 43		tt1333125	Comedy
2013	148	Before Midnight		tt2209418	Drama,Romance
2013	149	Machete Kills		tt2002718	Crime,Action,Comedy
2013	150	Paranoia		tt1413495	Drama,Thriller
2013	151	Promised Land		tt2091473	Drama
2013	152	Dhoom 3		tt1833673	Crime,Drama,Action
2013	153	Black Nativity	black.nativity_tt1425922	tt1425922	Drama,Family,Music
2013	154	The Spectacular Now		tt1714206	Drama,Romance
2013	155	The Grandmaster		tt1462900	Drama,Biography,Action
2013	156	Amour	amour_tt1602620	tt1602620	Drama
2013	157	Hubble		tt1433813	Documentary
2013	158	Nebraska	nebraska_tt1821549	tt1821549	Drama
2013	159	All Is Lost		tt2017038	Adventure,Drama,Action
2013	160	The Twilight Saga: Breaking Dawn - Part 2	twilight_breaking_dawn_2	tt1673434	Adventure,Drama,Fantasy
2013	161	The Bling Ring		tt2132285	Crime,Biography,Drama
2013	162	Pulling Strings		tt3203890	Romance,Comedy
2013	163	Closed Circuit		tt2218003	Crime,Drama,Mystery
2013	164	The Wizard of Oz2013 3D/IMAX Release	wizard.of.oz_tt0032138	tt0032138	Adventure,Family,Fantasy
2013	165	Chennai Express		tt2112124	Romance,Action,Comedy
2013	166	Mandela: Long Walk to Freedom		tt2304771	Drama,Biography,History
2013	167	Inside Llewyn Davis	inside.llewyn.d_tt2042568	tt2042568	Drama,Music
2013	168	The Company You Keep		tt1381404	Drama,Thriller
2013	169	Justin Bieber's Believe		tt3165608	Music,Documentary
2013	170	20 Feet from Stardom	20.feet.from.st_tt2396566	tt2396566	History,Biography,Documentary
2013	171	Hyde Park on Hudson		tt1477855	Drama,Biography,Comedy
2013	172	Cirque du Soleil: Worlds Away	cirque.du.solei_tt1792647	tt1792647	Fantasy
2013	173	Much Ado About Nothing		tt2094064	Drama,Romance,Comedy
2013	174	Frances Ha	frances.ha_tt2347569	tt2347569	Drama,Romance,Comedy
2013	175	Yeh Jawaani Hai Deewani		tt2178470	Drama,Musical,Comedy
2013	176	The To-Do List		tt1758795	Romance,Comedy
2013	177	Metallica Through the Never		tt2172935	Music
2013	178	Emperor	emperor_tt2103264	tt2103264	Drama,War,History
2013	179	Stand Up Guys		tt1389096	Crime,Thriller,Comedy
2013	180	The Fifth Estate	fifth.estate_tt1837703	tt1837703	Crime,Biography,Drama
2013	181	Love Is All You Need		tt1854236	Drama,Romance,Comedy
2013	182	Top Gun2013 3D Release	top_gun	tt0092099	Drama,Action
2013	183	In a World...		tt2294677	Comedy
2013	184	To the Arctic 3D		tt2073128	Short,Documentary
2013	185	Home Run		tt2051894	Drama,Sport
2013	186	Filly Brown		tt1869425	Drama,Music
2013	187	Hotel Transylvania	hotel.transylva_tt0837562	tt0837562	Family,Animation,Comedy
2013	188	Goliyon Ki Raasleela Ram Leela		tt2215477	Drama,Musical,Romance
2013	189	Space Station 3D		tt0290296	Documentary
2013	190	Grace Unplugged		tt2349460	Drama,Music
2013	191	The Sapphires		tt1673697	Drama,Biography,Comedy
2013	192	The Gatekeepers		tt2309788	History,War,Documentary
2013	193	I'm in Love with a Church Girl		tt1618432	Crime,Drama,Romance
2013	194	No		tt2059255	Drama,History
2013	195	Trance	trance_tt1924429	tt1924429	Crime,Drama,Mystery
2013	196	The East		tt1869716	Adventure,Crime,Drama
2013	197	Renoir		tt2150332	Drama,Biography,History
2013	198	The Christmas Candle		tt2739338	Drama,Family
2013	199	Krrish 3		tt1029231	Adventure,Sci-Fi,Action
2013	200	Oldboy		tt1321511	Drama,Action,Mystery
2014	1	Guardians of the Galaxy	guardians_of_the_galaxy	tt2015381	Adventure,Action,Comedy
2014	2	The Hunger Games: Mockingjay - Part 1	hunger_games_mockingjay_1	tt1951265	Adventure,Sci-Fi,Action
2014	3	Captain America: The Winter Soldier	captain_america_winter_soldier	tt1843866	Adventure,Sci-Fi,Action
2014	4	The Lego Movie	lego.movie_tt1490017	tt1490017	Adventure,Action,Animation
2014	5	Transformers: Age of Extinction	transformers_age_of_extinction	tt2109248	Adventure,Action,Comedy
2014	6	Maleficent	maleficent	tt1587310	Adventure,Drama,Family
2014	7	X-Men: Days of Future Past	xmen_days_of_future_past	tt1877832	Adventure,Sci-Fi,Action
2014	8	Dawn of the Planet of the Apes	dawn_of_the_planet_of_the_apes	tt2103281	Adventure,Drama,Action
2014	9	Big Hero 6	big.hero.6_tt2245084	tt2245084	Adventure,Action,Animation
2014	10	The Amazing Spider-Man 2	amazing_spiderman_2	tt1872181	Adventure,Sci-Fi,Action
2014	11	Godzilla	godzilla2014	tt0831387	Adventure,Sci-Fi,Action
2014	12	22 Jump Street	22_jump_street	tt2294449	Crime,Action,Comedy
2014	13	Teenage Mutant Ninja Turtles	tmnt_2014	tt1291150	Adventure,Action,Animation
2014	14	The Hobbit: The Battle of the Five Armies	hobbit_battle_of_the_five_armies	tt2310332	Adventure,Fantasy
2014	15	Interstellar	interstellar	tt0816692	Adventure,Drama,Sci-Fi
2014	16	How to Train Your Dragon 2	how.to.train.yo_tt1646971	tt1646971	Adventure,Action,Animation
2014	17	Gone Girl	gone_girl	tt2267998	Drama,Thriller,Mystery
2014	18	Divergent	divergent	tt1840309	Adventure,Drama,Action
2014	19	Neighbors	neighbors	tt2004420	Comedy
2014	20	Frozen	frozen_tt2294629	tt2294629	Adventure,Animation,Comedy
2014	21	Ride Along	ride_along	tt1408253	Crime,Action,Comedy
2014	22	Rio 2	rio.2_tt2357291	tt2357291	Adventure,Animation,Comedy
2014	23	Lucy	lucy	tt2872732	Sci-Fi,Action,Thriller
2014	24	Lone Survivor	lone_survivor	tt1091191	Drama,Biography,Action
2014	25	The Fault in Our Stars	fault_in_our_stars	tt2582846	Drama,Romance
2014	26	Mr. Peabody & Sherman	mr..peabody..sh_tt0864835	tt0864835	Adventure,Animation,Comedy
2014	27	300: Rise of an Empire	300_rise_of_an_empire	tt1253863	Drama,Action,Fantasy
2014	28	The Maze Runner	maze_runner	tt1790864	Sci-Fi,Action,Mystery
2014	29	Noah	noah	tt1959490	Adventure,Drama,Action
2014	30	The Equalizer	equalizer	tt0455944	Crime,Action,Thriller
2014	31	Edge of Tomorrow	edge_of_tomorrow	tt1631867	Adventure,Sci-Fi,Action
2014	32	Non-Stop	nonstop_tt2024469	tt2024469	Thriller,Action,Mystery
2014	33	Heaven Is for Real	heaven.is.for.r_tt1929263	tt1929263	Drama,Biography,Family
2014	34	Fury	fury_tt2713180	tt2713180	Drama,War,Action
2014	35	Dumb and Dumber To	dumb.and.dumber_tt2096672	tt2096672	Comedy
2014	36	Tammy	tammy_tt2103254	tt2103254	Romance,Comedy
2014	37	Annabelle	annabelle_tt3322940	tt3322940	Thriller,Horror,Mystery
2014	38	The Other Woman	other.woman_tt2203939	tt2203939	Romance,Comedy
2014	39	American Hustle	american.hustle_tt1800241	tt1800241	Crime,Drama
2014	40	Let's Be Cops	lets.be.cops_tt1924435	tt1924435	Crime,Action,Comedy
2014	41	The Monuments Men	monuments.men_tt2177771	tt2177771	Drama,Biography,Comedy
2014	42	The Wolf of Wall Street	wolf.of.wall.st_tt0993846	tt0993846	Crime,Biography,Comedy
2014	weathering.with_tt9426210	Penguins of Madagascar	penguins.of.mad_tt1911658	tt1911658	Adventure,Action,Animation
2014	44	Hercules	hercules_tt1267297	tt1267297	Adventure,Action,Fantasy
2014	45	The Purge: Anarchy	purge.anarchy_tt2975578	tt2975578	Sci-Fi,Action,Horror
2014	46	Night at the Museum: Secret of the Tomb	night.at.the.mu_tt2692250	tt2692250	Adventure,Family,Comedy
2014	47	Alexander and the Terrible, Horrible, No Good, Very Bad Day	alexander.and.t_tt1698641	tt1698641	Drama,Family,Comedy
2014	48	Think Like a Man Too	think.like.a.ma_tt2239832	tt2239832	Romance,Comedy
2014	49	The Nut Job	nut.job_tt1821658	tt1821658	Adventure,Animation,Comedy
2014	50	Into the Woods	into.the.woods_tt2180411	tt2180411	Adventure,Drama,Comedy
2014	51	Unbroken	unbroken_tt1809398	tt1809398	Drama,Biography,Sport
2014	52	God's Not Dead	gods.not.dead_tt2528814	tt2528814	Drama,Romance
2014	53	Son of God	son.of.god_tt3210686	tt3210686	Drama,Biography,History
2014	54	Planes: Fire & Rescue	planes.fire..re_tt2980706	tt2980706	Adventure,Animation,Comedy
2014	55	The Grand Budapest Hotel	grand.budapest._tt2278388	tt2278388	Drama,Comedy
2014	56	RoboCop	robocop_tt1234721	tt1234721	Crime,Sci-Fi,Action
2014	57	Annie	annie_tt1823664	tt1823664	Drama,Family,Comedy
2014	58	The Hobbit: The Desolation of Smaug	hobbit_desolation_of_smaug	tt1170358	Adventure,Fantasy
2014	59	Dracula Untold	dracula.untold_tt0829150	tt0829150	Drama,Action,Fantasy
2014	60	Exodus: Gods and Kings	exodus.gods.and_tt1528100	tt1528100	Adventure,Drama,Action
2014	61	The Hundred-Foot Journey	hundredfoot.jou_tt2980648	tt2980648	Drama,Comedy
2014	62	No Good Deed	no.good.deed_tt2011159	tt2011159	Crime,Drama,Horror
2014	63	Horrible Bosses 2		tt2170439	Crime,Comedy
2014	64	Muppets Most Wanted	muppets.most.wa_tt2281587	tt2281587	Adventure,Crime,Comedy
2014	65	Ouija	ouija_tt1204977	tt1204977	Thriller,Horror,Mystery
2014	66	Jack Ryan: Shadow Recruit	jack.ryan.shado_tt1205537	tt1205537	Drama,Action,Thriller
2014	67	The Boxtrolls	boxtrolls_tt0787474	tt0787474	Adventure,Animation,Comedy
2014	68	If I Stay	if.i.stay_tt1355630	tt1355630	Drama,Fantasy,Comedy
2014	69	The Book of Life	book.of.life_tt2262227	tt2262227	Adventure,Animation,Comedy
2014	70	About Last Night		tt1826590	Romance,Comedy
2014	71	Into the Storm	into.the.storm_tt2106361	tt2106361	Adventure,Drama,Action
2014	72	Jersey Boys		tt1742044	Drama,Biography,Music
2014	73	The Judge		tt1872194	Crime,Drama,Mystery
2014	74	Blended		tt1086772	Romance,Comedy
2014	75	The Giver		tt0435651	Drama,Sci-Fi,Romance
2014	76	Need for Speed	need.for.speed_tt2369135	tt2369135	Crime,Drama,Action
2014	77	A Million Ways to Die in the West	a.million.ways._tt2557490	tt2557490	Western,Comedy
2014	78	St. Vincent	st..vincent_tt2170593	tt2170593	Drama,Comedy
2014	79	John Wick	john.wick_tt2911666	tt2911666	Crime,Action,Thriller
2014	80	Dolphin Tale 2	dolphin.tale.2_tt2978462	tt2978462	Drama,Family
2014	81	The Expendables 3	expendables.3_tt2333784	tt2333784	Adventure,Action,Comedy
2014	82	Saving Mr. Banks	saving.mr..bank_tt2140373	tt2140373	Drama,Biography,Comedy
2014	83	Earth to Echo		tt2183034	Adventure,Family,Sci-Fi
2014	84	Sex Tape	sex.tape_tt1956620	tt1956620	Romance,Comedy
2014	85	August: Osage County		tt1322269	Drama,Comedy
2014	86	Million Dollar Arm	million.dollar._tt1647668	tt1647668	Drama,Biography,Family
2014	87	Anchorman 2: The Legend Continues	anchorman.2.the_tt1229340	tt1229340	Comedy
2014	88	This Is Where I Leave You		tt1371150	Drama,Comedy
2014	89	Paranormal Activity: The Marked Ones	paranormal.acti_tt2473682	tt2473682	Horror,Mystery
2014	90	Nightcrawler		tt2872718	Crime,Drama,Thriller
2014	91	Chef		tt2883512	Adventure,Drama,Comedy
2014	92	Get on Up	get.on.up_tt2473602	tt2473602	Drama,Biography,Music
2014	93	3 Days to Kill		tt2172934	Drama,Action,Thriller
2014	94	Deliver Us from Evil		tt2377322	Crime,Horror,Mystery
2014	95	When the Game Stands Tall	when.the.game.s_tt2247476	tt2247476	Drama,Biography,Family
2014	96	The Hunger Games: Catching Fire	hunger_games_catching_fire	tt1951264	Adventure,Sci-Fi,Action
2014	97	Draft Day		tt2223990	Drama,Sport
2014	98	Oculus		tt2388715	Thriller,Horror,Mystery
2014	99	The Secret Life of Walter Mitty	secret.life.of._tt0359950	tt0359950	Adventure,Drama,Comedy
2014	100	The Best of Me		tt1972779	Drama,Romance
2014	101	A Walk Among the Tombstones	a.walk.among.th_tt0365907	tt0365907	Crime,Drama,Action
2014	102	That Awkward Moment		tt1800246	Romance,Comedy
2014	103	The November Man		tt2402157	Adventure,Crime,Action
2014	104	Birdman or (The Unexpected Virtue of Ignorance)	birdman.or.the._tt2562232	tt2562232	Drama,Comedy
2014	105	Boyhood	boyhood_tt1065073	tt1065073	Drama
2014	106	Her	her_tt1798709	tt1798709	Drama,Sci-Fi,Romance
2014	107	Endless Love	endless.love_tt2318092	tt2318092	Drama,Mystery,Romance
2014	108	The Theory of Everything	theory.of.every_tt2980516	tt2980516	Drama,Biography,Romance
2014	109	Pompeii	pompeii_tt1921064	tt1921064	Adventure,Drama,Action
2014	110	Transcendence		tt2209764	Drama,Sci-Fi,Thriller
2014	111	As Above, So Below		tt2870612	Adventure,Horror,Mystery
2014	112	Top Five	top.five_tt2784678	tt2784678	Romance,Comedy
2014	113	Philomena	philomena_tt2431286	tt2431286	Drama,Biography,Comedy
2014	114	Brick Mansions		tt1430612	Crime,Action,Thriller
2014	115	The Imitation Game	imitation.game_tt2084970	tt2084970	Drama,Biography,Thriller
2014	116	Wild	wild_tt2305051	tt2305051	Adventure,Biography,Drama
2014	117	Gravity	gravity	tt1454468	Drama,Sci-Fi,Thriller
2014	118	I, Frankenstein		tt1418377	Sci-Fi,Action,Fantasy
2014	119	The Gambler	gambler_tt2039393	tt2039393	Crime,Drama,Thriller
2014	120	The Legend of Hercules		tt1043726	Adventure,Action,Fantasy
2014	121	12 Years a Slave	12.years.a.slav_tt2024544	tt2024544	Drama,Biography,History
2014	122	Bears		tt2458776	Family,Documentary
2014	123	Addicted		tt2205401	Drama,Thriller,Romance
2014	124	A Haunted House 2		tt2828996	Fantasy,Horror,Comedy
2014	125	A Most Wanted Man		tt1972571	Crime,Drama,Thriller
2014	126	Begin Again		tt1980929	Drama,Music,Comedy
2014	127	The Single Moms Club		tt2465140	Drama,Comedy
2014	128	Devil's Due	devils.due_tt2752758	tt2752758	Horror,Mystery
2014	129	And So It Goes		tt2465146	Drama,Romance,Comedy
2014	130	Step Up All In		tt2626350	Drama,Romance,Music
2014	131	Beyond the Lights		tt3125324	Drama,Romance,Music
2014	132	47 Ronin		tt1335975	Drama,Action,Fantasy
2014	133	America: Imagine the World Without Her		tt2785390	Documentary
2014	134	Left Behind		tt2467046	Sci-Fi,Action,Fantasy
2014	135	Sin City: A Dame to Kill For		tt0458481	Crime,Action,Thriller
2014	136	Grudge Match		tt1661382	Drama,Sport,Comedy
2014	137	Labor Day	labor.day_tt1967545	tt1967545	Crime,Drama,Romance
2014	138	Winter's Tale		tt1837709	Drama,Mystery,Fantasy
2014	139	Walking with Dinosaurs 3D		tt1762399	Adventure,Animation,Comedy
2014	140	Nebraska	nebraska_tt1821549	tt1821549	Drama
2014	141	Dallas Buyers Club	dallas.buyers.c_tt0790636	tt0790636	Drama,Biography
2014	142	Belle		tt2404181	Drama,Biography,Romance
2014	143	The Drop		tt1600196	Crime,Drama,Mystery
2014	144	Magic in the Moonlight	magic.in.the.mo_tt2870756	tt2870756	Drama,Romance,Comedy
2014	145	Sabotage		tt1742334	Crime,Drama,Action
2014	146	Moms' Night Out	moms.night.out_tt3014666	tt3014666	Comedy
2014	147	PK		tt2338151	Drama,Musical,Comedy
2014	148	The Quiet Ones		tt2235779	Thriller,Horror,Mystery
2014	149	Legends of Oz: Dorothy's Return		tt0884726	Adventure,Family,Animation
2014	150	Island of Lemurs: Madagascar		tt3231010	Adventure,Biography,Documentary
2014	151	Inside Llewyn Davis	inside.llewyn.d_tt2042568	tt2042568	Drama,Music
2014	152	Vampire Academy		tt1686821	Drama,Action,Comedy
2014	153	Bad Words		tt2170299	Drama,Comedy
2014	154	A Madea Christmas		tt2609758	Drama,Romance,Comedy
2014	155	Foxcatcher	foxcatcher_tt1100089	tt1100089	Drama,Biography,History
2014	156	Cantinflas		tt3005242	Drama,Biography,Comedy
2014	157	Big Eyes		tt1126590	Crime,Biography,Drama
2014	158	Meet the Mormons		tt4003774	Documentary
2014	159	Whiplash	whiplash_tt2582802	tt2582802	Drama,Music
2014	160	Cesar Chavez2014 Re-release		tt1621046	Drama,Biography
2014	161	The Skeleton Twins		tt1571249	Drama,Romance,Comedy
2014	162	The Wind Rises		tt2013293	Drama,Biography,Animation
2014	163	Journey to the South Pacific		tt3195742	Short,Documentary
2014	164	Jerusalem		tt2385006	Short,Documentary
2014	165	Hubble		tt1433813	Documentary
2014	166	Snowpiercer		tt1706620	Sci-Fi,Action,Thriller
2014	167	The Railway Man		tt2058107	Drama,Biography,Romance
2014	168	Dear White People		tt2235108	Drama,Romance,Comedy
2014	169	The Lunchbox2013 Re-release		tt2350496	Drama,Romance
2014	170	My Old Lady		tt2908856	Drama,Romance,Comedy
2014	171	Fading Gigolo		tt2258345	Romance,Comedy
2014	172	Thor: The Dark World	thor_dark_world	tt1981115	Adventure,Action,Fantasy
2014	173	Ida	ida_tt2718492	tt2718492	Drama
2014	174	Calvary		tt2234003	Crime,Drama,Mystery
2014	175	Wish I Was Here		tt2870708	Drama,Comedy
2014	176	Ghostbusters30th Anniversary Release	ghostbusters_1984	tt0087332	Fantasy,Action,Comedy
2014	177	The Interview	interview_tt2788710	tt2788710	Adventure,Action,Comedy
2014	178	What If		tt1486834	Romance,Comedy
2014	179	The Grand Seduction		tt2319580	Comedy
2014	180	Veronica Mars		tt2771372	Crime,Drama,Mystery
2014	181	Mommy		tt3612616	Drama
2014	182	The Book Thief	book.thief_tt0816442	tt0816442	Drama,War
2014	183	Before I Go to Sleep		tt1726592	Drama,Thriller,Mystery
2014	184	Rosewater		tt2752688	Drama,Biography
2014	185	Obvious Child		tt2910274	Drama,Romance,Comedy
2014	186	Mandela: Long Walk to Freedom		tt2304771	Drama,Biography,History
2014	187	Cloudy with a Chance of Meatballs 2	cloudy.with.a.c_tt1985966	tt1985966	Adventure,Animation,Comedy
2014	188	The Trip to Italy		tt2967006	Drama,Comedy
2014	189	The Identical		tt2326574	Drama,Music
2014	190	The Fluffy Movie: Unity Through Laughter		tt3532608	Documentary,Comedy
2014	191	Kirk Cameron's Saving Christmas		tt4009460	Family,Comedy
2014	192	The Good Lie		tt2652092	Drama,Biography
2014	193	The Pyramid		tt2799166	Thriller,Horror,Mystery
2014	194	Space Station 3D		tt0290296	Documentary
2014	195	The Raid 2		tt2265171	Crime,Action,Thriller
2014	196	Under the Skin		tt1441395	Drama,Horror,Mystery
2014	197	The Admiral: Roaring Currents		tt3541262	War,Action,History
2014	198	Dragon Ball Z: Battle of Gods		tt2263944	Adventure,Action,Animation
2014	199	Bang Bang		tt2905838	Adventure,Action,Comedy
2014	200	Kick		tt2372222	Crime,Action,Comedy
2015	1	Jurassic World	jurassic_world	tt0369610	Adventure,Sci-Fi,Action
2015	2	Star Wars: Episode VII - The Force Awakens	force_awakens	tt2488496	Adventure,Sci-Fi,Action
2015	3	Avengers: Age of Ultron	avengers_age_of_ultron	tt2395427	Adventure,Sci-Fi,Action
2015	4	Inside Out	inside.out_tt2096673	tt2096673	Adventure,Animation,Comedy
2015	5	Furious 7	furious_7	tt2820852	Action,Thriller
2015	6	American Sniper	american_sniper	tt2179136	Drama,Biography,Action
2015	7	Minions	minions_tt2293640	tt2293640	Adventure,Animation,Comedy
2015	8	The Hunger Games: Mockingjay - Part 2	hunger_games_mockingjay_2	tt1951266	Adventure,Sci-Fi,Action
2015	9	The Martian	martian	tt3659388	Adventure,Drama,Sci-Fi
2015	10	Cinderella	cinderella	tt1661199	Adventure,Drama,Family
2015	11	Spectre	spectre	tt2379713	Adventure,Action,Thriller
2015	12	Mission: Impossible - Rogue Nation	rogue_nation	tt2381249	Adventure,Action,Thriller
2015	13	Pitch Perfect 2	pitch_perfect_2	tt2848292	Music,Comedy
2015	14	Ant-Man	antman	tt0478970	Sci-Fi,Action,Comedy
2015	15	Home	home_tt2224026	tt2224026	Adventure,Animation,Comedy
2015	16	Hotel Transylvania 2	hotel.transylva_tt2510894	tt2510894	Adventure,Animation,Comedy
2015	17	Fifty Shades of Grey	fifty_shades_of_grey	tt2322441	Drama,Thriller,Romance
2015	18	The SpongeBob Movie: Sponge Out of Water		tt2279373	Adventure,Animation,Comedy
2015	19	Straight Outta Compton	straight_outta_compton	tt1398426	Drama,Biography,History
2015	20	San Andreas	san_andreas	tt2126355	Adventure,Action,Thriller
2015	21	Mad Max: Fury Road	fury_road	tt1392190	Adventure,Sci-Fi,Action
2015	22	The Divergent Series: Insurgent	insurgent	tt2908446	Adventure,Sci-Fi,Action
2015	23	Kingsman: The Secret Service	kingsman	tt2802144	Adventure,Action,Comedy
2015	24	The Peanuts Movie	peanuts.movie_tt2452042	tt2452042	Adventure,Animation,Comedy
2015	25	Spy	spy	tt3079380	Action,Comedy
2015	26	The Good Dinosaur	good.dinosaur_tt1979388	tt1979388	Adventure,Action,Animation
2015	27	Trainwreck	trainwreck	tt3152624	Drama,Romance,Comedy
2015	28	Creed	creed	tt3076658	Drama,Action,Sport
2015	29	Tomorrowland	tomorrowland	tt1964418	Adventure,Family,Action
2015	30	Get Hard	get_hard	tt2561572	Crime,Drama,Comedy
2015	31	Terminator Genisys	terminator_genisys	tt1340138	Adventure,Sci-Fi,Action
2015	32	Taken 3	taken_3	tt2446042	Crime,Action,Thriller
2015	33	Maze Runner: The Scorch Trials	maze.runner.the_tt4046784	tt4046784	Adventure,Sci-Fi,Action
2015	34	Ted 2	ted.2_tt2637276	tt2637276	Comedy
2015	35	Goosebumps	goosebumps_tt1051904	tt1051904	Adventure,Fantasy,Comedy
2015	36	Pixels	pixels_tt2120120	tt2120120	Adventure,Action,Comedy
2015	37	Paddington	paddington_tt1109624	tt1109624	Adventure,Family,Comedy
2015	38	The Intern	intern_tt2361509	tt2361509	Drama,Comedy
2015	39	The Imitation Game	imitation.game_tt2084970	tt2084970	Drama,Biography,Thriller
2015	40	Paul Blart: Mall Cop 2	paul.blart.mall_tt3450650	tt3450650	Crime,Action,Comedy
2015	41	Bridge of Spies	bridge.of.spies_tt3682448	tt3682448	Drama,Thriller,History
2015	42	War Room	war.room_tt3832914	tt3832914	Drama
2015	43	Magic Mike XXL	magic.mike.xxl_tt2268016	tt2268016	Drama,Music,Comedy
2015	44	The Hobbit: The Battle of the Five Armies	hobbit_battle_of_the_five_armies	tt2310332	Adventure,Fantasy
2015	45	The Visit	visit_tt3567288	tt3567288	Thriller,Horror,Mystery
2015	46	Daddy's Home	daddys.home_tt1528854	tt1528854	Family,Comedy
2015	47	The Wedding Ringer	wedding.ringer_tt0884732	tt0884732	Romance,Comedy
2015	48	Into the Woods	into.the.woods_tt2180411	tt2180411	Adventure,Drama,Comedy
2015	49	Black Mass	black.mass_tt1355683	tt1355683	Crime,Biography,Drama
2015	50	Vacation	vacation_tt1524930	tt1524930	Adventure,Comedy
2015	51	The Perfect Guy	perfect.guy_tt3862750	tt3862750	Drama,Thriller,Romance
2015	52	Fantastic Four	fantastic.four_tt1502712	tt1502712	Adventure,Sci-Fi,Action
2015	53	Alvin and the Chipmunks: The Road Chip	alvin.and.the.c_tt2974918	tt2974918	Adventure,Family,Comedy
2015	54	Focus	focus_tt2381941	tt2381941	Crime,Drama,Comedy
2015	55	Unbroken	unbroken_tt1809398	tt1809398	Drama,Biography,Sport
2015	56	Southpaw	southpaw_tt1798684	tt1798684	Drama,Action,Sport
2015	57	Insidious: Chapter 3	insidious.chapt_tt3195644	tt3195644	Thriller,Horror,Mystery
2015	58	Selma	selma_tt1020072	tt1020072	Drama,Biography,History
2015	59	Sisters	sisters_tt1850457	tt1850457	Comedy
2015	60	Poltergeist	poltergeist_tt1029360	tt1029360	Horror,Thriller,Fantasy
2015	61	Jupiter Ascending	jupiter.ascendi_tt1617661	tt1617661	Adventure,Sci-Fi,Action
2015	62	Sicario	sicario_tt3397884	tt3397884	Crime,Drama,Action
2015	63	The Man from U.N.C.L.E.	man.from.u.n.c._tt1638355	tt1638355	Adventure,Action,Comedy
2015	64	McFarland, USA	mcfarland.usa_tt2097298	tt2097298	Drama,Biography,Sport
2015	65	Night at the Museum: Secret of the Tomb	night.at.the.mu_tt2692250	tt2692250	Adventure,Family,Comedy
2015	66	The Gift		tt4178092	Drama,Thriller,Mystery
2015	67	Everest	everest_tt2719848	tt2719848	Adventure,Biography,Drama
2015	68	The Night Before	night.before_tt3530002	tt3530002	Fantasy,Comedy
2015	69	Max	max_tt3369806	tt3369806	Adventure,Drama,Family
2015	70	The Age of Adaline	age.of.adaline_tt1655441	tt1655441	Drama,Romance,Fantasy
2015	71	Krampus	krampus_tt3850590	tt3850590	Fantasy,Horror,Comedy
2015	72	The Longest Ride	longest.ride_tt2726560	tt2726560	Drama,Romance
2015	73	The Boy Next Door	boy.next.door_tt3181822	tt3181822	Thriller
2015	74	Pan	pan_tt3332064	tt3332064	Adventure,Action,Comedy
2015	75	Hot Pursuit	hot.pursuit_tt2967224	tt2967224	Crime,Action,Comedy
2015	76	The DUFF	duff_tt1666801	tt1666801	Romance,Comedy
2015	77	Woman in Gold	woman.in.gold_tt2404425	tt2404425	Drama,Biography,History
2015	78	The Second Best Exotic Marigold Hotel	second.best.exo_tt2555736	tt2555736	Drama,Romance,Comedy
2015	79	Unfriended	unfriended_tt3713166	tt3713166	Drama,Horror,Fantasy
2015	80	Entourage	entourage_tt1674771	tt1674771	Drama,Comedy
2015	81	Paper Towns	paper.towns_tt3622592	tt3622592	Adventure,Drama,Comedy
2015	82	Chappie	chappie_tt1823672	tt1823672	Crime,Drama,Action
2015	83	Crimson Peak	crimson.peak_tt2554274	tt2554274	Drama,Horror,Mystery
2015	84	A Walk in the Woods	a.walk.in.the.w_tt1178665	tt1178665	Adventure,Biography,Comedy
2015	85	Annie	annie_tt1823664	tt1823664	Drama,Family,Comedy
2015	86	Joy	joy_tt2446980	tt2446980	Drama,Biography
2015	87	Sinister 2		tt2752772	Thriller,Horror,Mystery
2015	88	The Last Witch Hunter	last.witch.hunt_tt1618442	tt1618442	Adventure,Action,Fantasy
2015	89	No Escape		tt1781922	Action,Thriller
2015	90	Ricki and the Flash		tt3623726	Drama,Music,Comedy
2015	91	The Woman in Black 2: Angel of Death		tt2339741	Drama,Horror,Thriller
2015	92	Run All Night	run.all.night_tt2199571	tt2199571	Crime,Action,Thriller
2015	93	Love the Coopers		tt2279339	Romance,Fantasy,Comedy
2015	94	Spotlight	spotlight_tt1895587	tt1895587	Crime,Biography,Drama
2015	95	The Lazarus Effect		tt2918436	Sci-Fi,Horror,Mystery
2015	96	Ex Machina		tt0470752	Drama,Sci-Fi,Thriller
2015	97	The Big Short	big.short_tt1596363	tt1596363	Drama,Biography,Comedy
2015	98	The Hunger Games: Mockingjay - Part 1	hunger_games_mockingjay_1	tt1951265	Adventure,Sci-Fi,Action
2015	99	In the Heart of the Sea	in.the.heart.of_tt1390411	tt1390411	Adventure,Biography,Action
2015	100	The Gallows		tt2309260	Thriller,Horror,Mystery
2015	101	Hitman: Agent 47	hitman.agent.47_tt2679042	tt2679042	Adventure,Crime,Action
2015	102	Project Almanac	project.almanac_tt2436386	tt2436386	Drama,Sci-Fi,Mystery
2015	103	Black or White		tt2883434	Drama
2015	104	Aloha	aloha_tt1243974	tt1243974	Drama,Romance,Comedy
2015	105	Secret in Their Eyes		tt1741273	Crime,Drama,Mystery
2015	106	Brooklyn	brooklyn_tt2381111	tt2381111	Drama,Romance
2015	107	Shaun the Sheep Movie	shaun.the.sheep_tt2872750	tt2872750	Adventure,Animation,Comedy
2015	108	Still Alice		tt3316960	Drama
2015	109	Paranormal Activity: The Ghost Dimension	paranormal.acti_tt2473510	tt2473510	Horror,Mystery
2015	110	Wild	wild_tt2305051	tt2305051	Adventure,Biography,Drama
2015	111	Birdman or (The Unexpected Virtue of Ignorance)	birdman.or.the._tt2562232	tt2562232	Drama,Comedy
2015	112	Big Hero 6	big.hero.6_tt2245084	tt2245084	Adventure,Action,Animation
2015	113	Steve Jobs	steve.jobs_tt2080374	tt2080374	Drama,Biography
2015	114	Mr. Holmes		tt3168230	Crime,Drama,Family
2015	115	Dope		tt3850214	Adventure,Crime,Comedy
2015	116	Concussion	concussion_tt3322364	tt3322364	Drama,Biography,Sport
2015	117	Seventh Son	seventh.son_tt1121096	tt1121096	Adventure,Action,Fantasy
2015	118	Monkey Kingdom		tt3660770	Documentary
2015	119	The Transporter Refueled		tt2938956	Action,Thriller
2015	120	Point Break		tt2058673	Adventure,Crime,Action
2015	121	The Gambler	gambler_tt2039393	tt2039393	Crime,Drama,Thriller
2015	122	It Follows		tt3235888	Thriller,Horror,Mystery
2015	123	American Ultra		tt3316948	Action,Comedy
2015	124	Woodlawn		tt4183692	Drama,Biography,History
2015	125	Burnt		tt2503944	Drama,Comedy
2015	126	The Hateful Eight	hateful.eight_tt3460252	tt3460252	Crime,Drama,Mystery
2015	127	Do You Believe?		tt4056738	Drama
2015	128	The Theory of Everything	theory.of.every_tt2980516	tt2980516	Drama,Biography,Romance
2015	129	Love & Mercy		tt0903657	Drama,Biography,Music
2015	130	Strange Magic		tt4191054	Adventure,Animation,Comedy
2015	131	Hot Tub Time Machine 2	hot.tub.time.ma_tt2637294	tt2637294	Sci-Fi,Mystery,Comedy
2015	132	Self/less		tt2140379	Sci-Fi,Action,Mystery
2015	133	Far from the Madding Crowd		tt2935476	Drama,Romance
2015	134	The 33		tt2006295	Drama,Biography,History
2015	135	The Gunman		tt2515034	Crime,Action,Mystery
2015	136	Unfinished Business	unfinished.busi_tt2358925	tt2358925	Drama,Comedy
2015	137	The Walk	walk_tt3488710	tt3488710	Adventure,Biography,Drama
2015	138	Penguins of Madagascar	penguins.of.mad_tt1911658	tt1911658	Adventure,Action,Animation
2015	139	Exodus: Gods and Kings	exodus.gods.and_tt1528100	tt1528100	Adventure,Drama,Action
2015	140	Huevos: Little Rooster's Egg-cellent Adventure		tt4643580	Adventure,Animation,Comedy
2015	141	Interstellar	interstellar	tt0816692	Adventure,Drama,Sci-Fi
2015	142	Amy	amy_tt2870648	tt2870648	Music,Biography,Documentary
2015	143	Big Eyes		tt1126590	Crime,Biography,Drama
2015	144	Dragon Ball Z: Resurrection 'F'		tt3819668	Adventure,Action,Animation
2015	145	Blackhat	blackhat_tt2717822	tt2717822	Crime,Action,Thriller
2015	146	Bajrangi Bhaijaan		tt3863552	Adventure,Action,Comedy
2015	147	Mortdecai	mortdecai_tt3045616	tt3045616	Adventure,Action,Comedy
2015	148	While We're Young		tt1791682	Drama,Mystery,Comedy
2015	149	Whiplash	whiplash_tt2582802	tt2582802	Drama,Music
2015	150	I'll See You in My Dreams		tt3236120	Drama,Romance,Comedy
2015	151	The Green Inferno		tt2403021	Adventure,Horror
2015	152	Our Brand Is Crisis	our.brand.is.cr_tt1018765	tt1018765	Drama,Comedy
2015	153	Inherent Vice		tt1791528	Crime,Drama,Comedy
2015	154	Grandma	grandma_tt4270516	tt4270516	Drama,Comedy
2015	155	Trumbo		tt3203606	Drama,Biography
2015	156	Me and Earl and the Dying Girl	me.and.earl.and_tt2582496	tt2582496	Drama,Comedy
2015	157	Little Boy		tt1810683	Drama,War,History
2015	158	The Loft		tt1850397	Romance,Thriller,Mystery
2015	159	Victor Frankenstein	victor.frankens_tt1976009	tt1976009	Drama,Sci-Fi,Horror
2015	160	A Most Violent Year		tt2937898	Crime,Drama,Thriller
2015	161	Danny Collins		tt1772288	Drama,Music,Comedy
2015	162	Foxcatcher	foxcatcher_tt1100089	tt1100089	Drama,Biography,History
2015	163	Bajirao Mastani		tt3735246	Drama,Action,History
2015	164	Room	room_tt3170832	tt3170832	Drama,Thriller
2015	165	90 Minutes in Heaven		tt4337690	Drama
2015	166	True Story	true.story_tt2273657	tt2273657	Crime,Biography,Drama
2015	167	Suffragette		tt3077214	Drama,History
2015	168	Top Five	top.five_tt2784678	tt2784678	Romance,Comedy
2015	169	Baahubali: The Beginning		tt2631186	Drama,Action
2015	170	The Danish Girl		tt0810819	Drama,Biography
2015	171	Hubble		tt1433813	Documentary
2015	172	Dilwale		tt4535650	Drama,Action,Comedy
2015	173	Prem Ratan Dhan Payo		tt3595298	Drama,Action,Musical
2015	174	The Water Diviner		tt3007512	Drama,War,History
2015	175	Irrational Man		tt3715320	Crime,Drama,Comedy
2015	176	Carol	carol_tt2402927	tt2402927	Drama,Romance
2015	177	Scouts Guide to the Zombie Apocalypse		tt1727776	Horror,Action,Comedy
2015	178	A la mala		tt4357170	Comedy
2015	179	Spare Parts		tt3233418	Drama,Biography,History
2015	180	We Are Your Friends		tt3787590	Drama,Romance,Music
2015	181	What We Do in the Shadows		tt3416742	Horror,Comedy
2015	182	Learning to Drive		tt3062976	Drama,Romance,Comedy
2015	183	Mr. Turner	mr..turner_tt2473794	tt2473794	Drama,Biography,History
2015	184	Phoenix		tt2764784	Drama,Music,History
2015	185	Dil Dhadakne Do		tt4110568	Drama,Romance,Comedy
2015	186	Ladrones		tt4296800	Comedy
2015	187	Tanu Weds Manu Returns		tt2140465	Drama,Romance,Comedy
2015	188	Rock the Kasbah		tt3164256	Music,War,Comedy
2015	189	The End of the Tour		tt3416744	Drama,Biography
2015	190	Wild Tales		tt3011894	Drama,Thriller,Comedy
2015	191	Horrible Bosses 2		tt2170439	Crime,Comedy
2015	192	He Named Me Malala	he.named.me.mal_tt3065132	tt3065132	Biography,Documentary
2015	193	Captive	captive_tt3268668	tt3268668	Crime,Biography,Action
2015	194	Chi-Raq		tt4594834	Crime,Drama,Comedy
2015	195	The Interview	interview_tt2788710	tt2788710	Adventure,Action,Comedy
2015	196	Truth		tt3859076	Drama,Biography,History
2015	197	Mistress America		tt2872462	Drama,Comedy
2015	198	Pawn Sacrifice		tt1596345	Drama,Biography,History
2015	199	The Oscar Nominated Short Films 2015: Live Action		tt4456038	Drama
2015	200	Meru		tt2545428	Sport,Documentary
2016	1	Finding Dory	finding.dory_tt2277860	tt2277860	Adventure,Animation,Comedy
2016	2	Rogue One: A Star Wars Story	rogue_one	tt3748528	Adventure,Sci-Fi,Action
2016	3	Captain America: Civil War	captain_america_civil_war	tt3498820	Sci-Fi,Action
2016	4	The Secret Life of Pets	secret.life.of._tt2709768	tt2709768	Adventure,Animation,Comedy
2016	5	The Jungle Book	jungle_book	tt3040964	Adventure,Action,Animation
2016	6	Deadpool	deadpool	tt1431045	Sci-Fi,Action,Comedy
2016	7	Zootopia	zootopia_tt2948356	tt2948356	Adventure,Action,Animation
2016	8	Batman v Superman: Dawn of Justice	batman_vs_superman	tt2975590	Adventure,Sci-Fi,Action
2016	9	Suicide Squad	suicide_squad	tt1386697	Adventure,Action,Fantasy
2016	10	Star Wars: Episode VII - The Force Awakens	force_awakens	tt2488496	Adventure,Sci-Fi,Action
2016	11	Doctor Strange	doctor_strange	tt1211837	Adventure,Action,Fantasy
2016	12	Fantastic Beasts and Where to Find Them	fantastic_beasts	tt3183660	Adventure,Family,Fantasy
2016	13	Moana	moana_tt3521164	tt3521164	Adventure,Animation,Comedy
2016	14	The Revenant	revenant	tt1663202	Adventure,Drama,Western
2016	15	Jason Bourne	jason_bourne	tt4196776	Action,Thriller
2016	16	Star Trek Beyond	star_trek_beyond	tt2660888	Adventure,Sci-Fi,Action
2016	17	X-Men: Apocalypse	xmen_apocalypse	tt3385516	Adventure,Sci-Fi,Action
2016	18	Sing	sing_tt3470600	tt3470600	Family,Animation,Comedy
2016	19	Trolls	trolls_tt1679335	tt1679335	Adventure,Animation,Comedy
2016	20	Kung Fu Panda 3	kung.fu.panda.3_tt2267968	tt2267968	Adventure,Action,Animation
2016	21	Ghostbusters	ghostbusters_2016	tt1289401	Fantasy,Action,Comedy
2016	22	Central Intelligence	central_intelligence	tt1489889	Crime,Action,Comedy
2016	23	The Legend of Tarzan	legend_of_tarzan	tt0918940	Adventure,Drama,Action
2016	24	Sully	sully	tt3263904	Drama,Biography
2016	25	Bad Moms	bad_moms	tt4651520	Comedy
2016	26	The Angry Birds Movie	angry.birds.mov_tt1985949	tt1985949	Adventure,Action,Animation
2016	27	Independence Day: Resurgence	independence_day_resurgence	tt1628841	Adventure,Sci-Fi,Action
2016	28	The Conjuring 2	conjuring_2	tt3065204	Thriller,Horror,Mystery
2016	29	Sausage Party	sausage.party_tt1700841	tt1700841	Adventure,Animation,Comedy
2016	30	The Magnificent Seven	magnificent_seven	tt2404435	Adventure,Drama,Action
2016	31	Arrival	arrival	tt2543164	Drama,Sci-Fi,Mystery
2016	32	Ride Along 2	ride_along_2	tt2869728	Crime,Action,Comedy
2016	33	Don't Breathe	dont_breathe	tt4160708	Crime,Horror,Thriller
2016	34	Miss Peregrine's Home for Peculiar Children	miss_peregrine	tt1935859	Adventure,Drama,Family
2016	35	The Accountant	accountant_tt2140479	tt2140479	Crime,Drama,Action
2016	36	Daddy's Home	daddys.home_tt1528854	tt1528854	Family,Comedy
2016	37	Teenage Mutant Ninja Turtles: Out of the Shadows	teenage.mutant._tt3949660	tt3949660	Adventure,Action,Comedy
2016	38	The Purge: Election Year	purge.election._tt4094724	tt4094724	Sci-Fi,Action,Horror
2016	39	Alice Through the Looking Glass	alice.through.t_tt2567026	tt2567026	Adventure,Family,Fantasy
2016	40	Pete's Dragon	petes.dragon_tt2788732	tt2788732	Adventure,Action,Comedy
2016	41	The Girl on the Train	girl.on.the.tra_tt3631112	tt3631112	Crime,Drama,Mystery
2016	42	Boo! A Madea Halloween	boo.a.madea.hal_tt5325452	tt5325452	Drama,Horror,Comedy
2016	43	Storks	storks_tt4624424	tt4624424	Adventure,Animation,Comedy
2016	44	10 Cloverfield Lane	10.cloverfield._tt1179933	tt1179933	Drama,Sci-Fi,Horror
2016	45	Lights Out	lights.out_tt4786282	tt4786282	Horror,Mystery
2016	46	The Divergent Series: Allegiant	allegiant_tt3410834	tt3410834	Adventure,Action,Fantasy
2016	47	Now You See Me 2	now.you.see.me._tt3110958	tt3110958	Adventure,Action,Comedy
2016	48	Hacksaw Ridge	hacksaw.ridge_tt2119532	tt2119532	Drama,Biography,History
2016	49	Ice Age: Collision Course	ice.age.collisi_tt3416828	tt3416828	Adventure,Animation,Comedy
2016	50	The Boss	boss_tt2702724	tt2702724	Comedy
2016	51	London Has Fallen	london.has.fall_tt3300542	tt3300542	Action,Thriller
2016	52	Miracles from Heaven	miracles.from.h_tt4257926	tt4257926	Drama,Biography,Family
2016	53	Deepwater Horizon	deepwater.horiz_tt1860357	tt1860357	Drama,Action,History
2016	54	My Big Fat Greek Wedding 2	my.big.fat.gree_tt3760922	tt3760922	Romance,Comedy
2016	55	Jack Reacher: Never Go Back	jack.reacher.ne_tt3393786	tt3393786	Action,Thriller
2016	56	Me Before You	me.before.you_tt2674426	tt2674426	Drama,Romance
2016	57	The BFG	bfg_tt3691740	tt3691740	Adventure,Family,Fantasy
2016	58	Neighbors 2: Sorority Rising	neighbors.2.sor_tt4438848	tt4438848	Comedy
2016	59	Passengers	passengers_tt1355644	tt1355644	Drama,Sci-Fi,Romance
2016	60	The Shallows	shallows_tt4052882	tt4052882	Drama,Horror,Thriller
2016	61	Barbershop: The Next Cut	barbershop.the._tt3628584	tt3628584	Drama,Comedy
2016	62	13 Hours	13.hours.the.se_tt4172430	tt4172430	Drama,Action,History
2016	63	Office Christmas Party	office.christma_tt1711525	tt1711525	Comedy
2016	64	The Huntsman: Winter's War	huntsman.winter_tt2381991	tt2381991	Adventure,Drama,Action
2016	65	Kubo and the Two Strings	kubo.and.the.tw_tt4302938	tt4302938	Adventure,Action,Animation
2016	66	Warcraft		tt0803096	Adventure,Action,Fantasy
2016	67	How to Be Single	how.to.be.singl_tt1292566	tt1292566	Drama,Romance,Comedy
2016	68	The Big Short	big.short_tt1596363	tt1596363	Drama,Biography,Comedy
2016	69	Mike and Dave Need Wedding Dates	mike.and.dave.n_tt2823054	tt2823054	Romance,Comedy
2016	70	War Dogs	war.dogs_tt2005151	tt2005151	Crime,Biography,Comedy
2016	71	Almost Christmas	almost.christma_tt4649416	tt4649416	Drama,Romance,Comedy
2016	72	Money Monster	money.monster_tt2241351	tt2241351	Crime,Drama,Action
2016	73	The Hateful Eight	hateful.eight_tt3460252	tt3460252	Crime,Drama,Mystery
2016	74	Allied	allied_tt3640424	tt3640424	Drama,Action,Romance
2016	75	Nerve	nerve_tt3531824	tt3531824	Adventure,Crime,Drama
2016	76	Sisters	sisters_tt1850457	tt1850457	Comedy
2016	77	Risen	risen_tt3231054	tt3231054	Drama,Action,History
2016	78	Assassin's Creed	assassins.creed_tt2094766	tt2094766	Adventure,Sci-Fi,Action
2016	79	The Nice Guys		tt3799694	Crime,Action,Comedy
2016	80	The Boy		tt3882082	Thriller,Horror,Mystery
2016	81	Dirty Grandpa	dirty.grandpa_tt1860213	tt1860213	Comedy
2016	82	Ouija: Origin of Evil	ouija.origin.of_tt4361050	tt4361050	Drama,Horror,Mystery
2016	83	The 5th Wave		tt2304933	Adventure,Sci-Fi,Action
2016	84	Inferno	inferno_tt3062096	tt3062096	Adventure,Crime,Action
2016	85	Mother's Day		tt4824302	Drama,Romance,Comedy
2016	86	Gods of Egypt	gods.of.egypt_tt2404233	tt2404233	Adventure,Drama,Action
2016	87	La La Land	la_la_land	tt3783958	Drama,Music,Comedy
2016	88	Why Him?	why.him_tt4501244	tt4501244	Comedy
2016	89	Hail, Caesar!		tt0475290	Drama,Mystery,Comedy
2016	90	Alvin and the Chipmunks: The Road Chip	alvin.and.the.c_tt2974918	tt2974918	Adventure,Family,Comedy
2016	91	When the Bough Breaks	when.the.bough._tt1389139	tt1389139	Drama,Thriller
2016	92	Zoolander 2		tt1608290	Adventure,Action,Comedy
2016	93	Joy	joy_tt2446980	tt2446980	Drama,Biography
2016	94	The Finest Hours	finest.hours_tt2025690	tt2025690	Drama,Action,History
2016	95	Florence Foster Jenkins	florence.foster_tt4136084	tt4136084	Drama,Biography,Comedy
2016	96	Manchester by the Sea	manchester.by.t_tt4034228	tt4034228	Drama
2016	97	Hell or High Water	hell.or.high.wa_tt2582782	tt2582782	Crime,Drama,Thriller
2016	98	The Forest		tt3387542	Thriller,Horror,Mystery
2016	99	Ben-Hur	benhur_tt2638144	tt2638144	Adventure,Drama,Action
2016	100	Fences	fences_tt2671706	tt2671706	Drama
2016	101	The Witch		tt4263482	Drama,Horror,Fantasy
2016	102	Collateral Beauty		tt4682786	Drama,Romance
2016	103	Bridget Jones's Baby	bridget.joness._tt1473832	tt1473832	Drama,Romance,Comedy
2016	104	Kevin Hart: What Now?		tt4669186	Documentary,Comedy
2016	105	Whiskey Tango Foxtrot	whiskey.tango.f_tt3553442	tt3553442	Drama,Biography,Comedy
2016	106	Snowden		tt3774114	Crime,Biography,Drama
2016	107	Mechanic: Resurrection	mechanic.resurr_tt3522806	tt3522806	Adventure,Action,Thriller
2016	108	Free State of Jones		tt1124037	Drama,Biography,Action
2016	109	Blair Witch	blair.witch_tt1540011	tt1540011	Thriller,Horror,Mystery
2016	110	God's Not Dead 2	gods.not.dead.2_tt4824308	tt4824308	Drama
2016	111	Keanu		tt4139124	Crime,Action,Comedy
2016	112	Middle School: The Worst Years of My Life	middle.school.t_tt4981636	tt4981636	Family,Comedy
2016	113	Nine Lives		tt4383594	Drama,Family,Comedy
2016	114	Race		tt3499096	Drama,Biography,Sport
2016	115	Spotlight	spotlight_tt1895587	tt1895587	Crime,Biography,Drama
2016	116	Brooklyn	brooklyn_tt2381111	tt2381111	Drama,Romance
2016	117	The Choice	choice_tt3797868	tt3797868	Drama,Romance
2016	118	Eye in the Sky		tt2057392	Drama,Action,Thriller
2016	119	Bad Santa 2		tt1798603	Crime,Drama,Comedy
2016	120	Masterminds		tt2461150	Crime,Biography,Comedy
2016	121	Concussion	concussion_tt3322364	tt3322364	Drama,Biography,Sport
2016	122	Norm of the North		tt1594972	Adventure,Animation,Comedy
2016	123	The Birth of a Nation		tt4196450	Drama,Biography,History
2016	124	Eddie the Eagle		tt1083452	Adventure,Biography,Comedy
2016	125	The Infiltrator		tt1355631	Crime,Biography,Drama
2016	126	Keeping Up with the Joneses		tt2387499	Action,Comedy
2016	127	Criminal	criminal_tt3014866	tt3014866	Sci-Fi,Action,Thriller
2016	128	Hello, My Name Is Doris		tt3766394	Drama,Romance,Comedy
2016	129	The Edge of Seventeen		tt1878870	Drama,Romance,Comedy
2016	130	Love & Friendship		tt3068194	Drama,Romance,Comedy
2016	131	Point Break		tt2058673	Adventure,Crime,Action
2016	132	Hillary's America: The Secret History of the Democratic Party		tt5646136	History,Biography,Documentary
2016	133	Triple 9		tt1712261	Crime,Drama,Action
2016	134	The Light Between Oceans		tt2547584	Drama,Romance
2016	135	Moonlight	moonlight_tt4975722	tt4975722	Drama
2016	136	The Good Dinosaur	good.dinosaur_tt1979388	tt1979388	Adventure,Action,Animation
2016	137	The Hunger Games: Mockingjay - Part 2	hunger_games_mockingjay_2	tt1951266	Adventure,Sci-Fi,Action
2016	138	Fifty Shades of Black		tt4667094	Comedy
2016	139	No Manches Frida		tt5259966	Romance,Comedy
2016	140	Café Society		tt4513674	Drama,Romance,Comedy
2016	141	Pride and Prejudice and Zombies		tt1374989	Fantasy,Action,Comedy
2016	142	The Darkness		tt1878841	Horror,Thriller
2016	143	Creed	creed	tt3076658	Drama,Action,Sport
2016	144	Nocturnal Animals	nocturnal.anima_tt4550098	tt4550098	Drama,Thriller
2016	145	The Lady in the Van	lady.in.the.van_tt3722070	tt3722070	Drama,Biography,Comedy
2016	146	Room	room_tt3170832	tt3170832	Drama,Thriller
2016	147	The Perfect Match		tt4871980	Romance,Comedy
2016	148	Popstar: Never Stop Never Stopping		tt3960412	Drama,Music,Comedy
2016	149	Hardcore Henry		tt3072482	Adventure,Sci-Fi,Action
2016	150	Meet the Blacks		tt4191580	Horror,Comedy
2016	151	Carol	carol_tt2402927	tt2402927	Drama,Romance
2016	152	Queen of Katwe	queen.of.katwe_tt4341582	tt4341582	Drama,Biography,Sport
2016	153	Ratchet & Clank	ratchet..clank_tt2865120	tt2865120	Adventure,Action,Animation
2016	154	The Lobster2016 Re-release		tt3464902	Drama,Sci-Fi,Romance
2016	155	Dangal		tt5074352	Drama,Biography,Action
2016	156	A Beautiful Planet		tt2800050	Documentary
2016	157	The Wild Life		tt4731008	Adventure,Animation,Comedy
2016	158	Loving	loving_tt4669986	tt4669986	Drama,Biography,Romance
2016	159	Shut In		tt2582500	Drama,Horror,Mystery
2016	160	The Brothers Grimsby		tt3381008	Adventure,Action,Comedy
2016	161	The Danish Girl		tt0810819	Drama,Biography
2016	162	The Young Messiah		tt1002563	Drama,Fantasy
2016	163	Jackie	jackie_tt1619029	tt1619029	Drama,Biography
2016	164	Southside with You		tt4258698	Drama,Biography,History
2016	165	Captain Fantastic		tt3553976	Adventure,Drama,Comedy
2016	166	Sultan		tt4832640	Drama,Action,Romance
2016	167	Lion	lion_tt3741834	tt3741834	Drama,Biography
2016	168	Hunt for the Wilderpeople		tt4698684	Adventure,Drama,Comedy
2016	169	Bleed for This	bleed.for.this_tt1620935	tt1620935	Drama,Biography,Sport
2016	170	Incarnate		tt3216348	Horror,Thriller
2016	171	Absolutely Fabulous: The Movie		tt2112096	Crime,Comedy
2016	172	Hands of Stone		tt1781827	Drama,Biography,Sport
2016	173	Don't Think Twice		tt4972062	Drama,Comedy
2016	174	The Meddler2016 Re-release	meddler_tt4501454	tt4501454	Drama,Romance,Comedy
2016	175	Ae Dil Hai Mushkil		tt4559006	Drama,Musical,Romance
2016	176	A Hologram for the King		tt2980210	Drama,Romance,Comedy
2016	177	Swiss Army Man		tt4034354	Drama,Fantasy,Comedy
2016	178	45 Years		tt3544082	Drama,Romance
2016	179	Denial		tt4645330	Drama,Biography
2016	180	Morgan		tt4520364	Sci-Fi,Action,Horror
2016	181	Kabali		tt5071886	Crime,Drama,Action
2016	182	The Man Who Knew Infinity		tt0787524	Drama,Biography
2016	183	Where to Invade Next		tt4897822	Documentary,Comedy
2016	184	Max Steel		tt1472584	Adventure,Action,Fantasy
2016	185	Batman: The Killing Joke		tt4853102	Crime,Action,Animation
2016	186	Midnight Special		tt2649554	Drama,Sci-Fi,Mystery
2016	187	Anomalisa	anomalisa_tt2401878	tt2401878	Drama,Animation,Comedy
2016	188	Rules Don't Apply		tt1974420	Drama,Romance,Comedy
2016	189	Miss Sloane		tt4540710	Drama
2016	190	Indignation		tt4193394	Drama,Romance
2016	191	Everybody Wants Some!!		tt2937696	Comedy
2016	192	Maggie's Plan		tt3471098	Drama,Romance,Comedy
2016	193	A Man Called Ove		tt4080728	Drama,Romance,Comedy
2016	194	Sing Street		tt3544112	Drama,Music,Comedy
2016	195	The Mermaid		tt4701660	Drama,Fantasy,Comedy
2016	196	Green Room		tt4062536	Horror,Thriller
2016	197	Our Kind of Traitor		tt1995390	Crime,Drama,Action
2016	198	Compadres		tt3367294	Crime,Action,Comedy
2016	199	The Martian	martian	tt3659388	Adventure,Drama,Sci-Fi
2016	200	The Other Side of the Door	other.side.of.t_tt3702652	tt3702652	Horror,Thriller
2017	1	Star Wars: Episode VIII - The Last Jedi	last_jedi	tt2527336	Adventure,Action,Fantasy
2017	2	Beauty and the Beast	beauty_and_the_beast	tt2771200	Adventure,Family,Fantasy
2017	3	Wonder Woman	wonder_woman	tt0451279	Adventure,Action,Fantasy
2017	4	Guardians of the Galaxy Vol. 2	guardians_of_the_galaxy_2	tt3896198	Adventure,Action,Comedy
2017	5	Spider-Man: Homecoming	spiderman_homecoming	tt2250912	Adventure,Sci-Fi,Action
2017	6	It	it	tt1396484	Horror
2017	7	Thor: Ragnarok	thor_ragnarok	tt3501632	Adventure,Action,Comedy
2017	8	Despicable Me 3	despicable.me.3_tt3469046	tt3469046	Adventure,Animation,Comedy
2017	9	Logan	logan	tt3315342	Drama,Sci-Fi,Action
2017	10	The Fate of the Furious	fate_of_the_furious	tt4630562	Crime,Action,Thriller
2017	11	Justice League	justice_league	tt0974015	Adventure,Action,Fantasy
2017	12	Dunkirk	dunkirk	tt5013056	Drama,Action,History
2017	13	Coco	coco_tt2380307	tt2380307	Adventure,Drama,Animation
2017	14	The Lego Batman Movie	lego.batman.mov_tt4116284	tt4116284	Adventure,Action,Animation
2017	15	Get Out	get_out	tt5052448	Thriller,Horror,Mystery
2017	16	The Boss Baby	boss.baby_tt3874544	tt3874544	Adventure,Animation,Comedy
2017	17	Pirates of the Caribbean: Dead Men Tell No Tales	pirates_dead_men_tell_no_tales	tt1790809	Adventure,Action,Fantasy
2017	18	Jumanji: Welcome to the Jungle	jumanji_welcome_to_the_jungle	tt2283362	Adventure,Action,Comedy
2017	19	Kong: Skull Island	kong_skull_island	tt3731562	Adventure,Action,Fantasy
2017	20	Hidden Figures	hidden_figures	tt4846340	Drama,Biography,History
2017	21	Cars 3	cars.3_tt3606752	tt3606752	Adventure,Animation,Comedy
2017	22	War for the Planet of the Apes	war_for_the_planet_of_the_apes	tt3450958	Adventure,Drama,Action
2017	23	Split	split	tt4972582	Horror,Thriller
2017	24	Transformers: The Last Knight	transformers_last_knight	tt3371366	Adventure,Action,Comedy
2017	25	Rogue One: A Star Wars Story	rogue_one	tt3748528	Adventure,Sci-Fi,Action
2017	26	Wonder	wonder	tt2543472	Drama,Family
2017	27	La La Land	la_la_land	tt3783958	Drama,Music,Comedy
2017	28	Sing	sing_tt3470600	tt3470600	Family,Animation,Comedy
2017	29	Girls Trip	girls_trip	tt3564472	Adventure,Drama,Comedy
2017	30	Fifty Shades Darker	fifty_shades_darker	tt4465564	Drama,Mystery,Romance
2017	31	Baby Driver	baby_driver	tt3890160	Crime,Drama,Action
2017	32	Annabelle: Creation	annabelle.creat_tt5140878	tt5140878	Thriller,Horror,Mystery
2017	33	Daddy's Home 2	daddys.home.2_tt5657846	tt5657846	Comedy
2017	34	Murder on the Orient Express	murder.on.the.o_tt3402236	tt3402236	Crime,Drama,Comedy
2017	35	Kingsman: The Golden Circle	kingsman.the.go_tt4649466	tt4649466	Adventure,Action,Comedy
2017	36	John Wick: Chapter 2	john.wick.chapt_tt4425200	tt4425200	Crime,Action,Thriller
2017	37	Blade Runner 2049	blade.runner.20_tt1856101	tt1856101	Drama,Action,Mystery
2017	38	The Emoji Movie	emoji.movie_tt4877122	tt4877122	Adventure,Animation,Comedy
2017	39	Power Rangers	power.rangers_tt3717490	tt3717490	Adventure,Action,Fantasy
2017	40	The Mummy	mummy_tt2345759	tt2345759	Adventure,Action,Fantasy
2017	41	The Hitman's Bodyguard	hitmans.bodygua_tt1959563	tt1959563	Crime,Action,Comedy
2017	42	Alien: Covenant	alien.covenant_tt2316204	tt2316204	Sci-Fi,Horror,Thriller
2017	43	Captain Underpants: The First Epic Movie	captain.underpa_tt2091256	tt2091256	Adventure,Action,Animation
2017	44	A Bad Moms Christmas	a.bad.moms.chri_tt6359956	tt6359956	Comedy
2017	45	A Dog's Purpose	a.dogs.purpose_tt1753383	tt1753383	Adventure,Drama,Comedy
2017	46	Pitch Perfect 3	pitch.perfect.3_tt4765284	tt4765284	Music,Comedy
2017	47	The Lego Ninjago Movie	lego.ninjago.mo_tt3014284	tt3014284	Adventure,Action,Animation
2017	48	Baywatch	baywatch_tt1469304	tt1469304	Crime,Action,Comedy
2017	49	The Shack	shack_tt2872518	tt2872518	Drama,Fantasy
2017	50	Happy Death Day	happy.death.day_tt5308322	tt5308322	Horror,Mystery,Comedy
2017	51	Ferdinand		tt3411444	Adventure,Animation,Comedy
2017	52	Atomic Blonde	atomic.blonde_tt2406566	tt2406566	Action,Thriller
2017	53	American Made	american.made_tt3532216	tt3532216	Crime,Action,Comedy
2017	54	The Dark Tower	dark.tower_tt1648190	tt1648190	Adventure,Drama,Action
2017	55	The Greatest Showman	greatest_showman	tt1485796	Drama,Biography,Musical
2017	56	Boo 2! A Madea Halloween	boo.2.a.madea.h_tt6217804	tt6217804	Drama,Horror,Comedy
2017	57	Lion	lion_tt3741834	tt3741834	Drama,Biography
2017	58	Snatched	snatched_tt2334871	tt2334871	Adventure,Action,Comedy
2017	59	The Great Wall	great.wall_tt2034800	tt2034800	Adventure,Action,Fantasy
2017	60	Smurfs: The Lost Village	smurfs.the.lost_tt2398241	tt2398241	Adventure,Animation,Comedy
2017	61	Going in Style	going.in.style_tt2568862	tt2568862	Crime,Comedy
2017	62	All Eyez on Me		tt1666185	Drama,Biography,Music
2017	63	xXx: Return of Xander Cage	xxx.return.of.x_tt1293847	tt1293847	Adventure,Action,Thriller
2017	64	Passengers	passengers_tt1355644	tt1355644	Drama,Sci-Fi,Romance
2017	65	47 Meters Down		tt2932536	Thriller,Horror,Mystery
2017	66	The Big Sick		tt5462602	Drama,Romance,Comedy
2017	67	Moana	moana_tt3521164	tt3521164	Adventure,Animation,Comedy
2017	68	Ghost in the Shell	ghost.in.the.sh_tt1219827	tt1219827	Crime,Drama,Action
2017	69	Valerian and the City of a Thousand Planets		tt2239822	Adventure,Action,Fantasy
2017	70	The Star	star_tt4587656	tt4587656	Adventure,Animation,Comedy
2017	71	King Arthur: Legend of the Sword	king.arthur.leg_tt1972591	tt1972591	Adventure,Drama,Action
2017	72	Jigsaw	jigsaw_tt3348730	tt3348730	Thriller,Horror,Mystery
2017	73	American Assassin	american.assass_tt1961175	tt1961175	Action,Thriller
2017	74	The Foreigner		tt1615160	Crime,Action,Thriller
2017	75	Everything, Everything	everything.ever_tt5001718	tt5001718	Drama,Romance
2017	76	Wind River		tt5362988	Crime,Drama,Mystery
2017	77	Geostorm	geostorm_tt1981128	tt1981128	Sci-Fi,Action,Thriller
2017	78	Monster Trucks		tt3095734	Adventure,Action,Comedy
2017	79	Fist Fight	fist.fight_tt3401882	tt3401882	Comedy
2017	80	How to Be a Latin Lover		tt4795124	Drama,Comedy
2017	81	Lady Bird	lady.bird_tt4925292	tt4925292	Drama,Comedy
2017	82	Fences	fences_tt2671706	tt2671706	Drama
2017	83	Patriots Day	patriots.day_tt4572514	tt4572514	Crime,Drama,Action
2017	84	Kidnap		tt1458169	Crime,Action,Thriller
2017	85	Underworld: Blood Wars		tt3717252	Crime,Drama,Action
2017	86	The Mountain Between Us		tt2226597	Drama,Thriller
2017	87	Life		tt5442430	Sci-Fi,Horror,Thriller
2017	88	Why Him?	why.him_tt4501244	tt4501244	Comedy
2017	89	The Nut Job 2: Nutty by Nature		tt3486626	Adventure,Animation,Comedy
2017	90	Rings	rings_tt0498381	tt0498381	Drama,Horror,Mystery
2017	91	Logan Lucky		tt5439796	Crime,Action,Comedy
2017	92	Home Again		tt5719700	Drama,Romance,Comedy
2017	93	Resident Evil: The Final Chapter	resident.evil.t_tt2592614	tt2592614	Sci-Fi,Action,Horror
2017	94	The House		tt4481514	Crime,Comedy
2017	95	Gifted		tt4481414	Drama
2017	96	Three Billboards Outside Ebbing, Missouri	three.billboard_tt5027774	tt5027774	Crime,Drama,Comedy
2017	97	The Bye Bye Man	bye.bye.man_tt4030600	tt4030600	Drama,Horror,Fantasy
2017	98	Victoria & Abdul		tt5816682	Drama,Biography,Comedy
2017	99	Rough Night		tt4799050	Comedy
2017	100	My Little Pony: The Movie	my.little.pony._tt4131800	tt4131800	Adventure,Animation,Comedy
2017	101	Leap!2017 Re-release		tt2261287	Adventure,Animation,Comedy
2017	102	Sleepless		tt2072233	Crime,Action,Thriller
2017	103	Diary of a Wimpy Kid: The Long Haul		tt6003368	Adventure,Family,Comedy
2017	104	Manchester by the Sea	manchester.by.t_tt4034228	tt4034228	Drama
2017	105	The Circle		tt4287320	Drama,Sci-Fi,Mystery
2017	106	Baahubali 2: The Conclusion		tt4849438	Drama,Action
2017	107	CHIPS	chips_tt0493405	tt0493405	Crime,Action,Comedy
2017	108	Assassin's Creed	assassins.creed_tt2094766	tt2094766	Adventure,Sci-Fi,Action
2017	109	Only the Brave		tt3829920	Drama,Biography,Action
2017	110	Darkest Hour	darkest.hour_tt4555426	tt4555426	Drama,Biography,History
2017	111	The Disaster Artist		tt3521126	Drama,Biography,Comedy
2017	112	Mother!	mother_tt5109784	tt5109784	Drama,Horror,Mystery
2017	113	The Zookeeper's Wife	zookeepers.wife_tt1730768	tt1730768	Drama,Biography,History
2017	114	The Glass Castle		tt2378507	Drama,Biography
2017	115	Downsizing	downsizing_tt1389072	tt1389072	Drama,Sci-Fi,Fantasy
2017	116	Flatliners	flatliners_tt2039338	tt2039338	Drama,Horror,Mystery
2017	117	Detroit	detroit_tt5390504	tt5390504	Crime,Drama,History
2017	118	The Shape of Water	shape.of.water_tt5580390	tt5580390	Drama,Romance,Fantasy
2017	119	Moonlight	moonlight_tt4975722	tt4975722	Drama
2017	120	The Case for Christ		tt6113488	Drama,Biography
2017	121	Wish Upon		tt5322012	Drama,Horror,Fantasy
2017	122	It Comes at Night		tt4695012	Drama,Horror,Mystery
2017	123	Born in China		tt4629266	Documentary
2017	124	Megan Leavey		tt4899370	Drama,Biography,Action
2017	125	Father Figures	father.figures_tt1966359	tt1966359	Drama,Comedy
2017	126	The Founder		tt4276820	Drama,Biography
2017	127	All the Money in the World	all.the.money.i_tt5294550	tt5294550	Crime,Biography,Drama
2017	128	Battle of the Sexes	battle.of.the.s_tt4622512	tt4622512	Drama,Biography,Comedy
2017	129	Before I Fall		tt1691916	Drama,Mystery,Fantasy
2017	130	Roman J. Israel, Esq.	roman.j..israel_tt6000478	tt6000478	Crime,Drama,Thriller
2017	131	Unforgettable	unforgettable_tt3462710	tt3462710	Drama,Thriller
2017	132	Fantastic Beasts and Where to Find Them	fantastic_beasts	tt3183660	Adventure,Family,Fantasy
2017	133	The Beguiled		tt5592248	Drama,Thriller,History
2017	134	Live by Night	live.by.night_tt2361317	tt2361317	Crime,Drama,Action
2017	135	The Belko Experiment	belko.experimen_tt1082807	tt1082807	Action,Thriller,Horror
2017	136	Thank You for Your Service	thank.you.for.y_tt2776878	tt2776878	Drama,Biography,War
2017	137	Marshall		tt5301662	Crime,Biography,Drama
2017	138	Rock Dog		tt2822672	Adventure,Animation,Comedy
2017	139	Arrival	arrival	tt2543164	Drama,Sci-Fi,Mystery
2017	140	The Lost City of Z		tt1212428	Adventure,Biography,Drama
2017	141	The Promise		tt4776998	Adventure,Drama,Action
2017	142	A Cure for Wellness		tt4731136	Drama,Horror,Fantasy
2017	143	The Space Between Us		tt3922818	Drama,Sci-Fi,Romance
2017	144	Jackie	jackie_tt1619029	tt1619029	Drama,Biography
2017	145	Gold		tt1800302	Crime,Biography,Drama
2017	146	Let There Be Light		tt5804314	Drama
2017	147	I Am Not Your Negro	i.am.not.your.n_tt5804038	tt5804038	History,Documentary
2017	148	Beatriz at Dinner		tt5929750	Drama,Comedy
2017	149	Birth of the Dragon		tt2720826	Drama,Biography,Action
2017	150	Silence		tt0490215	Drama,History
2017	151	The Snowman		tt1758810	Crime,Drama,Horror
2017	152	Collateral Beauty		tt4682786	Drama,Romance
2017	153	Same Kind of Different as Me	same.kind.of.di_tt1230168	tt1230168	Drama,Biography
2017	154	Lowriders		tt1366338	Adventure,Crime,Drama
2017	155	Loving Vincent	loving.vincent_tt3262342	tt3262342	Drama,Mystery,Animation
2017	156	Maudie		tt3721954	Drama,Biography,Romance
2017	157	Just Getting Started		tt5721088	Crime,Comedy
2017	158	All Saints	all.saints_tt4663548	tt4663548	Drama
2017	159	Suburbicon		tt0491175	Crime,Drama,Comedy
2017	160	Paris Can Wait	paris.can.wait_tt4429194	tt4429194	Drama,Romance,Comedy
2017	161	The Man Who Invented Christmas		tt6225520	Drama,Biography,Comedy
2017	162	20th Century Women		tt4385888	Drama,Comedy
2017	163	Molly's Game		tt4209788	Crime,Biography,Drama
2017	164	The Florida Project	florida.project_tt5649144	tt5649144	Drama
2017	165	Your Name.		tt5311514	Drama,Animation,Fantasy
2017	166	Office Christmas Party	office.christma_tt1711525	tt1711525	Comedy
2017	167	A Beautiful Planet		tt2800050	Documentary
2017	168	Tiger Zinda Hai		tt5956100	Adventure,Action,Thriller
2017	169	Call Me by Your Name	call.me.by.your_tt5726616	tt5726616	Drama,Romance
2017	170	The Book of Henry	book.of.henry_tt4572792	tt4572792	Crime,Drama,Thriller
2017	171	Stronger		tt3881784	Drama,Biography
2017	172	The Hero		tt5655222	Drama,Romance
2017	173	Dangal		tt5074352	Drama,Biography,Action
2017	174	Sleight		tt4573516	Crime,Drama,Sci-Fi
2017	175	A United Kingdom		tt3387266	Drama,Biography,History
2017	176	Norman		tt4191702	Drama,Thriller
2017	177	Friend Request		tt3352390	Thriller,Horror,Mystery
2017	178	A Monster Calls	a.monster.calls_tt3416532	tt3416532	Adventure,Drama,Family
2017	179	Table 19		tt1412528	Drama,Romance,Comedy
2017	180	Their Finest		tt1661275	Drama,Romance,Comedy
2017	181	Phoenix Forgotten		tt6574272	Sci-Fi,Horror,Mystery
2017	182	Trolls	trolls_tt1679335	tt1679335	Adventure,Animation,Comedy
2017	183	An Inconvenient Sequel: Truth to Power		tt6322922	Documentary
2017	184	Til Death Do Us Part		tt6848602	Thriller
2017	185	Raees		tt3405236	Crime,Drama,Action
2017	186	Close Encounters of the Third Kind2017 Re-release	close.encounters_tt0075860	tt0075860	Drama,Sci-Fi
2017	187	Colossal		tt4680182	Drama,Fantasy,Comedy
2017	188	Ingrid Goes West		tt5962210	Drama,Comedy
2017	189	Leap!		tt2261287	Adventure,Animation,Comedy
2017	190	The Oscar Nominated Short Films 2017: Live Action		tt6507954	Drama
2017	191	Kedi		tt4420704	Documentary
2017	192	Doctor Strange	doctor_strange	tt1211837	Adventure,Action,Fantasy
2017	193	Hacksaw Ridge	hacksaw.ridge_tt2119532	tt2119532	Drama,Biography,History
2017	194	Wolf Warrior 2		tt7131870	Adventure,Drama,Action
2017	195	My Cousin Rachel		tt4411596	Drama,Mystery,Romance
2017	196	Showtime Championship Boxing: Floyd Mayweather vs. Conor McGregor		tt7127248	Sport
2017	197	A Question of Faith		tt6054650	Drama
2017	198	Is Genesis History?		tt6360332	Fantasy,Documentary
2017	199	Newsies: The Broadway Musical		tt6346162	Musical
2017	200	IN OUR HANDS: Battle for Jerusalem		tt6790530	Documentary
2018	1	Black Panther	black_panther	tt1825683	Adventure,Sci-Fi,Action
2018	2	Avengers: Infinity War	avengers_infinity_war	tt4154756	Adventure,Sci-Fi,Action
2018	3	Incredibles 2	incredibles.2_tt3606756	tt3606756	Adventure,Action,Animation
2018	4	Jurassic World: Fallen Kingdom	jurassic_world_fallen_kingdom	tt4881806	Adventure,Sci-Fi,Action
2018	5	Deadpool 2	deadpool_2	tt5463162	Adventure,Action,Comedy
2018	6	The Grinch	grinch_tt2709692	tt2709692	Family,Animation,Comedy
2018	7	Jumanji: Welcome to the Jungle	jumanji_welcome_to_the_jungle	tt2283362	Adventure,Action,Comedy
2018	8	Mission: Impossible - Fallout	mission_impossible_fallout	tt4912910	Adventure,Action,Thriller
2018	9	Ant-Man and the Wasp	ant_man_and_the_wasp	tt5095030	Adventure,Action,Comedy
2018	10	Solo: A Star Wars Story	solo	tt3778644	Adventure,Sci-Fi,Action
2018	11	Venom	venom	tt1270797	Adventure,Sci-Fi,Action
2018	12	A Star Is Born	star_is_born	tt1517451	Drama,Romance,Music
2018	13	Aquaman	aquaman	tt1477834	Adventure,Action,Fantasy
2018	14	Bohemian Rhapsody	bohemian_rhapsody	tt1727824	Drama,Biography,Music
2018	15	A Quiet Place	quiet_place	tt6644200	Drama,Sci-Fi,Horror
2018	16	Ralph Breaks the Internet	ralph.breaks.th_tt5848272	tt5848272	Adventure,Animation,Comedy
2018	17	Crazy Rich Asians	crazy_rich_asians	tt3104988	Drama,Romance,Comedy
2018	18	Hotel Transylvania 3: Summer Vacation	hotel.transylva_tt5220122	tt5220122	Adventure,Animation,Comedy
2018	19	Halloween	halloween_tt1502407	tt1502407	Crime,Drama,Horror
2018	20	Fantastic Beasts: The Crimes of Grindelwald	fantastic_beasts_grindelwald	tt4123430	Adventure,Family,Fantasy
2018	21	The Meg	meg	tt4779682	Sci-Fi,Action,Horror
2018	22	Ocean's Eight	oceans_8	tt5164214	Crime,Action,Comedy
2018	23	Ready Player One	ready_player_one	tt1677720	Adventure,Sci-Fi,Action
2018	24	The Greatest Showman	greatest_showman	tt1485796	Drama,Biography,Musical
2018	25	Mamma Mia! Here We Go Again	mamma_mia_2	tt6911608	Musical,Romance,Comedy
2018	26	The Nun	nun	tt5814060	Thriller,Horror,Mystery
2018	27	Peter Rabbit	peter_rabbit	tt5117670	Adventure,Animation,Comedy
2018	28	Creed II	creed_2	tt6343314	Drama,Action,Sport
2018	29	Spider-Man: Into the Spider-Verse	spiderman.into._tt4633694	tt4633694	Adventure,Action,Animation
2018	30	Mary Poppins Returns	mary_poppins_returns	tt5028340	Adventure,Family,Comedy
2018	31	Star Wars: Episode VIII - The Last Jedi	last_jedi	tt2527336	Adventure,Action,Fantasy
2018	32	The Equalizer 2	equalizer.2_tt3766354	tt3766354	Crime,Action,Mystery
2018	33	Rampage	rampage_tt2231461	tt2231461	Adventure,Sci-Fi,Action
2018	34	A Wrinkle in Time	a.wrinkle.in.ti_tt1620680	tt1620680	Adventure,Drama,Family
2018	35	Fifty Shades Freed	fifty.shades.fr_tt4477536	tt4477536	Drama,Mystery,Romance
2018	36	Christopher Robin	christopher.rob_tt4575576	tt4575576	Adventure,Drama,Comedy
2018	37	I Can Only Imagine	i.can.only.imag_tt6450186	tt6450186	Drama,Biography,Family
2018	38	Smallfoot	smallfoot_tt6182908	tt6182908	Adventure,Animation,Comedy
2018	39	The Post	post_tt6294822	tt6294822	Drama,Biography,History
2018	40	Night School	night.school_tt6781982	tt6781982	Comedy
2018	41	Bumblebee	bumblebee_tt4701182	tt4701182	Adventure,Sci-Fi,Action
2018	42	The First Purge	first.purge_tt6133466	tt6133466	Sci-Fi,Action,Horror
2018	43	Game Night	game.night_tt2704998	tt2704998	Adventure,Action,Comedy
2018	44	Book Club	book.club_tt6857166	tt6857166	Drama,Romance,Comedy
2018	45	The House with a Clock in Its Walls	house.with.a.cl_tt2119543	tt2119543	Family,Fantasy,Comedy
2018	46	Skyscraper	skyscraper_tt5758778	tt5758778	Adventure,Action,Thriller
2018	47	Insidious: The Last Key	insidious.the.l_tt5726086	tt5726086	Thriller,Horror,Mystery
2018	48	Instant Family	instant.family_tt7401588	tt7401588	Drama,Comedy
2018	49	The Mule	mule_tt7959026	tt7959026	Crime,Drama,Thriller
2018	50	Blockers	blockers_tt2531344	tt2531344	Drama,Comedy
2018	51	Pacific Rim: Uprising	pacific.rim.upr_tt2557478	tt2557478	Adventure,Sci-Fi,Action
2018	52	Tomb Raider	tomb.raider_tt1365519	tt1365519	Adventure,Action,Fantasy
2018	53	Maze Runner: The Death Cure	maze.runner.the_tt4500922	tt4500922	Adventure,Sci-Fi,Action
2018	54	Tag	tag_tt2854926	tt2854926	Action,Comedy
2018	55	The Nutcracker and the Four Realms	nutcracker.and._tt5523010	tt5523010	Adventure,Family,Fantasy
2018	56	A Simple Favor	simple.favor_tt7040874	tt7040874	Crime,Mystery,Comedy
2018	57	Life of the Party	life.of.the.par_tt5619332	tt5619332	Comedy
2018	58	The Predator	predator_tt3829266	tt3829266	Adventure,Sci-Fi,Action
2018	59	Overboard	overboard_tt1563742	tt1563742	Romance,Comedy
2018	60	Sicario: Day of the Soldado	sicario.day.of._tt5052474	tt5052474	Crime,Drama,Action
2018	61	I Feel Pretty		tt6791096	Romance,Comedy
2018	62	BlacKkKlansman	blackkklansman_tt7349662	tt7349662	Crime,Biography,Comedy
2018	63	The Shape of Water	shape.of.water_tt5580390	tt5580390	Drama,Romance,Fantasy
2018	64	Red Sparrow	red.sparrow_tt2873282	tt2873282	Drama,Action,Thriller
2018	65	Breaking In		tt7137846	Action,Thriller
2018	66	Goosebumps 2: Haunted Halloween	goosebumps.2.sl_tt5664636	tt5664636	Adventure,Fantasy,Comedy
2018	67	12 Strong	12.strong_tt1413492	tt1413492	Drama,Action,History
2018	68	Den of Thieves		tt1259528	Crime,Drama,Action
2018	69	First Man		tt1213641	Drama,Biography,History
2018	70	Hereditary		tt7784604	Drama,Horror,Mystery
2018	71	Acrimony		tt6063050	Drama,Horror,Romance
2018	72	Sherlock Gnomes	sherlock.gnomes_tt2296777	tt2296777	Adventure,Animation,Comedy
2018	73	Uncle Drew	uncle.drew_tt7334528	tt7334528	Drama,Sport,Comedy
2018	74	Widows		tt4218572	Crime,Drama,Thriller
2018	75	Pitch Perfect 3	pitch.perfect.3_tt4765284	tt4765284	Music,Comedy
2018	76	Truth or Dare		tt6772950	Thriller,Horror,Mystery
2018	77	Paddington 2		tt4468740	Adventure,Family,Comedy
2018	78	Love, Simon	love.simon_tt5164432	tt5164432	Drama,Romance,Comedy
2018	79	Darkest Hour	darkest.hour_tt4555426	tt4555426	Drama,Biography,History
2018	80	The Commuter		tt1590193	Thriller,Action,Mystery
2018	81	The 15:17 to Paris	1517.to.paris_tt6802308	tt6802308	Drama,Biography,Thriller
2018	82	Mile 22		tt4560436	Crime,Action,Thriller
2018	83	Alpha	alpha_tt4244998	tt4244998	Adventure,Drama
2018	84	Peppermint		tt6850820	Action,Thriller
2018	85	Death Wish		tt1137450	Crime,Drama,Action
2018	86	The Spy Who Dumped Me	spy.who.dumped._tt6663582	tt6663582	Adventure,Action,Comedy
2018	87	Annihilation		tt2798920	Adventure,Drama,Horror
2018	88	Green Book	green.book_tt6966692	tt6966692	Drama,Biography,Comedy
2018	89	Isle of Dogs	isle.of.dogs_tt5104604	tt5104604	Adventure,Animation,Comedy
2018	90	Nobody's Fool	nobodys.fool_tt8097306	tt8097306	Drama,Romance,Comedy
2018	91	Adrift		tt6306064	Adventure,Biography,Action
2018	92	Ferdinand		tt3411444	Adventure,Animation,Comedy
2018	93	Robin Hood	robin.hood_tt4532826	tt4532826	Adventure,Drama,Action
2018	94	Super Troopers 2	super.troopers._tt0859635	tt0859635	Crime,Mystery,Comedy
2018	95	Slender Man	slender.man_tt5690360	tt5690360	Thriller,Horror,Mystery
2018	96	Three Billboards Outside Ebbing, Missouri	three.billboard_tt5027774	tt5027774	Crime,Drama,Comedy
2018	97	Coco	coco_tt2380307	tt2380307	Adventure,Drama,Animation
2018	98	Teen Titans GO! To the Movies	teen.titans.go._tt7424200	tt7424200	Adventure,Action,Animation
2018	99	Hostiles	hostiles_tt5478478	tt5478478	Drama,Western
2018	100	The Hate U Give	hate.u.give_tt5580266	tt5580266	Crime,Drama
2018	101	I, Tonya		tt5580036	Drama,Biography,Comedy
2018	102	Searching	searching_tt7668870	tt7668870	Drama,Thriller,Mystery
2018	103	Winchester	winchester_tt1072748	tt1072748	Biography,Horror,Fantasy
2018	104	The Strangers: Prey at Night		tt1285009	Horror
2018	105	White Boy Rick		tt4537896	Crime,Drama
2018	106	Second Act		tt2126357	Drama,Romance,Comedy
2018	107	Molly's Game		tt4209788	Crime,Biography,Drama
2018	108	Won't You Be My Neighbor?		tt7681902	History,Biography,Documentary
2018	109	Overlord		tt4530422	Sci-Fi,Action,Horror
2018	110	Holmes & Watson	holmes..watson_tt1255919	tt1255919	Crime,Mystery,Comedy
2018	111	Proud Mary	proud.mary_tt6421110	tt6421110	Crime,Drama,Action
2018	112	The Happytime Murders		tt1308728	Crime,Action,Comedy
2018	113	Phantom Thread	phantom.thread_tt5776858	tt5776858	Drama,Romance
2018	114	SuperFly	superfly_tt7690670	tt7690670	Crime,Action,Thriller
2018	115	Vice	vice_tt6266538	tt6266538	Drama,Biography,Comedy
2018	116	Show Dogs		tt5691024	Adventure,Crime,Comedy
2018	117	Bad Times at the El Royale		tt6628394	Crime,Drama,Mystery
2018	118	Operation Finale		tt5208252	Drama,Biography,History
2018	119	Paul, Apostle of Christ	paul.apostle.of_tt7388562	tt7388562	Adventure,Biography,Drama
2018	120	Lady Bird	lady.bird_tt4925292	tt4925292	Drama,Comedy
2018	121	Sorry to Bother You		tt5688932	Drama,Fantasy,Comedy
2018	122	Chappaquiddick		tt5270948	Drama,Biography,History
2018	123	Forever My Girl		tt4103724	Drama,Music,Comedy
2018	124	The Favourite	favourite_tt5083738	tt5083738	Drama,Biography,Comedy
2018	125	Hunter Killer	hunter.killer_tt1846589	tt1846589	Action,Thriller
2018	126	Mortal Engines		tt1571234	Adventure,Action,Fantasy
2018	127	The Girl in the Spider's Web		tt5177088	Adventure,Crime,Action
2018	128	The Possession of Hannah Grace		tt5734576	Thriller,Horror,Mystery
2018	129	RBG	rbg_tt7689964	tt7689964	Biography,Documentary
2018	130	Eighth Grade		tt7014006	Drama,Comedy
2018	131	Call Me by Your Name	call.me.by.your_tt5726616	tt5726616	Drama,Romance
2018	132	The Darkest Minds		tt4073790	Adventure,Drama,Action
2018	133	All the Money in the World	all.the.money.i_tt5294550	tt5294550	Crime,Biography,Drama
2018	134	Three Identical Strangers	three.identical_tt7664504	tt7664504	Drama,Biography,Documentary
2018	135	Upgrade		tt6499752	Sci-Fi,Action,Thriller
2018	136	Padmaavat		tt5935704	Drama,War,History
2018	137	Free Solo		tt7775622	Adventure,Sport,Documentary
2018	138	The Old Man & the Gun		tt2837574	Crime,Biography,Comedy
2018	139	Hell Fest	hell.fest_tt1999890	tt1999890	Thriller,Horror,Mystery
2018	140	Wonder	wonder	tt2543472	Drama,Family
2018	141	The Miracle Season		tt5427194	Drama,Sport
2018	142	Mary Queen of Scots		tt2328900	Drama,Biography,History
2018	143	Midnight Sun		tt4799066	Drama,Romance
2018	144	Tully		tt5610554	Drama,Mystery,Comedy
2018	145	Traffik	traffik_tt5670152	tt5670152	Action,Thriller
2018	146	Unfriended: Dark Web		tt4761916	Thriller,Horror,Mystery
2018	147	Welcome to Marwen		tt3289724	Drama,Biography,Comedy
2018	148	Early Man	early.man_tt4701724	tt4701724	Adventure,Animation,Comedy
2018	149	The Wife	wife_tt3750872	tt3750872	Drama
2018	150	The Death of Stalin		tt4686844	Drama,History,Comedy
2018	151	They Shall Not Grow Old		tt7905466	History,War,Documentary
2018	152	Sanju		tt6452574	Drama,Biography,Comedy
2018	153	Unsane		tt7153766	Drama,Horror,Mystery
2018	154	Beautiful Boy		tt1226837	Drama,Biography
2018	155	Can You Ever Forgive Me?		tt4595882	Crime,Biography,Comedy
2018	156	Mid90s		tt5613484	Drama,Comedy
2018	157	Downsizing	downsizing_tt1389072	tt1389072	Drama,Sci-Fi,Fantasy
2018	158	Dog Days		tt7365604	Drama,Romance,Comedy
2018	159	Boy Erased		tt7008872	Drama,Biography
2018	160	Hotel Artemis		tt5834262	Crime,Drama,Action
2018	161	A-X-L		tt5709188	Adventure,Drama,Action
2018	162	Fahrenheit 11/9		tt8632862	Documentary
2018	163	Unbroken: Path to Redemption		tt7339792	Drama,Biography,History
2018	164	The Hurricane Heist	hurricane.heist_tt5360952	tt5360952	Adventure,Crime,Action
2018	165	Every Day		tt7026672	Drama,Romance,Fantasy
2018	166	Leave No Trace		tt3892172	Adventure,Drama
2018	167	Once Upon a Deadpool2018 Re-release	deadpool_2	tt5463162	Adventure,Action,Comedy
2018	168	Death of a Nation		tt8564902	History,Documentary
2018	169	Pandas		tt7860270	Short,Documentary
2018	170	My Hero Academia: Two Heroes		tt7745068	Adventure,Action,Animation
2018	171	God's Not Dead: A Light in Darkness	gods.not.dead.a_tt6652708	tt6652708	Drama
2018	172	Kin	kin_tt6017942	tt6017942	Drama,Sci-Fi,Action
2018	173	Colette		tt5437928	Drama,Biography,History
2018	174	Action Point		tt6495770	Comedy
2018	175	Beirut		tt4669264	Adventure,Crime,Action
2018	176	Gringo		tt3721964	Crime,Action,Comedy
2018	177	Samson		tt6951892	Drama,Action
2018	178	Father Figures	father.figures_tt1966359	tt1966359	Drama,Comedy
2018	179	Johnny English Strikes Again		tt6921996	Adventure,Action,Comedy
2018	180	Gotti		tt1801552	Crime,Biography,Drama
2018	181	Blindspotting		tt7242142	Crime,Drama,Comedy
2018	182	Burn the Stage: The Movie		tt9151704	Music,Documentary
2018	183	Ya veremos		tt7948540	Drama
2018	184	Life Itself		tt5989218	Drama,Romance
2018	185	Sgt. Stubby: An American Hero	sgt..stubby.an._tt5314190	tt5314190	Adventure,Family,Animation
2018	186	Thor: Ragnarok	thor_ragnarok	tt3501632	Adventure,Action,Comedy
2018	187	Gosnell: The Trial of America's Biggest Serial Killer		tt3722234	Crime,Biography,Drama
2018	188	Indivisible	indivisible_tt6512428	tt6512428	Drama,War
2018	189	The Oscar Nominated Short Films 2018: Live Action		tt7935892	Drama,Action
2018	190	Disobedience		tt6108178	Drama
2018	191	Justice League	justice_league	tt0974015	Adventure,Action,Fantasy
2018	192	First Reformed		tt6053438	Drama,Thriller,Mystery
2018	193	Juliet, Naked		tt5607096	Drama,Music,Comedy
2018	194	Bad Samaritan		tt3203528	Crime,Drama,Horror
2018	195	7 Days in Entebbe		tt5466186	Drama,Action,History
2018	196	The Disaster Artist		tt3521126	Drama,Biography,Comedy
2018	197	2001: A Space Odyssey2018 Re-release	2001.a.space.od_tt0062622	tt0062622	Adventure,Sci-Fi
2018	198	2		tt5080556	Sci-Fi,Action,Fantasy
2018	199	The Leisure Seeker	leisure.seeker_tt3741632	tt3741632	Adventure,Drama,Comedy
2018	200	The Sisters Brothers	sisters.brother_tt4971344	tt4971344	Drama,Western
2019	1	Avengers: Endgame	avengers_endgame	tt4154796	Adventure,Sci-Fi,Action
2019	2	The Lion King	lion.king_tt6105098	tt6105098	Adventure,Drama,Animation
2019	3	Toy Story 4	toy.story.4_tt1979376	tt1979376	Adventure,Animation,Comedy
2019	4	Frozen II	frozen.ii_tt4520988	tt4520988	Adventure,Animation,Comedy
2019	5	Captain Marvel	captain_marvel	tt4154664	Adventure,Sci-Fi,Action
2019	6	Star Wars: Episode IX - The Rise of Skywalker	rise_of_skywalker	tt2527338	Adventure,Action,Fantasy
2019	7	Spider-Man: Far from Home	spiderman_far_from_home	tt6320628	Adventure,Action,Comedy
2019	8	Aladdin	aladdin	tt6139732	Adventure,Family,Comedy
2019	9	Joker	joker	tt7286456	Crime,Drama,Thriller
2019	10	It: Chapter Two	it_2	tt7349950	Drama,Horror,Fantasy
2019	11	Jumanji: The Next Level	jumanji_the_next_level	tt7975244	Adventure,Action,Comedy
2019	12	Us	us	tt6857112	Thriller,Horror,Mystery
2019	13	Fast & Furious Presents: Hobbs & Shaw	fast_and_furious_hobbs_and_shaw	tt6806448	Adventure,Action,Thriller
2019	14	John Wick: Chapter 3 - Parabellum	john_wick_3	tt6146586	Crime,Drama,Action
2019	15	How to Train Your Dragon: The Hidden World	how.to.train.yo_tt2386490	tt2386490	Adventure,Action,Animation
2019	16	The Secret Life of Pets 2	secret.life.of._tt5113040	tt5113040	Adventure,Animation,Comedy
2019	17	Pokémon: Detective Pikachu	detective_pikachu	tt5884052	Adventure,Family,Comedy
2019	18	Once Upon a Time... in Hollywood	once_upon_a_time_in_hollywood	tt7131622	Drama,Comedy
2019	19	Shazam!	shazam	tt0448115	Adventure,Action,Comedy
2019	20	Aquaman	aquaman	tt1477834	Adventure,Action,Fantasy
2019	21	Knives Out	knives_out	tt8946378	Crime,Drama,Comedy
2019	22	Dumbo	dumbo	tt3861390	Adventure,Family,Fantasy
2019	23	Maleficent: Mistress of Evil	maleficent_mistress_of_evil	tt4777008	Adventure,Drama,Family
2019	24	Glass	glass	tt6823368	Drama,Sci-Fi,Horror
2019	25	Godzilla: King of the Monsters	godzilla_king_of_the_monsters	tt3741700	Adventure,Action,Fantasy
2019	26	The Upside	upside	tt1987680	Drama,Comedy
2019	27	Ford v Ferrari	ford_v_ferrari	tt1950186	Drama,Biography,Action
2019	28	The Lego Movie 2: The Second Part	lego.movie.2.th_tt3513498	tt3513498	Adventure,Animation,Comedy
2019	29	Hustlers	hustlers	tt5503686	Crime,Drama,Comedy
2019	30	The Addams Family	addams.family_tt1620981	tt1620981	Family,Animation,Comedy
2019	31	Downton Abbey	downton_abbey	tt6398184	Drama,Romance
2019	32	Rocketman	rocketman	tt2066051	Drama,Biography,Music
2019	33	Alita: Battle Angel	alita.battle.an_tt0437086	tt0437086	Adventure,Sci-Fi,Action
2019	34	Good Boys	good.boys_tt6977338	tt6977338	Adventure,Comedy
2019	35	Spider-Man: Into the Spider-Verse	spiderman.into._tt4633694	tt4633694	Adventure,Action,Animation
2019	36	Men in Black: International	men.in.black.in_tt2283336	tt2283336	Adventure,Action,Comedy
2019	37	Annabelle Comes Home	annabelle.comes_tt8350360	tt8350360	Thriller,Horror,Mystery
2019	38	Yesterday	yesterday_tt8079248	tt8079248	Music,Fantasy,Comedy
2019	39	A Madea Family Funeral	a.madea.family._tt7054636	tt7054636	Drama,Comedy
2019	40	Zombieland: Double Tap	zombieland.doub_tt1560220	tt1560220	Horror,Action,Comedy
2019	41	Angel Has Fallen	angel.has.falle_tt6189022	tt6189022	Action,Thriller
2019	42	Scary Stories to Tell in the Dark	scary.stories.t_tt3387520	tt3387520	Adventure,Horror,Mystery
2019	43	Mary Poppins Returns	mary_poppins_returns	tt5028340	Adventure,Family,Comedy
2019	44	X-Men: Dark Phoenix	xmen.dark.phoen_tt6565702	tt6565702	Adventure,Sci-Fi,Action
2019	45	Terminator: Dark Fate	terminator.dark_tt6450804	tt6450804	Adventure,Sci-Fi,Action
2019	46	Abominable	abominable_tt6324278	tt6324278	Adventure,Animation,Comedy
2019	47	Dora and the Lost City of Gold	dora.and.the.lo_tt7547410	tt7547410	Adventure,Action,Comedy
2019	48	Escape Room	escape.room_tt5886046	tt5886046	Adventure,Action,Horror
2019	49	A Beautiful Day in the Neighborhood	a.beautiful.day_tt3224458	tt3224458	Drama,Biography,Family
2019	50	Midway	midway_tt6924650	tt6924650	Drama,Action,History
2019	51	Bumblebee	bumblebee_tt4701182	tt4701182	Adventure,Sci-Fi,Action
2019	52	The Curse of La Llorona	curse.of.la.llo_tt4913966	tt4913966	Thriller,Horror,Mystery
2019	53	Pet Sematary	pet.sematary_tt0837563	tt0837563	Thriller,Horror,Mystery
2019	54	What Men Want	what.men.want_tt7634968	tt7634968	Romance,Fantasy,Comedy
2019	55	Green Book	green.book_tt6966692	tt6966692	Drama,Biography,Comedy
2019	56	Ad Astra	ad.astra_tt2935510	tt2935510	Adventure,Drama,Mystery
2019	57	Isn't It Romantic	isnt.it.romantic_tt2452244	tt2452244	Musical,Fantasy,Comedy
2019	58	Gemini Man	gemini.man_tt1025100	tt1025100	Sci-Fi,Action,Thriller
2019	59	Ma	ma_tt7958736	tt7958736	Thriller,Horror,Mystery
2019	60	Five Feet Apart	five.feet.apart_tt6472976	tt6472976	Drama,Romance
2019	61	Wonder Park	wonder.park_tt6428676	tt6428676	Adventure,Animation,Comedy
2019	62	Rambo: Last Blood	rambo.last.bloo_tt1206885	tt1206885	Crime,Action,Thriller
2019	63	Playing with Fire	playing.with.fi_tt9134216	tt9134216	Family,Comedy
2019	64	Harriet		tt4648786	Drama,Biography,Action
2019	65	A Dog's Way Home	a.dogs.way.home_tt7616798	tt7616798	Adventure,Drama,Family
2019	66	The Angry Birds Movie 2	angry.birds.mov_tt6095472	tt6095472	Adventure,Action,Animation
2019	67	Little		tt8085790	Romance,Fantasy,Comedy
2019	68	Queen & Slim		tt8722346	Crime,Drama,Romance
2019	69	Breakthrough	breakthrough_tt7083526	tt7083526	Drama,Biography
2019	70	The Mule	mule_tt7959026	tt7959026	Crime,Drama,Thriller
2019	71	Crawl	crawl_tt8364368	tt8364368	Action,Thriller,Horror
2019	72	Little Women	little_women_2020	tt3281548	Drama,Romance
2019	73	The Intruder	intruder_tt6722030	tt6722030	Horror,Thriller
2019	74	The Hustle		tt1298644	Crime,Comedy
2019	75	Last Christmas		tt8623904	Drama,Fantasy,Comedy
2019	76	Overcomer		tt8186318	Drama,Family,Sport
2019	77	Cold Pursuit	cold.pursuit_tt5719748	tt5719748	Crime,Action,Comedy
2019	78	Doctor Sleep	doctor.sleep_tt5606664	tt5606664	Drama,Horror,Fantasy
2019	79	Dragon Ball Super: Broly		tt7961060	Adventure,Action,Animation
2019	80	Long Shot	long.shot_tt2139881	tt2139881	Romance,Comedy
2019	81	Spies in Disguise	spies.in.disgui_tt5814534	tt5814534	Adventure,Action,Animation
2019	82	Child's Play	childs.play_tt8663516	tt8663516	Drama,Sci-Fi,Horror
2019	83	Ready or Not		tt7798634	Horror,Action,Comedy
2019	84	Happy Death Day 2U		tt8155288	Horror,Mystery,Comedy
2019	85	Vice	vice_tt6266538	tt6266538	Drama,Biography,Comedy
2019	86	21 Bridges		tt8688634	Adventure,Crime,Action
2019	87	Midsommar		tt8772262	Drama,Horror,Mystery
2019	88	Bohemian Rhapsody	bohemian_rhapsody	tt1727824	Drama,Biography,Music
2019	89	The Art of Racing in the Rain	art.of.racing.i_tt1478839	tt1478839	Drama,Romance,Comedy
2019	90	Countdown	countdown_tt10039344	tt10039344	Horror,Thriller
2019	91	Uncut Gems	uncut_gems	tt5727208	Crime,Drama,Thriller
2019	92	Judy		tt7549996	Drama,Biography,Music
2019	93	Ralph Breaks the Internet	ralph.breaks.th_tt5848272	tt5848272	Adventure,Animation,Comedy
2019	94	Fighting with My Family		tt6513120	Drama,Biography,Comedy
2019	95	On the Basis of Sex		tt4669788	Drama,Biography,History
2019	96	A Dog's Journey		tt8385474	Adventure,Drama,Comedy
2019	97	Booksmart	booksmart_tt1489887	tt1489887	Comedy
2019	98	Parasite	parasite	tt6751668	Drama,Thriller
2019	99	Stuber	stuber_tt7734218	tt7734218	Crime,Action,Comedy
2019	100	47 Meters Down: Uncaged	47.meters.down._tt7329656	tt7329656	Adventure,Drama,Horror
2019	101	Black and Blue	black.and.blue_tt7390646	tt7390646	Action,Thriller
2019	102	Hellboy		tt2274648	Adventure,Action,Fantasy
2019	103	Shaft	shaft_tt4463894	tt4463894	Crime,Action,Comedy
2019	104	Jojo Rabbit	jojo.rabbit_tt2584384	tt2584384	Drama,War,Comedy
2019	105	The Peanut Butter Falcon		tt4364194	Adventure,Drama,Comedy
2019	106	UglyDolls		tt1946502	Adventure,Animation,Comedy
2019	107	Cats	cats_tt5697572	tt5697572	Drama,Family,Comedy
2019	108	Unplanned		tt9024106	Drama,Biography
2019	109	The Favourite	favourite_tt5083738	tt5083738	Drama,Biography,Comedy
2019	110	Bombshell	bombshell_tt6394270	tt6394270	Drama,Biography
2019	111	Richard Jewell	richard.jewell_tt3513548	tt3513548	Crime,Biography,Drama
2019	112	Charlie's Angels	charlies.angels_tt5033998	tt5033998	Adventure,Action,Comedy
2019	113	The Farewell	farewell_tt8637428	tt8637428	Drama,Comedy
2019	114	Brightburn		tt7752126	Drama,Horror,Mystery
2019	115	The Good Liar	good.liar_tt5563334	tt5563334	Crime,Drama,Mystery
2019	116	The Kid Who Would Be King	kid.who.would.b_tt6811018	tt6811018	Adventure,Family,Action
2019	117	Missing Link		tt6348138	Adventure,Animation,Comedy
2019	118	Second Act		tt2126357	Drama,Romance,Comedy
2019	119	Late Night		tt6107548	Drama,Comedy
2019	120	Miss Bala	miss.bala_tt5941692	tt5941692	Crime,Drama,Action
2019	121	The Prodigy		tt4504044	Horror,Mystery,Fantasy
2019	122	A Star Is Born	star_is_born	tt1517451	Drama,Romance,Music
2019	123	Poms		tt5125894	Drama,Sport,Comedy
2019	124	If Beale Street Could Talk	if.beale.street_tt7125860	tt7125860	Drama,Romance
2019	125	They Shall Not Grow Old		tt7905466	History,War,Documentary
2019	126	The Kitchen		tt5822564	Crime,Drama,Action
2019	127	After		tt4126476	Drama,Romance
2019	128	Blinded by the Light	blinded.by.the._tt8266310	tt8266310	Drama,Music,Comedy
2019	129	The Lighthouse		tt7984734	Drama,Horror,Fantasy
2019	130	Dark Waters		tt9071322	Drama,Biography,History
2019	131	Greta		tt2639336	Drama,Thriller,Mystery
2019	132	The Best of Enemies		tt4807408	Drama,Biography,History
2019	133	Black Christmas		tt10481868	Thriller,Horror,Mystery
2019	134	Hotel Mumbai		tt5461944	Drama,Action,History
2019	135	Holmes & Watson	holmes..watson_tt1255919	tt1255919	Crime,Mystery,Comedy
2019	136	Motherless Brooklyn	motherless.broo_tt0385887	tt0385887	Crime,Drama,Mystery
2019	137	No Manches Frida 2		tt9019352	Comedy
2019	138	Where'd You Go, Bernadette		tt2365580	Crime,Drama,Comedy
2019	139	Apollo 11		tt8760684	History,Documentary
2019	140	Serenity		tt6476140	Drama,Thriller,Mystery
2019	141	Anna	anna_tt7456310	tt7456310	Action,Thriller
2019	142	Penguins		tt8080302	Family,Documentary
2019	143	Brittany Runs a Marathon		tt7671064	Drama,Comedy
2019	144	Mary Queen of Scots		tt2328900	Drama,Biography,History
2019	145	The Dead Don't Die		tt8695030	Fantasy,Horror,Comedy
2019	146	Jexi		tt9354944	Romance,Sci-Fi,Comedy
2019	147	Run the Race		tt3201736	Drama,Family,Sport
2019	148	Free Solo		tt7775622	Adventure,Sport,Documentary
2019	149	The Current War		tt2140507	Drama,Biography,History
2019	150	Captive State		tt5968394	Sci-Fi,Thriller
2019	151	The Wandering Earth		tt7605074	Adventure,Sci-Fi,Action
2019	152	Arctic Dogs		tt4426464	Adventure,Animation,Comedy
2019	153	Gloria Bell		tt6902696	Drama,Music,Comedy
2019	154	Gully Boy		tt2395469	Drama,Romance,Music
2019	155	Stan & Ollie	stan..ollie_tt3385524	tt3385524	Drama,Biography,Comedy
2019	156	The Goldfinch	goldfinch_tt3864056	tt3864056	Crime,Drama,Mystery
2019	157	Don't Let Go		tt6803212	Drama,Horror,Mystery
2019	158	The Mustang		tt5952594	Drama
2019	159	The Sun Is Also a Star		tt6423362	Drama,Romance,Music
2019	160	Bring the Soul: The Movie		tt10545076	Music,Documentary
2019	161	Pavarotti	pavarotti_tt6964076	tt6964076	Music,Biography,Documentary
2019	162	Tolkien		tt3361792	Drama,Biography,Romance
2019	163	The Last Black Man in San Francisco		tt4353250	Drama
2019	164	War		tt7430722	Adventure,Action,Thriller
2019	165	Cold War2018 Re-release	cold.war_tt6543652	tt6543652	Drama,Romance,Music
2019	166	Compulsive Liar		tt9487594	Comedy
2019	167	Brian Banks		tt3920820	Drama,Biography,Sport
2019	168	The Biggest Little Farm		tt8969332	Family,Documentary
2019	169	The Grinch	grinch_tt2709692	tt2709692	Family,Animation,Comedy
2019	170	Amazing Grace		tt4935462	Music,Documentary
2019	171	Linda Ronstadt: The Sound of My Voice		tt10011448	Music,Biography,Documentary
2019	172	Uri: The Surgical Strike		tt8291224	Drama,Action,History
2019	173	Replicas		tt4154916	Drama,Sci-Fi,Action
2019	174	Pain and Glory	pain.and.glory_tt8291806	tt8291806	Drama
2019	175	Ne Zha		tt10627720	Adventure,Action,Animation
2019	176	Mission Mangal		tt9248972	Drama,History
2019	177	The Oscar Nominated Short Films 2019: Documentary		tt9724318	Documentary
2019	178	BTS World Tour: Love Yourself in Seoul		tt9448868	Music,Documentary
2019	179	The Beach Bum		tt6511932	Drama,Comedy
2019	180	Echo in the Canyon		tt8884430	Music,Documentary
2019	181	Creed II	creed_2	tt6343314	Drama,Action,Sport
2019	182	Jay and Silent Bob Reboot		tt6521876	Adventure,Action,Comedy
2019	183	Maiden	maiden_tt8879946	tt8879946	Biography,Sport,Documentary
2019	184	Simmba		tt7212726	Crime,Drama,Action
2019	185	Bharat		tt7721800	Drama,Action,Comedy
2019	186	Honey Boy		tt8151874	Drama
2019	187	Friends 25th: The One With The Anniversary		tt10764458	Comedy
2019	188	Saaho		tt6836936	Action,Thriller
2019	189	Fantastic Beasts: The Crimes of Grindelwald	fantastic_beasts_grindelwald	tt4123430	Adventure,Family,Fantasy
2019	190	Kalank		tt6988116	Drama,Romance
2019	191	Tod@s caen		tt7549776	Comedy
2019	192	Everybody Knows		tt4964788	Crime,Drama,Mystery
2019	193	Instant Family	instant.family_tt7401588	tt7401588	Drama,Comedy
2019	194	The Art of Self-Defense		tt7339248	Crime,Action,Comedy
2019	195	Arctic2019 Re-release		tt6820256	Adventure,Drama
2019	196	Welcome to Marwen		tt3289724	Drama,Biography,Comedy
2019	197	My People, My Country		tt10147382	Drama,History
2019	198	Promare		tt9116358	Adventure,Action,Animation
2019	199	Super 30		tt7485048	Drama,Biography
2019	200	Faustina: Love and Mercy		tt10052290	Drama,Biography,Family
2020	1	Bad Boys for Life	bad_boys_for_life	tt1502397	Crime,Action,Comedy
2020	2	1917	1917	tt8579674	Drama,War,Action
2020	3	Sonic the Hedgehog	sonic_the_hedgehog	tt3794354	Adventure,Action,Comedy
2020	4	Jumanji: The Next Level	jumanji_the_next_level	tt7975244	Adventure,Action,Comedy
2020	5	Star Wars: Episode IX - The Rise of Skywalker	rise_of_skywalker	tt2527338	Adventure,Action,Fantasy
2020	6	Birds of Prey and the Fantabulous Emancipation of One Harley Quinn	birds_of_prey	tt7713068	Crime,Action,Comedy
2020	7	Dolittle	dolittle	tt6673612	Adventure,Family,Comedy
2020	8	Little Women	little_women_2020	tt3281548	Drama,Romance
2020	9	The Invisible Man	invisible_man	tt1051906	Drama,Horror,Mystery
2020	10	The Call of the Wild	call_of_the_wild	tt7504726	Adventure,Drama,Family
2020	11	Onward	onward_tt7146812	tt7146812	Adventure,Animation,Comedy
2020	12	Tenet	tenet	tt6723592	Sci-Fi,Action,Thriller
2020	13	Knives Out	knives_out	tt8946378	Crime,Drama,Comedy
2020	14	Frozen II	frozen.ii_tt4520988	tt4520988	Adventure,Animation,Comedy
2020	15	Spies in Disguise	spies.in.disgui_tt5814534	tt5814534	Adventure,Action,Animation
2020	16	The Gentlemen	gentlemen	tt8367814	Crime,Action,Comedy
2020	17	Just Mercy	just_mercy	tt4916630	Crime,Biography,Drama
2020	18	The Croods: A New Age	croods.a.new.ag_tt2850386	tt2850386	Adventure,Animation,Comedy
2020	19	Parasite	parasite	tt6751668	Drama,Thriller
2020	20	Fantasy Island	fantasy_island	tt0983946	Horror,Mystery,Fantasy
2020	21	Uncut Gems	uncut_gems	tt5727208	Crime,Drama,Thriller
2020	22	The New Mutants	new_mutants	tt4682266	Action,Mystery,Horror
2020	23	Wonder Woman 1984	wonder_woman_1984	tt7126948	Adventure,Action,Fantasy
2020	24	Like a Boss	like_a_boss	tt7545266	Comedy
2020	25	The Grudge	grudge_2020	tt3612126	Horror,Fantasy
2020	26	Unhinged	unhinged	tt10059518	Action,Thriller
2020	27	The Photograph	photograph	tt7798646	Drama,Romance
2020	28	The War with Grandpa	war_with_grandpa	tt4532038	Drama,Family,Comedy
2020	29	Underwater	underwater	tt5774060	Sci-Fi,Action,Horror
2020	30	The Turning	turning_tt7510346	tt7510346	Drama,Horror,Mystery
2020	31	Gretel & Hansel	gretel..hansel_tt9086228	tt9086228	Horror,Mystery,Fantasy
2020	32	Honest Thief	honest.thief_tt1838556	tt1838556	Crime,Drama,Action
2020	33	My Hero Academia: Heroes Rising		tt11107074	Adventure,Action,Animation
2020	34	Bombshell	bombshell_tt6394270	tt6394270	Drama,Biography
2020	35	The Way Back	way.back_tt8544498	tt8544498	Drama,Sport
2020	36	Brahms: The Boy II	brahms.the.boy._tt9173418	tt9173418	Drama,Horror,Mystery
2020	37	Jojo Rabbit	jojo.rabbit_tt2584384	tt2584384	Drama,War,Comedy
2020	38	Impractical Jokers: The Movie	impractical.jok_tt9208444	tt9208444	Comedy
2020	39	Ford v Ferrari	ford_v_ferrari	tt1950186	Drama,Biography,Action
2020	40	Emma.	emma._tt9214832	tt9214832	Drama,Romance,Comedy
2020	41	Bloodshot	bloodshot_tt1634106	tt1634106	Adventure,Sci-Fi,Action
2020	42	I Still Believe	i.still.believe_tt9779516	tt9779516	Drama,Biography,Music
2020	43	Come Play	come.play_tt8004664	tt8004664	Drama,Horror,Mystery
2020	44	Let Him Go	let.him.go_tt9340860	tt9340860	Crime,Drama,Thriller
2020	45	Freaky	freaky_tt10919380	tt10919380	Horror,Thriller,Comedy
2020	46	Downhill	downhill_tt4558376	tt4558376	Drama,Comedy
2020	47	Weathering with You	weathering.with_tt9426210	tt9426210	Drama,Animation,Fantasy
2020	48	Cats	cats_tt5697572	tt5697572	Drama,Family,Comedy
2020	49	The Hunt	hunt_tt8244784	tt8244784	Action,Thriller,Horror
2020	50	The Rhythm Section	rhythm.section_tt7134096	tt7134096	Drama,Action,Mystery
2020	51	Monster Hunter	monster.hunter_tt6475714	tt6475714	Adventure,Action,Fantasy
2020	52	A Beautiful Day in the Neighborhood	a.beautiful.day_tt3224458	tt3224458	Drama,Biography,Family
2020	53	Hocus Pocus2020 Re-release	hocus.pocus_tt0107120	tt0107120	Family,Fantasy,Comedy
2020	54	Richard Jewell	richard.jewell_tt3513548	tt3513548	Crime,Biography,Drama
2020	55	The SpongeBob Movie: Sponge on the Run		tt4823776	Adventure,Animation,Comedy
2020	56	The Broken Hearts Gallery	broken.hearts.g_tt2140571	tt2140571	Romance,Comedy
2020	57	Infidel	infidel_tt11229780	tt11229780	Action,Thriller
2020	58	News of the World		tt6878306	Adventure,Drama,Action
2020	59	Portrait of a Lady on Fire	portrait.of.a.l_tt8613070	tt8613070	Drama,Romance
2020	60	Bill & Ted Face the Music	bill..ted.face._tt1086064	tt1086064	Adventure,Music,Comedy
2020	61	2020 Oscar Nominated Short Films		tt8767544	Drama,Short,Thriller
2020	62	Queen & Slim		tt8722346	Crime,Drama,Romance
2020	63	The Empty Man		tt5867314	Drama,Horror,Mystery
2020	64	My Boyfriend's Meds		tt8976664	Comedy
2020	65	The Last Full Measure		tt0783640	Drama,War
2020	66	Words on Bathroom Walls		tt8045906	Drama,Romance
2020	67	Star Wars: Episode V - The Empire Strikes Back2020 Re-release	empire_strikes_back	tt0080684	Adventure,Action,Fantasy
2020	68	Fatale	fatale_tt8829830	tt8829830	Drama,Mystery,Romance
2020	69	The Nightmare Before Christmas2020 Re-release	nightmare.befor_tt0107688	tt0107688	Adventure,Family,Animation
2020	70	Ip Man 4: The Finale		tt2076298	Drama,Biography,Action
2020	71	Half Brothers		tt10515926	Drama,Comedy
2020	72	Elf2020 Re-release	elf	tt0319343	Adventure,Family,Comedy
2020	73	The Personal History of David Copperfield		tt6439020	Drama,Comedy
2020	74	The Wretched		tt8305806	Drama,Horror,Mystery
2020	75	The Lodge		tt7347846	Drama,Horror,Mystery
2020	76	Joker	joker	tt7286456	Crime,Drama,Thriller
2020	77	The Rental	rental_tt10003008	tt10003008	Drama,Horror,Mystery
2020	78	Once Upon a Time... in Hollywood	once_upon_a_time_in_hollywood	tt7131622	Drama,Comedy
2020	79	Jurassic Park2020 Re-release	jurassic_park	tt0107290	Adventure,Sci-Fi,Action
2020	80	2 Hearts		tt5616176	Drama,Romance
2020	81	Promising Young Woman	promising.young_tt9620292	tt9620292	Crime,Drama,Mystery
2020	82	True to the Game 2		tt11237714	Crime,Drama,Thriller
2020	83	Peninsula		tt8850222	Drama,Action,Horror
2020	84	The Assistant		tt9000224	Drama
2020	85	Love and Monsters		tt2222042	Adventure,Action,Comedy
2020	86	Relic		tt9072352	Drama,Horror,Mystery
2020	87	The Tax Collector		tt8461224	Crime,Drama,Action
2020	88	The Last Shift		tt10661180	Drama,Comedy
2020	89	Becky		tt10314450	Crime,Drama,Action
2020	90	The Song of Names	song.of.names_tt1657517	tt1657517	Drama,Mystery,Music
2020	91	All My Life		tt8305852	Drama,Romance
2020	92	Mafia Inc		tt6980960	Crime,Drama
2020	93	National Lampoon's Christmas Vacation2020 Re-release	christmas_vacation	tt0097958	Comedy
2020	94	Jay and Silent Bob Reboot		tt6521876	Adventure,Action,Comedy
2020	95	A Hidden Life		tt5827916	Drama,Biography,Romance
2020	96	Cut Throat City		tt3547306	Crime,Drama,Action
2020	97	The Goonies2020 Re-release	goonies	tt0089218	Adventure,Family,Comedy
2020	98	Sarileru Neekevvaru		tt10773090	Drama,Action,Comedy
2020	99	Vanguard		tt9695722	Adventure,Action,Comedy
2020	100	21 Bridges		tt8688634	Adventure,Crime,Action
2020	101	Jaws2020 Re-release	jaws_tt0073195	tt0073195	Adventure,Horror,Thriller
2020	102	Possessor		tt5918982	Sci-Fi,Horror,Mystery
2020	103	After We Collided		tt10362466	Drama,Romance
2020	104	Coco	coco_tt2380307	tt2380307	Adventure,Drama,Animation
2020	105	Toy Story2020 Re-release	toy.story_tt0114709	tt0114709	Adventure,Animation,Comedy
2020	106	Monsters, Inc.2020 Re-release	monsters.inc._tt0198781	tt0198781	Adventure,Animation,Comedy
2020	107	Baaghi 3		tt8366590	Action,Thriller
2020	108	The Santa Clause2020 Re-release	santa_clause	tt0111070	Drama,Family,Comedy
2020	109	Patterns of Evidence: The Red Sea Miracle		tt11661666	Documentary
2020	110	Pain and Glory	pain.and.glory_tt8291806	tt8291806	Drama
2020	111	The Polar Express2020 Re-release	polar.express_tt0338348	tt0338348	Adventure,Family,Animation
2020	112	The Last Vermeer		tt8337320	Drama,War
2020	113	The Addams Family2020 Re-release	addams.family_tt1620981	tt1620981	Family,Animation,Comedy
2020	114	Merci pour tout		tt11349958	Comedy
2020	115	Maleficent: Mistress of Evil	maleficent_mistress_of_evil	tt4777008	Adventure,Drama,Family
2020	116	Ghostbusters2020 Re-release	ghostbusters_1984	tt0087332	Fantasy,Action,Comedy
2020	117	Chhapaak		tt9614460	Drama,Biography
2020	118	Shortcut		tt8960138	Adventure,Horror,Fantasy
2020	119	Panga		tt8983166	Drama,Sport
2020	120	Midway	midway_tt6924650	tt6924650	Drama,Action,History
2020	121	Black Christmas		tt10481868	Thriller,Horror,Mystery
2020	122	Synchronic		tt9016974	Drama,Horror,Mystery
2020	123	Guardians of the Galaxy2020 Re-release	guardians_of_the_galaxy	tt2015381	Adventure,Action,Comedy
2020	124	Color Out of Space		tt5073642	Sci-Fi,Horror,Mystery
2020	125	Followed		tt5563782	Thriller,Horror,Mystery
2020	126	Alone		tt7711170	Drama,Thriller,Mystery
2020	127	Harriet		tt4648786	Drama,Biography,Action
2020	128	Kajillionaire		tt8143990	Crime,Drama,Comedy
2020	129	The Addams Family	addams.family_tt1620981	tt1620981	Family,Animation,Comedy
2020	130	100% Wolf		tt8774798	Adventure,Animation,Comedy
2020	131	The Big Ugly		tt9441638	Crime,Drama,Thriller
2020	132	The Call		tt12971924	Thriller,Horror,Mystery
2020	133	The Grinch2020 Re-release	grinch_tt2709692	tt2709692	Family,Animation,Comedy
2020	134	Dark Waters		tt9071322	Drama,Biography,History
2020	135	The Forgotten Carols		tt13327144	Musical
2020	136	Spell	spell_tt10736580	tt10736580	Horror,Thriller
2020	137	Ava		tt8784956	Crime,Drama,Action
2020	138	Pinocchio		tt8333746	Drama,Family,Fantasy
2020	139	Beauty and the Beast2020 Re-release	beauty_and_the_beast	tt2771200	Adventure,Family,Fantasy
2020	140	Once Were Brothers		tt10334456	History,Biography,Documentary
2020	141	Seberg		tt1780967	Drama,Biography,History
2020	142	Iron Man2020 Re-release	iron_man	tt0371746	Adventure,Sci-Fi,Action
2020	143	Fantastic Fungi		tt8258074	Documentary
2020	144	Infamous		tt7703924	Crime,Drama,Romance
2020	145	Tulsa		tt8477134	Drama,Comedy
2020	146	Stevie Nicks 24 Karat Gold the Concert		tt13100448	Music
2020	147	Buddy Games		tt7070818	Comedy
2020	148	Black Panther2020 Re-release	black_panther	tt1825683	Adventure,Sci-Fi,Action
2020	149	The Kid Detective		tt8980602	Crime,Drama,Comedy
2020	150	She Dies Tomorrow		tt11614912	Drama,Horror,Fantasy
2020	151	Greed		tt8972256	Drama,Comedy
2020	152	Yellow Rose		tt6862538	Drama,Music
2020	153	Ride Your Wave		tt9193612	Drama,Animation,Comedy
2020	154	The Eight Hundred		tt7294150	Drama,Action,History
2020	155	Les Misérables		tt10199590	Crime,Drama,Thriller
2020	156	Die Hard2020 Re-release	diehard	tt0095016	Action,Thriller
2020	157	Clemency		tt5577494	Drama
2020	158	Ordinary Love		tt6012380	Drama,Romance
2020	159	Casper	casper	tt0112642	Family,Fantasy,Comedy
2020	160	The Informer		tt1833116	Crime,Drama,Action
2020	161	Playing with Fire	playing.with.fi_tt9134216	tt9134216	Family,Comedy
2020	162	Save Yourselves!		tt7873348	Adventure,Sci-Fi,Comedy
2020	163	Judy		tt7549996	Drama,Biography,Music
2020	164	The Traitor		tt7736478	Crime,Biography,Drama
2020	165	Gremlins2020 Re-release	gremlins	tt0087363	Fantasy,Horror,Comedy
2020	166	How the Grinch Stole Christmas2020 Re-release	how_the_grinch_stole_christmas	tt0170016	Family,Fantasy,Comedy
2020	167	Mystify: Michael Hutchence		tt5938950	Music,Biography,Documentary
2020	168	Created Equal: Clarence Thomas in His Own Words		tt10256238	Biography,Documentary
2020	169	Fatman		tt10310140	Adventure,Action,Comedy
2020	170	An American in Paris2020 Re-release	an.american.in._tt0043278	tt0043278	Drama,Musical,Romance
2020	171	Wonder Woman2020 Re-release	wonder_woman	tt0451279	Adventure,Action,Fantasy
2020	172	Back to the Future2020 Re-release	back_to_the_future_fs	tt0088763	Adventure,Sci-Fi,Comedy
2020	173	Bohemian Rhapsody2020 Re-release	bohemian_rhapsody	tt1727824	Drama,Biography,Music
2020	174	63 Up		tt8929142	Biography,Documentary
2020	175	Tokyo Godfathers2020 Re-release		tt0388473	Adventure,Animation,Comedy
2020	176	Blind Eyes Opened		tt11043394	Documentary
2020	177	The Climb		tt8637440	Drama,Comedy
2020	178	Doctor Who Live Q&A And Screening		tt0436992	Adventure,Drama,Sci-Fi
2020	179	CatVideoFest 2020		tt11600880	Documentary
2020	180	Frozen2020 Re-release	frozen_tt2294629	tt2294629	Adventure,Animation,Comedy
2020	181	Wild Mountain Thyme		tt6842770	Drama,Romance,Comedy
2020	182	The Secrets We Keep		tt9252488	Drama,Thriller
2020	183	Jiang Ziya		tt11177804	Adventure,Action,Animation
2020	184	Fate/stay night [Heaven's Feel] III. spring song		tt8092118	Adventure,Drama,Animation
2020	185	Ashfall		tt11285908	Sci-Fi,Action,Thriller
2020	186	National Theater Live: Cyrano de Bergerac2020 Re-release		tt10160742	Drama,Romance
2020	187	Zombieland: Double Tap	zombieland.doub_tt1560220	tt1560220	Horror,Action,Comedy
2020	188	Cunningham		tt8574836	Music,Biography,Documentary
2020	189	The Doors: Break On Thru - A Celebration Of Ray Manzarek		tt7903550	Documentary
2020	190	The Outpost		tt3833480	Drama,Action,History
2020	191	The Wolf of Snow Hollow		tt11140488	Horror,Mystery,Comedy
2020	192	Come Away		tt5714470	Adventure,Drama,Fantasy
2020	193	The Good Liar	good.liar_tt5563334	tt5563334	Crime,Drama,Mystery
2020	194	And Then We Danced		tt8963708	Drama,Romance
2020	195	Beanpole		tt10199640	Drama,War
2020	196	Follow Me		tt8160834	Adventure,Horror,Mystery
2020	197	Extra Ordinary		tt8233874	Fantasy,Horror,Comedy
2020	198	Palm Springs		tt9484998	Fantasy,Mystery,Comedy
2020	199	A Call to Spy		tt7698468	Crime,Biography,Drama
2020	200	Love Story50th Anniversary	love.story_tt0066011	tt0066011	Drama,Romance
2021	1	Spider-Man: No Way Home	spiderman.no.wa_tt10872600	tt10872600	Adventure,Action,Fantasy
2021	2	Shang-Chi and the Legend of the Ten Rings	shangchi.and.th_tt9376612	tt9376612	Adventure,Action,Fantasy
2021	3	Venom: Let There Be Carnage	venom.let.there_tt7097896	tt7097896	Horror,Action,Comedy
2021	4	Black Widow	black.widow_tt3480822	tt3480822	Adventure,Sci-Fi,Action
2021	5	F9: The Fast Saga	f9.the.fast.sag_tt5433138	tt5433138	Crime,Action,Thriller
2021	6	Eternals	eternals_tt9032400	tt9032400	Adventure,Action,Fantasy
2021	7	No Time to Die	downton.abbey.a_tt11703710	tt11703710	Drama,Romance
2021	8	A Quiet Place Part II	a.quiet.place.p_tt8332922	tt8332922	Drama,Sci-Fi,Horror
2021	9	Ghostbusters: Afterlife	venom.let.there_tt7097896	tt7097896	Horror,Action,Comedy
2021	10	Free Guy	little.things_tt10016180	tt10016180	Crime,Drama,Mystery
2021	11	Jungle Cruise	bullet.train_tt12593682	tt12593682	Action,Thriller,Comedy
2021	12	Godzilla vs. Kong	godzilla.vs..ko_tt5034838	tt5034838	Sci-Fi,Action,Thriller
2021	13	Dune: Part One	dune_tt1160419	tt1160419	Adventure,Drama,Action
2021	14	Halloween Kills		tt15791034	Thriller,Horror,Mystery
2021	15	Encanto	encanto_tt2953050	tt2953050	Family,Animation,Comedy
2021	16	Cruella	cruella_tt3228774	tt3228774	Adventure,Crime,Comedy
2021	17	Sing 2	sing.2_tt6467266	tt6467266	Adventure,Animation,Comedy
2021	18	Space Jam: A New Legacy	space.jam.a.new_tt3554046	tt3554046	Adventure,Animation,Comedy
2021	19	The Conjuring: The Devil Made Me Do It	conjuring.the.d_tt7069210	tt7069210	Thriller,Horror,Mystery
2021	20	Candyman	candyman_tt9347730	tt9347730	Horror,Thriller
2021	21	The Boss Baby 2: Family Business	boss.baby.2.fam_tt6932874	tt6932874	Adventure,Animation,Comedy
2021	22	The Addams Family 2	addams.family.2_tt11125620	tt11125620	Adventure,Animation,Comedy
2021	23	The Suicide Squad	invitation_tt12873562	tt12873562	Horror,Thriller
2021	24	Raya and the Last Dragon	raya.and.the.la_tt5109280	tt5109280	Adventure,Action,Animation
2021	25	Demon Slayer: Kimetsu no Yaiba - The Movie: Mugen Train		tt11032374	Adventure,Action,Animation
2021	26	Clifford the Big Red Dog	clifford.the.bi_tt2397461	tt2397461	Adventure,Family,Comedy
2021	27	House of Gucci	black.adam_tt6443346	tt6443346	Adventure,Action,Fantasy
2021	28	Old	elvis_tt3704428	tt3704428	Drama,Biography,Music
2021	29	Tom & Jerry		tt1361336	Adventure,Animation,Comedy
2021	30	The Forever Purge	forever.purge_tt10327252	tt10327252	Crime,Drama,Action
2021	31	Peter Rabbit 2: The Runaway	peter_rabbit_2	tt8376234	Adventure,Animation,Comedy
2021	32	PAW Patrol: The Movie	paw.patrol.the._tt11832046	tt11832046	Adventure,Action,Animation
2021	33	Hitman's Wife's Bodyguard	hitmans.wifes.b_tt8385148	tt8385148	Crime,Action,Comedy
2021	34	Mortal Kombat	mortal.kombat_tt0293429	tt0293429	Adventure,Action,Fantasy
2021	35	Don't Breathe 2	dont.breathe.2_tt6246322	tt6246322	Crime,Action,Horror
2021	36	In the Heights	black.panther.w_tt9114286	tt9114286	Adventure,Drama,Action
2021	37	Snake Eyes	snake.eyes_tt8404256	tt8404256	Adventure,Crime,Action
2021	38	West Side Story	west.side.story_tt3581652	tt3581652	Crime,Drama,Musical
2021	39	The Matrix Resurrections	matrix.resurrec_tt10838180	tt10838180	Sci-Fi,Action
2021	40	Wrath of Man	wrath.of.man_tt11083552	tt11083552	Crime,Action,Thriller
2021	41	Nobody	nobody_tt7888964	tt7888964	Crime,Drama,Action
2021	42	The Croods: A New Age	croods.a.new.ag_tt2850386	tt2850386	Adventure,Animation,Comedy
2021	43	Escape Room: Tournament of Champions	escape.room.tou_tt9844522	tt9844522	Adventure,Action,Horror
2021	44	Respect	respect_tt2452150	tt2452150	Drama,Biography,Music
2021	45	Wonder Woman 1984	wonder_woman_1984	tt7126948	Adventure,Action,Fantasy
2021	46	Spiral	spiral_tt10342730	tt10342730	Thriller,Horror,Mystery
2021	47	Ron's Gone Wrong	rons.gone.wrong_tt7504818	tt7504818	Adventure,Animation,Comedy
2021	48	Spirit Untamed	spirit.untamed_tt11084896	tt11084896	Adventure,Animation,Comedy
2021	49	The Green Knight	green.knight_tt9243804	tt9243804	Adventure,Drama,Fantasy
2021	50	Resident Evil: Welcome to Raccoon City	resident.evil.w_tt6920084	tt6920084	Sci-Fi,Action,Horror
2021	51	The King's Man	kings.man_tt6856242	tt6856242	Adventure,Action,Thriller
2021	52	The French Dispatch	french.dispatch_tt8847712	tt8847712	Drama,Romance,Comedy
2021	53	The Marksman	marksman_tt6902332	tt6902332	Drama,Action,Thriller
2021	54	The Unholy	unholy_tt9419056	tt9419056	Drama,Horror,Mystery
2021	55	The Little Things	355_tt8356942	tt8356942	Action,Thriller
2021	56	Dear Evan Hansen	dear.evan.hanse_tt9357050	tt9357050	Drama,Musical
2021	57	King Richard	king.richard_tt9620288	tt9620288	Drama,Biography,Sport
2021	58	Stillwater	father.stu_tt14439896	tt14439896	Drama,Biography,Sport
2021	59	Christmas with the Chosen: The Messengers	halloween.kills_tt10665338	tt10665338	Drama,Action,Horror
2021	60	Malignant	malignant_tt3811906	tt3811906	Crime,Horror,Mystery
2021	61	Chaos Walking	chaos.walking_tt2076822	tt2076822	Adventure,Drama,Action
2021	62	My Hero Academia: World Heroes' Mission		tt13544716	Adventure,Action,Animation
2021	63	American Underdog	american.underd_tt11729298	tt11729298	Drama,Biography,Romance
2021	64	The Last Duel	prey.for.the.de_tt9271672	tt9271672	Thriller,Horror,Mystery
2021	65	Antlers	antlers_tt7740510	tt7740510	Drama,Horror,Mystery
2021	66	Cry Macho	cry.macho_tt1924245	tt1924245	Drama
2021	67	Monster Hunter	monster.hunter_tt6475714	tt6475714	Adventure,Action,Fantasy
2021	68	Last Night in Soho		tt9639470	Drama,Horror,Mystery
2021	69	News of the World		tt6878306	Adventure,Drama,Action
2021	70	The Many Saints of Newark	many.saints.of._tt8110232	tt8110232	Crime,Drama
2021	71	The Protégé		tt6079772	Crime,Action,Thriller
2021	72	The Night House		tt9731534	Thriller,Horror,Mystery
2021	73	Spencer		tt12536294	Drama,Biography
2021	74	Belfast	belfast_tt12789558	tt12789558	Drama,Biography
2021	75	Nightmare Alley	nightmare.alley_tt7740496	tt7740496	Crime,Drama,Thriller
2021	76	Those Who Wish Me Dead		tt3215824	Drama,Action,Thriller
2021	77	The Courier	courier_tt8368512	tt8368512	Drama,Mystery,History
2021	78	Judas and the Black Messiah	judas.and.the.b_tt9784798	tt9784798	Crime,Biography,Drama
2021	79	Licorice Pizza	licorice.pizza_tt11271038	tt11271038	Drama,Romance,Comedy
2021	80	Promising Young Woman	promising.young_tt9620292	tt9620292	Crime,Drama,Mystery
2021	81	Roadrunner: A Film About Anthony Bourdain		tt14512538	Documentary
2021	82	Copshop		tt5748448	Action,Thriller
2021	83	Zola		tt5439812	Crime,Drama,Comedy
2021	84	Separation		tt9173154	Drama,Horror,Mystery
2021	85	Boogie		tt10896398	Drama,Sport
2021	86	Fatale	fatale_tt8829830	tt8829830	Drama,Mystery,Romance
2021	87	A Journal for Jordan		tt0995854	Drama,War,Romance
2021	88	Reminiscence	reminiscence_tt3272066	tt3272066	Romance,Sci-Fi,Mystery
2021	89	12 Mighty Orphans		tt8482584	Drama,Sport,History
2021	90	Sooryavanshi		tt9531772	Crime,Drama,Action
2021	91	Pig		tt11003218	Drama,Mystery
2021	92	The Girl Who Believes in Miracles		tt9098454	Drama,Family
2021	93	Voyagers	voyagers_tt9664108	tt9664108	Adventure,Sci-Fi,Mystery
2021	94	Minari	minari_tt10633456	tt10633456	Drama
2021	95	83		tt7518786	Drama,Biography,History
2021	96	Dream Horse		tt9883996	Drama,Biography,Comedy
2021	97	The House Next Door: Meet the Blacks 2		tt7524444	Horror,Action,Comedy
2021	98	Here Today	here.today_tt10944596	tt10944596	Drama,Music,Comedy
2021	99	Finding You		tt8760280	Drama,Romance,Comedy
2021	100	Lamb		tt9812474	Drama,Horror,Fantasy
2021	101	The Card Counter		tt11196036	Crime,Drama,Thriller
2021	102	Land		tt10265034	Adventure,Drama
2021	103	The War with Grandpa	war_with_grandpa	tt4532038	Drama,Family,Comedy
2021	104	The Eyes of Tammy Faye		tt9115530	Drama,Biography,Romance
2021	105	Summer of Soul (...Or, When the Revolution Could Not Be Televised)		tt7378922	History,Music,Documentary
2021	106	After We Fell		tt13069986	Drama,Romance
2021	107	Queen Bees		tt8338076	Drama,Romance,Comedy
2021	108	The Father	father_tt10272386	tt10272386	Drama,Mystery
2021	109	Show Me the Father		tt14769324	Drama,Documentary
2021	110	C'mon C'mon	cmon.cmon_tt10986222	tt10986222	Drama
2021	111	Profile		tt7826276	Thriller,Mystery
2021	112	Titane		tt10944760	Drama,Sci-Fi,Horror
2021	113	Together Together		tt11285280	Drama,Comedy
2021	114	Joe Bell		tt4651466	Drama,Biography
2021	115	Nomadland	nomadland_tt9770150	tt9770150	Drama
2021	116	Pinocchio		tt8333746	Drama,Family,Fantasy
2021	117	Pushpa: The Rise - Part 1		tt9389998	Crime,Drama,Action
2021	118	Scott Pilgrim vs. the World10th Anniversary (2021 Re-release)		tt0446029	Fantasy,Action,Comedy
2021	119	Wrong Turn		tt9110170	Drama,Horror,Mystery
2021	120	Honsla Rakh		tt14598754	Drama,Romance,Comedy
2021	121	God's Not Dead: We the People	gods.not.dead.w_tt14578032	tt14578032	Drama
2021	122	In the Earth		tt13429362	Drama,Horror,Mystery
2021	123	The Rescue		tt9098872	Action,Mystery,Documentary
2021	124	Sword Art Online: Progressive - Aria of a Starless Night		tt13424422	Adventure,Action,Animation
2021	125	True to the Game 3		tt14418138	Crime,Thriller,Romance
2021	126	Long Weekend		tt11020728	Romance,Comedy
2021	127	The Jesus Music		tt14857602	Music,Documentary
2021	128	Love Story		tt11384004	Romance
2021	129	Come Play	come.play_tt8004664	tt8004664	Drama,Horror,Mystery
2021	130	Little Eggs: An African Rescue		tt8049994	Adventure,Animation,Comedy
2021	131	Witnesses		tt13820428	Adventure,Drama,Action
2021	132	Scoob!		tt3152592	Adventure,Animation,Comedy
2021	133	The Alpinist		tt11790780	Biography,Sport,Documentary
2021	134	Four Good Days		tt10344522	Drama
2021	135	The Mauritanian	mauritanian_tt4761112	tt4761112	Drama,Biography,Thriller
2021	136	Lamb of God: The Concert Film		tt14061478	Musical
2021	137	Blue Bayou		tt11121664	Crime,Drama
2021	138	French Exit	french.exit_tt10279362	tt10279362	Drama,Comedy
2021	139	L'Arracheuse de temps		tt13502506	Fantasy
2021	140	Nine Days		tt10451852	Drama,Fantasy
2021	141	Our Friend		tt9608818	Drama,Romance
2021	142	Chal Mera Putt 3		tt14156154	Comedy
2021	143	The Sparks Brothers		tt8610436	Documentary,Biography,Comedy
2021	144	If I Can't Have Love, I Want Power		tt15141288	Drama,Horror,Fantasy
2021	145	Aline		tt9735462	Drama,Biography,Comedy
2021	146	Werewolves Within		tt9288692	Horror,Mystery,Comedy
2021	147	City of Lies		tt2677722	Crime,Biography,Drama
2021	148	Anita		tt15010590	Drama,Biography,History
2021	149	Courageous10th Anniversary Re-release		tt1630036	Drama
2021	150	The Truffle Hunters		tt11394318	Documentary
2021	151	For the Love of Money		tt14151720	Drama,Thriller
2021	152	National Champions		tt14547524	Drama,Sport
2021	153	Jathi Ratnalu		tt11306376	Comedy
2021	154	Most Eligible Bachelor		tt11725680	Drama,Romance
2021	155	Tenet	tenet	tt6723592	Sci-Fi,Action,Thriller
2021	156	World War Z2021 Re-release	world_war_z	tt0816711	Adventure,Action,Horror
2021	157	The Lost Leonardo		tt11225756	Mystery,Documentary
2021	158	2021 Oscar Nominated Short Films: Live Action		tt14322204	Talk-Show
2021	159	Flag Day		tt2304637	Crime,Drama
2021	160	Willy's Wonderland		tt8114980	Horror,Action,Comedy
2021	161	Top Gun2021 Re-release	top_gun	tt0092099	Drama,Action
2021	162	Dutch		tt5738280	Action
2021	163	Ghostbusters2021 Re-release	ghostbusters_1984	tt0087332	Fantasy,Action,Comedy
2021	164	The Metropolitan Opera HD Live: Mussorgsky: Boris Godunov		tt12077652	Musical
2021	165	Crisis		tt9731682	Drama,Thriller
2021	166	Red Rocket	red.rocket_tt13453006	tt13453006	Drama,Romance,Comedy
2021	167	Julia		tt13782428	Biography,Documentary
2021	168	Ghost in the Shell2021 4K Remaster		tt0113568	Crime,Action,Animation
2021	169	The Dry		tt5144174	Crime,Drama,Mystery
2021	170	Dad, I'm Sorry		tt13925862	Drama,Family,Comedy
2021	171	The Battle at Lake Changjin		tt13462900	Drama,Action,History
2021	172	The Emperor's New Groove2021 Re-release		tt0120917	Adventure,Animation,Comedy
2021	173	Benedetta		tt6823148	Drama,Biography,Romance
2021	174	Freaky	freaky_tt10919380	tt10919380	Horror,Thriller,Comedy
2021	175	Drive My Car	drive.my.car_tt14039582	tt14039582	Drama
2021	176	Final Account		tt12789212	Documentary
2021	177	The Water Man		tt4779326	Adventure,Drama,Family
2021	178	New Order		tt12474056	Crime,Drama,Sci-Fi
2021	179	India Sweets and Spices		tt9896876	Comedy
2021	180	Blithe Spirit		tt10334148	Romance,Fantasy,Comedy
2021	181	American Skin		tt10195452	Drama,Thriller
2021	182	I'm Your Man		tt13087796	Drama,Romance,Comedy
2021	183	Escape from Mogadishu		tt14810692	Drama,Action,Thriller
2021	184	Raging Fire		tt8165192	Adventure,Crime,Action
2021	185	A Mouthful of Air		tt10925852	Drama
2021	186	Rita Moreno: Just a Girl Who Decided to Go for It		tt10741846	Biography,Documentary
2021	187	Weathering with You	weathering.with_tt9426210	tt9426210	Drama,Animation,Fantasy
2021	188	Once I Was Engaged		tt8245526	Comedy
2021	189	Supernova	supernova_tt11169050	tt11169050	Drama,Romance
2021	190	Becoming Cousteau		tt10334438	Adventure,Biography,Documentary
2021	191	Half Brothers		tt10515926	Drama,Comedy
2021	192	Limbo		tt9138170	Drama,Comedy
2021	193	Promare		tt9116358	Adventure,Action,Animation
2021	194	Together		tt14640242	Drama,Romance,Comedy
2021	195	The Swimming Pool2021 Re-release		tt0064816	Crime,Drama,Romance
2021	196	Ailey		tt13622084	History,Biography,Documentary
2021	197	The Lady of Heaven		tt13097336	Drama,Action,History
2021	198	Groundhog Day2021 Re-release	groundhog_day	tt0107048	Drama,Fantasy,Comedy
2021	199	The Resort		tt12163074	Horror
2021	200	Kaamelott: First Installment		tt9844322	Adventure,Fantasy,Comedy
2022	1	Top Gun: Maverick	top.gun.maveric_tt1745960	tt1745960	Drama,Action
2022	2	Black Panther: Wakanda Forever	black.panther.w_tt9114286	tt9114286	Adventure,Drama,Action
2022	3	Doctor Strange in the Multiverse of Madness	doctor.strange._tt9419884	tt9419884	Adventure,Action,Fantasy
2022	4	Avatar: The Way of Water	avatar.the.way._tt1630029	tt1630029	Adventure,Action,Fantasy
2022	5	Jurassic World: Dominion	jurassic.world._tt8041270	tt8041270	Adventure,Sci-Fi,Action
2022	6	Minions: The Rise of Gru	minions.the.ris_tt5113044	tt5113044	Adventure,Animation,Comedy
2022	7	The Batman	batman_tt1877830	tt1877830	Crime,Drama,Action
2022	8	Thor: Love and Thunder	unbearable.weig_tt11291274	tt11291274	Crime,Action,Comedy
2022	9	Spider-Man: No Way Home	spiderman.no.wa_tt10872600	tt10872600	Adventure,Action,Fantasy
2022	10	Sonic the Hedgehog 2	sonic.the.hedge_tt12412888	tt12412888	Adventure,Action,Comedy
2022	11	Black Adam	black.adam_tt6443346	tt6443346	Adventure,Action,Fantasy
2022	12	Elvis	elvis_tt3704428	tt3704428	Drama,Biography,Music
2022	13	Uncharted	top.gun.maveric_tt1745960	tt1745960	Drama,Action
2022	14	Nope	nope_tt10954984	tt10954984	Sci-Fi,Horror,Mystery
2022	15	Lightyear	lightyear_tt10298810	tt10298810	Adventure,Action,Animation
2022	16	Smile	smile_tt15474916	tt15474916	Thriller,Horror,Mystery
2022	17	The Lost City		tt23028030	Drama,History
2022	18	Bullet Train	ghostbusters.afterlife_tt4513678	tt4513678	Adventure,Fantasy,Comedy
2022	19	The Bad Guys	bad.guys_tt8115900	tt8115900	Adventure,Animation,Comedy
2022	20	Fantastic Beasts: The Secrets of Dumbledore	kings.man_tt6856242	tt6856242	Adventure,Action,Thriller
2022	21	DC League of Super-Pets	dc.league.of.su_tt8912936	tt8912936	Adventure,Action,Animation
2022	22	Where the Crawdads Sing	where.the.crawd_tt9411972	tt9411972	Drama,Mystery,Romance
2022	23	The Black Phone	black.phone_tt7144666	tt7144666	Thriller,Horror,Mystery
2022	24	Sing 2	sing.2_tt6467266	tt6467266	Adventure,Animation,Comedy
2022	25	Scream	scream_tt11245972	tt11245972	Thriller,Horror,Mystery
2022	26	Morbius	morbius_tt5108870	tt5108870	Adventure,Action,Horror
2022	27	Everything Everywhere All at Once	everything.ever_tt6710474	tt6710474	Adventure,Action,Comedy
2022	28	Ticket to Paradise	woman.king_tt8093700	tt8093700	Drama,Action,History
2022	29	The Woman King	woman.king_tt8093700	tt8093700	Drama,Action,History
2022	30	Halloween Ends	halloween.ends_tt10665342	tt10665342	Drama,Horror,Mystery
2022	31	Dog	dog_tt11252248	tt11252248	Drama,Comedy
2022	32	Jackass Forever		tt11466222	Documentary,Action,Comedy
2022	33	Puss in Boots: The Last Wish	puss.in.boots.t_tt3915174	tt3915174	Adventure,Action,Animation
2022	34	Violent Night	violent.night_tt12003946	tt12003946	Action,Thriller,Comedy
2022	35	Lyle, Lyle, Crocodile	lyle.lyle.croco_tt14668630	tt14668630	Adventure,Family,Comedy
2022	36	Death on the Nile	death.on.the.ni_tt7657566	tt7657566	Crime,Drama,Mystery
2022	37	Don't Worry Darling	dont.worry.darl_tt10731256	tt10731256	Drama,Thriller,Mystery
2022	38	Downton Abbey: A New Era	no.time.to.die_tt2382320	tt2382320	Adventure,Action,Thriller
2022	39	Barbarian		tt15791034	Thriller,Horror,Mystery
2022	40	Dragon Ball Super: Super Hero		tt14614892	Adventure,Action,Animation
2022	41	Strange World	strange.world_tt10298840	tt10298840	Adventure,Action,Animation
2022	42	The Menu	menu_tt9764362	tt9764362	Horror,Thriller,Comedy
2022	43	Jujutsu Kaisen 0		tt14331144	Action,Animation,Fantasy
2022	44	The Northman	northman_tt11138512	tt11138512	Adventure,Drama,Action
2022	45	The Bob's Burgers Movie	bobs.burgers.mo_tt7466442	tt7466442	Adventure,Animation,Comedy
2022	46	Beast	american.reunio_tt1605630	tt1605630	Comedy
2022	47	The Invitation	jurassic.world._tt8041270	tt8041270	Adventure,Sci-Fi,Action
2022	48	Avatar2022  Re-release	avatar	tt0499549	Adventure,Action,Fantasy
2022	49	Ambulance	ambulance_tt4998632	tt4998632	Crime,Drama,Action
2022	50	Marry Me	doctor.strange._tt9419884	tt9419884	Adventure,Action,Fantasy
2022	51	The King's Man	kings.man_tt6856242	tt6856242	Adventure,Action,Thriller
2022	52	Father Stu	last.duel_tt4244994	tt4244994	Drama,Thriller,History
2022	53	The Unbearable Weight of Massive Talent	kings.man_tt6856242	tt6856242	Adventure,Action,Thriller
2022	54	Devotion	devotion_tt7693316	tt7693316	Drama,Biography,Action
2022	55	Prey for the Devil	prey.for.the.de_tt9271672	tt9271672	Thriller,Horror,Mystery
2022	56	Moonfall	moonfall_tt5834426	tt5834426	Adventure,Sci-Fi,Action
2022	57	Paws of Fury: The Legend of Hank		tt4428398	Adventure,Action,Animation
2022	58	Amsterdam	amsterdam_tt10304142	tt10304142	Drama,History,Comedy
2022	59	The Chosen Season 3: Episode 1 & 2		tt23028030	Drama,History
2022	60	The 355	355_tt8356942	tt8356942	Action,Thriller
2022	61	American Underdog	american.underd_tt11729298	tt11729298	Drama,Biography,Romance
2022	62	Glass Onion	ambulance_tt4998632	tt4998632	Crime,Drama,Action
2022	63	Whitney Houston: I Wanna Dance with Somebody	whitney.houston_tt12193804	tt12193804	Drama,Biography,Music
2022	64	Easter Sunday	easter.sunday_tt11952606	tt11952606	Comedy
2022	65	One Piece Film: Red		tt16183464	Adventure,Action,Animation
2022	66	Licorice Pizza	licorice.pizza_tt11271038	tt11271038	Drama,Romance,Comedy
2022	67	The Fabelmans	fabelmans_tt14208870	tt14208870	Drama
2022	68	X		tt13560574	Thriller,Horror,Mystery
2022	69	Bros		tt9731598	Romance,Comedy
2022	70	Bodies Bodies Bodies	bodies.bodies.b_tt8110652	tt8110652	Horror,Mystery,Comedy
2022	71	RRR		tt8178634	Adventure,Drama,Action
2022	72	Terrifier 2		tt10403420	Horror
2022	73	Mrs. Harris Goes to Paris		tt5151570	Drama,Comedy
2022	74	West Side Story	west.side.story_tt3581652	tt3581652	Crime,Drama,Musical
2022	75	Firestarter		tt1798632	Drama,Sci-Fi,Horror
2022	76	Blacklight		tt14060094	Drama,Action,Thriller
2022	77	See How They Run		tt13640696	Crime,Mystery,Comedy
2022	78	The Matrix Resurrections	matrix.resurrec_tt10838180	tt10838180	Sci-Fi,Action
2022	79	Pearl		tt18925334	Drama,Horror,Thriller
2022	80	Spider-Man: No Way Home2022 Re-release	spiderman.no.wa_tt10872600	tt10872600	Adventure,Action,Fantasy
2022	81	Redeeming Love		tt11365186	Drama,Western,Romance
2022	82	Babylon		tt10640346	Drama,Comedy
2022	83	The Banshees of Inisherin	banshees.of.ini_tt11813216	tt11813216	Drama,Comedy
2022	84	Till	till_tt4960748	tt4960748	Crime,Biography,Drama
2022	85	Three Thousand Years of Longing		tt9198364	Drama,Romance,Fantasy
2022	86	Brahmastra Part One: Shiva		tt6277462	Adventure,Action,Fantasy
2022	87	Bones and All		tt10168670	Drama,Horror,Romance
2022	88	Memory		tt11827628	Crime,Action,Thriller
2022	89	Fall		tt15325794	Action,Thriller
2022	90	Men		tt13841850	Drama,Horror,Fantasy
2022	91	Ghostbusters: Afterlife	venom.let.there_tt7097896	tt7097896	Horror,Action,Comedy
2022	92	BTS Permission to Dance on Stage - Seoul: Live Viewing		tt18687124	Music,Documentary
2022	93	Marcel the Shell with Shoes On		tt15339456	Drama,Animation,Comedy
2022	94	She Said		tt11198810	Crime,Drama,History
2022	95	Tár	tr_tt14444726	tt14444726	Drama,Music
2022	96	I Heard the Bells		tt21084334	Drama,Biography,Family
2022	97	Encanto	encanto_tt2953050	tt2953050	Family,Animation,Comedy
2022	98	Orphan: First Kill		tt11851548	Crime,Drama,Horror
2022	99	House of Gucci	black.adam_tt6443346	tt6443346	Adventure,Action,Fantasy
2022	100	The Whale		tt13833688	Drama
2022	101	Lifemark		tt20864704	Drama,Biography
2022	102	Jaws2022 Re-release	jaws_tt0073195	tt0073195	Adventure,Horror,Thriller
2022	103	The Cursed		tt9907782	Horror,Mystery,Fantasy
2022	104	Nightmare Alley	nightmare.alley_tt7740496	tt7740496	Crime,Drama,Thriller
2022	105	Vengeance		tt11976532	Music,Mystery,Comedy
2022	106	Ponniyin Selvan: Part I		tt10701074	Drama,Action
2022	107	Moonage Daydream		tt9883832	Music,Biography,Documentary
2022	108	Triangle of Sadness	triangle.of.sad_tt7322224	tt7322224	Drama,Comedy
2022	109	Belle		tt13651628	Adventure,Drama,Animation
2022	110	Family Camp		tt11535358	Family,Comedy
2022	111	Cyrano		tt12889404	Drama,Musical,Romance
2022	112	Laal Singh Chaddha		tt10028196	Drama,Romance,Comedy
2022	113	The Outfit		tt14114802	Crime,Drama,Mystery
2022	114	Clerks III		tt11128440	Drama,Comedy
2022	115	The Worst Person in the World	worst.person.in_tt10370710	tt10370710	Drama,Romance,Comedy
2022	116	K.G.F: Chapter 2		tt10698680	Crime,Drama,Action
2022	117	Breaking		tt12311620	Crime,Drama,Thriller
2022	118	A Journal for Jordan		tt0995854	Drama,War,Romance
2022	119	Honk for Jesus. Save Your Soul.		tt12655436	Comedy
2022	120	Mack & Rita		tt14330236	Fantasy,Comedy
2022	121	Studio 666		tt15374070	Music,Horror,Comedy
2022	122	Crimes of the Future		tt14549466	Drama,Sci-Fi,Horror
2022	123	Belfast	belfast_tt12789558	tt12789558	Drama,Biography
2022	124	Gigi & Nate		tt10341196	Drama,Family
2022	125	The Good House		tt3104956	Drama,Comedy
2022	126	Parallel Mothers	parallel.mother_tt12618926	tt12618926	Drama
2022	127	Emily the Criminal		tt15255876	Crime,Drama,Thriller
2022	128	Umma	umma_tt13235822	tt13235822	Drama,Horror,Mystery
2022	129	The Wolf and the Lion		tt10945288	Adventure,Drama,Family
2022	130	E.T. the Extra-Terrestrial2022 Re-release	et	tt0083866	Adventure,Family,Sci-Fi
2022	131	Drive My Car	drive.my.car_tt14039582	tt14039582	Drama
2022	132	Jeepers Creepers: Reborn		tt14121726	Thriller,Horror,Mystery
2022	133	Watcher	watcher_tt12004038	tt12004038	Drama,Horror,Mystery
2022	134	Mr. Malcolm's List		tt12545566	Drama,Romance,Comedy
2022	135	Armageddon Time		tt10343028	Drama
2022	136	Radhe Shyam		tt8960382	Romance
2022	137	Vikram		tt9179430	Crime,Action,Thriller
2022	138	The King's Daughter		tt2328678	Adventure,Family,Action
2022	139	2022 Oscar Nominated Short Films: Live Action/2022 Oscar Nominated Short Films: Animation/2022 Oscar Nominated Short Films: Documentary2022 Oscar Nominated Short Films		tt18270328	Drama
2022	140	Infinite Storm		tt14060232	Drama,Thriller
2022	141	Vikram Vedha		tt13131350	Crime,Drama,Action
2022	142	The Duke		tt11204094	Crime,Biography,Comedy
2022	143	Running the Bases		tt8110900	Drama,Family,Sport
2022	144	¿Y cómo es él?		tt8928230	Comedy
2022	145	The Kashmir Files		tt10811166	Drama
2022	146	2000 Mules		tt18924506	Documentary
2022	147	It's a Wonderful Life75th Anniversary	wonderful.life_tt0038650	tt0038650	Drama,Family,Fantasy
2022	148	The Godfather2022  Re-release	godfather_tt0068646	tt0068646	Crime,Drama
2022	149	Spoiler Alert		tt7775720	Drama,Romance,Comedy
2022	150	Medieval		tt8883486	Drama,Action,History
2022	151	Rogue One: A Star Wars Story2022 Re-release	rogue_one	tt3748528	Adventure,Sci-Fi,Action
2022	152	Decision to Leave		tt12477480	Crime,Drama,Mystery
2022	153	Howl's Moving Castle2022 Re-release		tt0347149	Adventure,Family,Animation
2022	154	F3: Fun and Frustration		tt13645322	Romance,Family,Comedy
2022	155	Dune: Part One	dune_tt1160419	tt1160419	Adventure,Drama,Action
2022	156	Aftersun		tt19770238	Drama
2022	157	After Ever Happy		tt13070038	Drama,Romance
2022	158	Fire of Love		tt16227014	Biography,Documentary
2022	159	Hallelujah: Leonard Cohen, a Journey, a Song		tt7600742	History,Biography,Documentary
2022	160	The Contractor		tt10323676	Drama,Action,Thriller
2022	161	Jug Jugg Jeeyo		tt13449624	Drama,Family,Comedy
2022	162	83		tt7518786	Drama,Biography,History
2022	163	Coldplay Music of The Spheres Live Broadcast from Buenos Aires		tt23016388	Music,Documentary
2022	164	The Beatles: Get Back - The Rooftop Concert		tt16899584	Music,Documentary
2022	165	Venom: Let There Be Carnage	venom.let.there_tt7097896	tt7097896	Horror,Action,Comedy
2022	166	Man of God		tt6060964	Drama,Biography
2022	167	Empire of Light		tt14402146	Drama,Romance
2022	168	Johnny Cash: The Redemption of an American Icon		tt23112636	Music,Biography,Documentary
2022	169	The Tiger Rising		tt1596557	Family
2022	170	Hansan: Rising Dragon		tt21109538	Drama,Action,History
2022	171	Acharya		tt11563070	Drama,Action
2022	172	Petite Maman	petite.maman_tt13204490	tt13204490	Drama,Fantasy
2022	173	Evangelion: 3.0+1.01 Thrice Upon a Time		tt2458948	Drama,Action,Animation
2022	174	The Roundup		tt15838850	Crime,Action,Thriller
2022	175	Star Trek II: The Wrath of Khan2022 Re-release	star_trek_2	tt0084726	Adventure,Sci-Fi,Action
2022	176	The Metropolitan Opera HD Live: Kevin Puts: The Hours, Libretto by Greg Pierce		tt24222660	Musical
2022	177	The Phantom of the Open		tt12572040	Drama,Biography,Comedy
2022	178	Saint Michael Meet the Angel		tt21810812	Documentary
2022	179	Ante Sundharaniki		tt13528564	Romance,Comedy
2022	180	Unsilenced		tt10514056	Drama
2022	181	HIT: The 2nd Case		tt14279982	Crime,Drama,Mystery
2022	182	Official Competition		tt11700260	Drama,Comedy
2022	183	Gangubai Kathiawadi		tt10083340	Crime,Biography,Drama
2022	184	Cuando sea joven		tt12076762	Comedy
2022	185	The Mean One		tt20853816	Horror,Comedy
2022	186	Confess, Fletch		tt12718300	Crime,Mystery,Comedy
2022	187	Call Jane		tt7461272	Drama,History
2022	188	The Quintessential Quintuplets Movie		tt15721650	Drama,Animation,Comedy
2022	189	God's Country	gods.country_tt11818818	tt11818818	Thriller
2022	190	Deep in the Heart: A Texas Wildlife Story		tt18967390	Documentary
2022	191	The Railway Children Return		tt14592998	Adventure,Drama,Family
2022	192	Vivo		tt14366176	Documentary
2022	193	Selena2022  Re-release		tt0120094	Drama,Biography,Music
2022	194	Eiffel		tt10366514	Drama,Biography,History
2022	195	Brian and Charles		tt13270424	Drama,Sci-Fi,Comedy
2022	196	King Richard	king.richard_tt9620288	tt9620288	Drama,Biography,Sport
2022	197	Superspreader		tt20412464	Documentary
2022	198	The Inspection		tt13495458	Drama
2022	199	Alice		tt11040762	Crime,Drama,Thriller
2022	200	Emergency Declaration		tt11535228	Drama,Action,Thriller
2023	1	Barbie	barbie_tt1517268	tt1517268	Adventure,Fantasy,Comedy
2023	2	The Super Mario Bros. Movie	super.mario.bro_tt6718170	tt6718170	Adventure,Animation,Comedy
2023	3	Spider-Man: Across the Spider-Verse	spiderman.acros_tt9362722	tt9362722	Adventure,Action,Animation
2023	4	Guardians of the Galaxy Vol. 3	guardians.of.th_tt6791350	tt6791350	Adventure,Action,Comedy
2023	5	Oppenheimer	oppenheimer_tt15398776	tt15398776	Drama,Biography,History
2023	6	The Little Mermaid	little.mermaid_tt5971474	tt5971474	Adventure,Family,Fantasy
2023	7	Avatar: The Way of Water	avatar.the.way._tt1630029	tt1630029	Adventure,Action,Fantasy
2023	8	Ant-Man and the Wasp: Quantumania	antman.quantumania_tt10954600	tt10954600	Adventure,Action,Comedy
2023	9	John Wick: Chapter 4	john.wick.4_tt10366206	tt10366206	Crime,Action,Thriller
2023	10	Sound of Freedom	sound.of.freedom_tt7599146	tt7599146	Crime,Biography,Drama
2023	11	Taylor Swift: The Eras Tour		tt28814949	Music,Musical,Documentary
2023	12	Indiana Jones and the Dial of Destiny	indiana.jones.dial_tt1462764	tt1462764	Adventure,Sci-Fi,Action
2023	13	Mission: Impossible - Dead Reckoning Part One	mission.impossi_tt9603212	tt9603212	Adventure,Action,Thriller
2023	14	The Hunger Games: The Ballad of Songbirds & Snakes	hunger.games.th_tt10545296	tt10545296	Adventure,Drama,Action
2023	15	Transformers: Rise of the Beasts	transformers.ri_tt5090568	tt5090568	Adventure,Sci-Fi,Action
2023	16	Creed III	creed.iii_tt11145118	tt11145118	Drama,Action,Sport
2023	17	Elemental	elemental_tt15789038	tt15789038	Adventure,Animation,Comedy
2023	18	Fast X	fast.x_tt5433140	tt5433140	Adventure,Crime,Action
2023	19	Five Nights at Freddy's	five.nights.at._tt4589218	tt4589218	Thriller,Horror,Mystery
2023	20	Wonka	wonka_tt6166392	tt6166392	Adventure,Family,Comedy
2023	21	Puss in Boots: The Last Wish	puss.in.boots.t_tt3915174	tt3915174	Adventure,Action,Animation
2023	22	Teenage Mutant Ninja Turtles: Mutant Mayhem	teenage.mutant._tt8589698	tt8589698	Adventure,Action,Animation
2023	23	Scream VI	scream.6_tt17663992	tt17663992	Thriller,Horror,Mystery
2023	24	The Flash	flash_tt0439572	tt0439572	Adventure,Action,Fantasy
2023	25	Trolls Band Together	trolls.band.tog_tt14362112	tt14362112	Adventure,Animation,Comedy
2023	26	M3GAN	m3gan_tt8760708	tt8760708	Sci-Fi,Horror,Thriller
2023	27	Dungeons & Dragons: Honor Among Thieves	dungeons..drago_tt2906216	tt2906216	Adventure,Action,Comedy
2023	28	The Equalizer 3	equalizer.3_tt17024450	tt17024450	Crime,Action,Thriller
2023	29	The Nun II	nun.2_tt10160976	tt10160976	Thriller,Horror,Mystery
2023	30	The Marvels	marvels_tt10676048	tt10676048	Adventure,Sci-Fi,Action
2023	31	Meg 2: The Trench	meg.2.the.trenc_tt9224104	tt9224104	Adventure,Action,Horror
2023	32	Insidious: The Red Door	insidious.5_tt13405778	tt13405778	Thriller,Horror,Mystery
2023	33	Aquaman and the Lost Kingdom	aquaman.and.the_tt9663764	tt9663764	Adventure,Action,Fantasy
2023	34	Blue Beetle	blue.beetle_tt9362930	tt9362930	Adventure,Sci-Fi,Action
2023	35	Haunted Mansion	haunted.mansion_tt1695843	tt1695843	Drama,Family,Comedy
2023	36	Killers of the Flower Moon	killers.of.the._tt5537002	tt5537002	Crime,Drama,History
2023	37	Evil Dead Rise	evil.dead.rise_tt13345606	tt13345606	Horror
2023	38	The Exorcist: Believer	exorcist_tt12921446	tt12921446	Horror
2023	39	PAW Patrol: The Mighty Movie	paw.patrol.the._tt15837338	tt15837338	Adventure,Action,Animation
2023	40	Cocaine Bear	cocaine.bear_tt14209916	tt14209916	Crime,Thriller,Comedy
2023	41	A Man Called Otto	a.man.called.ot_tt7405458	tt7405458	Drama,Comedy
2023	42	Wish	wish_tt11304740	tt11304740	Adventure,Animation,Comedy
2023	43	Napoleon		tt13287846	Adventure,Biography,Action
2023	44	Shazam! Fury of the Gods	shazam.fury.of._tt10151854	tt10151854	Adventure,Action,Comedy
2023	45	Migration	migration_tt6495056	tt6495056	Adventure,Animation,Comedy
2023	46	Saw X	saw.10_tt21807222	tt21807222	Thriller,Horror,Mystery
2023	47	Air	air.jordan_tt16419074	tt16419074	Drama,Sport
2023	48	Jesus Revolution	jesus.revolutio_tt10098448	tt10098448	Drama,Biography,History
2023	49	No Hard Feelings	no.hard.feeling_tt15671028	tt15671028	Romance,Comedy
2023	50	Talk to Me	talk.to.me_tt10638522	tt10638522	Horror,Thriller
2023	51	Godzilla Minus One	godzilla.minus.one_tt23289160	tt23289160	Adventure,Drama,Action
2023	52	Gran Turismo	gran.turismo_tt4495098	tt4495098	Adventure,Drama,Action
2023	53	The Color Purple	color.purple_tt1200263	tt1200263	Drama,Musical
2023	54	The Boogeyman	boogeyman_tt3427252	tt3427252	Thriller,Horror,Mystery
2023	55	A Haunting in Venice	a.haunting.in.v_tt22687790	tt22687790	Crime,Drama,Horror
2023	56	The Creator	creator_tt11858890	tt11858890	Adventure,Drama,Action
2023	57	80 for Brady	80.for.brady_tt18079362	tt18079362	Drama,Sport,Comedy
2023	58	The Boy and the Heron		tt6587046	Adventure,Drama,Animation
2023	59	Knock at the Cabin	knock.at.the.ca_tt15679400	tt15679400	Thriller,Horror,Mystery
2023	60	Renaissance: A Film by Beyoncé		tt29354040	Music,Documentary
2023	61	Missing	missing_tt10855768	tt10855768	Drama,Thriller,Mystery
2023	62	Plane	plane_tt5884796	tt5884796	Adventure,Action,Thriller
2023	63	65	m65_tt12261776	tt12261776	Adventure,Sci-Fi,Action
2023	64	Thanksgiving	thanksgiving_tt1448754	tt1448754	Horror,Mystery,Comedy
2023	65	My Big Fat Greek Wedding 3		tt21103300	Drama,Romance,Comedy
2023	66	Asteroid City		tt14230388	Drama,Romance,Comedy
2023	67	Magic Mike's Last Dance	magic.mikes.las_tt16280138	tt16280138	Drama,Comedy
2023	68	Anyone But You	anyone.but.you_tt26047818	tt26047818	Romance,Comedy
2023	69	Strays		tt15153532	Adventure,Comedy
2023	70	The Boys in the Boat		tt1856080	Drama,Biography,History
2023	71	Priscilla		tt22041854	Drama,Biography,Music
2023	72	Are You There God? It's Me, Margaret.	are.you.there.g_tt9185206	tt9185206	Drama,Family,Comedy
2023	73	The Pope's Exorcist		tt13375076	Horror,Thriller
2023	74	The Holdovers	holdovers_tt14849194	tt14849194	Drama,Comedy
2023	75	The Blackening	blackening_tt11703244	tt11703244	Horror,Mystery,Comedy
2023	76	Book Club: The Next Chapter		tt20768712	Romance,Comedy
2023	77	Pathaan		tt12844910	Adventure,Action,Thriller
2023	78	Black Panther: Wakanda Forever	black.panther.w_tt9114286	tt9114286	Adventure,Drama,Action
2023	79	Renfield		tt11358390	Fantasy,Action,Comedy
2023	80	The Blind		tt16374352	Drama
2023	81	The Covenant		tt4873118	Drama,Action,Thriller
2023	82	The Expendables 4		tt3291150	Adventure,Action,Thriller
2023	83	Champions		tt15339570	Drama,Sport,Comedy
2023	84	The Iron Claw		tt21064584	Drama,Biography,Sport
2023	85	Ruby Gillman: Teenage Kraken		tt27155038	Adventure,Action,Animation
2023	86	Jawan		tt15354916	Crime,Drama,Action
2023	87	Titanic25 Year Anniversary	titanic	tt0120338	Drama,Romance
2023	88	Animal		tt13751694	Crime,Drama,Action
2023	89	Dumb Money		tt13957560	Drama,Biography,Comedy
2023	90	The Last Voyage of the Demeter		tt1001520	Horror,Thriller,Fantasy
2023	91	Joy Ride		tt15268244	Comedy
2023	92	His Only Son		tt8277246	Drama,History
2023	93	The Whale		tt13833688	Drama
2023	94	About My Father	about.my.father_tt8373206	tt8373206	Comedy
2023	95	Bottoms		tt17527468	Comedy
2023	96	The Shift		tt19406606	Romance,Sci-Fi,Action
2023	97	After Death		tt21191906	Documentary
2023	98	Saltburn		tt17351924	Drama,Thriller
2023	99	Past Lives	past.lives_tt13238346	tt13238346	Drama,Romance
2023	100	Suzume		tt16428256	Adventure,Drama,Animation
2023	101	Ferrari		tt3758542	Drama,Biography,History
2023	102	The Machine	machine_tt11040844	tt11040844	Action,Comedy
2023	103	Whitney Houston: I Wanna Dance with Somebody	whitney.houston_tt12193804	tt12193804	Drama,Biography,Music
2023	104	Poor Things	poor.things_tt14230458	tt14230458	Drama,Romance,Comedy
2023	105	The Nightmare Before Christmas30th Anniversary Re-Release	nightmare.befor_tt0107688	tt0107688	Adventure,Family,Animation
2023	106	Demon Slayer: Kimetsu No Yaiba - To the Swordsmith Village		tt26537229	Adventure,Action,Animation
2023	107	House Party	house.party_tt8005118	tt8005118	Comedy
2023	108	Radical		tt14570440	Drama
2023	109	Salaar		tt13927994	Crime,Drama,Action
2023	110	Silent Night		tt15799866	Crime,Drama,Action
2023	111	Beau Is Afraid		tt13521006	Drama,Horror,Comedy
2023	112	The Hill		tt8051894	Drama,Biography,Sport
2023	113	Sisu		tt14846026	War,Action,Thriller
2023	114	Star Wars: Episode VI - Return of the Jedi2023 Re-release	return_of_the_jedi	tt0086190	Adventure,Action,Fantasy
2023	115	Everything Everywhere All at Once	everything.ever_tt6710474	tt6710474	Adventure,Action,Comedy
2023	116	Dunki		tt15428134	Adventure,Action,Comedy
2023	117	Coraline2023 Re-release (remastered)	coraline_tt0327597	tt0327597	Drama,Family,Animation
2023	118	Retribution		tt6906292	Thriller,Action,Mystery
2023	119	Journey to Bethlehem		tt13848804	Adventure,Family,Musical
2023	120	Next Goal Wins		tt10767052	Drama,Sport,Comedy
2023	121	Operation Fortune: Ruse de Guerre		tt7985704	Adventure,Action,Comedy
2023	122	BTS: Yet to Come in Cinemas		tt24807190	Music,Documentary
2023	123	Babylon		tt10640346	Drama,Comedy
2023	124	Love Again		tt10276482	Drama,Romance,Comedy
2023	125	Dream Scenario		tt21942866	Drama,Fantasy,Comedy
2023	126	The Fabelmans	fabelmans_tt14208870	tt14208870	Drama
2023	127	The Chosen Season 3 Finale		tt26658653	Drama,History
2023	128	Nefarious		tt14537248	Drama,Horror,Thriller
2023	129	Big George Foreman		tt12226632	Drama,Biography,Sport
2023	130	Waitress: The Musical		tt15477042	Drama,Musical,Comedy
2023	131	Tiger 3		tt18411490	Adventure,Action,Thriller
2023	132	Women Talking	women.talking_tt13669038	tt13669038	Drama
2023	133	Freelance		tt15744298	Action,Comedy
2023	134	Infinity Pool		tt10365998	Crime,Horror,Mystery
2023	135	Hocus Pocus30th Anniversary re-release	hocus.pocus_tt0107120	tt0107120	Family,Fantasy,Comedy
2023	136	You Hurt My Feelings		tt15771916	Drama,Romance,Comedy
2023	137	Kandahar		tt5761544	Drama,Action,Thriller
2023	138	Golda	golda_tt14454876	tt14454876	Drama,Biography,History
2023	139	It Lives Inside		tt15683734	Drama,Horror,Thriller
2023	140	Hypnotic		tt8080204	Drama,Action,Mystery
2023	141	Stop Making Sense2023  Re-release		tt0088178	Music,Documentary
2023	142	Marlowe		tt6722802	Crime,Drama,Mystery
2023	143	The Amazing Maurice		tt10473036	Adventure,Animation,Comedy
2023	144	Mummies		tt23177868	Adventure,Animation,Comedy
2023	145	Theater Camp		tt21232992	Comedy
2023	146	Ponniyin Selvan: Part Two		tt22444570	Adventure,Drama,Action
2023	147	Anatomy of a Fall	anatomy.of.a.fa_tt17009710	tt17009710	Crime,Drama,Mystery
2023	148	Left Behind: Rise of the Antichrist		tt16174868	Drama,Action,Mystery
2023	149	The Journey: A Music Special from Andrea Bocelli		tt26769730	Music,Documentary
2023	150	Chevalier		tt12758486	Drama,Biography,History
2023	151	Mafia Mamma		tt13923456	Crime,Action,Comedy
2023	152	The Wandering Earth II		tt13539646	Adventure,Drama,Action
2023	153	A Thousand and One		tt12427158	Crime,Drama
2023	154	Violent Night	violent.night_tt12003946	tt12003946	Action,Thriller,Comedy
2023	155	What Happens Later		tt19890316	Romance,Comedy
2023	156	2023 Oscar Nominated Short Films: Live Action		tt26687422	Drama
2023	157	Living		tt9051908	Drama
2023	158	Jurassic Park2023 Re-release (30th Anniversary)	jurassic_park	tt0107290	Adventure,Sci-Fi,Action
2023	159	The Menu	menu_tt9764362	tt9764362	Horror,Thriller,Comedy
2023	160	Tu Jhoothi Main Makkaar		tt8672856	Romance,Comedy
2023	161	Come Out in Jesus Name		tt27002406	Documentary
2023	162	The Miracle Club		tt12712604	Drama,Comedy
2023	163	A Good Person		tt14153080	Drama
2023	164	Spirited Away: Live on Stage		tt26678995	Adventure,Family,Fantasy
2023	165	Moving On		tt15488088	Comedy
2023	166	Skinamarink		tt21307994	Horror,Mystery
2023	167	Die Hard2023 Re-release	diehard	tt0095016	Action,Thriller
2023	168	Jules		tt15428940	Drama,Sci-Fi,Comedy
2023	169	Somewhere in Queens		tt14097180	Drama,Sport,Comedy
2023	170	The Marsh King's Daughter		tt8002382	Crime,Drama,Mystery
2023	171	Oldboy2023 Re-release	oldboy_tt0364569	tt0364569	Drama,Action,Mystery
2023	172	Winnie-the-Pooh: Blood and Honey		tt19623240	Horror
2023	173	Fear		tt12830948	Horror
2023	174	Lost in the Stars		tt17507018	Crime,Drama,Mystery
2023	175	Creation of the Gods I: Kingdom of Storms		tt6979756	Adventure,Drama,Action
2023	176	American Fiction		tt23561236	Drama,Comedy
2023	177	The Retirement Plan		tt14827638	Crime,Action,Comedy
2023	178	Polite Society		tt18257464	Action,Comedy
2023	179	That Time I Got Reincarnated as a Slime the Movie: Scarlet Bond		tt15467380	Adventure,Action,Animation
2023	180	The Banshees of Inisherin	banshees.of.ini_tt11813216	tt11813216	Drama,Comedy
2023	181	The Quiet Girl		tt15109082	Drama
2023	182	BlackBerry		tt21867434	Drama,Biography,Comedy
2023	183	Dicks: The Musical		tt7130916	Musical,Comedy
2023	184	Eileen		tt5198890	Drama,Mystery,Romance
2023	185	Maybe I Do		tt20879602	Romance,Comedy
2023	186	The First Slam Dunk		tt15242330	Drama,Animation,Comedy
2023	187	Billie Eilish Live at the O2 (Extended Cut)		tt26348071	Music,Documentary
2023	188	The Big Lebowski	big.lebowski_tt0118715	tt0118715	Crime,Comedy
2023	189	Back to the Future	back_to_the_future_fs	tt0088763	Adventure,Sci-Fi,Comedy
2023	190	Tár	tr_tt14444726	tt14444726	Drama,Music
2023	191	The Lost King		tt13421498	Drama,Biography
2023	192	The Lord of the Rings: The Return of the King2023 Re-release (20th Anniversary)	lotr_return_of_the_king	tt0167260	Adventure,Drama,Fantasy
2023	193	Camp Hideout		tt14051976	Family,Comedy
2023	194	Strange World	strange.world_tt10298840	tt10298840	Adventure,Action,Animation
2023	195	Close		tt9660502	Drama
2023	196	Emily		tt12374656	Drama,Biography,History
2023	197	Knights of the Zodiac	knights.of.the._tt6528290	tt6528290	Adventure,Drama,Action
2023	198	Broker		tt13056052	Crime,Drama,Comedy
2023	199	Showing Up		tt13923216	Drama,Comedy
2023	200	Inside		tt14781036	Drama,Thriller
2024	1	Inside Out 2	inside.out.2_tt22022452	tt22022452	Adventure,Animation,Comedy
2024	2	Deadpool & Wolverine	deadpool.and.wolverine_tt6263850	tt6263850	Adventure,Action,Comedy
2024	3	Wicked	wicked_tt1262426	tt1262426	Musical,Romance,Fantasy
2024	4	Moana 2	moana_tt13622970	tt13622970	Adventure,Animation,Comedy
2024	5	Despicable Me 4	despicable.me.4_tt7510222	tt7510222	Adventure,Animation,Comedy
2024	6	Beetlejuice Beetlejuice	beetlejuice.2_tt2049403	tt2049403	Fantasy,Horror,Comedy
2024	7	Dune: Part Two	dune.part.two_tt15239678	tt15239678	Adventure,Drama,Action
2024	8	Twisters	twisters_tt12584954	tt12584954	Adventure,Action,Thriller
2024	9	Godzilla x Kong: The New Empire	godzilla.and.ko_tt14539740	tt14539740	Adventure,Action,Fantasy
2024	10	Kung Fu Panda 4	kung.fu.panda.4_tt21692408	tt21692408	Adventure,Action,Animation
2024	11	Bad Boys: Ride or Die	bad.boys.4_tt4919268	tt4919268	Adventure,Action,Comedy
2024	12	Kingdom of the Planet of the Apes	kingdom.of.the._tt11389872	tt11389872	Adventure,Drama,Action
2024	13	Gladiator II	gladiator.2_tt9218128	tt9218128	Adventure,Drama,Action
2024	14	Sonic the Hedgehog 3	sonic.the.hedge_tt18259086	tt18259086	Adventure,Action,Comedy
2024	15	It Ends with Us	it.ends.with.us_tt10655524	tt10655524	Drama,Romance
2024	16	The Wild Robot	wild.robot_tt29623480	tt29623480	Adventure,Family,Animation
2024	17	Venom: The Last Dance	venom.3_tt16366836	tt16366836	Adventure,Action,Horror
2024	18	A Quiet Place: Day One	quiet.place.day.one_tt13433802	tt13433802	Drama,Sci-Fi,Horror
2024	19	Mufasa: The Lion King	mufasa.the.lion_tt13186482	tt13186482	Adventure,Drama,Animation
2024	20	Ghostbusters: Frozen Empire	ghostb_tt21235248	tt21235248	Adventure,Fantasy,Comedy
2024	21	IF	imaginary.frien_tt11152168	tt11152168	Drama,Animation,Comedy
2024	22	Alien: Romulus	alien._tt18412256	tt18412256	Sci-Fi,Horror,Thriller
2024	23	Bob Marley: One Love	untitled.bob.ma_tt8521778	tt8521778	Drama,Biography,Music
2024	24	Red One	red.one_tt14948432	tt14948432	Adventure,Action,Comedy
2024	25	The Fall Guy	fall.guy_tt1684562	tt1684562	Drama,Action,Comedy
2024	26	The Garfield Movie	garfield_tt5779228	tt5779228	Adventure,Animation,Comedy
2024	27	Wonka	wonka_tt6166392	tt6166392	Adventure,Family,Comedy
2024	28	Longlegs	longlegs_tt23468450	tt23468450	Crime,Horror,Mystery
2024	29	Migration	migration_tt6495056	tt6495056	Adventure,Animation,Comedy
2024	30	Mean Girls	mean.girls_tt11762114	tt11762114	Musical,Comedy
2024	31	Smile 2	smile.2_tt29268110	tt29268110	Thriller,Horror,Mystery
2024	32	Civil War	civil.war_tt17279496	tt17279496	War,Action,Thriller
2024	33	Furiosa: A Mad Max Saga	furiosa_tt12037194	tt12037194	Adventure,Sci-Fi,Action
2024	34	The Beekeeper	beekeeper_tt15314262	tt15314262	Crime,Action,Thriller
2024	35	Anyone But You	anyone.but.you_tt26047818	tt26047818	Romance,Comedy
2024	36	Transformers One	transformers.a._tt8864596	tt8864596	Adventure,Action,Animation
2024	37	Joker: Folie à Deux	joker.folie..de_tt11315808	tt11315808	Drama,Thriller,Musical
2024	38	Terrifier 3	terrifier.3_tt27911000	tt27911000	Horror
2024	39	Challengers	challengers_tt16426418	tt16426418	Drama,Romance,Comedy
2024	40	Nosferatu	nosferatu_tt5040012	tt5040012	Horror,Mystery,Fantasy
2024	41	Aquaman and the Lost Kingdom	aquaman.and.the_tt9663764	tt9663764	Adventure,Action,Fantasy
2024	42	Argylle		tt15009428	Action,Thriller,Comedy
2024	43	Madame Web	madame.web_tt11057302	tt11057302	Action,Thriller
2024	44	Trap	trap_tt26753003	tt26753003	Crime,Horror,Mystery
2024	45	The Best Christmas Pageant Ever	best.christmas._tt2347285	tt2347285	Adventure,Drama,Comedy
2024	46	Speak No Evil	speak.no.evil_tt27534307	tt27534307	Drama,Horror,Thriller
2024	47	The Strangers: Chapter 1	strangers_tt22050754	tt22050754	Horror
2024	48	Coraline15th Anniversary	coraline_tt0327597	tt0327597	Drama,Family,Animation
2024	49	Night Swim	night.swim_tt9682428	tt9682428	Thriller,Horror,Mystery
2024	50	Conclave	conclave_tt20215234	tt20215234	Drama,Thriller
2024	51	The Boys in the Boat		tt1856080	Drama,Biography,History
2024	52	Reagan		tt1723808	Drama,Biography,History
2024	53	The Forge	forge_tt26731216	tt26731216	Drama,Family
2024	54	Horizon: An American Saga - Chapter 1	horizon_tt17505010	tt17505010	Drama,Western
2024	55	A Complete Unknown		tt11563598	Drama,Biography,Music
2024	56	Imaginary	imaginary_tt26658104	tt26658104	Thriller,Horror,Mystery
2024	57	Heretic		tt28015403	Horror,Thriller
2024	58	Abigail	abigail_tt27489557	tt27489557	Crime,Action,Comedy
2024	59	Monkey Man	monkey.man_tt9214772	tt9214772	Crime,Action,Thriller
2024	60	Arthur the King	arthur.the.king_tt10720352	tt10720352	Adventure,Drama,Sport
2024	61	We Live in Time		tt27131358	Drama,Romance
2024	62	Poor Things	poor.things_tt14230458	tt14230458	Drama,Romance,Comedy
2024	63	Blink Twice	blink.twice_tt14858658	tt14858658	Thriller,Mystery
2024	64	Kraven the Hunter		tt8790086	Adventure,Action,Thriller
2024	65	The Bikeriders	bikeriders_tt21454134	tt21454134	Crime,Drama
2024	66	The Ministry of Ungentlemanly Warfare	ministry.of.ung_tt5177120	tt5177120	War,Action,Comedy
2024	67	Fly Me to the Moon		tt1896747	Romance,Comedy
2024	68	Unsung Hero		tt23638614	Drama,Family
2024	69	The First Omen		tt5672290	Horror
2024	70	Cabrini		tt14351082	Drama,Biography
2024	71	American Fiction		tt23561236	Drama,Comedy
2024	72	Ordinary Angels		tt4996328	Drama,Biography
2024	73	The Iron Claw		tt21064584	Drama,Biography,Sport
2024	74	The Watchers		tt26736843	Horror,Mystery,Fantasy
2024	75	Tarot		tt14088510	Horror
2024	76	Demon Slayer: Kimetsu No Yaiba - To the Hashira Training		tt30395619	Adventure,Action,Animation
2024	77	Harold and the Purple Crayon		tt1609486	Adventure,Animation,Comedy
2024	78	The Color Purple	color.purple_tt1200263	tt1200263	Drama,Musical
2024	79	The Substance	substance_tt17526714	tt17526714	Drama,Sci-Fi,Horror
2024	80	Immaculate		tt23137390	Horror,Thriller
2024	81	Borderlands		tt4978420	Adventure,Action,Comedy
2024	82	Interstellar2024 Re-release	interstellar	tt0816692	Adventure,Drama,Sci-Fi
2024	83	MaXXXine		tt22048412	Crime,Horror
2024	84	The Chosen: S4 Episodes 1-3		tt28419624	Drama,History
2024	85	Anora	anora_tt28607951	tt28607951	Drama,Romance,Comedy
2024	86	Homestead		tt29137778	Drama,Action,Thriller
2024	87	Star Wars: Episode I - The Phantom Menace2024 Re-release	phantom_menace	tt0120915	Adventure,Action,Fantasy
2024	88	Kalki 2898 AD		tt12735488	Adventure,Sci-Fi,Action
2024	89	Am I Racist?		tt33034103	Documentary,Comedy
2024	90	Here		tt18272208	Drama
2024	91	Bonhoeffer		tt26237514	Drama,Biography,History
2024	92	Sound of Hope: The Story of Possum Trot		tt6881490	Drama
2024	93	Godzilla Minus One	godzilla.minus.one_tt23289160	tt23289160	Adventure,Drama,Action
2024	94	The Boy and the Heron		tt6587046	Adventure,Drama,Animation
2024	95	The Chosen: S4 Episodes 4-6		tt29519703	Drama,History
2024	96	Never Let Go		tt14415204	Thriller,Horror,Mystery
2024	97	Late Night with the Devil		tt14966898	Horror
2024	98	Lisa Frankenstein		tt21188080	Romance,Horror,Comedy
2024	99	Piece by Piece		tt31064841	Biography,Animation,Comedy
2024	100	Saturday Night		tt27657135	Drama,Biography,Comedy
2024	101	The Crow		tt1340094	Crime,Action,Fantasy
2024	102	Babygirl		tt30057084	Drama,Thriller,Romance
2024	103	Thelma		tt23778968	Action,Comedy
2024	104	The Lord of the Rings: The War of the Rohirrim		tt14824600	Adventure,Action,Animation
2024	105	Love Lies Bleeding		tt19637052	Crime,Drama,Mystery
2024	106	The Zone of Interest	zone.of.interes_tt7160372	tt7160372	Drama,War,History
2024	107	Spy x Family Code: White		tt26684398	Action,Animation,Comedy
2024	108	Ferrari		tt3758542	Drama,Biography,History
2024	109	The Chosen: S4 Episodes 7-8		tt29519705	Drama,History
2024	110	A Real Pain		tt21823606	Drama,Comedy
2024	111	Megalopolis		tt10128846	Drama,Sci-Fi,Fantasy
2024	112	Sight		tt12873300	Drama,Biography,History
2024	113	Haikyu!! The Dumpster Battle		tt30476486	Drama,Animation,Comedy
2024	114	Afraid		tt24577462	Sci-Fi,Horror,Mystery
2024	115	The Hunger Games: The Ballad of Songbirds & Snakes	hunger.games.th_tt10545296	tt10545296	Adventure,Drama,Action
2024	116	I.S.S.		tt13655120	Sci-Fi,Thriller
2024	117	Pushpa: The Rule - Part 2		tt16539454	Crime,Drama,Action
2024	118	Cuckoo		tt12349832	Thriller,Horror,Mystery
2024	119	Back to Black		tt21261712	Drama,Biography,Music
2024	120	The Book of Clarence		tt22866358	Adventure,Drama,Comedy
2024	121	The Nightmare Before Christmas2024 Re-release	nightmare.befor_tt0107688	tt0107688	Adventure,Family,Animation
2024	122	Columbia 100th Anniversary SeriesColumbia 100th Anniversary Series	spiderman	tt0145487	Adventure,Sci-Fi,Action
2024	123	Someone Like You		tt22334258	Romance
2024	124	Trolls Band Together	trolls.band.tog_tt14362112	tt14362112	Adventure,Animation,Comedy
2024	125	One Life		tt13097932	Drama,Biography,History
2024	126	Devara Part 1		tt11821912	Adventure,Drama,Action
2024	127	The Killer's Game		tt0327785	Action,Thriller,Comedy
2024	128	My Old Ass		tt18559464	Drama,Romance,Comedy
2024	129	White Bird		tt11068094	Drama,Biography,Family
2024	130	My Hero Academia: You're Next		tt32176689	Adventure,Action,Animation
2024	131	Kinds of Kindness		tt22408160	Drama,Horror,Comedy
2024	132	Drive-Away Dolls		tt19356262	Action,Thriller,Comedy
2024	133	The Fire Inside		tt6133444	Drama,Biography,Sport
2024	134	I Saw the TV Glow		tt15574270	Drama,Horror,Mystery
2024	135	Wicked Little Letters		tt20234774	Crime,Biography,Comedy
2024	136	Dìdi		tt30319503	Drama,Comedy
2024	137	Origin		tt13321244	Drama,History
2024	138	Land of Bad		tt19864802	Action,Thriller
2024	139	The Exorcism		tt11240348	Horror,Thriller
2024	140	Y2K		tt27218960	Sci-Fi,Horror,Comedy
2024	141	In a Violent Nature		tt30321146	Drama,Horror,Thriller
2024	142	For King + Country: A Drummer Boy Christmas - Live		tt34422601	Music
2024	143	The Apprentice		tt8368368	Drama,Biography,History
2024	144	Babes		tt21276958	Comedy
2024	145	Perfect Days	perfect.days_tt27503384	tt27503384	Drama
2024	146	Oppenheimer	oppenheimer_tt15398776	tt15398776	Drama,Biography,History
2024	147	All of Us Strangers	all.of.us.stran_tt21192142	tt21192142	Drama,Romance
2024	148	Shrek 22024 Re-release	shrek.2_tt0298148	tt0298148	Adventure,Animation,Comedy
2024	149	Wish	wish_tt11304740	tt11304740	Adventure,Animation,Comedy
2024	150	Solo Leveling: ReAwakening		tt33428606	Adventure,Action,Animation
2024	151	Queer		tt24176060	Drama,Biography,History
2024	152	God's Not Dead: In God We Trust		tt32356994	Drama
2024	153	The Lord of the Rings: The Fellowship of the Ring2024 Re-release	lotr_fellowship	tt0120737	Adventure,Drama,Fantasy
2024	154	2024 Oscar Nominated Short Films: Documentary		tt31272312	\N
2024	155	The Front Room		tt21905744	Horror,Thriller
2024	156	Strange Darling		tt22375054	Horror,Thriller
2024	157	The Long Game		tt7738330	Drama,Sport,History
2024	158	Jesus Thirsts: The Miracle of the Eucharist		tt31529048	Documentary
2024	159	1992		tt4959750	Drama,Action,Thriller
2024	160	The Fabulous Four		tt20215816	Comedy
2024	161	My Penguin Friend		tt8609660	Adventure,Drama,Family
2024	162	Absolution		tt8337290	Crime,Drama,Action
2024	163	The Taste of Things		tt19760052	Drama,Romance,History
2024	164	GHOST: Rite Here Rite Now		tt32260498	Music
2024	165	Ezra		tt20315818	Drama,Comedy
2024	166	Sight & Sound Presents: Daniel LIVE		tt33264824	Musical
2024	167	Boy Kills World		tt13923084	Crime,Action,Comedy
2024	168	Hello, Love, Again		tt32401874	Drama,Romance
2024	169	Escape from Germany		tt28172032	Drama,War,History
2024	170	Jung Kook: I Am Still		tt32903026	Music,Documentary
2024	171	The Lord of the Rings: The Two Towers2024 Re-release	lotr_two_towers	tt0167261	Adventure,Drama,Fantasy
2024	172	The Blue Angels		tt18573650	Documentary
2024	173	Problemista		tt15078804	Comedy
2024	174	The American Society of Magical Negroes		tt30007864	Fantasy,Comedy
2024	175	The Lord of the Rings: The Return of the King2024 Re-release	lotr_return_of_the_king	tt0167260	Adventure,Drama,Fantasy
2024	176	Summer Camp		tt26928684	Comedy
2024	177	Sing Sing		tt28479262	Drama
2024	178	Howl's Moving Castle20th Anniversary – Studio Ghibli Fest 2024		tt0347149	Adventure,Family,Animation
2024	179	Interstella 5555: The 5tory of the 5ecret 5tar 5ystem		tt0368667	Adventure,Animation,Music
2024	180	Hitpig		tt13176330	Adventure,Action,Animation
2024	181	Elevation		tt23558280	Action,Mystery,Horror
2024	182	Alien2024 Re-release	alien_tt0078748	tt0078748	Sci-Fi,Horror
2024	183	Exhuma		tt27802490	Horror,Mystery
2024	184	Flow	flow_tt4772188	tt4772188	Adventure,Family,Animation
2024	185	In the Land of Saints and Sinners		tt15782690	Crime,Action,Thriller
2024	186	Bhool Bhulaiyaa 3		tt26932223	Fantasy,Horror,Comedy
2024	187	The Lion King2024 Re-release	lion.king_tt0110357	tt0110357	Adventure,Drama,Animation
2024	188	Singham Again		tt11976134	Crime,Drama,Action
2024	189	Stree 2		tt27510174	Horror,Comedy
2024	190	The Holdovers	holdovers_tt14849194	tt14849194	Drama,Comedy
2024	191	Average Joe		tt30840929	Family
2024	192	The Ark and the Darkness		tt15845160	Documentary
2024	193	Between the Temples		tt27722375	Comedy
2024	194	Lee		tt5112584	Drama,Biography,History
2024	195	Look Back		tt31711040	Drama,Animation
2024	196	Yolo		tt28151876	Drama,Action,Comedy
2024	197	Queen Rock Montreal		tt30973483	Music,Documentary
2024	198	The Order		tt26625693	Crime,Drama,Thriller
2024	199	SUGA: Agust D Tour 'D-DAY' the Movie		tt31579728	Music,Documentary
2024	200	Out of Darkness		tt7527682	Thriller,Horror,Mystery
2025	1	A Minecraft Movie	minecraft_tt3566834	tt3566834	Adventure,Action,Comedy
2025	2	Lilo & Stitch		tt11655566	Adventure,Action,Comedy
2025	3	Superman	superman_tt5950044	tt5950044	Adventure,Sci-Fi,Action
2025	4	Jurassic World: Rebirth	jurassic.world.rebirth_tt31036941	tt31036941	Adventure,Sci-Fi,Action
2025	5	Zootopia 2	zootopia.2_tt26443597	tt26443597	Adventure,Action,Animation
2025	6	Wicked: For Good	wicked.for.good_tt19847976	tt19847976	Drama,Family,Fantasy
2025	7	Sinners	sinners_tt31193180	tt31193180	Drama,Action,Horror
2025	8	The Fantastic Four: First Steps	fantastic.four._tt10676052	tt10676052	Adventure,Sci-Fi,Action
2025	9	How to Train Your Dragon	how.to.train_tt26743210	tt26743210	Adventure,Action,Comedy
2025	10	Avatar: Fire and Ash		tt1757678	Adventure,Action,Fantasy
2025	11	Captain America: Brave New World		tt14513804	Adventure,Sci-Fi,Action
2025	12	Mission: Impossible - The Final Reckoning	mission.impossi_tt9603208	tt9603208	Adventure,Action,Thriller
2025	13	Thunderbolts*	thunderbolts_tt20969586	tt20969586	Adventure,Crime,Action
2025	14	F1: The Movie	f1.the.movie_tt16311594	tt16311594	Drama,Action,Sport
2025	15	The Conjuring: Last Rites	conjuring.last._tt22898462	tt22898462	Thriller,Horror,Mystery
2025	16	Weapons	weapons_tt26581740	tt26581740	Horror,Mystery
2025	17	Final Destination: Bloodlines	final.destinati_tt9619824	tt9619824	Horror,Thriller
2025	18	Demon Slayer: Kimetsu no Yaiba Infinity Castle		tt32820897	Adventure,Action,Animation
2025	19	Mufasa: The Lion King	mufasa.the.lion_tt13186482	tt13186482	Adventure,Drama,Animation
2025	20	Five Nights at Freddy's 2	five.nights.at._tt30274401	tt30274401	Thriller,Horror,Mystery
2025	21	Dog Man	dog.man_tt10954718	tt10954718	Adventure,Action,Animation
2025	22	Freakier Friday	freakier.friday_tt31956415	tt31956415	Family,Fantasy,Comedy
2025	23	Predator: Badlands		tt31227572	Adventure,Sci-Fi,Action
2025	24	Snow White	snow.white_tt6208148	tt6208148	Adventure,Family,Fantasy
2025	25	Sonic the Hedgehog 3	sonic.the.hedge_tt18259086	tt18259086	Adventure,Action,Comedy
2025	26	The Bad Guys 2	bad.guys.2_tt30017619	tt30017619	Adventure,Action,Animation
2025	27	Black Phone 2	black.phone.2_tt29644189	tt29644189	Horror
2025	28	Tron: Ares	tron.ares_tt6604188	tt6604188	Adventure,Sci-Fi,Action
2025	29	Elio	elio_tt4900148	tt4900148	Adventure,Animation,Comedy
2025	30	One Battle After Another	one.battle.afte_tt30144839	tt30144839	Crime,Drama,Action
2025	31	28 Years Later	28.years.later_tt10548174	tt10548174	Sci-Fi,Horror,Thriller
2025	32	The Accountant 2	accountant.2_tt7068946	tt7068946	Crime,Drama,Action
2025	33	Now You See Me: Now You Don't		tt4712810	Crime,Thriller
2025	34	The King of Kings	king.of.kings_tt7967302	tt7967302	Biography,Family,Animation
2025	35	David		tt15678738	Adventure,Drama,Animation
2025	36	Ballerina	ballerina_tt7181546	tt7181546	Action,Thriller
2025	37	Moana 2	moana_tt13622970	tt13622970	Adventure,Animation,Comedy
2025	38	The Housemaid		tt27543632	Drama,Thriller
2025	39	The Naked Gun	naked.gun_tt3402138	tt3402138	Crime,Action,Comedy
2025	40	Karate Kid: Legends	karate.kid.2_tt1674782	tt1674782	Drama,Family,Action
2025	41	One of Them Days	one.of.them.days_tt32221196	tt32221196	Comedy
2025	42	Regretting You		tt33088452	Drama,Romance
2025	43	Nosferatu	nosferatu_tt5040012	tt5040012	Horror,Mystery,Fantasy
2025	44	A Complete Unknown		tt11563598	Drama,Biography,Music
2025	45	The SpongeBob Movie: Search for SquarePants		tt23572848	Adventure,Animation,Comedy
2025	46	Mickey 17	mickey.17_tt12299608	tt12299608	Adventure,Fantasy,Comedy
2025	47	Paddington in Peru	paddington.in.p_tt5822536	tt5822536	Adventure,Family,Comedy
2025	48	Downton Abbey: The Grand Finale	downton.abbey.t_tt31888477	tt31888477	Drama
2025	49	Chainsaw Man - The Movie: Reze Arc		tt30472557	Adventure,Action,Animation
2025	50	Wicked	wicked_tt1262426	tt1262426	Musical,Romance,Fantasy
2025	51	The Amateur		tt0899043	Action,Thriller
2025	52	Marty Supreme		tt32916440	Drama,Sport
2025	53	The Monkey		tt27714946	Horror
2025	54	The Running Man		tt14107334	Adventure,Sci-Fi,Action
2025	55	A Working Man	working.man_tt9150192	tt9150192	Action,Thriller
2025	56	Materialists		tt30253473	Romance,Comedy
2025	57	Den of Thieves: Pantera		tt8008948	Crime,Drama,Action
2025	58	The Long Walk		tt10374610	Horror,Thriller
2025	59	Star Wars: Episode III - Revenge of the Sith20th anniversary	revenge_of_the_sith	tt0121766	Adventure,Action,Fantasy
2025	60	Taylor Swift: The Official Release Party of a Showgirl		tt38367304	Music
2025	61	I Know What You Did Last Summer		tt4045450	Horror
2025	62	Gabby's Dollhouse: The Movie		tt32214143	Adventure,Animation,Comedy
2025	63	Anaconda		tt33244668	Adventure,Action,Comedy
2025	64	Smurfs		tt18069420	Adventure,Animation,Comedy
2025	65	Heart Eyes		tt32558992	Horror,Mystery,Comedy
2025	66	Flight Risk		tt10078772	Crime,Drama,Action
2025	67	Warfare		tt31434639	Drama,War,Action
2025	68	Him		tt20990442	Horror,Sport
2025	69	M3GAN 2.0		tt26342662	Sci-Fi,Action,Thriller
2025	70	Ne Zha 2		tt34956443	Adventure,Action,Animation
2025	71	KPop Demon Hunters		tt14205554	Adventure,Action,Animation
2025	72	Roofman		tt4627382	Crime,Biography,Drama
2025	73	Springsteen: Deliver Me from Nowhere		tt31923069	Drama,Biography,Music
2025	74	The Woman in the Yard		tt31314296	Drama,Horror,Thriller
2025	75	Nobody 2		tt28996126	Crime,Action,Comedy
2025	76	Black Bag		tt30988739	Drama,Mystery,Romance
2025	77	Death of a Unicorn		tt28443655	Fantasy,Horror,Comedy
2025	78	Together		tt31184028	Romance,Horror
2025	79	Last Breath		tt14403504	Drama,Thriller
2025	80	Companion		tt26584495	Sci-Fi,Thriller
2025	81	Wolf Man		tt4216984	Sci-Fi,Horror
2025	82	The Chosen: Last Supper		tt31908820	Drama,History
2025	83	Until Dawn		tt30955489	Drama,Horror
2025	84	Novocaine		tt29603959	Crime,Action,Comedy
2025	85	The Phoenician Scheme		tt30840798	Crime,Action,Comedy
2025	86	Bring Her Back		tt32246771	Horror,Mystery
2025	87	Babygirl		tt30057084	Drama,Thriller,Romance
2025	88	Caught Stealing		tt1493274	Crime,Action,Comedy
2025	89	Bugonia	bugonia_tt12300742	tt12300742	Crime,Sci-Fi,Comedy
2025	90	Hamilton2025 Re-release		tt8503618	Drama,Biography,History
2025	91	Song Sung Blue		tt30343021	Drama,Biography,History
2025	92	Drop		tt32149847	Drama,Thriller,Mystery
2025	93	Good Fortune		tt27543578	Romance,Fantasy,Comedy
2025	94	Jujutsu Kaisen: Execution		tt38121182	Action,Animation,Fantasy
2025	95	Friendship		tt30505698	Comedy
2025	96	Eternity		tt24950660	Drama,Fantasy,Comedy
2025	97	Love Hurts		tt30788842	Romance,Action,Comedy
2025	98	The Brutalist		tt8999762	Drama
2025	99	The Roses		tt31973693	Comedy
2025	100	The Last Rodeo		tt30908405	Drama
2025	101	The Strangers: Chapter 2		tt28671344	Horror,Mystery
2025	102	Nuremberg		tt29567915	Drama,Biography,History
2025	103	Jaws2025 Re-release (50th Anniversary)	jaws_tt0073195	tt0073195	Adventure,Horror,Thriller
2025	104	The Chosen: Last Supper Part 2		tt35676528	Drama,History
2025	105	The Chosen: Last Supper Part 3		tt35676529	Drama,History
2025	106	Sarah's Oil		tt31727267	Drama,Biography,History
2025	107	The Smashing Machine		tt11214558	Drama,Biography,Action
2025	108	Hamnet	hamnet_tt14905854	tt14905854	Drama,Biography,History
2025	109	Becoming Led Zeppelin		tt10365912	Music,Documentary
2025	110	Eddington		tt31176520	Drama,Western,Comedy
2025	111	Rental Family		tt14142060	Drama,Comedy
2025	112	The Day the Earth Blew Up: A Looney Tunes Movie		tt15352542	Adventure,Animation,Comedy
2025	113	Sketch		tt26238710	Adventure,Family,Comedy
2025	114	Back to the Future40th Anniversary	back_to_the_future_fs	tt0088763	Adventure,Sci-Fi,Comedy
2025	115	Gladiator II	gladiator.2_tt9218128	tt9218128	Adventure,Drama,Action
2025	116	Soul on Fire		tt28078628	Drama,Biography
2025	117	Clown in a Cornfield		tt23060698	Thriller,Horror,Mystery
2025	118	Presence		tt28249919	Drama,Horror,Thriller
2025	119	Princess Mononoke4K Restoration		tt0119698	Adventure,Animation,Fantasy
2025	120	Homestead		tt29137778	Drama,Action,Thriller
2025	121	Toy Story2025 Re-release	toy.story_tt0114709	tt0114709	Adventure,Animation,Comedy
2025	122	The Life of Chuck		tt12908150	Drama,Sci-Fi,Fantasy
2025	123	A Big Bold Beautiful Journey		tt13650700	Drama,Romance,Fantasy
2025	124	Good Boy		tt35521922	Horror,Thriller
2025	125	The Last Supper		tt32461003	Drama,History
2025	126	The Unbreakable Boy		tt5181260	Drama
2025	127	Anora	anora_tt28607951	tt28607951	Drama,Romance,Comedy
2025	128	I'm Still Here		tt14961016	Drama,Biography,History
2025	129	Pride & Prejudice20th Anniversary Re-Release	pride..prejudic_tt0414387	tt0414387	Drama,Romance
2025	130	The Alto Knights		tt21815562	Crime,Biography,Drama
2025	131	Truth & Treason		tt21825416	Drama,Thriller,History
2025	132	Kill Bill: The Whole Bloody Affair		tt6019206	Crime,Action,Thriller
2025	133	Honey Don't!		tt30645201	Crime,Mystery,Comedy
2025	134	Dan Da Dan: Evil Eye		tt36440312	Sci-Fi,Action,Animation
2025	135	Die My Love		tt9362736	Drama,Thriller
2025	136	The Senior		tt15431864	Drama,Sport
2025	137	Hurry Up Tomorrow		tt26927452	Thriller
2025	138	Light of the World		tt33235979	Drama,Family,Animation
2025	139	The Last Showgirl		tt31193791	Drama
2025	140	Stitch Head		tt26720001	Family,Animation,Comedy
2025	141	Sisu: Road to Revenge		tt31844586	War,Action
2025	142	Brave the Dark		tt10381102	Drama
2025	143	Shelby Oaks		tt14999684	Horror,Thriller
2025	144	Avatar: The Way of Water2025  Re-release	avatar.the.way._tt1630029	tt1630029	Adventure,Action,Fantasy
2025	145	Keeper		tt32332404	Horror
2025	146	Shin Godzilla2025 Re-release		tt4262980	Drama,Action,Horror
2025	147	Ella McCay		tt30096221	Drama,Comedy
2025	148	The Friend		tt18108824	Drama,Comedy
2025	149	Shadow Force		tt11092020	Drama,Action,Thriller
2025	150	Sentimental Value	sentimental.val_tt27714581	tt27714581	Drama
2025	151	Colorful Stage! The Movie: A Miku Who Can't Sing		tt33050528	Drama,Animation,Comedy
2025	152	Chhaava		tt27922706	Drama,Action,History
2025	153	Dhurandhar		tt33014583	Adventure,Crime,Action
2025	154	Fight or Flight		tt13652286	Action,Comedy
2025	155	The Penguin Lessons		tt26677014	Drama
2025	156	2025 Oscar Nominated Short Films: Live Action		tt35115983	\N
2025	157	After the Hunt		tt32159989	Crime,Drama,Thriller
2025	158	Jujutsu Kaisen: Hidden Inventory / Premature Death - The Movie		tt36956670	Action,Animation,Fantasy
2025	159	Hell of a Summer		tt21267296	Horror,Mystery,Comedy
2025	160	Relay		tt11539996	Drama,Action,Thriller
2025	161	Kraven the Hunter		tt8790086	Adventure,Action,Thriller
2025	162	War 2		tt27425164	Adventure,Action,Thriller
2025	163	The Fire Inside		tt6133444	Drama,Biography,Sport
2025	164	How the Grinch Stole Christmas2025 Re-release	how_the_grinch_stole_christmas	tt0170016	Family,Fantasy,Comedy
2025	165	Rule Breakers		tt23398348	Drama
2025	166	Attack on Titan the Movie: The Last Attack		tt33175825	Adventure,Action,Animation
2025	167	The Toxic Avenger		tt1633359	Horror,Action,Comedy
2025	168	Dangerous Animals		tt32299316	Horror,Thriller
2025	169	Nickel Boys		tt23055660	Drama
2025	170	Pink Floyd: Live at Pompeii2025 Re-release		tt0069090	Music,Documentary
2025	171	Eleanor the Great		tt30268321	Drama,War
2025	172	Flow	flow_tt4772188	tt4772188	Adventure,Family,Animation
2025	173	No Other Land		tt30953759	Documentary
2025	174	Spinal Tap II: The End Continues		tt20222166	Music,Comedy
2025	175	The Legend of Ochi		tt8866456	Adventure,Family,Fantasy
2025	176	Merrily We Roll Along		tt32641442	Musical
2025	177	Coolie		tt27441481	Crime,Action,Thriller
2025	178	Sorry, Baby		tt32843349	Drama,Comedy
2025	179	September 5		tt28082769	Drama,Thriller,History
2025	180	The Room Next Door		tt29439114	Drama
2025	181	Spider-Man/Spider-Man 2/Spider-Man 3Fathom 2025	spiderman	tt0145487	Adventure,Sci-Fi,Action
2025	182	Detective Chinatown 1900		tt34463310	Drama,Mystery,Comedy
2025	183	DogmaDogma: Resurrected! A 25th Anniversary Celebration		tt0120655	Adventure,Drama,Comedy
2025	184	The Wedding Banquet		tt32214413	Romance,Comedy
2025	185	Oh, Hi!		tt33292655	Comedy
2025	186	Game Changer		tt14209618	Drama,Action,Thriller
2025	187	Sight & Sound Presents: NOAH Live		tt37896717	Musical
2025	188	Blue Moon	blue.moon_tt32536315	tt32536315	Drama,Biography,Comedy
2025	189	Opus		tt29929565	Drama,Thriller,Music
2025	190	Christy		tt32323252	Drama,Biography,History
2025	191	Better Man		tt14260836	Music,Biography,Fantasy
2025	192	Pets on a Train		tt36424914	Action,Animation,Comedy
2025	193	Jane Austen Wrecked My Life		tt31112509	Romance,Comedy
2025	194	Splitsville		tt33247023	Comedy
2025	195	In the Lost Lands		tt4419684	Adventure,Action,Fantasy
2025	196	Riff Raff		tt27775403	Crime,Action,Comedy
2025	197	Night of the Zoopocalypse		tt29544253	Adventure,Animation,Comedy
2025	198	Creation of the Gods II: Demon Force		tt32843325	Drama,Action,Fantasy
2025	199	Casper2025 Re-release	casper	tt0112642	Family,Fantasy,Comedy
2025	200	Kuberaa		tt23846482	Crime,Drama,Action