imdb	id	title	genres	year
tt0416449	300	300	Action,Drama	2006
tt8579674	1917	1917	Action,Drama,War	2019
tt0078721	10_tt0078721	10	Comedy,Romance	1979
tt1179933	10.cloverfield._tt1179933	10 Cloverfield Lane	Drama,Horror,Sci-Fi	2016
tt0115433	101_dalmations	101 Dalmatians	Adventure,Comedy,Crime	1996
tt0211181	102.dalmatians_tt0211181	102 Dalmatians	Adventure,Comedy,Family	2000
tt0114746	12_monkeys	12 Monkeys	Mystery,Sci-Fi,Thriller	1995
tt0050083	12.angry.men_tt0050083	12 Angry Men	Crime,Drama	1957
tt2024544	12.years.a.slav_tt2024544	12 Years a Slave	Biography,Drama,History	2013
tt1542344	127.hours_tt1542344	127 Hours	Biography,Drama	2010
tt0038279	13.rue.madelein_tt0038279	13 Rue Madeleine	Action,Adventure,Drama	1947
tt0450385	1408_tt0450385	1408	Fantasy,Horror,Mystery	2007
tt0068156	1776_tt0068156	1776	Drama,Family,History	1972
tt0322259	2_fast_2_furious_fs	2 Fast 2 Furious	Action,Crime,Thriller	2003
tt1272878	2.guns_tt1272878	2 Guns	Action,Comedy,Crime	2013
tt24082438	20.days.in.mari_tt24082438	20 Days in Mariupol	Documentary,War	2023
tt2396566	20.feet.from.st_tt2396566	20 Feet from Stardom	Biography,Documentary,History	2013
tt0046672	20000.leagues.u_tt0046672	20,000 Leagues Under the Sea	Adventure,Drama,Family	1954
tt0062622	2001.a.space.od_tt0062622	2001: A Space Odyssey	Adventure,Sci-Fi	1968
tt0086837	2010.the.year.w_tt0086837	2010: The Year We Make Contact	Adventure,Mystery,Sci-Fi	1984
tt1190080	2012m	2012	Action,Adventure,Sci-Fi	2009
tt1232829	21_jump_street	21 Jump Street	Action,Comedy,Crime	2012
tt0478087	21_tt0478087	21	Crime,Drama,Thriller	2008
tt2294449	22_jump_street	22 Jump Street	Action,Comedy,Crime	2014
tt0307901	25th.hour_tt0307901	25th Hour	Drama	2002
tt0988595	27.dresses_tt0988595	27 Dresses	Comedy,Romance	2008
tt10548174	28.years.later_tt10548174	28 Years Later	Horror,Sci-Fi,Thriller	2025
tt0103596	3.ninjas_tt0103596	3 Ninjas	Action,Comedy,Family	1992
tt0075612	3.women_tt0075612	3 Women	Drama,Mystery,Thriller	1977
tt1253863	300_rise_of_an_empire	300: Rise of an Empire	Action,Drama,Fantasy	2014
tt0381849	310.to.yuma_tt0381849	3:10 to Yuma	Action,Crime,Drama	2007
tt0058863	317th.platoon_tt0058863	The 317th Platoon	War	1965
tt0057809	36.hours_tt0057809	36 Hours	Thriller,War	1964
tt0423866	3iron_tt0423866	3-Iron	Crime,Drama,Romance	2004
tt0057071	4.for.texas_tt0057071	4 for Texas	Comedy,Western	1963
tt1032846	4.months.3.week_tt1032846	4 Months, 3 Weeks and 2 Days	Drama	2007
tt0405422	40_year_old_virgin	The 40-Year-Old Virgin	Comedy,Romance	2005
tt0057069	40.pounds.of.tr_tt0057069	40 Pounds of Trouble	Comedy	1962
tt0053198	400.blows_tt0053198	The 400 Blows	Crime,Drama	1959
tt0453562	42_tt0453562	42	Biography,Drama,Sport	2013
tt0024034	42nd.street_tt0024034	42nd Street	Comedy,Drama,Musical	1933
tt0083511	48_hours	48 Hrs.	Action,Comedy,Crime	1982
tt0343660	50_first_dates	50 First Dates	Comedy,Drama,Romance	2004
tt0056800	55.days.at.peki_tt0056800	55 Days at Peking	Action,Adventure,Drama	1963
tt2614684	71_tt2614684	71	Action,Crime,Drama	2014
tt0397313	8_below	Eight Below	Adventure,Drama,Family	2006
tt0298203	8_mile	8 Mile	Drama,Music	2002
tt0056801	8_tt0056801	8½	Drama	1963
tt6359956	a.bad.moms.chri_tt6359956	A Bad Moms Christmas	Comedy	2017
tt3224458	a.beautiful.day_tt3224458	A Beautiful Day in the Neighborhood	Biography,Drama,Family	2019
tt0064107	a.boy.named.cha_tt0064107	A Boy Named Charlie Brown	Animation,Comedy,Drama	1969
tt0075784	a.bridge.too.fa_tt0075784	A Bridge Too Far	Drama,History,War	1977
tt0103882	a.brief.history_tt0103882	A Brief History of Time	Biography,Documentary	1991
tt0120623	a.bugs.life_tt0120623	A Bug's Life	Adventure,Animation,Comedy	1998
tt0088915	a.chorus.line_tt0088915	A Chorus Line	Drama,Music,Musical	1985
tt1067106	a.christmas.car_tt1067106	A Christmas Carol	Adventure,Animation,Comedy	2009
tt0120633	a.civil.action_tt0120633	A Civil Action	Biography,Drama	1998
tt0066921	a.clockwork.ora_tt0066921	A Clockwork Orange	Crime,Sci-Fi	1971
tt0041259	a.connecticut.y_tt0041259	A Connecticut Yankee in King Arthur's Court	Comedy,Family,Fantasy	1949
tt0094924	a.cry.in.the.da_tt0094924	A Cry in the Dark	Biography,Drama	1988
tt0040271	a.date.with.jud_tt0040271	A Date with Judy	Comedy,Musical,Romance	1948
tt0028772	a.day.at.the.ra_tt0028772	A Day at the Races	Comedy,Family,Musical	1937
tt0028445	a.day.in.the.co_tt0028445	A Day in the Country	Comedy,Drama,Romance	1936
tt1753383	a.dogs.purpose_tt1753383	A Dog's Purpose	Adventure,Comedy,Drama	2017
tt0050379	a.farewell.to.a_tt0050379	A Farewell to Arms	Drama,Romance,War	1957
tt0040367	a.foreign.affai_tt0040367	A Foreign Affair	Comedy,Drama,Romance	1948
tt0060438	a.funny.thing.h_tt0060438	A Funny Thing Happened on the Way to the Forum	Comedy,Musical	1966
tt0113198	a.goofy.movie_tt0113198	A Goofy Movie	Adventure,Animation,Comedy	1995
tt0473488	a.guide.to.reco_tt0473488	A Guide to Recognizing Your Saints	Crime,Drama	2006
tt0035959	a.guy.named.joe_tt0035959	A Guy Named Joe	Drama,Fantasy,Romance	1943
tt0058182	a.hard.days.nig_tt0058182	A Hard Day's Night	Comedy,Musical	1964
tt0399146	a.history.of.vi_tt0399146	A History of Violence	Action,Crime,Drama	2005
tt0052896	a.hole.in.the.h_tt0052896	A Hole in the Head	Comedy,Drama	1959
tt0056141	a.kind.of.lovin_tt0056141	A Kind of Loving	Drama,Romance	1962
tt0183790	a.knights.tale_tt0183790	A Knight's Tale	Action,Adventure,Drama	2001
tt0036092	a.lady.takes.a._tt0036092	A Lady Takes a Chance	Comedy,Romance,Western	1943
tt0041587	a.letter.to.thr_tt0041587	A Letter to Three Wives	Comedy,Drama,Romance	1949
tt0113670	a.little.prince_tt0113670	A Little Princess	Drama,Family,Fantasy	1995
tt0110399	a.low.down.dirt_tt0110399	A Low Down Dirty Shame	Action,Comedy,Crime	1994
tt7054636	a.madea.family._tt7054636	A Madea Family Funeral	Comedy,Drama	2019
tt0055124	a.majority.of.o_tt0055124	A Majority of One	Comedy,Drama,Family	1961
tt0066049	a.man.called.ho_tt0066049	A Man Called Horse	Adventure,Drama,Western	1970
tt7405458	a.man.called.ot_tt7405458	A Man Called Otto	Comedy,Drama	2022
tt0048337	a.man.called.pe_tt0048337	A Man Called Peter	Biography,Drama,Family	1955
tt0049902	a.man.escaped_tt0049902	A Man Escaped	Drama,Thriller,War	1956
tt0060665	a.man.for.all.s_tt0060665	A Man for All Seasons	Biography,Drama,History	1966
tt0038733	a.matter.of.lif_tt0038733	A Matter of Life and Death	Drama,Fantasy,Romance	1946
tt0026714	a.midsummer.nig_tt0026714	A Midsummer Night's Dream	Comedy,Fantasy,Romance	1935
tt0057360	a.new.kind.of.l_tt0057360	A New Kind of Love	Comedy,Romance	1963
tt0026778	a.night.at.the._tt0026778	A Night at the Opera	Comedy,Music,Musical	1935
tt0077548	a.night.full.of_tt0077548	A Night Full of Rain	Drama,Romance	1978
tt0087800	a.nightmare.on._tt0087800	A Nightmare on Elm Street	Horror	1984
tt0097981	a.nightmare.on._tt0097981	A Nightmare on Elm Street: The Dream Child	Fantasy,Horror	1989
tt1179056	a.nightmare.on._tt1179056	A Nightmare on Elm Street	Crime,Drama,Horror	2010
tt0022599	a.nous.la.libert_tt0022599	À Nous la Liberté	Comedy,Musical	1931
tt0087892	a.passage.to.in_tt0087892	A Passage to India	Adventure,Drama,History	1984
tt0059573	a.patch.of.blue_tt0059573	A Patch of Blue	Drama,Romance	1965
tt0076543	a.piece.of.the._tt0076543	A Piece of the Action	Comedy,Crime	1977
tt0043924	a.place.in.the._tt0043924	A Place in the Sun	Drama,Romance	1951
tt1235166	a.prophet_tt1235166	A Prophet	Crime,Drama	2009
tt8332922	a.quiet.place.p_tt8332922	A Quiet Place Part II	Drama,Horror,Sci-Fi	2020
tt0055353	a.raisin.in.the_tt0055353	A Raisin in the Sun	Drama	1961
tt0105265	a.river.runs.th_tt0105265	A River Runs Through It	Drama	1992
tt0091867	a.room.with.a.v_tt0091867	A Room with a View	Drama,Romance	1985
tt1276419	a.royal.affair_tt1276419	A Royal Affair	Biography,Drama,History	2012
tt1832382	a.separation_tt1832382	A Separation	Drama	2011
tt1019452	a.serious.man_tt1019452	A Serious Man	Comedy,Drama	2009
tt0058586	a.shot.in.the.d_tt0058586	A Shot in the Dark	Comedy,Crime,Mystery	1964
tt0088146	a.soldiers.stor_tt0088146	A Soldier's Story	Crime,Drama,Mystery	1984
tt0038104	a.song.to.remem_tt0038104	A Song to Remember	Biography,Drama,Music	1945
tt0076085	a.special.day_tt0076085	A Special Day	Drama	1977
tt0075265	a.star.is.born_tt0075265	A Star Is Born	Drama,Music,Romance	1976
tt0044081	a.streetcar.nam_tt0044081	A Streetcar Named Desire	Drama	1951
tt0053320	a.summer.place_tt0053320	A Summer Place	Drama,Romance	1959
tt0088318	a.sunday.in.the_tt0088318	A Sunday in the Country	Drama	1984
tt0027075	a.tale.of.two.c_tt0027075	A Tale of Two Cities	Drama,History,Romance	1935
tt0055506	a.taste.of.hone_tt0055506	A Taste of Honey	Drama	1961
tt0117891	a.thin.line.bet_tt0117891	A Thin Line Between Love and Hate	Comedy,Crime,Drama	1996
tt0070819	a.touch.of.clas_tt0070819	A Touch of Class	Comedy,Romance	1973
tt0064451	a.touch.of.zen_tt0064451	A Touch of Zen	Action,Adventure,Drama	1971
tt0049871	a.town.like.ali_tt0049871	A Town Like Alice	Drama,Romance,War	1956
tt0038190	a.tree.grows.in_tt0038190	A Tree Grows in Brooklyn	Drama,Family,Romance	1945
tt0344510	a.very.long.eng_tt0344510	A Very Long Engagement	Drama,Mystery,Romance	2004
tt0056668	a.view.from.the_tt0056668	A View from the Bridge	Drama	1962
tt0114887	a.walk.in.the.c_tt0114887	A Walk in the Clouds	Drama,Romance	1995
tt0038235	a.walk.in.the.s_tt0038235	A Walk in the Sun	Drama,War	1945
tt0055572	a.woman.is.a.wo_tt0055572	A Woman Is a Woman	Comedy,Drama,Romance	1961
tt0072417	a.woman.under.t_tt0072417	A Woman Under the Influence	Drama,Romance	1974
tt0096464	a.world.apart_tt0096464	A World Apart	Drama	1988
tt1620680	a.wrinkle.in.ti_tt1620680	A Wrinkle in Time	Adventure,Drama,Family	2018
tt0030989	a.yank.at.oxfor_tt0030989	A Yank at Oxford	Drama,Romance,Sport	1938
tt0034405	a.yank.in.the.r_tt0034405	A Yank in the RAF	Action,Adventure,Drama	1941
tt0032181	abe.lincoln.in._tt0032181	Abe Lincoln in Illinois	Biography,Drama,History	1940
tt6324278	abominable_tt6324278	Abominable	Adventure,Animation,Comedy	2019
tt0090583	about.last.nigh_tt0090583	About Last Night	Comedy,Drama,Romance	1986
tt0257360	about.schmidt_tt0257360	About Schmidt	Drama	2002
tt0044324	above.and.beyon_tt0044324	Above and Beyond	Biography,Drama,War	1952
tt0081974	absence_of_malice	Absence of Malice	Drama,Romance,Thriller	1981
tt0118548	absolute.power_tt0118548	Absolute Power	Action,Crime,Drama	1997
tt0096754	abyss	The Abyss	Adventure,Drama,Mystery	1989
tt0061328	accident_tt0061328	Accident	Drama	1967
tt0094606	accidental.tour_tt0094606	The Accidental Tourist	Comedy,Drama,Romance	1988
tt2140479	accountant_tt2140479	The Accountant	Action,Crime,Drama	2016
tt7068946	accountant.2_tt7068946	The Accountant 2	Action,Crime,Drama	2025
tt0040071	accused_tt0040071	The Accused	Drama,Film-Noir,Romance	1949
tt0094608	accused_tt0094608	The Accused	Crime,Drama	1988
tt0109040	ace_ventura	Ace Ventura: Pet Detective	Comedy	1994
tt0112281	ace.ventura.when.nature.calls_tt0112281	Ace Ventura: When Nature Calls	Adventure,Comedy,Crime	1995
tt0075627	aces.high_tt0075627	Aces High	Action,Drama,War	1976
tt0068168	across.110th.st_tt0068168	Across 110th Street	Action,Crime,Drama	1972
tt0034428	across.the.paci_tt0034428	Across the Pacific	Action,Adventure,Drama	1942
tt2375605	act.of.killing_tt2375605	The Act of Killing	Biography,Crime,Documentary	2012
tt1591479	act.of.valor_tt1591479	Act of Valor	Action,Adventure,Thriller	2012
tt0035608	action.in.the.n_tt0035608	Action in the North Atlantic	Drama,War	1943
tt0013817	adams.rib_tt0013817	Adam's Rib	Drama	1923
tt0268126	adaptation._tt0268126	Adaptation.	Comedy,Drama	2002
tt0101272	addams_family	The Addams Family	Comedy,Fantasy	1991
tt1620981	addams.family_tt1620981	The Addams Family	Animation,Comedy,Family	2019
tt11125620	addams.family.2_tt11125620	The Addams Family 2	Adventure,Animation,Comedy	2021
tt0106220	addams.family.v_tt0106220	Addams Family Values	Comedy,Fantasy	1993
tt0112288	addiction_tt0112288	The Addiction	Drama,Horror	1995
tt1091722	adventureland_tt1091722	Adventureland	Comedy,Drama,Romance	2009
tt0065374	adventurers_tt0065374	The Adventurers	Action,Adventure,Drama	1970
tt0092513	adventures.in.b_tt0092513	Adventures in Babysitting	Adventure,Comedy,Crime	1987
tt0029842	adventures.of.m_tt0029842	The Adventures of Marco Polo	Adventure,Biography,Drama	1938
tt0109045	adventures.of.p_tt0109045	The Adventures of Priscilla, Queen of the Desert	Comedy,Music	1994
tt0072610	adventures.of.t_tt0072610	The Adventures of the Wilderness Family	Adventure,Drama,Family	1975
tt0983193	adventures.of.t_tt0983193	The Adventures of Tintin	Action,Adventure,Animation	2011
tt0055728	advise..consent_tt0055728	Advise & Consent	Drama,Thriller	1962
tt0044331	affair.in.trini_tt0044331	Affair in Trinidad	Crime,Drama,Film-Noir	1952
tt0118564	affliction_tt0118564	Affliction	Drama,Mystery,Thriller	1997
tt0043265	african.queen_tt0043265	The African Queen	Adventure,Drama,Romance	1951
tt0088680	after.hours_tt0088680	After Hours	Comedy,Crime,Drama	1985
tt0060200	after.the.fox_tt0060200	After the Fox	Comedy,Crime	1966
tt0027260	after.the.thin._tt0027260	After the Thin Man	Comedy,Crime,Mystery	1936
tt0086859	against.all.odd_tt0086859	Against All Odds	Action,Adventure,Crime	1984
tt0106226	age.of.innocenc_tt0106226	The Age of Innocence	Drama,Romance	1993
tt0088683	agnes.of.god_tt0088683	Agnes of God	Drama,Mystery	1985
tt0058886	agony.and.the.e_tt0058886	The Agony and the Ecstasy	Biography,Drama,History	1965
tt0068182	aguirre.the.wra_tt0068182	Aguirre, the Wrath of God	Action,Adventure,Biography	1972
tt0118571	air_force_one_fs	Air Force One	Action,Crime,Drama	1997
tt0099005	air.america_tt0099005	Air America	Action,Comedy,War	1990
tt0035616	air.force_tt0035616	Air Force	Action,Drama,History	1943
tt16419074	air.jordan_tt16419074	Air	Drama,Sport	2023
tt0080339	airplane_tt0080339	Airplane!	Comedy	1980
tt0083530	airplane.ii.the_tt0083530	Airplane II: The Sequel	Comedy,Sci-Fi	1982
tt0065377	airport_tt0065377	Airport	Action,Drama,Thriller	1970
tt0071110	airport.1975_tt0071110	Airport 1975	Action,Drama,Thriller	1974
tt0075648	airport.77_tt0075648	Airport '77	Action,Drama,Thriller	1977
tt6139732	aladdin	Aladdin	Adventure,Comedy,Family	2019
tt0103639	aladdin_tt0103639	Aladdin	Adventure,Animation,Comedy	1992
tt0053580	alamo_tt0053580	The Alamo	Adventure,Drama,History	1960
tt0050109	albert.schweitz_tt0050109	Albert Schweitzer	Biography,Documentary,History	1957
tt1698641	alexander.and.t_tt1698641	Alexander and the Terrible, Horrible, No Good, Very Bad Day	Comedy,Drama,Family	2014
tt0048937	alexander.the.g_tt0048937	Alexander the Great	Biography,Drama,History	1956
tt0029852	alexanders.ragt_tt0029852	Alexander's Ragtime Band	Drama,Music,Musical	1938
tt0060086	alfie_tt0060086	Alfie	Comedy,Drama	1966
tt0029855	algiers_tt0029855	Algiers	Drama,Mystery,Romance	1938
tt0071141	ali.fear.eats.t_tt0071141	Ali: Fear Eats the Soul	Drama,Romance	1974
tt0022619	alias.the.docto_tt0022619	Alias the Doctor	Drama	1932
tt1014759	alice_in_wonderland	Alice in Wonderland	Adventure,Family,Fantasy	2010
tt0071115	alice.doesnt.li_tt0071115	Alice Doesn't Live Here Anymore	Drama,Romance	1974
tt0043274	alice.in.wonder_tt0043274	Alice in Wonderland	Adventure,Animation,Comedy	1951
tt2567026	alice.through.t_tt2567026	Alice Through the Looking Glass	Adventure,Family,Fantasy	2016
tt0064002	alices.restaura_tt0064002	Alice's Restaurant	Comedy,Drama,Music	1969
tt0090605	alien_2	Aliens	Action,Adventure,Horror	1986
tt0103644	alien_3	Alien³	Action,Horror,Sci-Fi	1992
tt0078748	alien_tt0078748	Alien	Horror,Sci-Fi	1979
tt18412256	alien._tt18412256	Alien: Romulus	Horror,Sci-Fi,Thriller	2024
tt2316204	alien.covenant_tt2316204	Alien: Covenant	Horror,Sci-Fi,Thriller	2017
tt0094631	alien.nation_tt0094631	Alien Nation	Action,Sci-Fi	1988
tt0118583	alien.resurrect_tt0118583	Alien: Resurrection	Action,Horror,Sci-Fi	1997
tt0370263	alien.vs..preda_tt0370263	Alien vs. Predator	Action,Adventure,Horror	2004
tt0437086	alita.battle.an_tt0437086	Alita: Battle Angel	Action,Adventure,Sci-Fi	2019
tt0106246	alive_tt0106246	Alive	Biography,Drama,Thriller	1993
tt0086873	all_of_me_fs	All of Me	Comedy,Fantasy,Romance	1984
tt0042192	all.about.eve_tt0042192	All About Eve	Drama	1950
tt0185125	all.about.my.mo_tt0185125	All About My Mother	Comedy,Drama,Romance	1999
tt0054615	all.in.a.nights_tt0054615	All in a Night's Work	Comedy,Romance	1961
tt0082001	all.night.long_tt0082001	All Night Long	Comedy,Drama,Romance	1981
tt21192142	all.of.us.stran_tt21192142	All of Us Strangers	Drama,Romance	2023
tt1016150	all.quiet.on.th_tt1016150	All Quiet on the Western Front	Drama,History,War	2022
tt0047811	all.that.heaven_tt0047811	All That Heaven Allows	Drama,Romance	1955
tt0078754	all.that.jazz_tt0078754	All That Jazz	Drama,Music,Musical	1979
tt21374850	all.the.beauty._tt21374850	All the Beauty and the Bloodshed	Biography,Documentary,History	2022
tt0041113	all.the.kings.m_tt0041113	All the King's Men	Drama,Film-Noir	1949
tt0074119	all.the.preside_tt0074119	All the President's Men	Drama,History,Thriller	1976
tt0299458	all.the.real.gi_tt0299458	All the Real Girls	Drama,Romance	2003
tt0085154	all.the.right.m_tt0085154	All the Right Moves	Drama,Romance,Sport	1983
tt32086077	all.we.imagine._tt32086077	All We Imagine as Light	Drama,Romance	2024
tt3410834	allegiant_tt3410834	The Divergent Series: Allegiant	Action,Adventure,Fantasy	2016
tt0181875	almost.famous_tt0181875	Almost Famous	Adventure,Comedy,Drama	2000
tt0343135	along_came_polly_fs	Along Came Polly	Comedy,Romance	2004
tt0164334	along.came.a.sp_tt0164334	Along Came a Spider	Crime,Drama,Mystery	2001
tt0037508	along.came.jone_tt0037508	Along Came Jones	Comedy,Romance,Western	1945
tt0058898	alphaville_tt0058898	Alphaville	Comedy,Drama,Mystery	1965
tt0080360	altered_states	Altered States	Horror,Sci-Fi,Thriller	1980
tt0952640	alvin.and.the.c_tt0952640	Alvin and the Chipmunks	Adventure,Animation,Comedy	2007
tt1231580	alvin.and.the.c_tt1231580	Alvin and the Chipmunks: The Squeakquel	Adventure,Animation,Comedy	2009
tt1615918	alvin.and.the.c_tt1615918	Alvin and the Chipmunks: Chipwrecked	Adventure,Animation,Comedy	2011
tt0096794	always_tt0096794	Always	Drama,Fantasy,Romance	1989
tt0086879	amadeus_tt0086879	Amadeus	Biography,Drama,Music	1984
tt0948470	amazing_spiderman	The Amazing Spider-Man	Action,Sci-Fi	2012
tt1872181	amazing_spiderman_2	The Amazing Spider-Man 2	Action,Adventure,Sci-Fi	2014
tt0029864	amazing.dr..cli_tt0029864	The Amazing Dr. Clitterhouse	Crime,Drama	1938
tt4998632	ambulance_tt4998632	Ambulance	Action,Crime,Drama	2022
tt0056825	america.america_tt0056825	America America	Adventure,Drama	1963
tt0169547	american_beauty	American Beauty	Drama	1999
tt0765429	american_gangster	American Gangster	Biography,Crime,Drama	2007
tt0080365	american_gigolo	American Gigolo	Crime,Drama,Mystery	1980
tt0163651	american_pie	American Pie	Comedy	1999
tt2179136	american_sniper	American Sniper	Action,Biography,Drama	2014
tt0328828	american_wedding	American Wedding	Comedy	2003
tt0082010	american_werewolf_in_london	An American Werewolf in London	Comedy,Horror	1981
tt0069704	american.graffi_tt0069704	American Graffiti	Comedy,Drama	1973
tt1800241	american.hustle_tt1800241	American Hustle	Crime,Drama	2013
tt0252866	american.pie.2_tt0252866	American Pie 2	Comedy	2001
tt0112346	american.presid_tt0112346	The American President	Comedy,Drama,Romance	1995
tt0144084	american.psycho_tt0144084	American Psycho	Comedy,Crime,Drama	2000
tt1605630	american.reunio_tt1605630	American Reunion	Comedy	2012
tt0305206	american.splend_tt0305206	American Splendor	Biography,Comedy,Drama	2003
tt0057840	americanization_tt0057840	The Americanization of Emily	Comedy,Drama,Romance	1964
tt0265029	americas_sweethearts	America's Sweethearts	Comedy,Romance	2001
tt0118607	amistad_tt0118607	Amistad	Biography,Drama,History	1997
tt0078767	amityville.horr_tt0078767	The Amityville Horror	Horror	1979
tt0384806	amityville.horr_tt0384806	The Amityville Horror	Horror	2005
tt0211915	amlie_tt0211915	Amélie	Comedy,Romance	2001
tt1602620	amour_tt1602620	Amour	Drama	2012
tt2870648	amy_tt2870648	Amy	Biography,Documentary,Music	2015
tt0050105	an.affair.to.re_tt0050105	An Affair to Remember	Drama,Romance	1957
tt0043278	an.american.in._tt0043278	An American in Paris	Drama,Musical,Romance	1951
tt0090633	an.american.tai_tt0090633	An American Tail	Adventure,Animation,Comedy	1986
tt0021607	an.american.tra_tt0021607	An American Tragedy	Crime,Drama,Romance	1931
tt0056444	an.autumn.after_tt0056444	An Autumn Afternoon	Drama	1962
tt1174732	an.education_tt1174732	An Education	Drama	2009
tt0497116	an.inconvenient_tt0497116	An Inconvenient Truth	Documentary	2006
tt0078444	an.unmarried.wo_tt0078444	An Unmarried Woman	Comedy,Drama,Romance	1978
tt0118615	anaconda	Anaconda	Action,Adventure,Horror	1997
tt0122933	analyze_this	Analyze This	Comedy,Crime	1999
tt0048947	anastasia_tt0048947	Anastasia	Biography,Drama,History	1956
tt0118617	anastasia_tt0118617	Anastasia	Adventure,Animation,Drama	1997
tt17009710	anatomy.of.a.fa_tt17009710	Anatomy of a Fall	Crime,Drama,Mystery	2023
tt0052561	anatomy.of.a.mu_tt0052561	Anatomy of a Murder	Drama,Mystery	1959
tt0357413	anchorman_fs	Anchorman: The Legend of Ron Burgundy	Comedy	2004
tt1229340	anchorman.2.the_tt1229340	Anchorman 2: The Legend Continues	Comedy	2013
tt0037514	anchors.aweigh_tt0037514	Anchors Aweigh	Comedy,Fantasy,Musical	1945
tt0078718	and.justice.for_tt0078718	And Justice for All	Crime,Drama,Thriller	1979
tt0066767	anderson.tapes_tt0066767	The Anderson Tapes	Action,Crime,Thriller	1971
tt0060107	andrei.rublev_tt0060107	Andrei Rublev	Biography,Drama,History	1966
tt0066769	andromeda.strai_tt0066769	The Andromeda Strain	Mystery,Sci-Fi,Thriller	1971
tt0032206	andy.hardy.meet_tt0032206	Andy Hardy Meets Debutante	Comedy,Family,Romance	1940
tt6189022	angel.has.falle_tt6189022	Angel Has Fallen	Action,Thriller	2019
tt0808151	angels_and_demons	Angels & Demons	Mystery,Thriller	2009
tt0109127	angels.in.the.o_tt0109127	Angels in the Outfield	Comedy,Drama,Family	1994
tt0046714	angels.one.five_tt0046714	Angels One Five	Drama,War	1952
tt0305224	anger_management	Anger Management	Comedy	2003
tt1985949	angry.birds.mov_tt1985949	The Angry Birds Movie	Action,Adventure,Animation	2016
tt0255798	animal_tt0255798	The Animal	Comedy,Sci-Fi	2001
tt0022628	animal.kingdom_tt0022628	The Animal Kingdom	Comedy,Drama,Romance	1932
tt0038303	anna.and.the.ki_tt0038303	Anna and the King of Siam	Biography,Drama,Romance	1946
tt0020641	anna.christie_tt0020641	Anna Christie	Drama,Romance	1930
tt0026071	anna.karenina_tt0026071	Anna Karenina	Drama,Romance	1935
tt1781769	anna.karenina_tt1781769	Anna Karenina	Drama,Romance	2012
tt3322940	annabelle_tt3322940	Annabelle	Horror,Mystery,Thriller	2014
tt8350360	annabelle.comes_tt8350360	Annabelle Comes Home	Horror,Mystery,Thriller	2019
tt5140878	annabelle.creat_tt5140878	Annabelle: Creation	Horror,Mystery,Thriller	2017
tt0064030	anne.of.the.tho_tt0064030	Anne of the Thousand Days	Biography,Drama,History	1969
tt0083564	annie_fs	Annie	Comedy,Drama,Family	1982
tt0042200	annie.get.your._tt0042200	Annie Get Your Gun	Comedy,Musical,Romance	1950
tt0075686	annie.hall_tt0075686	Annie Hall	Comedy,Romance	1977
tt2401878	anomalisa_tt2401878	Anomalisa	Animation,Comedy,Drama	2015
tt28607951	anora_tt28607951	Anora	Comedy,Drama,Romance	2024
tt0099044	another_48_hrs	Another 48 Hrs.	Action,Comedy,Crime	1990
tt10288566	another.round_tt10288566	Another Round	Comedy,Drama	2020
tt0031047	another.thin.ma_tt0031047	Another Thin Man	Comedy,Crime,Mystery	1939
tt5095030	ant_man_and_the_wasp	Ant-Man and the Wasp	Action,Adventure,Comedy	2018
tt0027300	anthony.adverse_tt0027300	Anthony Adverse	Adventure,Drama,Romance	1936
tt0478970	antman	Ant-Man	Action,Comedy,Sci-Fi	2015
tt10954600	antman.quantumania_tt10954600	Ant-Man and the Wasp: Quantumania	Action,Adventure,Comedy	2023
tt0112379	antonias.line_tt0112379	Antonia's Line	Comedy,Drama	1995
tt0120587	antz_tt0120587	Antz	Adventure,Animation,Comedy	1998
tt0080377	any_which_way_you_can	Any Which Way You Can	Action,Comedy	1980
tt0041127	any.number.can._tt0041127	Any Number Can Play	Drama,Romance	1949
tt26047818	anyone.but.you_tt26047818	Anyone But You	Comedy,Romance	2023
tt0048954	anything.goes_tt0048954	Anything Goes	Musical,Romance	1956
tt0046719	apache_tt0046719	Apache	Action,Adventure,Drama	1954
tt0048956	aparajito_tt0048956	Aparajito	Drama	1956
tt0053604	apartment_tt0053604	The Apartment	Comedy,Drama,Romance	1960
tt0078788	apocalypse.now_tt0078788	Apocalypse Now	Drama,Mystery,War	1979
tt0472043	apocalypto_tt0472043	Apocalypto	Action,Adventure,Drama	2006
tt0112384	apollo13	Apollo 13	Adventure,Drama,History	1995
tt0072653	apple.dumpling._tt0072653	The Apple Dumpling Gang	Comedy,Family,Western	1975
tt0044370	april.in.paris_tt0044370	April in Paris	Comedy,Musical,Romance	1952
tt1477834	aquaman	Aquaman	Action,Adventure,Fantasy	2018
tt9663764	aquaman.and.the_tt9663764	Aquaman and the Lost Kingdom	Action,Adventure,Fantasy	2023
tt0060121	arabesque_tt0060121	Arabesque	Action,Adventure,Comedy	1966
tt0071502	arabian.nights_tt0071502	Arabian Nights	Comedy,Drama,Fantasy	1974
tt0099052	arachnophobia	Arachnophobia	Comedy,Horror,Thriller	1990
tt0368578	are_we_there_yet	Are We There Yet?	Adventure,Comedy,Family	2005
tt0422774	are.we.done.yet_tt0422774	Are We Done Yet?	Comedy,Family	2007
tt1024648	argo	Argo	Biography,Drama,History	2012
tt0032220	arise.my.love_tt0032220	Arise, My Love	Comedy,Drama,Romance	1940
tt0120591	armageddon	Armageddon	Action,Adventure,Sci-Fi	1998
tt0064040	army.of.shadows_tt0064040	Army of Shadows	Drama,War	1969
tt2543164	arrival	Arrival	Drama,Mystery,Sci-Fi	2016
tt0021622	arrowsmith_tt0021622	Arrowsmith	Drama	1931
tt0019649	arsenal_tt0019649	Arsenal	Drama,War	1929
tt0036613	arsenic.and.old_tt0036613	Arsenic and Old Lace	Comedy,Crime,Thriller	1944
tt0022639	arsne.lupin_tt0022639	Arsène Lupin	Crime,Mystery,Romance	1932
tt0082031	arthur_full	Arthur	Comedy,Romance	1981
tt1430607	arthur.christma_tt1430607	Arthur Christmas	Adventure,Animation,Comedy	2011
tt0212720	artificial_intelligence_fs	A.I. Artificial Intelligence	Adventure,Drama,Sci-Fi	2001
tt1655442	artist_tt1655442	The Artist	Comedy,Drama,Romance	2011
tt0028587	artist.and.mode_tt0028587	Artist and Models	Comedy,Musical	1937
tt0119822	as_good_as_it_gets_fs	As Good as It Gets	Comedy,Drama,Romance	1997
tt0075404	ascent_tt0075404	The Ascent	Drama,War	1977
tt0042208	asphalt.jungle_tt0042208	The Asphalt Jungle	Crime,Drama,Film-Noir	1950
tt3508840	assassin_tt3508840	The Assassin	Action,Drama,History	2015
tt0074156	assault.on.prec_tt0074156	Assault on Precinct 13	Action,Crime,Thriller	1976
tt0042209	at.war.with.the_tt0042209	At War with the Army	Comedy,Musical,War	1950
tt0429493	ateam_tt0429493	The A-Team	Action,Adventure,Crime	2010
tt0080388	atlantic.city_tt0080388	Atlantic City	Crime,Drama,Romance	1980
tt0230011	atlantis.the.lo_tt0230011	Atlantis: The Lost Empire	Action,Adventure,Animation	2001
tt0783233	atonement_tt0783233	Atonement	Drama,Mystery,Romance	2007
tt0048966	attack_tt0048966	Attack	Action,Drama,War	1956
tt0060138	au.hasard.balth_tt0060138	Au hasard Balthazar	Drama	1966
tt0051383	auntie.mame_tt0051383	Auntie Mame	Comedy,Drama,Romance	1958
tt0118655	austin.powers.i_tt0118655	Austin Powers: International Man of Mystery	Adventure,Comedy	1997
tt0145660	austin.powers.t_tt0145660	Austin Powers: The Spy Who Shagged Me	Action,Adventure,Comedy	1999
tt0077711	autumn.sonata_tt0077711	Autumn Sonata	Drama,Music	1978
tt0099073	avalon_tt0099073	Avalon	Drama	1990
tt0068240	avanti_tt0068240	Avanti!	Comedy,Romance	1972
tt0499549	avatar	Avatar	Action,Adventure,Fantasy	2009
tt1630029	avatar.the.way._tt1630029	Avatar: The Way of Water	Action,Adventure,Fantasy	2022
tt0848228	avengers	The Avengers	Action,Sci-Fi	2012
tt2395427	avengers_age_of_ultron	Avengers: Age of Ultron	Action,Adventure,Sci-Fi	2015
tt4154796	avengers_endgame	Avengers: Endgame	Action,Adventure,Sci-Fi	2019
tt4154756	avengers_infinity_war	Avengers: Infinity War	Action,Adventure,Sci-Fi	2018
tt0338751	aviator	The Aviator	Biography,Drama	2004
tt0080402	awakening_tt0080402	The Awakening	Horror	1980
tt0099077	awakenings	Awakenings	Biography,Drama	1990
tt0048971	away.all.boats_tt0048971	Away All Boats	Drama,War	1956
tt0028597	awful.truth_tt0028597	The Awful Truth	Comedy,Romance	1937
tt0367790	baadasssss_tt0367790	Baadasssss!	Biography,Drama	2003
tt0112431	babe	Babe	Comedy,Drama,Family	1995
tt0449467	babel_tt0449467	Babel	Drama	2006
tt0031066	babes.in.arms_tt0031066	Babes in Arms	Comedy,Musical	1939
tt0054649	babes.in.toylan_tt0054649	Babes in Toyland	Comedy,Family,Fantasy	1961
tt0034485	babes.on.broadw_tt0034485	Babes on Broadway	Comedy,Family,Musical	1941
tt0092603	babettes.feast_tt0092603	Babette's Feast	Drama	1987
tt3890160	baby_driver	Baby Driver	Action,Crime,Drama	2017
tt0092605	baby.boom_tt0092605	Baby Boom	Comedy,Drama,Romance	1987
tt0048973	baby.doll_tt0048973	Baby Doll	Comedy,Drama	1956
tt0871426	baby.mama_tt0871426	Baby Mama	Comedy,Romance	2008
tt0086927	bachelor_party	Bachelor Party	Comedy	1984
tt0039169	bachelor.and.th_tt0039169	The Bachelor and the Bobby-Soxer	Comedy,Romance	1947
tt0031067	bachelor.mother_tt0031067	Bachelor Mother	Comedy,Romance	1939
tt0090685	back_to_school	Back to School	Comedy,Romance,Sport	1986
tt0096874	back_to_the_future_2_fs	Back to the Future Part II	Adventure,Comedy,Sci-Fi	1989
tt0099088	back_to_the_future_3_fs	Back to the Future Part III	Adventure,Comedy,Sci-Fi	1990
tt0088763	back_to_the_future_fs	Back to the Future	Adventure,Comedy,Sci-Fi	1985
tt0033365	back.street_tt0033365	Back Street	Drama,Romance	1941
tt0054653	back.street_tt0054653	Back Street	Drama,Romance	1961
tt0101393	backdraft	Backdraft	Action,Drama,Mystery	1991
tt0082042	backroads	Back Roads	Adventure,Comedy,Romance	1981
tt0112442	bad_boys	Bad Boys	Action,Comedy,Crime	1995
tt0172156	bad_boys_2	Bad Boys II	Action,Comedy,Crime	2003
tt1502397	bad_boys_for_life	Bad Boys for Life	Action,Comedy,Crime	2020
tt4651520	bad_moms	Bad Moms	Comedy	2016
tt1284575	bad_teacher	Bad Teacher	Comedy,Romance	2011
tt0044391	bad.and.the.bea_tt0044391	The Bad and the Beautiful	Drama,Romance	1952
tt4919268	bad.boys.4_tt4919268	Bad Boys: Ride or Die	Action,Adventure,Comedy	2024
tt0047849	bad.day.at.blac_tt0047849	Bad Day at Black Rock	Crime,Drama,Mystery	1955
tt0021635	bad.girl_tt0021635	Bad Girl	Drama,Romance	1931
tt8115900	bad.guys_tt8115900	The Bad Guys	Adventure,Animation,Comedy	2022
tt30017619	bad.guys.2_tt30017619	The Bad Guys 2	Action,Adventure,Animation	2025
tt0074174	bad.news.bears_tt0074174	The Bad News Bears	Comedy,Drama,Family	1976
tt0075718	bad.news.bears._tt0075718	The Bad News Bears in Breaking Training	Comedy,Family,Sport	1977
tt0048977	bad.seed_tt0048977	The Bad Seed	Drama,Horror,Thriller	1956
tt0069762	badlands_tt0069762	Badlands	Action,Crime,Drama	1973
tt0030127	bakers.wife_tt0030127	The Baker's Wife	Comedy,Drama	1938
tt0031074	balalaika_tt0031074	Balalaika	Musical,Romance	1939
tt0033373	ball.of.fire_tt0033373	Ball of Fire	Comedy,Romance	1941
tt0052600	ballad.of.a.sol_tt0052600	Ballad of a Soldier	Drama,Romance,War	1959
tt0236008	ballad.of.rambl_tt0236008	The Ballad of Ramblin' Jack	Biography,Documentary,Music	2000
tt1153690	ballast_tt1153690	Ballast	Drama	2008
tt7181546	ballerina_tt7181546	Ballerina	Action,Thriller	2025
tt0034492	bambi_tt0034492	Bambi	Adventure,Animation,Drama	1942
tt0066808	bananas_tt0066808	Bananas	Comedy	1971
tt0050166	band.of.angels_tt0050166	Band of Angels	Adventure,Drama,Western	1957
tt0045537	band.wagon_tt0045537	The Band Wagon	Comedy,Musical,Romance	1953
tt0038326	bandit.of.sherw_tt0038326	The Bandit of Sherwood Forest	Action,Adventure,Family	1946
tt11813216	banshees.of.ini_tt11813216	The Banshees of Inisherin	Comedy,Drama	2022
tt0055774	barabbas_tt0055774	Barabbas	Biography,Drama,History	1961
tt0062711	barbarella_tt0062711	Barbarella	Action,Adventure,Fantasy	1968
tt0338135	barbarian.invas_tt0338135	The Barbarian Invasions	Comedy,Crime,Drama	2003
tt0026097	barbary.coast_tt0026097	Barbary Coast	Adventure,Drama,Romance	1935
tt0303714	barbershop_tt0303714	Barbershop	Comedy,Drama	2002
tt0337579	barbershop.2.ba_tt0337579	Barbershop 2: Back in Business	Comedy,Drama	2004
tt1517268	barbie_tt1517268	Barbie	Adventure,Comedy,Fantasy	2023
tt0046754	barefoot.contes_tt0046754	The Barefoot Contessa	Crime,Drama,Mystery	1954
tt0061385	barefoot.in.the_tt0061385	Barefoot in the Park	Comedy,Romance	1967
tt0041158	barkleys.of.bro_tt0041158	The Barkleys of Broadway	Comedy,Musical	1949
tt0414853	barnyard_tt0414853	Barnyard	Adventure,Animation,Comedy	2006
tt0024865	barretts.of.wim_tt0024865	The Barretts of Wimpole Street	Biography,Drama,Romance	1934
tt0072684	barry.lyndon_tt0072684	Barry Lyndon	Adventure,Drama,War	1975
tt0101410	barton.fink_tt0101410	Barton Fink	Comedy,Drama,Thriller	1991
tt0103772	basic_instinct	Basic Instinct	Drama,Mystery,Romance	1992
tt0035664	bataan_tt0035664	Bataan	Drama,History,War	1943
tt0096895	batman	Batman	Action,Adventure	1989
tt0118688	batman_and_robin	Batman & Robin	Action,Sci-Fi	1997
tt0372784	batman_begins	Batman Begins	Action,Crime,Drama	2005
tt0112462	batman_forever	Batman Forever	Action,Adventure	1995
tt0103776	batman_returns	Batman Returns	Action,Crime,Fantasy	1992
tt1877830	batman_tt1877830	The Batman	Action,Crime,Drama	2022
tt2975590	batman_vs_superman	Batman v Superman: Dawn of Justice	Action,Adventure,Sci-Fi	2016
tt0080436	battle.creek.br_tt0080436	Battle Creek Brawl	Action,Comedy,Crime	1980
tt0047860	battle.cry_tt0047860	Battle Cry	Drama,Romance,War	1955
tt0050171	battle.hymn_tt0050171	Battle Hymn	Biography,Drama,War	1957
tt1217613	battle.los.ange_tt1217613	Battle Los Angeles	Action,Adventure,Sci-Fi	2011
tt0058946	battle.of.algie_tt0058946	The Battle of Algiers	Drama,War	1966
tt0064072	battle.of.brita_tt0064072	Battle of Britain	Action,Drama,History	1969
tt0036629	battle.of.russi_tt0036629	The Battle of Russia	Documentary,History,War	1943
tt0058947	battle.of.the.b_tt0058947	Battle of the Bulge	Drama,History,War	1965
tt0041163	battleground_tt0041163	Battleground	Action,Drama,History	1949
tt1440129	battleship_tt1440129	Battleship	Action,Adventure,Sci-Fi	2012
tt0015648	battleship.potemkin_tt0015648	Battleship Potemkin	Drama,History,Thriller	1925
tt1469304	baywatch_tt1469304	Baywatch	Action,Comedy,Crime	2017
tt0443649	bc_10000	10,000 BC	Action,Adventure,Drama	2008
tt0377471	be.cool_tt0377471	Be Cool	Comedy,Crime,Music	2005
tt0030933	beachcomber_tt0030933	The Beachcomber	Drama	1938
tt0094715	beaches	Beaches	Comedy,Drama,Music	1988
tt0118689	bean_tt0118689	Bean	Adventure,Comedy,Family	1997
tt0095800	bear_tt0095800	The Bear	Adventure,Drama,Family	1988
tt0045546	beast.from.2000_tt0045546	The Beast from 20,000 Fathoms	Horror,Sci-Fi	1953
tt2125435	beasts.of.the.s_tt2125435	Beasts of the Southern Wild	Adventure,Drama,Fantasy	2012
tt0411270	beat.that.my.he_tt0411270	The Beat That My Heart Skipped	Crime,Drama,Music	2005
tt0031088	beau.geste_tt0031088	Beau Geste	Action,Adventure,Drama	1939
tt0209933	beau.travail_tt0209933	Beau Travail	Drama,War	1999
tt0758732	beaufort_tt0758732	Beaufort	Action,Drama,War	2007
tt0268978	beautiful_mind	A Beautiful Mind	Biography,Drama,Mystery	2001
tt0430916	beautiful.loser_tt0430916	Beautiful Losers	Documentary,Music	2008
tt2771200	beauty_and_the_beast	Beauty and the Beast	Adventure,Family,Fantasy	2017
tt0101414	beauty.and.the._tt0101414	Beauty and the Beast	Animation,Family,Fantasy	1991
tt0115641	beavis.and.butt_tt0115641	Beavis and Butt-Head Do America	Adventure,Animation,Comedy	1996
tt0044402	because.youre.m_tt0044402	Because You're Mine	Comedy,Musical	1952
tt0057877	becket_tt0057877	Becket	Biography,Drama,History	1964
tt0066817	bedknobs.and.br_tt0066817	Bedknobs and Broomsticks	Adventure,Animation,Comedy	1971
tt0389790	bee.movie_tt0389790	Bee Movie	Adventure,Animation,Comedy	2007
tt15314262	beekeeper_tt15314262	The Beekeeper	Action,Crime,Thriller	2024
tt0103786	beethoven_tt0103786	Beethoven	Comedy,Drama,Family	1992
tt0106375	beethovens.2nd_tt0106375	Beethoven's 2nd	Comedy,Family,Romance	1993
tt0094721	beetlejuice	Beetlejuice	Comedy,Fantasy	1988
tt2049403	beetlejuice.2_tt2049403	Beetlejuice Beetlejuice	Comedy,Fantasy,Horror	2024
tt0112471	before.sunrise_tt0112471	Before Sunrise	Comedy,Drama,Romance	1995
tt0381681	before.sunset_tt0381681	Before Sunset	Drama,Romance	2004
tt0292963	before.the.devi_tt0292963	Before the Devil Knows You're Dead	Crime,Drama,Thriller	2007
tt0110882	before.the.rain_tt0110882	Before the Rain	Drama,Romance,War	1994
tt0291003	behind.the.sun_tt0291003	Behind the Sun	Drama	2001
tt0057879	behold.a.pale.h_tt0057879	Behold a Pale Horse	Drama,War	1964
tt0120601	being.john.malk_tt0120601	Being John Malkovich	Comedy,Drama,Fantasy	1999
tt0078841	being.there_tt0078841	Being There	Comedy,Drama	1979
tt12789558	belfast_tt12789558	Belfast	Biography,Drama	2021
tt0051406	bell.book.and.c_tt0051406	Bell Book and Candle	Comedy,Fantasy,Romance	1958
tt0103791	belle.epoque_tt0103791	Belle Epoque	Comedy,Drama,Romance	1992
tt0024873	belle.of.the.ni_tt0024873	Belle of the Nineties	Comedy,Drama,Musical	1934
tt0053645	bells.are.ringi_tt0053645	Bells Are Ringing	Comedy,Musical,Romance	1960
tt0037536	bells.of.st..ma_tt0037536	The Bells of St. Mary's	Drama	1945
tt0437863	benchwarmers_tt0437863	The Benchwarmers	Comedy,Sport	2006
tt0286499	bend.it.like.be_tt0286499	Bend It Like Beckham	Comedy,Drama,Romance	2002
tt0044413	bend.of.the.riv_tt0044413	Bend of the River	Action,Adventure,Drama	1952
tt0065462	beneath.the.pla_tt0065462	Beneath the Planet of the Apes	Action,Adventure,Sci-Fi	1970
tt0052618	benhur_tt0052618	Ben-Hur	Adventure,Drama	1959
tt0071206	benji_tt0071206	Benji	Adventure,Family,Romance	1974
tt0047873	benny.goodman.s_tt0047873	The Benny Goodman Story	Biography,Drama,Music	1956
tt0442933	beowulf_tt0442933	Beowulf	Action,Adventure,Animation	2007
tt0099121	berkeley.in.the_tt0099121	Berkeley in the Sixties	Documentary,History	1990
tt0083642	best_little_whorehouse_in_texas	The Best Little Whorehouse in Texas	Comedy,Musical	1982
tt2347285	best.christmas._tt2347285	The Best Christmas Pageant Ever	Adventure,Comedy,Drama	2024
tt0086955	best.defense_tt0086955	Best Defense	Comedy,War	1984
tt0083641	best.friends_tt0083641	Best Friends	Comedy,Drama,Romance	1982
tt0218839	best.in.show_tt0218839	Best in Show	Comedy	2000
tt0036868	best.years.of.o_tt0036868	The Best Years of Our Lives	Drama,Romance,War	1946
tt0094731	betrayed_tt0094731	Betrayed	Crime,Drama,Thriller	1988
tt0077228	betsy_tt0077228	The Betsy	Drama	1978
tt0090563	betty.blue_tt0090563	Betty Blue	Drama,Romance	1986
tt1014775	beverly_hills_chihuahua	Beverly Hills Chihuahua	Adventure,Comedy,Drama	2008
tt0086960	beverly_hills_cop	Beverly Hills Cop	Action,Comedy,Crime	1984
tt0092644	beverly_hills_cop_2	Beverly Hills Cop II	Action,Comedy,Crime	1987
tt0109254	beverly.hills.c_tt0109254	Beverly Hills Cop III	Action,Comedy,Crime	1994
tt0374536	bewitched_tt0374536	Bewitched	Comedy,Fantasy,Romance	2005
tt0126214	beyond.bengal_tt0126214	Beyond Bengal	Adventure,Thriller	1934
tt0116692	beyond.silence_tt0116692	Beyond Silence	Drama,Music	1996
tt0071212	beyond.the.door_tt0071212	Beyond the Door	Horror	1974
tt0065466	beyond.the.vall_tt0065466	Beyond the Valley of the Dolls	Comedy,Drama,Music	1970
tt0049007	bhowani.junctio_tt0049007	Bhowani Junction	Adventure,Drama,History	1956
tt0060164	bible.in.the.be_tt0060164	The Bible in the Beginning...	Drama,Family	1966
tt0040522	bicycle.thieves_tt0040522	Bicycle Thieves	Drama	1948
tt0094737	big	Big	Comedy,Drama,Fantasy	1988
tt0094739	big_business	Big Business	Comedy	1988
tt0085244	big_chill	The Big Chill	Comedy,Drama	1983
tt0142342	big_daddy	Big Daddy	Comedy,Drama	1999
tt0259446	big_fat_greek_wedding_fs	My Big Fat Greek Wedding	Comedy,Drama,Romance	2002
tt0208003	big_mammas_house	Big Momma's House	Action,Comedy,Crime	2000
tt0052626	big.circus_tt0052626	The Big Circus	Drama,Romance	1959
tt0057277	big.city_tt0057277	The Big City	Drama	1963
tt0040160	big.clock_tt0040160	The Big Clock	Crime,Drama,Film-Noir	1948
tt0051411	big.country_tt0051411	The Big Country	Drama,Romance,Western	1958
tt0319061	big.fish_tt0319061	Big Fish	Adventure,Drama,Fantasy	2003
tt2245084	big.hero.6_tt2245084	Big Hero 6	Action,Adventure,Animation	2014
tt0047880	big.knife_tt0047880	The Big Knife	Crime,Drama,Film-Noir	1955
tt0118715	big.lebowski_tt0118715	The Big Lebowski	Comedy,Crime	1998
tt0421729	big.mommas.hous_tt0421729	Big Momma's House 2	Comedy,Crime	2006
tt1596363	big.short_tt1596363	The Big Short	Biography,Comedy,Drama	2015
tt0038355	big.sleep_tt0038355	The Big Sleep	Crime,Drama,Film-Noir	1946
tt0101452	bill..teds.bogu_tt0101452	Bill & Ted's Bogus Journey	Adventure,Comedy,Fantasy	1991
tt0096928	bill..teds.exce_tt0096928	Bill & Ted's Excellent Adventure	Adventure,Comedy,Music	1989
tt0055796	billy.budd_tt0055796	Billy Budd	Adventure,Drama,War	1962
tt0249462	billy.elliot_tt0249462	Billy Elliot	Drama,Music	2000
tt0066832	billy.jack_tt0066832	Billy Jack	Action,Drama	1971
tt0033392	billy.the.kid.i_tt0033392	Billy the Kid in Santa Fe	Drama,Western	1941
tt0094746	biloxi_blues	Biloxi Blues	Comedy,Drama	1988
tt0074207	bingo.long.trav_tt0074207	The Bingo Long Traveling All-Stars & Motor Kings	Comedy,Sport	1976
tt0099141	bird_on_a_wire	Bird on a Wire	Action,Comedy,Crime	1990
tt0094747	bird_tt0094747	Bird	Biography,Drama,Music	1988
tt0065143	bird.with.the.c_tt0065143	The Bird with the Crystal Plumage	Drama,Horror,Mystery	1970
tt0115685	birdcage	The Birdcage	Comedy	1996
tt0055798	birdman.of.alca_tt0055798	Birdman of Alcatraz	Biography,Crime,Drama	1962
tt2562232	birdman.or.the._tt2562232	Birdman or (The Unexpected Virtue of Ignorance)	Comedy,Drama	2014
tt7713068	birds_of_prey	Birds of Prey and the Fantabulous Emancipation of One Harley Quinn	Action,Comedy,Crime	2020
tt0056869	birds_tt0056869	The Birds	Drama,Horror,Mystery	1963
tt0086969	birdy_tt0086969	Birdy	Drama,War	1984
tt0033396	birth.of.the.bl_tt0033396	Birth of the Blues	History,Music,Romance	1941
tt0039190	bishops.wife_tt0039190	The Bishop's Wife	Comedy,Drama,Fantasy	1947
tt0072705	bite.the.bullet_tt0072705	Bite the Bullet	Action,Adventure,Drama	1975
tt0050126	bitter.victory_tt0050126	Bitter Victory	Drama,War	1957
tt0265086	black_hawk_down	Black Hawk Down	Action,Drama,History	2001
tt1825683	black_panther	Black Panther	Action,Adventure,Sci-Fi	2018
tt6443346	black.adam_tt6443346	Black Adam	Action,Adventure,Fantasy	2022
tt0088814	black.cauldron_tt0088814	The Black Cauldron	Action,Adventure,Animation	1985
tt1355683	black.mass_tt1355683	Black Mass	Biography,Crime,Drama	2015
tt0039192	black.narcissus_tt0039192	Black Narcissus	Drama	1947
tt0052631	black.orchid_tt0052631	The Black Orchid	Drama,Romance	1958
tt0053146	black.orpheus_tt0053146	Black Orpheus	Drama,Musical,Romance	1959
tt9114286	black.panther.w_tt9114286	Black Panther: Wakanda Forever	Action,Adventure,Drama	2022
tt7144666	black.phone_tt7144666	The Black Phone	Horror,Mystery,Thriller	2021
tt29644189	black.phone.2_tt29644189	Black Phone 2	Horror	2025
tt0096933	black.rain_tt0096933	Black Rain	Action,Crime,Drama	1989
tt0042256	black.rose_tt0042256	The Black Rose	Adventure,History,Romance	1950
tt0115697	black.sheep_tt0115697	Black Sheep	Comedy	1996
tt0075765	black.sunday_tt0075765	Black Sunday	Adventure,Crime,Drama	1977
tt0034522	black.swan_tt0034522	The Black Swan	Adventure,Drama	1942
tt0947798	black.swan_tt0947798	Black Swan	Drama,Thriller	2010
tt0090738	black.widow_tt0090738	Black Widow	Crime,Drama,Mystery	1987
tt3480822	black.widow_tt3480822	Black Widow	Action,Adventure,Sci-Fi	2021
tt0047885	blackboard.jung_tt0047885	Blackboard Jungle	Crime,Drama	1955
tt7349662	blackkklansman_tt7349662	BlacKkKlansman	Biography,Comedy,Crime	2018
tt0118734	blackout_tt0118734	The Blackout	Drama,Mystery,Thriller	1997
tt0068284	blacula_tt0068284	Blacula	Fantasy,Horror,Romance	1972
tt0120611	blade	Blade	Action,Horror,Sci-Fi	1998
tt0187738	blade.ii_tt0187738	Blade II	Action,Horror,Sci-Fi	2002
tt0083658	blade.runner_tt0083658	Blade Runner	Action,Drama,Sci-Fi	1982
tt1856101	blade.runner.20_tt1856101	Blade Runner 2049	Action,Drama,Mystery	2017
tt0445934	blades_of_glory	Blades of Glory	Comedy,Sport	2007
tt0185937	blair_witch_fs	The Blair Witch Project	Horror,Mystery	1999
tt0109287	blank.check_tt0109287	Blank Check	Comedy,Crime,Family	1994
tt0071230	blazing.saddles_tt0071230	Blazing Saddles	Comedy,Western	1974
tt0092666	blind_date	Blind Date	Comedy,Romance	1987
tt0878804	blind_side	The Blind Side	Biography,Drama,Sport	2009
tt2531344	blockers_tt2531344	Blockers	Comedy,Drama	2018
tt0069803	blockhouse_tt0069803	The Blockhouse	Drama,War	1973
tt0022698	blonde.venus_tt0022698	Blonde Venus	Drama	1932
tt0022700	blondie.of.the._tt0022700	Blondie of the Follies	Comedy,Musical	1932
tt0033405	blood.and.sand_tt0033405	Blood and Sand	Drama,Romance,Sport	1941
tt0021331	blood.of.a.poet_tt0021331	The Blood of a Poet	Fantasy	1932
tt0086979	blood.simple_tt0086979	Blood Simple	Crime,Drama,Thriller	1984
tt1634106	bloodshot_tt1634106	Bloodshot	Action,Adventure,Sci-Fi	2020
tt0033407	blossoms.in.the_tt0033407	Blossoms in the Dust	Biography,Drama,Romance	1941
tt0221027	blow_tt0221027	Blow	Biography,Crime,Drama	2001
tt0109303	blown.away_tt0109303	Blown Away	Action,Crime,Drama	1994
tt0060176	blowup_tt0060176	Blow-Up	Drama,Mystery,Thriller	1966
tt0085255	blue_thunder	Blue Thunder	Action,Crime,Drama	1983
tt9362930	blue.beetle_tt9362930	Blue Beetle	Action,Adventure,Sci-Fi	2023
tt0032264	blue.bird_tt0032264	The Blue Bird	Adventure,Family,Fantasy	1940
tt0077248	blue.collar_tt0077248	Blue Collar	Crime,Drama	1978
tt0038369	blue.dahlia_tt0038369	The Blue Dahlia	Crime,Drama,Film-Noir	1946
tt2278871	blue.is.the.war_tt2278871	Blue Is the Warmest Colour	Drama,Romance	2013
tt0080453	blue.lagoon_tt0080453	The Blue Lagoon	Adventure,Drama,Romance	1980
tt0022694	blue.light_tt0022694	The Blue Light	Drama,Fantasy,Mystery	1932
tt0060177	blue.max_tt0060177	The Blue Max	Action,Drama,Romance	1966
tt32536315	blue.moon_tt32536315	Blue Moon	Biography,Comedy,Drama	2025
tt0038370	blue.skies_tt0038370	Blue Skies	Comedy,Musical,Romance	1946
tt0181316	blue.streak_tt0181316	Blue Streak	Action,Comedy,Crime	1999
tt0090756	blue.velvet_tt0090756	Blue Velvet	Crime,Drama,Mystery	1986
tt0146496	blue.water.whit_tt0146496	Blue Water, White Death	Documentary	1971
tt0029929	bluebeards.eigh_tt0029929	Bluebeard's Eighth Wife	Comedy,Romance	1938
tt0080455	blues_brothers	The Blues Brothers	Adventure,Comedy,Crime	1980
tt0065482	boatniks_tt0065482	The Boatniks	Comedy,Family	1970
tt0064100	bob..carol..ted_tt0064100	Bob & Carol & Ted & Alice	Comedy,Drama,Romance	1969
tt0308055	bobby_tt0308055	Bobby	Biography,Drama,History	2006
tt0075774	bobby.deerfield_tt0075774	Bobby Deerfield	Drama,Romance	1977
tt7466442	bobs.burgers.mo_tt7466442	The Bob's Burgers Movie	Adventure,Animation,Comedy	2022
tt0082089	body_heat	Body Heat	Crime,Drama,Romance	1981
tt0039204	body.and.soul_tt0039204	Body and Soul	Drama,Film-Noir,Sport	1947
tt0103855	bodyguard	The Bodyguard	Drama,Music,Romance	1992
tt1727824	bohemian_rhapsody	Bohemian Rhapsody	Biography,Drama,Music	2018
tt0397892	bolt_tt0397892	Bolt	Adventure,Animation,Comedy	2008
tt0023825	bombshell_tt0023825	Bombshell	Comedy,Drama,Mystery	1933
tt6394270	bombshell_tt6394270	Bombshell	Biography,Drama	2019
tt0055807	bon.voyage_tt0055807	Bon Voyage!	Adventure,Comedy,Drama	1962
tt0068306	bone_tt0068306	Bone	Comedy,Drama,Thriller	1972
tt0145681	bone.collector_tt0145681	The Bone Collector	Crime,Drama,Mystery	1999
tt0051429	bonjour.tristes_tt0051429	Bonjour Tristesse	Drama,Romance	1958
tt0061418	bonnie.and.clyd_tt0061418	Bonnie and Clyde	Action,Biography,Crime	1967
tt5325452	boo.a.madea.hal_tt5325452	Boo! A Madea Halloween	Comedy,Drama,Horror	2016
tt0118749	boogie.nights_tt0118749	Boogie Nights	Drama	1997
tt1037705	book_of_eli	The Book of Eli	Action,Adventure,Drama	2010
tt6857166	book.club_tt6857166	Book Club	Comedy,Drama,Romance	2018
tt0032273	boom.town_tt0032273	Boom Town	Adventure,Drama,Romance	1940
tt0103859	boomerang	Boomerang	Comedy,Drama,Romance	1992
tt0039208	boomerang_tt0039208	Boomerang!	Crime,Drama,Film-Noir	1947
tt0144117	boondock.saints_tt0144117	The Boondock Saints	Action,Crime,Thriller	1999
tt0443453	borat	Borat	Comedy	2006
tt0096969	born_on_the_fourth_of_july	Born on the Fourth of July	Biography,Drama,War	1989
tt0060182	born.free_tt0060182	Born Free	Adventure,Biography,Drama	1966
tt0085267	born.in.flames_tt0085267	Born in Flames	Drama,Sci-Fi	1983
tt0042276	born.yesterday_tt0042276	Born Yesterday	Comedy,Drama,Romance	1950
tt2702724	boss_tt2702724	The Boss	Comedy	2016
tt3874544	boss.baby_tt3874544	The Boss Baby	Adventure,Animation,Comedy	2017
tt6932874	boss.baby.2.fam_tt6932874	The Boss Baby: Family Business	Adventure,Animation,Comedy	2021
tt0115734	bottle.rocket_tt0115734	Bottle Rocket	Comedy,Crime,Drama	1996
tt0115736	bound_tt0115736	Bound	Crime,Thriller	1996
tt0074235	bound.for.glory_tt0074235	Bound for Glory	Biography,Drama,Music	1976
tt1038919	bounty.hunter_tt1038919	The Bounty Hunter	Action,Comedy,Romance	2010
tt0258463	bourne_identity	The Bourne Identity	Action,Mystery,Thriller	2002
tt1194173	bourne_legacy	The Bourne Legacy	Action,Adventure,Thriller	2012
tt0372183	bourne_supremacy	The Bourne Supremacy	Action,Mystery,Thriller	2004
tt0440963	bourne_ultimatum	The Bourne Ultimatum	Action,Mystery,Thriller	2007
tt0131325	bowfinger_tt0131325	Bowfinger	Comedy	1999
tt0310793	bowling.for.col_tt0310793	Bowling for Columbine	Crime,Documentary,Drama	2002
tt0118760	boxer_tt0118760	The Boxer	Drama,Romance,Sport	1997
tt0066858	boy.friend_tt0066858	The Boy Friend	Comedy,Musical,Romance	1971
tt0050208	boy.on.a.dolphi_tt0050208	Boy on a Dolphin	Adventure,Drama,Romance	1957
tt1065073	boyhood_tt1065073	Boyhood	Drama	2014
tt0171804	boys.dont.cry_tt0171804	Boys Don't Cry	Biography,Crime,Drama	1999
tt0077269	boys.from.brazi_tt0077269	The Boys from Brazil	Drama,Mystery,Sci-Fi	1978
tt0065488	boys.in.the.ban_tt0065488	The Boys in the Band	Drama	1970
tt0055809	boys.night.out_tt0055809	Boys' Night Out	Comedy	1962
tt0029942	boys.town_tt0029942	Boys Town	Biography,Drama,Family	1938
tt0101507	boyz_n_the_hood	Boyz n the Hood	Crime,Drama	1991
tt0112572	brady.bunch.mov_tt0112572	The Brady Bunch Movie	Comedy	1995
tt9173418	brahms.the.boy._tt9173418	Brahms: The Boy II	Drama,Horror,Mystery	2020
tt0051433	bravados_tt0051433	The Bravados	Drama,Western	1958
tt0118768	brave_tt0118768	The Brave	Drama	1997
tt1217209	brave_tt1217209	Brave	Action,Adventure,Animation	2012
tt0112573	braveheart	Braveheart	Biography,Drama,War	1995
tt0088846	brazil_tt0088846	Brazil	Drama,Sci-Fi,Thriller	1985
tt3901826	breadwinner_tt3901826	The Breadwinner	Animation,Drama,War	2017
tt0118771	breakdown_tt0118771	Breakdown	Action,Crime,Drama	1997
tt0080310	breaker.morant_tt0080310	Breaker Morant	Drama,History,War	1980
tt0088847	breakfast_club	The Breakfast Club	Comedy,Drama	1985
tt0054698	breakfast.at.ti_tt0054698	Breakfast at Tiffany's	Comedy,Drama,Romance	1961
tt0086998	breakin_fs	Breakin'	Comedy,Drama,Music	1984
tt0078902	breaking.away_tt0078902	Breaking Away	Comedy,Drama,Sport	1979
tt0115751	breaking.the.wa_tt0115751	Breaking the Waves	Drama	1996
tt0072737	breakout_tt0072737	Breakout	Action,Adventure,Drama	1975
tt0452594	breakup	The Break-Up	Comedy,Drama,Romance	2006
tt0053472	breathless_tt0053472	Breathless	Crime,Drama	1960
tt0085276	breathless_tt0085276	Breathless	Action,Drama,Romance	1983
tt0088850	brewsters_millions	Brewster's Millions	Comedy	1985
tt0033432	bride.came.c.o._tt0033432	The Bride Came C.O.D.	Comedy,Romance	1941
tt0040187	bride.goes.wild_tt0040187	The Bride Goes Wild	Comedy,Romance	1948
tt0027395	bride.walks.out_tt0027395	The Bride Walks Out	Comedy,Romance	1936
tt1478338	bridesmaids	Bridesmaids	Comedy	2011
tt0052654	bridge_tt0052654	The Bridge	Drama,History,War	1959
tt3682448	bridge.of.spies_tt3682448	Bridge of Spies	Drama,History,Thriller	2015
tt0050212	bridge.on.the.r_tt0050212	The Bridge on the River Kwai	Adventure,Drama,War	1957
tt0112579	bridges_of_madison_county	The Bridges of Madison County	Drama,Romance	1995
tt0046806	bridges.at.toko_tt0046806	The Bridges at Toko-Ri	Drama,Romance,War	1954
tt0243155	bridget.joness._tt0243155	Bridget Jones's Diary	Comedy,Drama,Romance	2001
tt0037558	brief.encounter_tt0037558	Brief Encounter	Drama,Romance	1945
tt0046807	brigadoon_tt0046807	Brigadoon	Fantasy,Musical,Romance	1954
tt0024914	bright.eyes_tt0024914	Bright Eyes	Comedy,Drama,Family	1934
tt0043361	bright.victory_tt0043361	Bright Victory	Drama,Romance,War	1951
tt0101985	brighter.summer.day_tt0101985	A Brighter Summer Day	Crime,Drama,Romance	1991
tt0023843	bring.em.back.a_tt0023843	Bring 'Em Back Alive	Adventure,Documentary	1932
tt0204946	bring.it.on_tt0204946	Bring It On	Comedy,Romance,Sport	2000
tt0305669	bringing_down_the_house_fs	Bringing Down the House	Comedy	2003
tt0029947	bringing.up.bab_tt0029947	Bringing Up Baby	Comedy	1938
tt0024915	british.agent_tt0024915	British Agent	Drama,History,Romance	1934
tt0092699	broadcast.news_tt0092699	Broadcast News	Comedy,Drama,Romance	1987
tt0026144	broadway.melody_tt0026144	Broadway Melody of 1936	Comedy,Musical,Romance	1935
tt0028665	broadway.melody_tt0028665	Broadway Melody of 1938	Musical,Romance	1937
tt0388795	brokeback.mount_tt0388795	Brokeback Mountain	Drama,Romance	2005
tt0115759	broken_arrow	Broken Arrow	Action,Adventure,Thriller	1996
tt0042286	broken.arrow_tt0042286	Broken Arrow	Drama,Romance,Western	1950
tt0023849	broken.dreams_tt0023849	Broken Dreams	Drama	1933
tt0913425	broken.embraces_tt0913425	Broken Embraces	Drama,Romance,Thriller	2009
tt0412019	broken.flowers_tt0412019	Broken Flowers	Comedy,Drama,Mystery	2005
tt0046808	broken.lance_tt0046808	Broken Lance	Adventure,Drama,Western	1954
tt0022725	broken.lullaby_tt0022725	Broken Lullaby	Drama	1932
tt0080472	bronco_billy	Bronco Billy	Action,Adventure,Comedy	1980
tt0328880	brother.bear_tt0328880	Brother Bear	Adventure,Animation,Comedy	2003
tt0072742	brother.can.you_tt0072742	Brother Can You Spare a Dime	Documentary	1975
tt0087004	brother.from.an_tt0087004	The Brother from Another Planet	Comedy,Sci-Fi	1984
tt0062760	brotherhood_tt0062760	The Brotherhood	Crime,Drama	1968
tt0051435	brothers.karama_tt0051435	The Brothers Karamazov	Drama,Romance	1958
tt0330099	brown.bunny_tt0330099	The Brown Bunny	Drama	2003
tt0080474	brubaker	Brubaker	Crime,Drama	1980
tt0315327	bruce_almighty	Bruce Almighty	Comedy,Fantasy	2003
tt0454792	bubble_tt0454792	Bubble	Crime,Drama,Mystery	2005
tt0029950	buccaneer_tt0029950	The Buccaneer	Adventure,Biography,Drama	1938
tt0068323	buck.and.the.pr_tt0068323	Buck and the Preacher	Adventure,Drama,Western	1972
tt0825232	bucket_list	The Bucket List	Adventure,Comedy,Drama	2007
tt0077280	buddy.holly_tt0077280	The Buddy Holly Story	Biography,Drama,Music	1978
tt0186508	buena.vista.soc_tt0186508	Buena Vista Social Club	Documentary,Music	1999
tt0118789	buffalo.66_tt0118789	Buffalo '66	Comedy,Drama,Romance	1998
tt0036677	buffalo.bill_tt0036677	Buffalo Bill	Drama,Western	1944
tt12300742	bugonia_tt12300742	Bugonia	Comedy,Crime,Sci-Fi	2025
tt0101516	bugsy_tt0101516	Bugsy	Biography,Crime,Drama	1991
tt0074256	bugsy.malone_tt0074256	Bugsy Malone	Comedy,Crime,Family	1976
tt0094812	bull_durham	Bull Durham	Comedy,Romance,Sport	1988
tt12593682	bullet.train_tt12593682	Bullet Train	Action,Comedy,Thriller	2022
tt0027407	bullets.or.ball_tt0027407	Bullets or Ballots	Crime,Drama,Film-Noir	1936
tt0062765	bullitt_tt0062765	Bullitt	Action,Crime,Thriller	1968
tt0118798	bulworth_tt0118798	Bulworth	Comedy,Drama,Romance	1998
tt4701182	bumblebee_tt4701182	Bumblebee	Action,Adventure,Sci-Fi	2018
tt0096734	burbs_tt0096734	The 'Burbs	Comedy,Mystery,Thriller	1989
tt0887883	burn.after.read_tt0887883	Burn After Reading	Comedy,Crime,Drama	2008
tt7282468	burning_tt7282468	Burning	Drama,Mystery,Thriller	2018
tt0111579	burnt.by.the.su_tt0111579	Burnt by the Sun	Drama,War	1994
tt0049038	bus.stop_tt0049038	Bus Stop	Comedy,Drama,Romance	1956
tt0082121	bustin_loose	Bustin' Loose	Comedy,Drama	1981
tt0179116	but.im.a.cheerl_tt0179116	But I'm a Cheerleader	Comedy,Drama,Romance	1999
tt0064115	butch.cassidy.a_tt0064115	Butch Cassidy and the Sundance Kid	Adventure,Biography,Crime	1969
tt1327773	butler	The Butler	Biography,Drama	2013
tt0053622	butterfield.8_tt0053622	BUtterfield 8	Drama,Romance	1960
tt0023860	by.candlelight_tt0023860	By Candlelight	Comedy,Music,Romance	1933
tt0045586	by.the.light.of_tt0045586	By the Light of the Silvery Moon	Comedy,Family,Musical	1953
tt0056891	bye.bye.birdie_tt0056891	Bye Bye Birdie	Comedy,Musical	1963
tt0068327	cabaret_tt0068327	Cabaret	Drama,Music,Musical	1972
tt0115798	cable_guy_fs	The Cable Guy	Comedy,Drama,Thriller	1996
tt0387898	cach.hidden_tt0387898	Caché	Drama,Mystery,Thriller	2005
tt0080487	caddyshack	Caddyshack	Comedy,Sport	1980
tt0099204	cadillac.man_tt0099204	Cadillac Man	Comedy,Crime	1990
tt0038390	caesar.and.cleo_tt0038390	Caesar and Cleopatra	Biography,Comedy,Drama	1945
tt0046816	caine.mutiny_tt0046816	The Caine Mutiny	Drama,War	1954
tt0045591	calamity.jane_tt0045591	Calamity Jane	Comedy,Musical,Romance	1953
tt0039235	calcutta_tt0039235	Calcutta	Action,Crime,Drama	1946
tt0071269	california.split_tt0071269	California Split	Comedy,Drama	1974
tt0077289	california.suit_tt0077289	California Suite	Comedy,Drama,Romance	1978
tt7504726	call_of_the_wild	The Call of the Wild	Adventure,Drama,Family	2020
tt5726616	call.me.by.your_tt5726616	Call Me by Your Name	Drama,Romance	2017
tt0045592	call.me.madam_tt0045592	Call Me Madam	Comedy,Musical,Romance	1953
tt0043370	call.me.mister_tt0043370	Call Me Mister	Musical,Romance	1951
tt0026164	call.of.the.wil_tt0026164	Call of the Wild	Adventure,Drama,Family	1935
tt0061439	camelot_tt0061439	Camelot	Adventure,Comedy,Drama	1967
tt0028683	camille_tt0028683	Camille	Drama,Romance	1936
tt1790886	campaign	The Campaign	Comedy	2012
tt0053690	cancan_tt0053690	Can-Can	Comedy,Musical	1960
tt9347730	candyman_tt9347730	Candyman	Horror,Thriller	2021
tt0082136	cannonball_run	The Cannonball Run	Action,Comedy,Sport	1981
tt0087032	cannonball.run._tt0087032	Cannonball Run II	Action,Comedy	1984
tt0131335	canoa.a.shamefu_tt0131335	Canoa: A Shameful Memory	Adventure,Crime,Drama	1976
tt0092718	cant.buy.me.lov_tt0092718	Can't Buy Me Love	Comedy,Drama,Romance	1987
tt0038395	canyon.passage_tt0038395	Canyon Passage	Drama,Western	1946
tt0101540	cape_fear	Cape Fear	Crime,Drama,Thriller	1991
tt0055824	cape.fear_tt0055824	Cape Fear	Drama,Thriller	1962
tt1232207	capitalism.a.lo_tt1232207	Capitalism: A Love Story	Crime,Documentary,History	2009
tt0379725	capote_tt0379725	Capote	Biography,Crime,Drama	2005
tt0458339	captain_america	Captain America: The First Avenger	Action,Adventure,Sci-Fi	2011
tt3498820	captain_america_civil_war	Captain America: Civil War	Action,Sci-Fi	2016
tt1843866	captain_america_winter_soldier	Captain America: The Winter Soldier	Action,Adventure,Sci-Fi	2014
tt4154664	captain_marvel	Captain Marvel	Action,Adventure,Sci-Fi	2019
tt1535109	captain_phillips	Captain Phillips	Action,Biography,Crime	2013
tt0026174	captain.blood_tt0026174	Captain Blood	Action,Adventure,History	1935
tt0039243	captain.from.ca_tt0039243	Captain from Castile	Adventure,Drama	1947
tt0043379	captain.horatio_tt0043379	Captain Horatio Hornblower	Action,Adventure,Drama	1951
tt0056903	captain.newman._tt0056903	Captain Newman, M.D.	Comedy,Drama,War	1963
tt2091256	captain.underpa_tt2091256	Captain Underpants: The First Epic Movie	Action,Adventure,Animation	2017
tt0028691	captains.courag_tt0028691	Captains Courageous	Adventure,Drama,Family	1937
tt0034578	captains.of.the_tt0034578	Captains of the Clouds	Action,Drama,War	1942
tt0342172	capturing.the.f_tt0342172	Capturing the Friedmans	Biography,Crime,Documentary	2003
tt0074281	car.wash_tt0074281	Car Wash	Comedy,Drama,Romance	1976
tt0027422	cardinal_tt0027422	The Cardinal	Drama,History	1936
tt0056907	cardinal_tt0056907	The Cardinal	Drama,History,War	1963
tt0088885	care.bears.movi_tt0088885	The Care Bears Movie	Adventure,Animation,Comedy	1985
tt0029971	carefree_tt0029971	Carefree	Comedy,Musical,Romance	1938
tt0106519	carlitos.way_tt0106519	Carlito's Way	Crime,Drama,Thriller	1993
tt1321865	carlos_tt1321865	Carlos	Biography,Crime,Drama	2010
tt0046828	carmen.jones_tt0046828	Carmen Jones	Drama,Musical,Romance	1954
tt0066892	carnal.knowledg_tt0066892	Carnal Knowledge	Comedy,Drama	1971
tt0055830	carnival.of.sou_tt0055830	Carnival of Souls	Horror,Mystery	1962
tt2402927	carol_tt2402927	Carol	Drama,Romance	2015
tt0049055	carousel_tt0049055	Carousel	Drama,Fantasy,Musical	1956
tt0057917	carpetbaggers_tt0057917	The Carpetbaggers	Drama,Romance	1964
tt0074285	carrie_tt0074285	Carrie	Horror	1976
tt0317219	cars_tt0317219	Cars	Adventure,Animation,Comedy	2006
tt1216475	cars.2_tt1216475	Cars 2	Adventure,Animation,Comedy	2011
tt3606752	cars.3_tt3606752	Cars 3	Adventure,Animation,Comedy	2017
tt4126304	cartel.land_tt4126304	Cartel Land	Documentary	2015
tt0034583	casablanca_tt0034583	Casablanca	Drama,Romance,War	1942
tt0036699	casanova.brown_tt0036699	Casanova Brown	Comedy,Drama,Romance	1944
tt0381061	casino_royale	Casino Royale	Action,Adventure,Thriller	2006
tt0112641	casino_tt0112641	Casino	Crime,Drama	1995
tt0061452	casino.royale_tt0061452	Casino Royale	Comedy	1967
tt0112642	casper	Casper	Comedy,Family,Fantasy	1995
tt0039250	cass.timberlane_tt0039250	Cass Timberlane	Drama,Romance	1947
tt0060218	cast.a.giant.sh_tt0060218	Cast a Giant Shadow	Adventure,Drama,History	1966
tt0162222	castaway	Cast Away	Adventure,Drama,Romance	2000
tt0059017	cat.ballou_tt0059017	Cat Ballou	Comedy,Western	1965
tt0312528	cat.in.the.hat_tt0312528	The Cat in the Hat	Adventure,Comedy,Family	2003
tt0051459	cat.on.a.hot.ti_tt0051459	Cat on a Hot Tin Roof	Drama	1958
tt0264464	catch.me.if.you_tt0264464	Catch Me If You Can	Biography,Crime,Drama	2002
tt0065528	catch22_tt0065528	Catch-22	Comedy,Drama,War	1970
tt0239395	cats_and_dogs	Cats & Dogs	Action,Adventure,Comedy	2001
tt5697572	cats_tt5697572	Cats	Comedy,Drama,Family	2019
tt0033455	caught.in.the.d_tt0033455	Caught in the Draft	Comedy	1941
tt0023876	cavalcade_tt0023876	Cavalcade	Drama,Romance,War	1933
tt0154420	celebration_tt0154420	The Celebration	Drama	1998
tt0209958	cell_tt0209958	The Cell	Crime,Horror,Sci-Fi	2000
tt1489889	central_intelligence	Central Intelligence	Action,Comedy,Crime	2016
tt0024963	chained_tt0024963	Chained	Drama,Romance	1934
tt0057933	chalk.garden_tt0057933	The Chalk Garden	Drama,Mystery	1964
tt16426418	challengers_tt16426418	Challengers	Comedy,Drama,Romance	2024
tt0021730	champ_tt0021730	The Champ	Drama,Family,Sport	1931
tt0078950	champ_tt0078950	The Champ	Drama,Sport	1979
tt0024965	change.of.heart_tt0024965	Change of Heart	Drama,Romance	1934
tt0824747	changeling_tt0824747	Changeling	Biography,Crime,Drama	2008
tt0264472	changing.lanes_tt0264472	Changing Lanes	Drama,Thriller	2002
tt0077318	chant.of.jimmie_tt0077318	The Chant of Jimmie Blacksmith	Biography,Crime,Drama	1978
tt0055841	chapman.report_tt0055841	The Chapman Report	Drama,Romance	1962
tt0056923	charade_tt0056923	Charade	Comedy,Mystery,Romance	1963
tt0027438	charge.of.the.l_tt0027438	The Charge of the Light Brigade	Action,Adventure,Romance	1936
tt0082158	chariots_of_fire	Chariots of Fire	Biography,Drama,Sport	1981
tt0033457	charleys.aunt_tt0033457	Charley's Aunt	Comedy,Romance	1941
tt0367594	charlie_and_the_chocolate_factory	Charlie and the Chocolate Factory	Adventure,Comedy,Family	2005
tt0160127	charlies_angels	Charlie's Angels	Action,Adventure,Comedy	2000
tt0305357	charlies.angels_tt0305357	Charlie's Angels: Full Throttle	Action,Adventure,Comedy	2003
tt0057935	charulata_tt0057935	The Lonely Wife	Drama,Romance	1964
tt0892255	che.part.one_tt0892255	Che: Part One	Biography,Drama,History	2008
tt0374569	che.part.two_tt0374569	Che: Part Two	Biography,Drama,History	2008
tt0077321	cheap.detective_tt0077321	The Cheap Detective	Comedy,Crime,Mystery	1978
tt0349205	cheaper_by_the_dozen	Cheaper by the Dozen	Comedy,Family	2003
tt0042327	cheaper.by.the._tt0042327	Cheaper by the Dozen	Comedy,Drama,Family	1950
tt0080520	cheech_and_chongs_next_movie	Cheech and Chong's Next Movie	Comedy,Crime	1980
tt0057940	cheyenne.autumn_tt0057940	Cheyenne Autumn	Drama,History,Western	1964
tt0299658	chicago	Chicago	Comedy,Crime,Musical	2002
tt0371606	chicken.little_tt0371606	Chicken Little	Adventure,Animation,Comedy	2005
tt0120630	chicken.run_tt0120630	Chicken Run	Adventure,Animation,Comedy	2000
tt2815902	childhood.of.a._tt2815902	The Childhood of a Leader	Drama	2015
tt0090830	children.of.a.l_tt0090830	Children of a Lesser God	Drama,Romance	1986
tt0206634	children.of.men_tt0206634	Children of Men	Drama,Sci-Fi,Thriller	2006
tt0037674	children.of.par_tt0037674	Children of Paradise	Drama,Romance	1945
tt0264476	children.underg_tt0264476	Children Underground	Documentary	2001
tt0094862	childs.play_tt0094862	Child's Play	Horror,Thriller	1988
tt0099253	childs.play.2_tt0099253	Child's Play 2	Horror,Thriller	1990
tt0035735	china_tt0035735	China	Drama,War	1943
tt0026205	china.seas_tt0026205	China Seas	Action,Adventure,Drama	1935
tt0078966	china.syndrome_tt0078966	The China Syndrome	Drama,Thriller	1979
tt0071315	chinatown_tt0071315	Chinatown	Drama,Mystery,Thriller	1974
tt0062803	chitty.chitty.b_tt0062803	Chitty Chitty Bang Bang	Adventure,Family,Fantasy	1968
tt0241303	chocolat_tt0241303	Chocolat	Drama,Romance	2000
tt0087054	choose.me_tt0087054	Choose Me	Comedy,Drama,Romance	1984
tt0372824	chorus_tt0372824	The Chorus	Drama,Music	2004
tt0097958	christmas_vacation	National Lampoon's Christmas Vacation	Comedy	1989
tt0037595	christmas.in.co_tt0037595	Christmas in Connecticut	Comedy,Romance	1945
tt0388419	christmas.with._tt0388419	Christmas with the Kranks	Comedy,Family	2004
tt4575576	christopher.rob_tt4575576	Christopher Robin	Adventure,Comedy,Drama	2018
tt1706593	chronicle_tt1706593	Chronicle	Adventure,Drama,Sci-Fi	2012
tt0499448	chronicles_of_narnia_prince_caspian	The Chronicles of Narnia: Prince Caspian	Action,Adventure,Family	2008
tt0980970	chronicles.of.n_tt0980970	The Chronicles of Narnia: The Voyage of the Dawn Treader	Adventure,Family,Fantasy	2010
tt0109424	chungking.expre_tt0109424	Chungking Express	Comedy,Crime,Drama	1994
tt0124315	cider.house.rul_tt0124315	The Cider House Rules	Drama,Romance	1999
tt0021746	cimarron_tt0021746	Cimarron	Drama,Western	1931
tt0059037	cincinnati.kid_tt0059037	The Cincinnati Kid	Drama	1965
tt1661199	cinderella	Cinderella	Adventure,Drama,Family	2015
tt0042332	cinderella_tt0042332	Cinderella	Animation,Family,Fantasy	1950
tt0069883	cinderella.libe_tt0069883	Cinderella Liberty	Drama,Romance	1973
tt0352248	cinderella.man_tt0352248	Cinderella Man	Biography,Drama,Romance	2005
tt0047939	cinerama.holida_tt0047939	Cinerama Holiday	Documentary	1955
tt0219592	cineramas.russi_tt0219592	Cinerama's Russian Adventure	Documentary	1966
tt0057952	circus.world_tt0057952	Circus World	Drama,Western	1964
tt0029995	citadel_tt0029995	The Citadel	Drama	1938
tt0033467	citizen.kane_tt0033467	Citizen Kane	Drama,Mystery	1941
tt4044364	citizenfour_tt4044364	Citizenfour	Biography,Documentary	2014
tt0120632	city_of_angels	City of Angels	Drama,Fantasy,Romance	1998
tt0101587	city_slickers	City Slickers	Comedy,Western	1991
tt0032342	city.for.conque_tt0032342	City for Conquest	Drama,Sport	1940
tt0087062	city.heat_tt0087062	City Heat	Action,Comedy,Crime	1984
tt0021749	city.ligihts_tt0021749	City Lights	Comedy,Drama,Romance	1931
tt0317248	city.of.god_tt0317248	City of God	Crime,Drama	2002
tt0109439	city.slickers.i_tt0109439	City Slickers II: The Legend of Curly's Gold	Comedy,Western	1994
tt0021750	city.streets_tt0021750	City Streets	Crime,Drama,Film-Noir	1931
tt17279496	civil.war_tt17279496	Civil War	Action,Thriller,War	2024
tt0065772	claires.knee_tt0065772	Claire's Knee	Drama,Romance	1970
tt0800320	clash_of_the_titans	Clash of the Titans	Action,Adventure,Fantasy	2010
tt0044502	clash.by.night_tt0044502	Clash by Night	Drama,Film-Noir,Romance	1952
tt0085346	class_tt0085346	Class	Comedy,Drama,Romance	1983
tt1068646	class_tt1068646	The Class	Drama	2008
tt0083739	class.of.1984_tt0083739	Class of 1984	Action,Crime,Drama	1982
tt0069888	class.of.44_tt0069888	Class of '44	Drama	1973
tt0071334	claudine_tt0071334	Claudine	Comedy,Drama,Romance	1974
tt0109444	clear_and_present_danger	Clear and Present Danger	Action,Crime,Drama	1994
tt0024991	cleopatra_tt0024991	Cleopatra	Biography,Drama,History	1934
tt0056937	cleopatra_tt0056937	Cleopatra	Biography,Drama,History	1963
tt0069890	cleopatra.jones_tt0069890	Cleopatra Jones	Action,Crime,Thriller	1973
tt0109445	clerks_tt0109445	Clerks	Comedy	1994
tt0389860	click	Click	Comedy,Drama,Fantasy	2006
tt0109446	client	The Client	Crime,Drama,Mystery	1994
tt0106582	cliffhanger	Cliffhanger	Action,Adventure,Thriller	1993
tt2397461	clifford.the.bi_tt2397461	Clifford the Big Red Dog	Adventure,Comedy,Family	2021
tt0055852	clo.from.5.to.7_tt0055852	Cléo from 5 to 7	Comedy,Drama,Music	1962
tt0038417	cloak.and.dagge_tt0038417	Cloak and Dagger	Adventure,Drama,Film-Noir	1946
tt0037604	clock_tt0037604	The Clock	Comedy,Drama,Romance	1945
tt0075860	close.encounters_tt0075860	Close Encounters of the Third Kind	Drama,Sci-Fi	1977
tt0060802	closely.watched_tt0060802	Closely Watched Trains	Comedy,Drama,Romance	1966
tt0100234	closeup_tt0100234	Close-Up	Biography,Crime,Drama	1990
tt0844471	cloudy.with.a.c_tt0844471	Cloudy with a Chance of Meatballs	Adventure,Animation,Comedy	2009
tt1985966	cloudy.with.a.c_tt1985966	Cloudy with a Chance of Meatballs 2	Adventure,Animation,Comedy	2013
tt1060277	cloverfield_tt1060277	Cloverfield	Action,Horror,Sci-Fi	2008
tt0112697	clueless	Clueless	Comedy,Romance	1995
tt0393162	coach.carter_tt0393162	Coach Carter	Biography,Drama,Sport	2005
tt0080549	coal_miners_daughter	Coal Miner's Daughter	Biography,Drama,Music	1980
tt0090859	cobra	Cobra	Action,Crime,Thriller	1986
tt14209916	cocaine.bear_tt14209916	Cocaine Bear	Comedy,Crime,Thriller	2023
tt0094889	cocktail	Cocktail	Comedy,Drama,Romance	1988
tt2380307	coco_tt2380307	Coco	Adventure,Animation,Drama	2017
tt0088933	cocoon	Cocoon	Comedy,Drama,Sci-Fi	1985
tt0088936	code.of.silence_tt0088936	Code of Silence	Action,Crime,Drama	1985
tt0069897	coffy_tt0069897	Coffy	Action,Crime,Thriller	1973
tt0159365	cold.mountain_tt0159365	Cold Mountain	Adventure,Drama,Romance	2003
tt0066927	cold.turkey_tt0066927	Cold Turkey	Comedy	1971
tt6543652	cold.war_tt6543652	Cold War	Drama,Music,Romance	2018
tt0369339	collateral	Collateral	Action,Crime,Drama	2004
tt0061495	collector_tt0061495	The Collector	Comedy,Drama,Romance	1967
tt0090863	color_of_money	The Color of Money	Drama,Sport	1986
tt0088939	color_purple	The Color Purple	Drama	1985
tt0115925	color.of.a.bris_tt0115925	Color of a Brisk and Leaping Day	Drama	1996
tt0063555	color.of.pomegr_tt0063555	The Color of Pomegranates	Biography,Drama,History	1969
tt0094894	colors	Colors	Action,Crime,Drama	1988
tt0054757	comancheros_tt0054757	The Comancheros	Drama,Western	1961
tt0091251	come.and.see_tt0091251	Come and See	Drama,Thriller,War	1985
tt0044509	come.back.littl_tt0044509	Come Back, Little Sheba	Drama,Romance	1952
tt0056940	come.blow.your._tt0056940	Come Blow Your Horn	Comedy,Musical	1963
tt8004664	come.play_tt8004664	Come Play	Drama,Horror,Mystery	2020
tt0054759	come.september_tt0054759	Come September	Comedy,Romance	1961
tt0041257	come.to.the.sta_tt0041257	Come to the Stable	Comedy,Drama	1949
tt0061502	comedians_tt0061502	The Comedians	Drama	1967
tt0094898	coming_to_america	Coming to America	Comedy,Romance	1988
tt0077362	coming.home_tt0077362	Coming Home	Drama,Romance,War	1978
tt0088944	commando	Commando	Action,Adventure,Thriller	1985
tt0035746	commandos.strik_tt0035746	Commandos Strike at Dawn	Drama,History,War	1942
tt0101605	commitments_tt0101605	The Commitments	Comedy,Drama,Music	1991
tt0144142	committed_tt0144142	Committed	Comedy,Drama,Romance	2000
tt0080556	competition_tt0080556	The Competition	Drama,Music,Romance	1980
tt0052700	compulsion_tt0052700	Compulsion	Biography,Crime,Drama	1959
tt0022017	comradeship_tt0022017	Comradeship	Drama,Thriller	1931
tt0118880	con_air	Con Air	Action,Crime,Thriller	1997
tt0082198	conan_the_barbarian	Conan the Barbarian	Adventure,Fantasy	1982
tt0087078	conan_the_destroyer	Conan the Destroyer	Action,Adventure,Fantasy	1984
tt20215234	conclave_tt20215234	Conclave	Drama,Thriller	2024
tt0031173	confessions.of._tt0031173	Confessions of a Nazi Spy	Drama,War	1939
tt0270288	confessions.of._tt0270288	Confessions of a Dangerous Mind	Biography,Comedy,Crime	2002
tt0037611	conflict_tt0037611	Conflict	Drama,Film-Noir,Mystery	1945
tt0065571	conformist_tt0065571	The Conformist	Drama	1970
tt0112715	congo	Congo	Action,Adventure,Mystery	1995
tt1457767	conjuring	The Conjuring	Horror,Mystery,Thriller	2013
tt3065204	conjuring_2	The Conjuring 2	Horror,Mystery,Thriller	2016
tt22898462	conjuring.last._tt22898462	The Conjuring: Last Rites	Horror,Mystery,Thriller	2025
tt7069210	conjuring.the.d_tt7069210	The Conjuring: The Devil Made Me Do It	Horror,Mystery,Thriller	2021
tt0049092	conqueror_tt0049092	The Conqueror	Adventure,Biography,History	1956
tt0068408	conquest.of.the_tt0068408	Conquest of the Planet of the Apes	Action,Sci-Fi	1972
tt0118883	conspiracy_theory	Conspiracy Theory	Action,Crime,Drama	1997
tt0387131	constant.garden_tt0387131	The Constant Gardener	Drama,Mystery,Romance	2005
tt0360486	constantine	Constantine	Action,Fantasy,Horror	2005
tt0118884	contact	Contact	Drama,Mystery,Sci-Fi	1997
tt1598778	contagion_tt1598778	Contagion	Drama,Thriller	2011
tt0057345	contempt_tt0057345	Contempt	Drama,Romance	1963
tt0082200	continental_divide	Continental Divide	Comedy,Romance	1981
tt1524137	contraband_tt1524137	Contraband	Action,Adventure,Crime	2012
tt0071360	conversation_tt0071360	The Conversation	Drama,Mystery,Thriller	1974
tt0061512	cool.hand.luke_tt0061512	Cool Hand Luke	Crime,Drama	1967
tt0072820	cooley.high_tt0072820	Cooley High	Comedy,Drama,Romance	1975
tt0118887	cop.land_tt0118887	Cop Land	Crime,Drama,Thriller	1997
tt0327597	coraline_tt0327597	Coraline	Animation,Drama,Family	2009
tt0037614	corn.is.green_tt0037614	The Corn Is Green	Drama	1945
tt0072822	cornbread.earl._tt0072822	Cornbread, Earl and Me	Drama,Sport	1975
tt0121164	corpse.bride_tt0121164	Corpse Bride	Animation,Comedy,Drama	2005
tt0087089	cotton.club_tt0087089	The Cotton Club	Crime,Drama,Music	1984
tt0065579	cotton.comes.to_tt0065579	Cotton Comes to Harlem	Action,Comedy,Crime	1970
tt0245844	count.of.monte._tt0245844	The Count of Monte Cristo	Action,Adventure,Drama	2002
tt0055871	counterfeit.tra_tt0055871	The Counterfeit Traitor	Drama,History,Thriller	1962
tt0813547	counterfeiters_tt0813547	The Counterfeiters	Crime,Drama,History	2007
tt0046874	country.girl_tt0046874	The Country Girl	Drama,Music	1954
tt1078940	couples_retreat	Couples Retreat	Comedy	2009
tt0115956	courage_under_fire	Courage Under Fire	Action,Drama,Mystery	1996
tt0049096	court.jester_tt0049096	The Court Jester	Adventure,Comedy,Family	1955
tt1313104	cove_tt1313104	The Cove	Biography,Crime,Documentary	2009
tt0036723	cover.girl_tt0036723	Cover Girl	Comedy,Music,Musical	1944
tt0409847	cowboys_and_aliens	Cowboys & Aliens	Action,Drama,Sci-Fi	2011
tt0068421	cowboys_tt0068421	The Cowboys	Adventure,Drama,Western	1972
tt0200550	coyote.ugly_tt0200550	Coyote Ugly	Comedy,Drama,Music	2000
tt0074360	cra.cuervos_tt0074360	Cría Cuervos	Drama	1976
tt0375679	crash_tt0375679	Crash	Crime,Drama,Thriller	2004
tt0035763	crash.dive_tt0035763	Crash Dive	Drama,Romance,War	1943
tt3104988	crazy_rich_asians	Crazy Rich Asians	Comedy,Drama,Romance	2018
tt1570728	crazy.stupid.lo_tt1570728	Crazy, Stupid, Love.	Comedy,Drama,Romance	2011
tt3076658	creed	Creed	Action,Drama,Sport	2015
tt6343314	creed_2	Creed II	Action,Drama,Sport	2018
tt11145118	creed.iii_tt11145118	Creed III	Action,Drama,Sport	2023
tt0083767	creepshow_tt0083767	Creepshow	Comedy,Fantasy,Horror	1982
tt0069467	cries..whispers_tt0069467	Cries & Whispers	Drama	1972
tt0313196	crime.of.padre._tt0313196	The Crime of Padre Amaro	Drama,Romance	2002
tt0097123	crimes.and.misd_tt0097123	Crimes and Misdemeanors	Comedy,Drama	1989
tt0090886	crimes.of.the.h_tt0090886	Crimes of the Heart	Comedy,Drama	1986
tt0112740	crimson_tide	Crimson Tide	Action,Drama,Thriller	1995
tt0044517	crimson.pirate_tt0044517	The Crimson Pirate	Action,Adventure,Comedy	1952
tt0090555	crocodile_dundee	Crocodile Dundee	Adventure,Comedy	1986
tt0092493	crocodile_dundee_2	Crocodile Dundee II	Action,Adventure,Comedy	1988
tt0481499	croods_tt0481499	The Croods	Adventure,Animation,Comedy	2013
tt2850386	croods.a.new.ag_tt2850386	The Croods: A New Age	Adventure,Animation,Comedy	2020
tt0035769	cross.of.lorrai_tt0035769	The Cross of Lorraine	Drama,War	1943
tt0077381	crossed.swords_tt0077381	Crossed Swords	Adventure,Comedy,Drama	1977
tt0039286	crossfire_tt0039286	Crossfire	Crime,Drama,Film-Noir	1947
tt0034622	crossroads_tt0034622	Crossroads	Crime,Drama,Film-Noir	1942
tt0190332	crouching_tiger_hidden_dragon	Crouching Tiger, Hidden Dragon	Action,Adventure,Drama	2000
tt0109506	crow	The Crow	Action,Crime,Drama	1994
tt0022792	crowd.roars_tt0022792	The Crowd Roars	Action,Drama,Sport	1932
tt0030031	crowd.roars_tt0030031	The Crowd Roars	Action,Drama,Romance	1938
tt3228774	cruella_tt3228774	Cruella	Adventure,Comedy,Crime	2021
tt0109508	crumb_tt0109508	Crumb	Biography,Comedy,Documentary	1994
tt0026249	crusades_tt0026249	The Crusades	Adventure,Drama,History	1935
tt0092804	cry.freedom_tt0092804	Cry Freedom	Biography,Drama,History	1987
tt0066960	cry.uncle_tt0066960	Cry Uncle	Comedy,Crime,Mystery	1971
tt0104036	crying_game	The Crying Game	Crime,Drama,Romance	1992
tt0085382	cujo_tt0085382	Cujo	Horror,Thriller	1983
tt0421715	curious.case.of_tt0421715	The Curious Case of Benjamin Button	Drama,Fantasy,Romance	2008
tt0101635	curly.sue_tt0101635	Curly Sue	Comedy,Drama,Family	1991
tt0026252	curly.top_tt0026252	Curly Top	Family,Musical,Romance	1935
tt2355540	cutie.and.the.b_tt2355540	Cutie and the Boxer	Biography,Documentary	2013
tt0099334	cyrano.de.berge_tt0099334	Cyrano de Bergerac	Comedy,Drama,History	1990
tt0109520	d2.the.mighty.d_tt0109520	D2: The Mighty Ducks	Comedy,Drama,Family	1994
tt0317303	daddy_day_care	Daddy Day Care	Comedy,Family	2003
tt0047969	daddy.long.legs_tt0047969	Daddy Long Legs	Musical,Romance	1955
tt0064209	daddys.gone.ahu_tt0064209	Daddy's Gone A-Hunting	Thriller	1969
tt1528854	daddys.home_tt1528854	Daddy's Home	Comedy,Family	2015
tt5657846	daddys.home.2_tt5657846	Daddy's Home 2	Comedy	2017
tt0060959	daisies_tt0060959	Daisies	Comedy	1966
tt0042372	dallas_tt0042372	Dallas	Drama,Western	1950
tt0025028	dames_tt0025028	Dames	Comedy,Music,Musical	1934
tt0051516	damn.yankees_tt0051516	Damn Yankees	Comedy,Musical,Romance	1958
tt0042376	damned.dont.cry_tt0042376	The Damned Don't Cry	Crime,Drama,Film-Noir	1950
tt0021778	dance.fools.dan_tt0021778	Dance, Fools, Dance	Crime,Drama,Romance	1931
tt0099348	dances_with_wolves_fs	Dances with Wolves	Adventure,Drama,Western	1990
tt0023926	dancing.lady_tt0023926	Dancing Lady	Comedy,Musical,Romance	1933
tt0040266	dancing.years_tt0040266	The Dancing Years	Drama,Musical,Romance	1950
tt0112792	dangerous_minds	Dangerous Minds	Biography,Drama	1995
tt0094947	dangerous.liais_tt0094947	Dangerous Liaisons	Drama,Romance	1988
tt0118928	dantes_peak	Dante's Peak	Action,Adventure,Thriller	1997
tt0026262	dantes.inferno_tt0026262	Dante's Inferno	Drama,Romance	1935
tt0287978	daredevil	Daredevil	Action,Crime,Drama	2003
tt0838221	darjeeling.limi_tt0838221	The Darjeeling Limited	Adventure,Comedy,Drama	2007
tt0468569	dark_knight	The Dark Knight	Action,Crime,Drama	2008
tt1345836	dark_knight_rises	The Dark Knight Rises	Action,Crime,Drama	2012
tt0083791	dark.crystal_tt0083791	The Dark Crystal	Adventure,Family,Fantasy	1982
tt0039302	dark.passage_tt0039302	Dark Passage	Drama,Film-Noir,Thriller	1947
tt1077368	dark.shadows_tt1077368	Dark Shadows	Comedy,Fantasy,Horror	2012
tt0031210	dark.victory_tt0031210	Dark Victory	Drama,Romance	1939
tt4555426	darkest.hour_tt4555426	Darkest Hour	Biography,Drama,History	2017
tt0099365	darkman_tt0099365	Darkman	Action,Sci-Fi,Thriller	1990
tt0059084	darling_tt0059084	Darling	Drama,Romance	1965
tt0065611	darling.lili_tt0065611	Darling Lili	Comedy,Drama,Musical	1970
tt1279935	date_night	Date Night	Comedy,Crime,Romance	2010
tt0042382	daughter.of.ros_tt0042382	The Daughter of Rosie O'Grady	Comedy,Musical	1950
tt0031212	daughters.coura_tt0031212	Daughters Courageous	Drama,Romance	1939
tt0104057	daughters.of.th_tt0104057	Daughters of the Dust	Drama,History,Romance	1991
tt0106673	dave	Dave	Comedy,Romance	1993
tt0043455	david.and.baths_tt0043455	David and Bathsheba	Biography,Drama,Family	1951
tt0026266	david.copperfie_tt0026266	David Copperfield	Adventure,Drama,Family	1935
tt0025035	david.harum_tt0025035	David Harum	Adventure,Comedy,Drama	1934
tt0382625	davinci_code	The Da Vinci Code	Mystery,Thriller	2006
tt2103281	dawn_of_the_planet_of_the_apes	Dawn of the Planet of the Apes	Action,Adventure,Drama	2014
tt0077402	dawn.of.the.dea_tt0077402	Dawn of the Dead	Horror,Thriller	1978
tt0030044	dawn.patrol_tt0030044	The Dawn Patrol	Drama,War	1938
tt0319262	day_after_tomorrow	The Day After Tomorrow	Action,Adventure,Sci-Fi	2004
tt0069946	day.of.the.dolp_tt0069946	The Day of the Dolphin	Drama,Sci-Fi,Thriller	1973
tt0069947	day.of.the.jack_tt0069947	The Day of the Jackal	Crime,Drama,Thriller	1973
tt0072848	day.of.the.locu_tt0072848	The Day of the Locust	Drama,Thriller	1975
tt0043456	day.the.earth.s_tt0043456	The Day the Earth Stood Still	Drama,Sci-Fi	1951
tt0970416	day.the.earth.s_tt0970416	The Day the Earth Stood Still	Adventure,Drama,Sci-Fi	2008
tt0099371	days_of_thunder	Days of Thunder	Action,Drama,Sport	1990
tt0444182	days.of.glory_tt0444182	Days of Glory	Drama,War	2006
tt0077405	days.of.heaven_tt0077405	Days of Heaven	Drama,Romance	1978
tt0055895	days.of.wine.an_tt0055895	Days of Wine and Roses	Drama	1962
tt0106677	dazed.and.confu_tt0106677	Dazed and Confused	Comedy	1993
tt8912936	dc.league.of.su_tt8912936	DC League of Super-Pets	Action,Adventure,Animation	2022
tt0097165	dead_poets_society	Dead Poets Society	Comedy,Drama	1989
tt0094963	dead_pool	The Dead Pool	Action,Crime,Mystery	1988
tt0092843	dead_tt0092843	The Dead	Drama	1987
tt0101669	dead.again_tt0101669	Dead Again	Crime,Drama,Mystery	1991
tt0028773	dead.end_tt0028773	Dead End	Crime,Drama,Film-Noir	1937
tt0112817	dead.man_tt0112817	Dead Man	Adventure,Drama,Western	1995
tt0112818	dead.man.walkin_tt0112818	Dead Man Walking	Crime,Drama	1995
tt0083798	dead.men.dont.w_tt0083798	Dead Men Don't Wear Plaid	Comedy,Crime,Mystery	1982
tt0112819	dead.presidents_tt0112819	Dead Presidents	Action,Crime,Drama	1995
tt0039305	dead.reckoning_tt0039305	Dead Reckoning	Crime,Drama,Film-Noir	1946
tt0094964	dead.ringers_tt0094964	Dead Ringers	Drama,Horror,Thriller	1988
tt0085407	dead.zone_tt0085407	The Dead Zone	Drama,Fantasy,Thriller	1983
tt0061556	deadly.affair_tt0061556	The Deadly Affair	Crime,Drama,Mystery	1967
tt1431045	deadpool	Deadpool	Action,Comedy,Sci-Fi	2016
tt5463162	deadpool_2	Deadpool 2	Action,Adventure,Comedy	2018
tt6263850	deadpool.and.wolverine_tt6263850	Deadpool & Wolverine	Action,Adventure,Comedy	2024
tt0057999	dear.heart_tt0057999	Dear Heart	Comedy,Family,Romance	1964
tt0989757	dear.john_tt0989757	Dear John	Drama,Romance,War	2010
tt0104070	death_becomes_her	Death Becomes Her	Comedy,Fantasy,Horror	1992
tt0067445	death.in.venice_tt0067445	Death in Venice	Drama,Romance	1971
tt0077413	death.on.the.ni_tt0077413	Death on the Nile	Crime,Drama,Mystery	1978
tt7657566	death.on.the.ni_tt7657566	Death on the Nile	Crime,Drama,Mystery	2022
tt0072856	death.race.2000_tt0072856	Death Race 2000	Action,Comedy,Sci-Fi	1975
tt0025037	death.takes.a.h_tt0025037	Death Takes a Holiday	Drama,Fantasy,Romance	1934
tt0071402	death.wish_tt0071402	Death Wish	Action,Crime,Drama	1974
tt0083806	deathtrap_tt0083806	Deathtrap	Comedy,Crime,Drama	1982
tt0065622	decameron_tt0065622	The Decameron	Comedy,Drama,History	1971
tt0101694	deceived_tt0101694	Deceived	Crime,Drama,Mystery	1991
tt0038461	deception_tt0038461	Deception	Drama,Music,Romance	1946
tt0043459	decision.before_tt0043459	Decision Before Dawn	Drama,War	1951
tt0090985	decline.of.the._tt0090985	The Decline of the American Empire	Comedy,Drama	1986
tt0149261	deep_blue_sea	Deep Blue Sea	Action,Adventure,Sci-Fi	1999
tt0120647	deep_impact	Deep Impact	Action,Drama,Sci-Fi	1998
tt0075925	deep_tt0075925	The Deep	Adventure,Mystery,Thriller	1977
tt0046896	deep.in.my.hear_tt0046896	Deep in My Heart	Biography,Comedy,Musical	1954
tt0077416	deer.hunter_tt0077416	The Deer Hunter	Drama,War	1978
tt0051525	defiant.ones_tt0051525	The Defiant Ones	Crime,Drama	1958
tt0453467	deja.vu_tt0453467	Deja Vu	Action,Crime,Sci-Fi	2006
tt0050301	delicate.delinq_tt0050301	The Delicate Delinquent	Comedy	1957
tt0068473	deliverance_tt0068473	Deliverance	Adventure,Drama,Thriller	1972
tt0046899	demetrius.and.t_tt0046899	Demetrius and the Gladiators	Action,Drama,History	1954
tt0106697	demolition_man	Demolition Man	Action,Sci-Fi,Thriller	1993
tt0106701	dennis_the_menace	Dennis the Menace	Comedy,Family	1993
tt0407887	departed	The Departed	Crime,Drama,Thriller	2006
tt0034814	der.groe.knig_tt0034814	Der große König	Drama,History,War	1942
tt1033575	descendants_tt1033575	The Descendants	Comedy,Drama	2011
tt0043461	desert.fox.the._tt0043461	The Desert Fox: The Story of Rommel	Biography,Drama,War	1951
tt0089015	desert.hearts_tt0089015	Desert Hearts	Drama,Romance	1985
tt0036755	desert.song_tt0036755	The Desert Song	Adventure,Musical,War	1943
tt0050306	designing.woman_tt0050306	Designing Woman	Comedy,Romance	1957
tt0051534	desire.under.th_tt0051534	Desire Under the Elms	Drama,Romance	1958
tt0050307	desk.set_tt0050307	Desk Set	Comedy,Romance	1957
tt0047985	desperate.hours_tt0047985	The Desperate Hours	Crime,Drama,Film-Noir	1955
tt0089017	desperately.see_tt0089017	Desperately Seeking Susan	Comedy,Drama	1985
tt1323594	despicable.me_tt1323594	Despicable Me	Adventure,Animation,Comedy	2010
tt1690953	despicable.me.2_tt1690953	Despicable Me 2	Adventure,Animation,Comedy	2013
tt3469046	despicable.me.3_tt3469046	Despicable Me 3	Adventure,Animation,Comedy	2017
tt7510222	despicable.me.4_tt7510222	Despicable Me 4	Adventure,Animation,Comedy	2024
tt0035799	destination.tok_tt0035799	Destination Tokyo	Adventure,War	1943
tt5884052	detective_pikachu	Pokémon: Detective Pikachu	Adventure,Comedy,Family	2019
tt0043465	detective.story_tt0043465	Detective Story	Crime,Drama,Film-Noir	1951
tt0205000	deuce.bigalow.m_tt0205000	Deuce Bigalow: Male Gigolo	Comedy,Romance	1999
tt0458352	devil_wears_prada	The Devil Wears Prada	Comedy,Drama	2006
tt0038476	devil.in.the.fl_tt0038476	Devil in the Flesh	Drama,Romance	1947
tt0026276	devil.is.a.woma_tt0026276	The Devil Is a Woman	Comedy,Drama,Romance	1935
tt0075938	devil.probably_tt0075938	The Devil, Probably	Drama	1977
tt0066993	devils_tt0066993	The Devils	Biography,Drama,History	1971
tt0118971	devils.advocate_tt0118971	The Devil's Advocate	Drama,Fantasy,Mystery	1997
tt0395584	devils.rejects_tt0395584	The Devil's Rejects	Crime,Drama,Horror	2005
tt0046911	diabolique_tt0046911	Diabolique	Crime,Drama,Horror	1955
tt0046912	dial.m.for.murd_tt0046912	Dial M for Murder	Crime,Drama,Mystery	1954
tt0055905	diamond.head_tt0055905	Diamond Head	Drama,Romance	1962
tt0066995	diamonds.are.fo_tt0066995	Diamonds Are Forever	Action,Adventure,Thriller	1971
tt0065636	diary.of.a.mad._tt0065636	Diary of a Mad Housewife	Comedy,Drama	1970
tt3172532	diary.of.a.teen_tt3172532	The Diary of a Teenage Girl	Comedy,Drama,Romance	2015
tt1196141	diary.of.a.wimp_tt1196141	Diary of a Wimpy Kid	Comedy,Drama,Family	2010
tt0052738	diary.of.anne.f_tt0052738	The Diary of Anne Frank	Biography,Drama,Family	1959
tt0099422	dick_tracy	Dick Tracy	Action,Comedy,Crime	1990
tt0246460	die_another_day	Die Another Day	Action,Adventure,Thriller	2002
tt0099423	die_hard_2	Die Hard 2	Action,Thriller	1990
tt0112864	die_hard_vengeance	Die Hard with a Vengeance	Action,Adventure,Thriller	1995
tt0322023	die.mommie.die_tt0322023	Die, Mommie, Die!	Comedy	2003
tt0095016	diehard	Die Hard	Action,Thriller	1988
tt0023948	dinner.at.eight_tt0023948	Dinner at Eight	Drama	1933
tt0427152	dinner.for.schm_tt0427152	Dinner for Schmucks	Comedy	2010
tt0130623	dinosaur_tt0130623	Dinosaur	Adventure,Animation,Drama	2000
tt0092890	dirty_dancing_fs	Dirty Dancing	Drama,Music,Romance	1987
tt0061578	dirty.dozen_tt0061578	The Dirty Dozen	Action,Adventure,War	1967
tt0066999	dirty.harry_tt0066999	Dirty Harry	Action,Crime,Thriller	1971
tt0095031	dirty.rotten.sc_tt0095031	Dirty Rotten Scoundrels	Comedy,Crime	1988
tt0109635	disclosure_tt0109635	Disclosure	Drama,Thriller	1994
tt0021800	dishonored_tt0021800	Dishonored	Drama,Romance,War	1931
tt0043469	distant.drums_tt0043469	Distant Drums	Action,Adventure,Drama	1951
tt0104114	distinguished.g_tt0104114	The Distinguished Gentleman	Comedy,Crime	1992
tt1136608	district_9	District 9	Action,Sci-Fi,Thriller	2009
tt0486822	disturbia_tt0486822	Disturbia	Crime,Drama,Mystery	2007
tt0082269	diva_tt0082269	Diva	Crime,Drama,Music	1981
tt0033537	dive.bomber_tt0033537	Dive Bomber	Drama,Romance,War	1941
tt1840309	divergent	Divergent	Action,Adventure,Drama	2014
tt0080634	divine.madness_tt0080634	Divine Madness	Comedy,Documentary,Music	1980
tt0279778	divine.secrets._tt0279778	Divine Secrets of the Ya-Ya Sisterhood	Drama	2002
tt0401383	diving.bell.and_tt0401383	The Diving Bell and the Butterfly	Biography,Drama	2007
tt0055913	divorce.italian_tt0055913	Divorce Italian Style	Comedy,Drama,Romance	1961
tt1853728	django.unchaine_tt1853728	Django Unchained	Drama,Western	2012
tt0097216	do.the.right.th_tt0097216	Do the Right Thing	Comedy,Drama	1989
tt0101745	doc_hollywood_fs	Doc Hollywood	Comedy,Drama,Romance	1991
tt1211837	doctor_strange	Doctor Strange	Action,Adventure,Fantasy	2016
tt0101746	doctor_tt0101746	The Doctor	Drama	1991
tt0023955	doctor.bull_tt0023955	Doctor Bull	Comedy,Drama,Romance	1933
tt9419884	doctor.strange._tt9419884	Doctor Strange in the Multiverse of Madness	Action,Adventure,Fantasy	2022
tt0059113	doctor.zhivago_tt0059113	Doctor Zhivago	Drama,Romance,War	1965
tt0031235	dodge.city_tt0031235	Dodge City	Western	1939
tt0364725	dodgeball	Dodgeball: A True Underdog Story	Comedy,Sport	2004
tt0027532	dodsworth_tt0027532	Dodsworth	Drama,Romance	1936
tt11252248	dog_tt11252248	Dog	Comedy,Drama	2022
tt0072890	dog.day.afterno_tt0072890	Dog Day Afternoon	Biography,Crime,Drama	1975
tt10954718	dog.man_tt10954718	Dog Man	Action,Adventure,Animation	2025
tt0275309	dogtown.and.zbo_tt0275309	Dogtown and Z-Boys	Documentary,Sport	2001
tt6673612	dolittle	Dolittle	Adventure,Comedy,Family	2020
tt0037651	dolly.sisters_tt0037651	The Dolly Sisters	Biography,Drama,Musical	1945
tt1564349	dolphin.tale_tt1564349	Dolphin Tale	Drama,Family	2011
tt0246578	donnie.darko_tt0246578	Donnie Darko	Drama,Mystery,Sci-Fi	2001
tt4160708	dont_breathe	Don't Breathe	Crime,Horror,Thriller	2016
tt6246322	dont.breathe.2_tt6246322	Don't Breathe 2	Action,Crime,Horror	2021
tt0050327	dont.go.near.th_tt0050327	Don't Go Near the Water	Adventure,Comedy,Romance	1957
tt0069995	dont.look.now_tt0069995	Don't Look Now	Drama,Horror,Mystery	1973
tt0260866	dont.say.a.word_tt0260866	Don't Say a Word	Drama,Mystery,Thriller	2001
tt10731256	dont.worry.darl_tt10731256	Don't Worry Darling	Drama,Mystery,Thriller	2022
tt0112887	doom.generation_tt0112887	The Doom Generation	Comedy,Crime,Drama	1995
tt0101761	doors_tt0101761	The Doors	Biography,Drama,Music	1991
tt7547410	dora.and.the.lo_tt7547410	Dora and the Lost City of Gold	Action,Adventure,Comedy	2019
tt0150377	double_jeopardy	Double Jeopardy	Crime,Drama,Mystery	1999
tt0101764	double.impact_tt0101764	Double Impact	Action,Crime	1991
tt0036775	double.indemnity_tt0036775	Double Indemnity	Crime,Drama,Film-Noir	1944
tt0101765	double.life.of._tt0101765	The Double Life of Véronique	Drama,Fantasy,Music	1991
tt0028806	double.or.nothi_tt0028806	Double or Nothing	Comedy,Music,Romance	1937
tt0090966	down_and_out_in_beverly_hills	Down and Out in Beverly Hills	Comedy	1986
tt0032410	down.argentine._tt0032410	Down Argentine Way	Comedy,Drama,Musical	1940
tt0090967	down.by.law_tt0090967	Down by Law	Comedy,Crime,Drama	1986
tt0398027	down.in.the.val_tt0398027	Down in the Valley	Drama,Romance,Thriller	2005
tt0039337	down.to.earth_tt0039337	Down to Earth	Comedy,Fantasy,Musical	1947
tt0231775	down.to.earth_tt0231775	Down to Earth	Comedy,Fantasy	2001
tt0363579	down.to.the.bon_tt0363579	Down to the Bone	Drama	2004
tt4558376	downhill_tt4558376	Downhill	Comedy,Drama	2020
tt6398184	downton_abbey	Downton Abbey	Drama,Romance	2019
tt11703710	downton.abbey.a_tt11703710	Downton Abbey: A New Era	Drama,Romance	2022
tt31888477	downton.abbey.t_tt31888477	Downton Abbey: The Grand Finale	Drama	2025
tt0240462	dr_dolittle_2_fs	Dr. Dolittle 2	Comedy,Family,Fantasy	2001
tt0118998	dr_dolittle_fs	Doctor Dolittle	Comedy,Family,Fantasy	1998
tt0022835	dr..jekyll.and._tt0022835	Dr. Jekyll and Mr. Hyde	Horror,Sci-Fi	1931
tt0033553	dr..jekyll.and._tt0033553	Dr. Jekyll and Mr. Hyde	Drama,Horror,Sci-Fi	1941
tt0055928	dr..no_tt0055928	Dr. No	Action,Adventure,Thriller	1962
tt0057012	dr.strangelove_tt0057012	Dr. Strangelove or: How I Learned to Stop Worrying and Love the Bomb	Comedy,War	1964
tt0103874	dracula	Dracula	Fantasy,Horror,Romance	1992
tt0021814	dracula_tt0021814	Dracula	Drama,Fantasy,Horror	1931
tt0079073	dracula_tt0079073	Dracula	Drama,Fantasy,Horror	1979
tt0092925	dragnet	Dragnet	Comedy,Crime,Mystery	1987
tt0046931	dragnet_tt0046931	Dragnet	Crime,Drama,Film-Noir	1954
tt0036777	dragon.seed_tt0036777	Dragon Seed	Drama,History,War	1944
tt0106770	dragon.the.bruc_tt0106770	Dragon: The Bruce Lee Story	Action,Biography,Drama	1993
tt0116136	dragonheart_tt0116136	DragonHeart	Action,Adventure,Fantasy	1996
tt0082288	dragonslayer	Dragonslayer	Action,Adventure,Fantasy	1981
tt0038492	dragonwyck_tt0038492	Dragonwyck	Drama,Mystery,Romance	1946
tt0097235	dream.team_tt0097235	The Dream Team	Comedy,Crime,Thriller	1989
tt0443489	dreamgirls_tt0443489	Dreamgirls	Drama,Musical	2006
tt0039340	dreams.that.mon_tt0039340	Dreams That Money Can Buy	Drama,Fantasy	1947
tt0079082	driller.killer_tt0079082	The Driller Killer	Drama,Horror,Thriller	1979
tt0780504	drive_tt0780504	Drive	Action,Drama	2011
tt14039582	drive.my.car_tt14039582	Drive My Car	Drama	2021
tt0097239	driving_miss_daisy	Driving Miss Daisy	Comedy,Drama	1989
tt0097240	drugstore.cowbo_tt0097240	Drugstore Cowboy	Crime,Drama	1989
tt0030082	drum_tt0030082	The Drum	Adventure,War	1938
tt0031252	drums.along.the_tt0031252	Drums Along the Mohawk	Drama,Romance,War	1939
tt0035829	du.barry.was.a._tt0035829	Du Barry Was a Lady	Comedy,Musical,Romance	1943
tt0042417	duchess.of.idah_tt0042417	Duchess of Idaho	Comedy,Musical,Romance	1950
tt0023969	duck.soup_tt0023969	Duck Soup	Comedy,Musical	1933
tt1231583	due_date	Due Date	Comedy,Drama	2010
tt0038499	duel.in.the.sun_tt0038499	Duel in the Sun	Drama,Romance,Western	1946
tt0075968	duellists_tt0075968	The Duellists	Drama,War	1977
tt0377818	dukes_of_hazzard_fs	The Dukes of Hazzard	Action,Adventure,Comedy	2005
tt0109686	dumb_and_dumber	Dumb and Dumber	Comedy	1994
tt2096672	dumb.and.dumber_tt2096672	Dumb and Dumber To	Comedy	2014
tt3861390	dumbo	Dumbo	Adventure,Family,Fantasy	2019
tt0087182	dune_tt0087182	Dune	Action,Adventure,Sci-Fi	1984
tt1160419	dune_tt1160419	Dune: Part One	Action,Adventure,Drama	2021
tt15239678	dune.part.two_tt15239678	Dune: Part Two	Action,Adventure,Drama	2024
tt2906216	dungeons..drago_tt2906216	Dungeons & Dragons: Honor Among Thieves	Action,Adventure,Comedy	2023
tt5013056	dunkirk	Dunkirk	Action,Drama,History	2017
tt0101787	dying.young_tt0101787	Dying Young	Drama,Romance	1991
tt0031260	each.dawn.i.die_tt0031260	Each Dawn I Die	Crime,Drama,Film-Noir	1939
tt1059786	eagle_eye	Eagle Eye	Action,Mystery,Thriller	2008
tt0074452	eagle.has.lande_tt0074452	The Eagle Has Landed	Adventure,Drama,Thriller	1976
tt0046022	earrings.of.mad_tt0046022	The Earrings of Madame De...	Drama,Romance	1953
tt0071455	earthquake_tt0071455	Earthquake	Action,Drama,Thriller	1974
tt0021825	easiest.way_tt0021825	The Easiest Way	Drama,Romance	1931
tt0166175	east.is.east_tt0166175	East Is East	Comedy,Drama	1999
tt0048028	east.of.eden_tt0048028	East of Eden	Drama	1955
tt0040308	easter.parade_tt0040308	Easter Parade	Musical,Romance	1948
tt0765443	eastern.promise_tt0765443	Eastern Promises	Crime,Drama,Thriller	2007
tt0181530	eastwest_tt0181530	East/West	Adventure,Drama,History	1999
tt0085470	easy_money	Easy Money	Comedy	1983
tt0064276	easy.rider_tt0064276	Easy Rider	Adventure,Drama	1969
tt0879870	eat.pray.love_tt0879870	Eat Pray Love	Biography,Comedy,Drama	2010
tt0022867	ecstasy_tt0022867	Ecstasy	Drama,Romance	1933
tt0109707	ed.wood_tt0109707	Ed Wood	Biography,Comedy,Drama	1994
tt0045720	eddie.cantor.st_tt0045720	The Eddie Cantor Story	Biography,Drama,Music	1953
tt0092948	eddie.murphy.ra_tt0092948	Eddie Murphy: Raw	Comedy,Documentary	1987
tt0049170	eddy.duchin.sto_tt0049170	The Eddy Duchin Story	Biography,Drama,Music	1956
tt1631867	edge_of_tomorrow	Edge of Tomorrow	Action,Adventure,Sci-Fi	2014
tt0034694	edge.of.darknes_tt0034694	Edge of Darkness	Drama,War	1943
tt0028818	edge.of.the.wor_tt0028818	The Edge of the World	Drama,History,Romance	1937
tt0032432	edison.the.man_tt0032432	Edison, the Man	Biography,Drama	1940
tt0085478	educating.rita_tt0085478	Educating Rita	Comedy,Drama	1983
tt0041329	edward.my.son_tt0041329	Edward, My Son	Drama,Romance	1949
tt0099487	edward.scissorh_tt0099487	Edward Scissorhands	Drama,Fantasy,Romance	1990
tt0039349	egg.and.i_tt0039349	The Egg and I	Comedy,Romance	1947
tt0054847	el.cid_tt0054847	El Cid	Biography,Drama,History	1961
tt0055950	electra_tt0055950	Electra	Drama	1962
tt15789038	elemental_tt15789038	Elemental	Adventure,Animation,Comedy	2023
tt0028827	elephant.boy_tt0028827	Elephant Boy	Adventure,Drama,Family	1937
tt0080678	elephant.man_tt0080678	The Elephant Man	Biography,Drama	1980
tt0319343	elf	Elf	Adventure,Comedy,Family	2003
tt4900148	elio_tt4900148	Elio	Adventure,Animation,Comedy	2025
tt0127536	elizabeth_tt0127536	Elizabeth	Biography,Drama,History	1998
tt3716530	elle_tt3716530	Elle	Action,Crime,Drama	2016
tt0436262	ellie.parker_tt0436262	Ellie Parker	Comedy,Drama	2005
tt0053793	elmer.gantry_tt0053793	Elmer Gantry	Drama	1960
tt0061620	elvira.madigan_tt0061620	Elvira Madigan	Biography,Drama,Romance	1967
tt3704428	elvis_tt3704428	Elvis	Biography,Drama,Music	2022
tt1535108	elysium_tt1535108	Elysium	Action,Drama,Sci-Fi	2013
tt0089087	emerald.forest_tt0089087	The Emerald Forest	Action,Adventure,Drama	1985
tt9214832	emma._tt9214832	Emma.	Comedy,Drama,Romance	2020
tt0071464	emmanuelle_tt0071464	Emmanuelle	Drama,Romance	1974
tt4877122	emoji.movie_tt4877122	The Emoji Movie	Adventure,Animation,Comedy	2017
tt0040317	emperor.waltz_tt0040317	The Emperor Waltz	Comedy,Musical,Romance	1948
tt0080684	empire_strikes_back	Star Wars: Episode V - The Empire Strikes Back	Action,Adventure,Fantasy	1980
tt0092965	empire.of.the.s_tt0092965	Empire of the Sun	Drama,War	1987
tt0038510	enamorada_tt0038510	Enamorada	Drama,Romance,War	1946
tt2953050	encanto_tt2953050	Encanto	Animation,Comedy,Family	2021
tt0461770	enchanted_tt0461770	Enchanted	Adventure,Animation,Comedy	2007
tt0040321	enchantment_tt0040321	Enchantment	Drama,Romance	1948
tt0104187	encino.man_tt0104187	Encino Man	Comedy	1992
tt0077504	end_tt0077504	The End	Comedy,Drama	1978
tt0146675	end.of.days_tt0146675	End of Days	Action,Fantasy,Horror	1999
tt0048034	end.of.the.affa_tt0048034	The End of the Affair	Drama,Romance	1955
tt0172396	end.of.the.affa_tt0172396	The End of the Affair	Drama,Mystery,Romance	1999
tt0082329	endless.love_tt0082329	Endless Love	Drama,Romance	1981
tt0060371	endless.summer_tt0060371	The Endless Summer	Documentary,Sport	1966
tt0097276	enemies.a.love._tt0097276	Enemies, A Love Story	Comedy,Drama,Romance	1989
tt0120660	enemy_of_the_state	Enemy of the State	Action,Thriller	1998
tt0215750	enemy.at.the.ga_tt0215750	Enemy at the Gates	Action,Drama,War	2001
tt0074483	enforcer_tt0074483	The Enforcer	Action,Crime,Thriller	1976
tt0116209	english.patient_tt0116209	The English Patient	Drama,Romance,War	1996
tt0071691	enigma.of.kaspa_tt0071691	The Enigma of Kaspar Hauser	Biography,Drama,History	1974
tt1016268	enron.the.smart_tt1016268	Enron: The Smartest Guys in the Room	Biography,Documentary,History	2005
tt0070034	enter.the.drago_tt0070034	Enter the Dragon	Action,Crime,Thriller	1973
tt0137494	entrapment	Entrapment	Action,Crime,Romance	1999
tt0085370	entre.nous_tt0085370	Entre Nous	Biography,Drama,Romance	1983
tt19652910	eo_tt19652910	EO	Drama	2022
tt0848537	epic_tt0848537	Epic	Action,Adventure,Animation	2013
tt0455944	equalizer	The Equalizer	Action,Crime,Thriller	2014
tt3766354	equalizer.2_tt3766354	The Equalizer 2	Action,Crime,Mystery	2018
tt17024450	equalizer.3_tt17024450	The Equalizer 3	Action,Crime,Thriller	2023
tt0116213	eraser	Eraser	Action,Crime,Thriller	1996
tt0074486	eraserhead_tt0074486	Eraserhead	Fantasy,Horror	1977
tt0195685	erin_brockovich	Erin Brockovich	Biography,Drama	2000
tt0092974	ernest.goes.to._tt0092974	Ernest Goes to Camp	Comedy,Family	1987
tt0095107	ernest.saves.ch_tt0095107	Ernest Saves Christmas	Comedy,Family,Fantasy	1988
tt0032447	escape_tt0032447	Escape	Crime,Drama,Mystery	1940
tt0079116	escape.from.alc_tt0079116	Escape from Alcatraz	Biography,Crime,Drama	1979
tt0067065	escape.from.the_tt0067065	Escape from the Planet of the Apes	Action,Sci-Fi	1971
tt5886046	escape.room_tt5886046	Escape Room	Action,Adventure,Horror	2019
tt9844522	escape.room.tou_tt9844522	Escape Room: Tournament of Champions	Action,Adventure,Horror	2021
tt0083866	et	E.T. the Extra-Terrestrial	Adventure,Family,Sci-Fi	1982
tt0338013	eternal.sunshin_tt0338013	Eternal Sunshine of the Spotless Mind	Drama,Romance,Sci-Fi	2004
tt9032400	eternals_tt9032400	Eternals	Action,Adventure,Fantasy	2021
tt0099776	europa.europa_tt0099776	Europa Europa	Drama,History,War	1990
tt0043511	europe.51_tt0043511	Europe '51	Drama	1952
tt0089670	european_vacation	National Lampoon's European Vacation	Adventure,Comedy	1985
tt0413099	evan_almighty	Evan Almighty	Comedy,Family,Fantasy	2007
tt0025091	evelyn.prentice_tt0025091	Evelyn Prentice	Drama,Mystery,Romance	1934
tt0120631	ever.after.a.ci_tt0120631	Ever After: A Cinderella Story	Drama,Romance	1998
tt0120661	everest_tt0120661	Everest	Documentary,Short	1998
tt0961066	everlasting.mom_tt0961066	Everlasting Moments	Drama,History	2008
tt0028843	every.days.a.ho_tt0028843	Every Day's a Holiday	Comedy,Musical	1937
tt0040331	every.girl.shou_tt0040331	Every Girl Should Be Married	Comedy,Drama,Romance	1948
tt0079854	every.man.for.h_tt0079854	Every Man for Himself	Drama	1980
tt0077523	every.which.way_tt0077523	Every Which Way But Loose	Action,Comedy	1978
tt0025791	everybodys.woma_tt0025791	Everybody's Woman	Drama	1934
tt6710474	everything.ever_tt6710474	Everything Everywhere All at Once	Action,Adventure,Comedy	2022
tt0068555	everything.you._tt0068555	Everything You Always Wanted to Know About Sex * But Were Afraid to Ask	Comedy	1972
tt0083907	evil.dead_tt0083907	The Evil Dead	Horror	1981
tt13345606	evil.dead.rise_tt13345606	Evil Dead Rise	Horror	2023
tt28490044	evil.does.not.e_tt28490044	Evil Does Not Exist	Drama	2023
tt0116250	evita_tt0116250	Evita	Biography,Drama,History	1996
tt0082348	excalibur	Excalibur	Adventure,Drama,Fantasy	1981
tt0057643	executioner_tt0057643	The Executioner	Comedy,Drama	1963
tt0116253	executive_decision	Executive Decision	Action,Adventure,Thriller	1996
tt0070046	executive.actio_tt0070046	Executive Action	Crime,Drama,History	1973
tt0046963	executive.suite_tt0046963	Executive Suite	Drama,Romance	1954
tt0242445	exit.wounds_tt0242445	Exit Wounds	Action,Crime,Thriller	2001
tt0053804	exodus_tt0053804	Exodus	Action,Drama,War	1960
tt0404032	exorcism.of.emi_tt0404032	The Exorcism of Emily Rose	Drama,Horror,Thriller	2005
tt0070047	exorcist_tt0070047	The Exorcist	Horror	1973
tt12921446	exorcist_tt12921446	The Exorcist: Believer	Horror	2023
tt0076009	exorcist.ii.the_tt0076009	Exorcist II: The Heretic	Horror	1977
tt0109759	exotica_tt0109759	Exotica	Drama	1994
tt1320253	expendables	The Expendables	Action,Adventure,Thriller	2010
tt1764651	expendables.2_tt1764651	The Expendables 2	Action,Adventure,Thriller	2012
tt0056732	exterminating.a_tt0056732	The Exterminating Angel	Drama,Fantasy	1962
tt0077530	eyes.of.laura.m_tt0077530	Eyes of Laura Mars	Mystery,Thriller	1978
tt0120663	eyes.wide.shut_tt0120663	Eyes Wide Shut	Drama,Mystery,Thriller	1999
tt16311594	f1.the.movie_tt16311594	F1: The Movie	Action,Drama,Sport	2025
tt5433138	f9.the.fast.sag_tt5433138	F9: The Fast Saga	Action,Crime,Thriller	2021
tt14208870	fabelmans_tt14208870	The Fabelmans	Drama	2022
tt0119094	faceoff	Face/Off	Action,Crime,Sci-Fi	1997
tt0062952	faces_tt0062952	Faces	Drama	1968
tt0053810	facts.of.life_tt0053810	The Facts of Life	Comedy,Drama,Romance	1960
tt0060390	fahrenheit.451_tt0060390	Fahrenheit 451	Drama,Sci-Fi	1966
tt0361596	fahrenheit.911_tt0361596	Fahrenheit 9/11	Documentary,Drama,War	2004
tt0427229	failure_to_launch	Failure to Launch	Comedy,Romance	2006
tt1684562	fall.guy_tt1684562	The Fall Guy	Action,Comedy,Drama	2024
tt0058085	fall.of.the.rom_tt0058085	The Fall of the Roman Empire	Drama,History,War	1964
tt0106856	falling.down_tt0106856	Falling Down	Crime,Drama,Thriller	1993
tt0080716	fame	Fame	Drama,Music,Musical	1980
tt0074512	family.plot_tt0074512	Family Plot	Comedy,Crime,Drama	1976
tt0042447	fancy.pants_tt0042447	Fancy Pants	Comedy,Musical,Western	1950
tt0044602	fanfan.la.tulip_tt0044602	Fanfan la Tulipe	Adventure,Comedy,Drama	1952
tt0054866	fanny_tt0054866	Fanny	Drama,Romance	1961
tt0083922	fanny.and.alexa_tt0083922	Fanny and Alexander	Drama	1982
tt0032455	fantasia_tt0032455	Fantasia	Animation,Family,Fantasy	1940
tt0120910	fantasia.2000_tt0120910	Fantasia 2000	Animation,Family,Fantasy	1999
tt3183660	fantastic_beasts	Fantastic Beasts and Where to Find Them	Adventure,Family,Fantasy	2016
tt4123430	fantastic_beasts_grindelwald	Fantastic Beasts: The Crimes of Grindelwald	Adventure,Family,Fantasy	2018
tt0120667	fantastic_four	Fantastic Four	Action,Adventure,Fantasy	2005
tt0486576	fantastic_four_rise_of_the_silver_surfer	Fantastic Four: Rise of the Silver Surfer	Action,Adventure,Fantasy	2007
tt4123432	fantastic.beast_tt4123432	Fantastic Beasts: The Secrets of Dumbledore	Adventure,Fantasy	2022
tt10676052	fantastic.four._tt10676052	The Fantastic Four: First Steps	Action,Adventure,Sci-Fi	2025
tt0432283	fantastic.mr..f_tt0432283	Fantastic Mr. Fox	Adventure,Animation,Comedy	2009
tt0060397	fantastic.voyag_tt0060397	Fantastic Voyage	Adventure,Sci-Fi	1966
tt0983946	fantasy_island	Fantasy Island	Fantasy,Horror,Mystery	2020
tt0104231	far_and_away	Far and Away	Adventure,Drama,Romance	1992
tt0297884	far.from.heaven_tt0297884	Far from Heaven	Drama,Romance	2002
tt0061648	far.from.the.ma_tt0061648	Far from the Madding Crowd	Drama,History,Romance	1967
tt8637428	farewell_tt8637428	The Farewell	Comedy,Drama	2019
tt0106332	farewell.my.con_tt0106332	Farewell My Concubine	Drama,Music,Romance	1993
tt0116282	fargo_tt0116282	Fargo	Crime,Drama,Thriller	1996
tt0039370	farmers.daughte_tt0039370	The Farmer's Daughter	Comedy,Drama,Romance	1947
tt1905041	fast_and_furious_6	Fast & Furious 6	Action,Thriller	2013
tt6806448	fast_and_furious_hobbs_and_shaw	Fast & Furious Presents: Hobbs & Shaw	Action,Adventure,Thriller	2019
tt0232500	fast_and_the_furious	The Fast and the Furious	Action,Crime,Thriller	2001
tt1596343	fast_five	Fast Five	Action,Crime,Thriller	2011
tt1013752	fast..furious_tt1013752	Fast & Furious	Action,Thriller	2009
tt0463985	fast.and.the.fu_tt0463985	The Fast and the Furious: Tokyo Drift	Action,Crime,Thriller	2006
tt0083929	fast.times.at.r_tt0083929	Fast Times at Ridgemont High	Comedy,Drama	1982
tt5433140	fast.x_tt5433140	Fast X	Action,Adventure,Crime	2023
tt0093010	fatal_attraction	Fatal Attraction	Drama,Thriller	1987
tt4630562	fate_of_the_furious	The Fate of the Furious	Action,Crime,Thriller	2017
tt0101862	father_of_the_bride	Father of the Bride	Comedy,Family,Romance	1991
tt10272386	father_tt10272386	The Father	Drama,Mystery	2020
tt0058092	father.goose_tt0058092	Father Goose	Adventure,Comedy,Romance	1964
tt0042451	father.of.the.b_tt0042451	Father of the Bride	Comedy,Drama,Romance	1950
tt0113041	father.of.the.b_tt0113041	Father of the Bride Part II	Comedy,Family,Romance	1995
tt0043526	fathers.little._tt0043526	Father's Little Dividend	Comedy,Drama,Romance	1951
tt2582846	fault_in_our_stars	The Fault in Our Stars	Drama,Romance	2014
tt5083738	favourite_tt5083738	The Favourite	Biography,Comedy,Drama	2018
tt0052792	fbi.story_tt0052792	The FBI Story	Crime,Drama,History	1959
tt0072979	female.trouble_tt0072979	Female Trouble	Comedy,Crime	1974
tt0091042	ferris_bueller	Ferris Bueller's Day Off	Comedy	1986
tt0061658	festival_tt0061658	Festival	Documentary,Music	1967
tt0104257	few_good_men	A Few Good Men	Drama,Thriller	1992
tt0067093	fiddler.on.the._tt0067093	Fiddler on the Roof	Drama,Family,Musical	1971
tt0097351	field_of_dreams	Field of Dreams	Drama,Family,Fantasy	1989
tt0080731	fiendish.plot_tt0080731	The Fiendish Plot of Dr. Fu Manchu	Comedy,Crime,Fantasy	1980
tt0119116	fifth_element	The Fifth Element	Action,Adventure,Sci-Fi	1997
tt0031302	fifth.avenue.gi_tt0031302	Fifth Avenue Girl	Comedy,Romance	1939
tt4465564	fifty_shades_darker	Fifty Shades Darker	Drama,Mystery,Romance	2017
tt2322441	fifty_shades_of_grey	Fifty Shades of Grey	Drama,Romance,Thriller	2015
tt4477536	fifty.shades.fr_tt4477536	Fifty Shades Freed	Drama,Mystery,Romance	2018
tt0964517	fighter_tt0964517	The Fighter	Action,Biography,Drama	2010
tt0032467	fighting.69th_tt0032467	The Fighting 69th	Action,Adventure,Biography	1940
tt0036823	fighting.lady_tt0036823	The Fighting Lady	Documentary,History,War	1944
tt0104265	final.analysis_tt0104265	Final Analysis	Drama,Thriller	1992
tt0195714	final.destinati_tt0195714	Final Destination	Horror,Thriller	2000
tt9619824	final.destinati_tt9619824	Final Destination: Bloodlines	Horror,Thriller	2025
tt2277860	finding.dory_tt2277860	Finding Dory	Adventure,Animation,Comedy	2016
tt0266543	finding.nemo_tt0266543	Finding Nemo	Adventure,Animation,Comedy	2003
tt0308644	finding.neverla_tt0308644	Finding Neverland	Biography,Drama,Family	2004
tt0062974	finians.rainbow_tt0062974	Finian's Rainbow	Family,Fantasy,Musical	1968
tt0028873	firefly_tt0028873	The Firefly	History,Musical,Romance	1937
tt0083943	firefox	Firefox	Action,Adventure,Thriller	1982
tt0022890	fireman.save.my_tt0022890	Fireman, Save My Child!	Comedy,Romance,Sport	1932
tt0106918	firm_fs	The Firm	Drama,Mystery,Thriller	1993
tt0116313	first_wives_club	The First Wives Club	Comedy	1996
tt9231040	first.cow_tt9231040	First Cow	Drama,Western	2019
tt0080739	first.family_tt0080739	First Family	Comedy	1980
tt0113071	first.knight_tt0113071	First Knight	Action,Adventure,Drama	1995
tt0065703	first.love_tt0065703	First Love	Drama,Romance	1970
tt6133466	first.purge_tt6133466	The First Purge	Action,Horror,Sci-Fi	2018
tt0095159	fish_called_wanda	A Fish Called Wanda	Comedy,Crime	1988
tt1232776	fish.tank_tt1232776	Fish Tank	Drama	2009
tt0101889	fisher.king_tt0101889	The Fisher King	Comedy,Drama,Fantasy	1991
tt0077531	fist_tt0077531	F.I.S.T.	Crime,Drama,Thriller	1978
tt0068767	fist.of.fury_tt0068767	Fist of Fury	Action,Drama,Romance	1972
tt0083946	fitzcarraldo_tt0083946	Fitzcarraldo	Adventure,Drama,Music	1982
tt0065724	five.easy.piece_tt0065724	Five Easy Pieces	Drama	1970
tt0070800	five.fingers.of_tt0070800	Five Fingers of Death	Action,Drama,Romance	1972
tt0035884	five.graves.to._tt0035884	Five Graves to Cairo	Drama,Thriller,War	1943
tt1238291	five.minutes.of_tt1238291	Five Minutes of Heaven	Drama,Thriller	2009
tt30274401	five.nights.at._tt30274401	Five Nights at Freddy's 2	Horror,Mystery,Thriller	2025
tt4589218	five.nights.at._tt4589218	Five Nights at Freddy's	Horror,Mystery,Thriller	2023
tt0052809	five.pennies_tt0052809	The Five Pennies	Biography,Drama,Music	1959
tt0021873	five.star.final_tt0021873	Five Star Final	Crime,Drama	1931
tt0087265	flamingo.kid_tt0087265	The Flamingo Kid	Comedy,Drama,Romance	1984
tt0080745	flash_gordon	Flash Gordon	Action,Adventure,Sci-Fi	1980
tt0439572	flash_tt0439572	The Flash	Action,Adventure,Fantasy	2023
tt0085549	flashdance	Flashdance	Drama,Music,Romance	1983
tt0099582	flatliners	Flatliners	Drama,Horror,Sci-Fi	1990
tt8430054	flee_tt8430054	Flee	Animation,Biography,Documentary	2021
tt0068595	flesh.gordon_tt0068595	Flesh Gordon	Comedy,Sci-Fi	1974
tt0089155	fletch	Fletch	Comedy,Crime,Mystery	1985
tt0097366	fletch.lives_tt0097366	Fletch Lives	Comedy,Crime,Mystery	1989
tt1907668	flight	Flight	Drama,Thriller	2012
tt0091059	flight.of.the.n_tt0091059	Flight of the Navigator	Adventure,Comedy,Family	1986
tt0059183	flight.of.the.p_tt0059183	The Flight of the Phoenix	Adventure,Drama	1965
tt0408790	flightplan	Flightplan	Drama,Mystery,Thriller	2005
tt0109813	flintstones	The Flintstones	Comedy,Family,Fantasy	1994
tt0025124	flirtation.walk_tt0025124	Flirtation Walk	Drama,Musical,Romance	1934
tt0116324	flirting.with.d_tt0116324	Flirting with Disaster	Comedy	1996
tt5649144	florida.project_tt5649144	The Florida Project	Drama	2017
tt4772188	flow_tt4772188	Flow	Adventure,Animation,Family	2024
tt0054885	flower.drum.son_tt0054885	Flower Drum Song	Comedy,Musical,Romance	1961
tt0156587	flowers.of.shan_tt0156587	Flowers of Shanghai	Drama,Romance	1998
tt0119137	flubber	Flubber	Comedy,Family,Sci-Fi	1997
tt0424095	flushed.away_tt0424095	Flushed Away	Action,Adventure,Animation	2006
tt0091064	fly	The Fly	Drama,Horror,Sci-Fi	1986
tt0024025	flying.down.to._tt0024025	Flying Down to Rio	Comedy,Musical,Romance	1933
tt0043547	flying.leathern_tt0043547	Flying Leathernecks	Action,Drama,War	1951
tt0034742	flying.tigers_tt0034742	Flying Tigers	Action,Drama,Romance	1942
tt0080749	fog_tt0080749	The Fog	Horror,Thriller	1980
tt0317910	fog.of.war_tt0317910	The Fog of War	Biography,Documentary,History	2003
tt0027630	follow.the.flee_tt0027630	Follow the Fleet	Comedy,Musical,Romance	1936
tt0770752	fools.gold_tt0770752	Fool's Gold	Action,Adventure,Comedy	2008
tt0024028	footlight.parad_tt0024028	Footlight Parade	Comedy,Musical,Romance	1933
tt0034745	footlight.seren_tt0034745	Footlight Serenade	Comedy,Musical,Romance	1942
tt0087277	footloose	Footloose	Drama,Music,Romance	1984
tt1445520	footnote_tt1445520	Footnote	Comedy,Drama	2011
tt0082398	for_your_eyes_only	For Your Eyes Only	Action,Adventure,Thriller	1981
tt0097372	for.all.mankind_tt0097372	For All Mankind	Documentary,History	1989
tt0034746	for.me.and.my.g_tt0034746	For Me and My Gal	Musical,Romance,War	1942
tt0071514	for.petes.sake_tt0071514	For Pete's Sake	Comedy	1974
tt0035896	for.whom.the.be_tt0035896	For Whom the Bell Tolls	Adventure,Drama,History	1943
tt2488496	force_awakens	Star Wars: Episode VII - The Force Awakens	Action,Adventure,Sci-Fi	2015
tt0141098	forces.of.natur_tt0141098	Forces of Nature	Comedy,Romance	1999
tt1950186	ford_v_ferrari	Ford v Ferrari	Action,Biography,Drama	2019
tt0032484	foreign.corresp_tt0032484	Foreign Correspondent	Action,Drama,Romance	1940
tt10327252	forever.purge_tt10327252	The Forever Purge	Action,Crime,Drama	2021
tt0800039	forgetting.sara_tt0800039	Forgetting Sarah Marshall	Comedy,Drama,Romance	2008
tt0356618	forgotten_tt0356618	The Forgotten	Drama,Mystery,Sci-Fi	2004
tt0033623	forgotten.villa_tt0033623	The Forgotten Village	Documentary,Drama	1941
tt0080754	formula_tt0080754	The Formula	Crime,Thriller	1980
tt0109830	forrest_gump	Forrest Gump	Drama,Romance	1994
tt0040369	fort.apache_tt0040369	Fort Apache	Drama,Western	1948
tt0077578	foul.play_tt0077578	Foul Play	Comedy,Mystery,Thriller	1978
tt0369436	four_christmases	Four Christmases	Comedy,Drama,Romance	2008
tt0082405	four_seasons	The Four Seasons	Comedy,Drama	1981
tt0109831	four_weddings_and_a_funeral	Four Weddings and a Funeral	Comedy,Drama,Romance	1994
tt0430105	four.brothers_tt0430105	Four Brothers	Action,Crime,Drama	2005
tt0030149	four.daughters_tt0030149	Four Daughters	Drama,Music,Romance	1938
tt0031334	four.feathers_tt0031334	The Four Feathers	Adventure,Drama,History	1939
tt0054890	four.horsemen.o_tt0054890	The Four Horsemen of the Apocalypse	Drama,War	1962
tt0073012	four.musketeers_tt0073012	The Four Musketeers	Action,Adventure,Romance	1974
tt0062990	fox_tt0062990	The Fox	Drama	1967
tt0082406	fox.and.the.hou_tt0082406	The Fox and the Hound	Adventure,Animation,Drama	1981
tt1100089	foxcatcher_tt1100089	Foxcatcher	Biography,Drama,History	2014
tt0080756	foxes_tt0080756	Foxes	Drama	1980
tt2347569	frances.ha_tt2347569	Frances Ha	Comedy,Drama,Romance	2012
tt0054892	francis.of.assi_tt0054892	Francis of Assisi	Biography,Drama,History	1961
tt0021884	frankenstein_tt0021884	Frankenstein	Drama,Horror,Sci-Fi	1931
tt1142977	frankenweenie_tt1142977	Frankenweenie	Animation,Comedy,Drama	2012
tt31956415	freakier.friday_tt31956415	Freakier Friday	Comedy,Family,Fantasy	2025
tt0322330	freaky_friday	Freaky Friday	Comedy,Family,Fantasy	2003
tt10919380	freaky_tt10919380	Freaky	Comedy,Horror,Thriller	2020
tt0076054	freaky.friday_tt0076054	Freaky Friday	Comedy,Family,Fantasy	1976
tt0486583	fred.claus_tt0486583	Fred Claus	Comedy,Family,Fantasy	2007
tt0329101	freddy.vs..jaso_tt0329101	Freddy vs. Jason	Action,Horror	2003
tt0101917	freddys.dead.th_tt0101917	Freddy's Dead: The Final Nightmare	Fantasy,Horror	1991
tt0106965	free_willy	Free Willy	Adventure,Drama,Family	1993
tt0067116	french.connecti_tt0067116	The French Connection	Action,Crime,Drama	1971
tt0073018	french.connecti_tt0073018	French Connection II	Action,Crime,Drama	1975
tt0113117	french.kiss_tt0113117	French Kiss	Comedy,Drama,Romance	1995
tt0082416	french.lieutena_tt0082416	The French Lieutenant's Woman	Drama,Romance	1981
tt0036840	frenchmans.cree_tt0036840	Frenchman's Creek	Adventure,Drama,Romance	1944
tt0068611	frenzy_tt0068611	Frenzy	Drama,Thriller	1972
tt0055998	freud_tt0055998	Freud	Biography,Drama	1962
tt0091080	friday_the_13_6_jason_lives	Friday the 13th Part VI: Jason Lives	Horror,Thriller	1986
tt0080761	friday_the_13th	Friday the 13th	Horror,Mystery,Thriller	1980
tt0082418	friday_the_13th_2	Friday the 13th Part 2	Horror,Mystery,Thriller	1981
tt0083972	friday_the_13th_3	Friday the 13th: Part 3	Horror,Thriller	1982
tt0087298	friday_the_13th_final_chapter	Friday the 13th: The Final Chapter	Horror,Thriller	1984
tt0089173	friday_the_13th_new_beginning	Friday the 13th: A New Beginning	Horror,Mystery,Thriller	1985
tt0390022	friday.night.li_tt0390022	Friday Night Lights	Action,Drama,Sport	2004
tt0101921	fried_green_tomatoes	Fried Green Tomatoes	Drama	1991
tt0049233	friendly.persua_tt0049233	Friendly Persuasion	Drama,Family,Romance	1956
tt0089175	fright.night_tt0089175	Fright Night	Horror	1985
tt0043565	frogmen_tt0043565	The Frogmen	Adventure,Drama,War	1951
tt0045793	from.here.to.et_tt0045793	From Here to Eternity	Drama,Romance,War	1953
tt0080762	from.mao.to.moz_tt0080762	From Mao to Mozart: Isaac Stern in China	Documentary,Music	1979
tt0057076	from.russia.wit_tt0057076	From Russia with Love	Action,Adventure,Thriller	1963
tt0053841	from.the.terrac_tt0053841	From the Terrace	Drama,Romance	1960
tt0074554	front_tt0074554	The Front	Drama	1976
tt0071524	front.page_tt0071524	The Front Page	Comedy,Drama,Romance	1974
tt0870111	frostnixon_tt0870111	Frost/Nixon	Biography,Drama,History	2008
tt2294629	frozen_tt2294629	Frozen	Adventure,Animation,Comedy	2013
tt4520988	frozen.ii_tt4520988	Frozen II	Adventure,Animation,Comedy	2019
tt0978759	frozen.river_tt0978759	Frozen River	Crime,Drama	2008
tt2334649	fruitvale.stati_tt2334649	Fruitvale Station	Biography,Crime,Drama	2013
tt0106977	fugitive	The Fugitive	Action,Crime,Drama	1993
tt0039402	fugitive_tt0039402	The Fugitive	Drama,History	1947
tt0052832	fugitive.kind_tt0052832	The Fugitive Kind	Drama,Romance	1960
tt0093058	full_metal_jacket	Full Metal Jacket	Drama,War	1987
tt0119164	full.monty_tt0119164	The Full Monty	Comedy,Drama	1997
tt0076059	fun.with.dick.a_tt0076059	Fun with Dick and Jane	Comedy,Crime	1977
tt0369441	fun.with.dick.a_tt0369441	Fun with Dick and Jane	Comedy,Crime	2005
tt0060437	funeral.in.berl_tt0060437	Funeral in Berlin	Thriller	1966
tt0082427	funhouse_tt0082427	The Funhouse	Horror	1981
tt0050419	funny.face_tt0050419	Funny Face	Comedy,Musical,Romance	1957
tt0095188	funny.farm_tt0095188	Funny Farm	Comedy	1988
tt0062994	funny.girl_tt0062994	Funny Girl	Biography,Comedy,Drama	1968
tt0073026	funny.lady_tt0073026	Funny Lady	Biography,Comedy,Drama	1975
tt12037194	furiosa_tt12037194	Furiosa: A Mad Max Saga	Action,Adventure,Sci-Fi	2024
tt2820852	furious_7	Furious 7	Action,Thriller	2015
tt1392190	fury_road	Mad Max: Fury Road	Action,Adventure,Sci-Fi	2015
tt0077588	fury_tt0077588	The Fury	Horror,Sci-Fi,Thriller	1978
tt2713180	fury_tt2713180	Fury	Action,Drama,War	2014
tt0068617	fuzz_tt0068617	Fuzz	Action,Comedy,Crime	1972
tt0089118	fx_tt0089118	F/X	Action,Thriller	1986
tt0119173	g.i..jane_tt0119173	G.I. Jane	Action,Drama,War	1997
tt0026393	g.men_tt0026393	G' Men	Crime,Drama,Film-Noir	1935
tt0024044	gabriel.over.th_tt0024044	Gabriel Over the White House	Drama,Fantasy,Romance	1933
tt0177789	galaxy.quest_tt0177789	Galaxy Quest	Adventure,Comedy,Sci-Fi	1999
tt0060445	gambit_tt0060445	Gambit	Comedy,Crime,Thriller	1966
tt0492956	game_plan	The Game Plan	Comedy,Family,Sport	2007
tt0119174	game_tt0119174	The Game	Drama,Mystery,Thriller	1997
tt2704998	game.night_tt2704998	Game Night	Action,Adventure,Comedy	2018
tt0083987	gandhi	Gandhi	Biography,Drama,History	1982
tt0035916	gangs.all.here_tt0035916	The Gang's All Here	Musical,Romance	1943
tt0217505	gangs.of.new.yo_tt0217505	Gangs of New York	Crime,Drama	2002
tt0356634	garfield_tt0356634	Garfield: The Movie	Adventure,Comedy,Family	2004
tt5779228	garfield_tt5779228	The Garfield Movie	Adventure,Animation,Comedy	2024
tt1558250	gasland_tt1558250	GasLand	Documentary	2010
tt0036855	gaslight_tt0036855	Gaslight	Crime,Drama,Mystery	1944
tt0045935	gate.of.hell_tt0045935	Gate of Hell	Drama,History	1953
tt0025164	gay.divorcee_tt0025164	The Gay Divorcee	Comedy,Musical,Romance	1934
tt0017925	general_tt0017925	The General	Action,Adventure,Comedy	1926
tt0027664	general.died.at_tt0027664	The General Died at Dawn	Action,Drama,War	1936
tt0144214	generals_daughter	The General's Daughter	Crime,Drama,Mystery	1999
tt0045808	genevieve_tt0045808	Genevieve	Adventure,Comedy	1953
tt0039416	gentlemans.agre_tt0039416	Gentleman's Agreement	Drama,Romance	1947
tt8367814	gentlemen	The Gentlemen	Action,Comedy,Crime	2019
tt0045810	gentlemen.prefe_tt0045810	Gentlemen Prefer Blondes	Comedy,Musical,Romance	1953
tt0119190	george_of_the_jungle_fs	George of the Jungle	Action,Adventure,Comedy	1997
tt0060453	georgy.girl_tt0060453	Georgy Girl	Comedy,Drama,Romance	1966
tt2561572	get_hard	Get Hard	Comedy,Crime,Drama	2015
tt5052448	get_out	Get Out	Horror,Mystery,Thriller	2017
tt0113161	get_shorty	Get Shorty	Comedy,Crime,Thriller	1995
tt0425061	get_smart_fs	Get Smart	Action,Adventure,Comedy	2008
tt0078122	get.out.your.ha_tt0078122	Get Out Your Handkerchiefs	Comedy,Drama,Romance	1978
tt0068638	getaway_tt0068638	The Getaway	Action,Crime,Thriller	1972
tt0436339	gforce_tt0436339	G-Force	Action,Adventure,Animation	2009
tt0099653	ghost	Ghost	Drama,Fantasy,Romance	1990
tt0259324	ghost_rider	Ghost Rider	Action,Fantasy,Thriller	2007
tt0039420	ghost.and.mrs.._tt0039420	The Ghost and Mrs. Muir	Comedy,Drama,Fantasy	1947
tt0116409	ghost.and.the.d_tt0116409	The Ghost and the Darkness	Adventure,Drama,Thriller	1996
tt0032520	ghost.breakers_tt0032520	The Ghost Breakers	Comedy,Horror,Mystery	1940
tt0082449	ghost.story_tt0082449	Ghost Story	Drama,Horror,Thriller	1981
tt0162346	ghost.world_tt0162346	Ghost World	Comedy,Drama	2001
tt1139328	ghost.writer_tt1139328	The Ghost Writer	Crime,Drama,Mystery	2010
tt21235248	ghostb_tt21235248	Ghostbusters: Frozen Empire	Adventure,Comedy,Fantasy	2024
tt0087332	ghostbusters_1984	Ghostbusters	Action,Comedy,Fantasy	1984
tt0097428	ghostbusters_2	Ghostbusters II	Action,Comedy,Fantasy	1989
tt1289401	ghostbusters_2016	Ghostbusters	Action,Comedy,Fantasy	2016
tt4513678	ghostbusters.afterlife_tt4513678	Ghostbusters: Afterlife	Adventure,Comedy,Fantasy	2021
tt1583421	gi_joe_retaliation	G.I. Joe: Retaliation	Action,Adventure,Sci-Fi	2013
tt1046173	gi_joe_the_rise_of_cobra	G.I. Joe: The Rise of Cobra	Action,Adventure,Sci-Fi	2009
tt0051658	gigi_tt0051658	Gigi	Comedy,Musical,Romance	1958
tt0038559	gilda_tt0038559	Gilda	Drama,Film-Noir,Romance	1946
tt0026409	gilded.lily_tt0026409	The Gilded Lily	Comedy,Romance	1935
tt0065780	gimme.shelter_tt0065780	Gimme Shelter	Documentary,Music,Thriller	1970
tt0049263	girl.cant.help._tt0049263	The Girl Can't Help It	Comedy,Music	1956
tt0035942	girl.crazy_tt0035942	Girl Crazy	Comedy,Musical	1943
tt0066449	girl.in.my.soup_tt0066449	There's a Girl in My Soup	Comedy,Romance	1970
tt0030182	girl.of.the.gol_tt0030182	The Girl of the Golden West	Drama,Musical,Romance	1938
tt3631112	girl.on.the.tra_tt3631112	The Girl on the Train	Crime,Drama,Mystery	2016
tt0335119	girl.with.a.pea_tt0335119	Girl with a Pearl Earring	Biography,Drama,Romance	2003
tt0058142	girl.with.green_tt0058142	Girl with Green Eyes	Drama,Romance	1964
tt1568346	girl.with.the.d_tt1568346	The Girl with the Dragon Tattoo	Crime,Drama,Mystery	2011
tt0210075	girlfight_tt0210075	Girlfight	Drama,Sport	2000
tt1103982	girlfriend.expe_tt1103982	The Girlfriend Experience	Drama	2009
tt3564472	girls_trip	Girls Trip	Adventure,Comedy,Drama	2017
tt0172495	gladiator	Gladiator	Action,Adventure,Drama	2000
tt9218128	gladiator.2_tt9218128	Gladiator II	Action,Adventure,Drama	2024
tt6823368	glass	Glass	Drama,Horror,Sci-Fi	2019
tt0060463	glass.bottom.bo_tt0060463	The Glass Bottom Boat	Comedy,Romance	1966
tt0048124	glass.slipper_tt0048124	The Glass Slipper	Family,Fantasy,Musical	1955
tt0047030	glenn.miller.st_tt0047030	The Glenn Miller Story	Biography,Drama,Music	1954
tt0097441	glory_tt0097441	Glory	Biography,Drama,History	1989
tt0377981	gnomeo..juliet_tt0377981	Gnomeo & Juliet	Adventure,Animation,Comedy	2011
tt0139239	go_tt0139239	Go	Comedy,Crime	1999
tt0027684	go.west.young.m_tt0027684	Go West Young Man	Comedy	1936
tt0037746	god.is.my.copil_tt0037746	God Is My Co-Pilot	Action,Adventure,Biography	1945
tt0075930	god.told.me.to_tt0075930	God Told Me To	Crime,Horror,Mystery	1976
tt0068646	godfather_tt0068646	The Godfather	Crime,Drama	1972
tt0071562	godfather.part._tt0071562	The Godfather Part II	Crime,Drama	1974
tt0099674	godfather.part._tt0099674	The Godfather Part III	Crime,Drama	1990
tt0120684	gods.and.monste_tt0120684	Gods and Monsters	Biography,Drama	1998
tt0051666	gods.little.acr_tt0051666	God's Little Acre	Comedy,Drama,Romance	1958
tt0080801	gods.must.be.cr_tt0080801	The Gods Must Be Crazy	Adventure,Comedy	1980
tt5635086	gods.own.countr_tt5635086	God's Own Country	Drama,Romance	2017
tt0120685	godzilla	Godzilla	Action,Sci-Fi,Thriller	1998
tt3741700	godzilla_king_of_the_monsters	Godzilla: King of the Monsters	Action,Adventure,Fantasy	2019
tt14539740	godzilla.and.ko_tt14539740	Godzilla x Kong: The New Empire	Action,Adventure,Fantasy	2024
tt5034838	godzilla.vs..ko_tt5034838	Godzilla vs. Kong	Action,Sci-Fi,Thriller	2021
tt0831387	godzilla2014	Godzilla	Action,Adventure,Sci-Fi	2014
tt0026419	goin.to.town_tt0026419	Goin' to Town	Comedy,Musical	1935
tt0024067	going.hollywood_tt0024067	Going Hollywood	Musical,Romance	1933
tt0079219	going.in.style_tt0079219	Going in Style	Comedy,Crime,Drama	1979
tt0036872	going.my.way_tt0036872	Going My Way	Comedy,Drama,Music	1944
tt0024069	gold.diggers.of_tt0024069	Gold Diggers of 1933	Comedy,Drama,Musical	1933
tt0015864	gold.rush_tt0015864	The Gold Rush	Adventure,Comedy,Drama	1925
tt0091129	golden_child	The Golden Child	Action,Adventure,Comedy	1986
tt0385752	golden.compass_tt0385752	The Golden Compass	Adventure,Family,Fantasy	2007
tt0465188	golden.door_tt0465188	Golden Door	Drama,History,Romance	2006
tt0071569	golden.voyage.o_tt0071569	The Golden Voyage of Sinbad	Action,Adventure,Fantasy	1973
tt0113189	goldeneye	GoldenEye	Action,Adventure,Thriller	1995
tt0058150	goldfinger_tt0058150	Goldfinger	Action,Adventure,Thriller	1964
tt0295178	goldmember	Austin Powers in Goldmember	Action,Adventure,Comedy	2002
tt0030194	goldwyn.follies_tt0030194	The Goldwyn Follies	Comedy,Musical,Romance	1938
tt0929425	gomorrah_tt0929425	Gomorrah	Crime,Drama	2008
tt2267998	gone_girl	Gone Girl	Drama,Mystery,Thriller	2014
tt0187078	gone_in_60_seconds	Gone in 60 Seconds	Action,Crime,Thriller	2000
tt0031381	gone.with.the.w_tt0031381	Gone with the Wind	Drama,Romance,War	1939
tt0093105	good_morning_vietnam	Good Morning, Vietnam	Biography,Comedy,Drama	1987
tt0119217	good_will_hunting	Good Will Hunting	Drama,Romance	1997
tt6977338	good.boys_tt6977338	Good Boys	Adventure,Comedy	2019
tt0301357	good.bye.lenin_tt0301357	Good Bye Lenin!	Comedy,Drama,Romance	2003
tt1979388	good.dinosaur_tt1979388	The Good Dinosaur	Action,Adventure,Animation	2015
tt0028944	good.earth_tt0028944	The Good Earth	Drama,Romance	1937
tt1213585	good.hair_tt1213585	Good Hair	Comedy,Documentary	2009
tt0058153	good.neighbor.s_tt0058153	Good Neighbor Sam	Comedy	1964
tt0039431	good.news_tt0039431	Good News	Comedy,Musical,Romance	1947
tt0433383	good.night.and._tt0433383	Good Night, and Good Luck.	Biography,Drama,History	2005
tt0040395	good.sam_tt0040395	Good Sam	Comedy,Drama,Romance	1948
tt0107034	good.son_tt0107034	The Good Son	Drama,Thriller	1993
tt0060196	good.the.bad.an_tt0060196	The Good, the Bad and the Ugly	Adventure,Drama,Western	1966
tt0092593	goodbye.childre_tt0092593	Au Revoir Les Enfants	Drama,War	1987
tt0064381	goodbye.columbu_tt0064381	Goodbye, Columbus	Comedy,Drama,Romance	1969
tt0377556	goodbye.dragon._tt0377556	Goodbye, Dragon Inn	Comedy,Drama	2003
tt0076095	goodbye.girl_tt0076095	The Goodbye Girl	Comedy,Drama,Romance	1977
tt0031385	goodbye.mr..chi_tt0031385	Goodbye, Mr. Chips	Drama,Romance	1939
tt2400275	goodbye.to.lang_tt2400275	Goodbye to Language	Drama,Fantasy	2014
tt0099685	goodfellas_tt0099685	Goodfellas	Biography,Crime,Drama	1990
tt0089218	goonies	The Goonies	Adventure,Comedy,Family	1985
tt1051904	goosebumps_tt1051904	Goosebumps	Adventure,Comedy,Fantasy	2015
tt0027690	gorgeous.hussy_tt0027690	The Gorgeous Hussy	Drama,History	1936
tt0095243	gorillas.in.the_tt0095243	Gorillas in the Mist	Biography,Drama	1988
tt0280707	gosford.park_tt0280707	Gosford Park	Comedy,Drama,Mystery	2001
tt0058715	gospel.accordin_tt0058715	The Gospel According to St. Matthew	Biography,Drama,History	1964
tt0348836	gothika_tt0348836	Gothika	Horror,Mystery,Thriller	2003
tt0772168	grace.is.gone_tt0772168	Grace Is Gone	Drama,War	2007
tt0116442	grace.of.my.hea_tt0116442	Grace of My Heart	Comedy,Drama,Music	1996
tt0061722	graduate_tt0061722	The Graduate	Comedy,Drama,Romance	1967
tt4936450	graduation_tt4936450	Graduation	Crime,Drama	2016
tt1205489	gran_torino	Gran Torino	Drama	2008
tt2278388	grand.budapest._tt2278388	The Grand Budapest Hotel	Comedy,Drama	2014
tt0101969	grand.canyon_tt0101969	Grand Canyon	Crime,Drama	1991
tt0022958	grand.hotel_tt0022958	Grand Hotel	Drama,Romance	1932
tt0028950	grand.illusion_tt0028950	The Grand Illusion	Drama,War	1937
tt0060472	grand.prix_tt0060472	Grand Prix	Drama,Sport	1966
tt0032551	grapes.of.wrath_tt0032551	The Grapes of Wrath	Drama	1940
tt0053877	grass.is.greene_tt0053877	The Grass Is Greener	Comedy,Drama,Romance	1960
tt1454468	gravity	Gravity	Drama,Sci-Fi,Thriller	2013
tt0077631	grease_tt0077631	Grease	Comedy,Musical,Romance	1978
tt0076106	greased.lightni_tt0076106	Greased Lightning	Action,Biography,Comedy	1977
tt1343092	great_gatsby	The Great Gatsby	Drama,Romance	2013
tt0082474	great_muppet_caper	The Great Muppet Caper	Adventure,Comedy,Crime	1981
tt0095253	great_outdoors	The Great Outdoors	Comedy	1988
tt2358891	great.beauty_tt2358891	The Great Beauty	Drama	2013
tt0043599	great.caruso_tt0043599	The Great Caruso	Biography,Drama,Music	1951
tt0032553	great.dictator_tt0032553	The Great Dictator	Comedy,Drama,War	1940
tt0057115	great.escape_tt0057115	The Great Escape	Adventure,Drama,Thriller	1963
tt0038574	great.expectati_tt0038574	Great Expectations	Adventure,Drama,Mystery	1946
tt0041428	great.gatsby_tt0041428	The Great Gatsby	Drama,Mystery,Romance	1949
tt0071577	great.gatsby_tt0071577	The Great Gatsby	Drama,Romance	1974
tt0033677	great.lie_tt0033677	The Great Lie	Drama	1941
tt0091149	great.mouse.det_tt0091149	The Great Mouse Detective	Adventure,Animation,Family	1986
tt0059243	great.race_tt0059243	The Great Race	Action,Adventure,Comedy	1965
tt0079240	great.train.rob_tt0079240	The Great Train Robbery	Adventure,Crime,Drama	1978
tt0073075	great.waldo_tt0073075	The Great Waldo Pepper	Adventure,Drama	1975
tt0030202	great.waltz_tt0030202	The Great Waltz	Biography,Drama,Music	1938
tt0065797	great.white.hop_tt0065797	The Great White Hope	Drama,Romance,Sport	1970
tt0027698	great.ziegfeld_tt0027698	The Great Ziegfeld	Drama,Musical	1936
tt1485796	greatest_showman	The Greatest Showman	Biography,Drama,Musical	2017
tt0076111	greatest_tt0076111	The Greatest	Biography,Drama,Sport	1977
tt0044672	greatest.show.o_tt0044672	The Greatest Show on Earth	Drama,Family,Romance	1952
tt0059245	greatest.story._tt0059245	The Greatest Story Ever Told	Biography,Drama,History	1965
tt0077636	greek.tycoon_tt0077636	The Greek Tycoon	Drama	1978
tt0990407	green_hornet	The Green Hornet	Action,Comedy,Crime	2011
tt1133985	green_lantern	Green Lantern	Action,Adventure,Sci-Fi	2011
tt0063035	green.berets_tt0063035	The Green Berets	Drama,War	1968
tt6966692	green.book_tt6966692	Green Book	Biography,Comedy,Drama	2018
tt0099699	green.card_tt0099699	Green Card	Comedy,Drama,Romance	1990
tt0039437	green.dolphin.s_tt0039437	Green Dolphin Street	Adventure,Drama,Romance	1947
tt9243804	green.knight_tt9243804	The Green Knight	Adventure,Drama,Fantasy	2021
tt0052864	green.mansions_tt0052864	Green Mansions	Adventure,Drama,Romance	1959
tt0120689	green.mile_tt0120689	The Green Mile	Crime,Drama,Fantasy	1999
tt0027700	green.pastures_tt0027700	The Green Pastures	Drama	1936
tt0038578	green.years_tt0038578	The Green Years	Drama	1946
tt0082477	gregorys.girl_tt0082477	Gregory's Girl	Comedy,Drama,Romance	1980
tt0087363	gremlins	Gremlins	Comedy,Fantasy,Horror	1984
tt0099700	gremlins.2.the._tt0099700	Gremlins 2: The New Batch	Comedy,Fantasy,Horror	1990
tt9086228	gretel..hansel_tt9086228	Gretel & Hansel	Fantasy,Horror,Mystery	2020
tt0087365	greystoke	Greystoke: The Legend of Tarzan, Lord of the Apes	Adventure,Drama	1984
tt0119225	gridlockd_tt0119225	Gridlock'd	Comedy,Crime,Drama	1997
tt0099703	grifters_tt0099703	The Grifters	Crime,Drama,Thriller	1990
tt2709692	grinch_tt2709692	The Grinch	Animation,Comedy,Family	2018
tt0427312	grizzly.man_tt0427312	Grizzly Man	Biography,Documentary	2005
tt0071583	groove.tube_tt0071583	The Groove Tube	Comedy	1974
tt0107048	groundhog_day	Groundhog Day	Comedy,Drama,Fantasy	1993
tt1375670	grown_ups	Grown Ups	Comedy	2010
tt2191701	grown_ups_2	Grown Ups 2	Comedy	2013
tt0391198	grudge	The Grudge	Horror,Mystery,Thriller	2004
tt3612126	grudge_2020	The Grudge	Fantasy,Horror	2019
tt0113228	grumpier.old.me_tt0113228	Grumpier Old Men	Comedy,Romance	1995
tt0107050	grumpy_old_men_fs	Grumpy Old Men	Comedy,Drama,Romance	1993
tt0035957	guadalcanal.dia_tt0035957	Guadalcanal Diary	Drama,War	1943
tt2015381	guardians_of_the_galaxy	Guardians of the Galaxy	Action,Adventure,Comedy	2014
tt3896198	guardians_of_the_galaxy_2	Guardians of the Galaxy Vol. 2	Action,Adventure,Comedy	2017
tt6791350	guardians.of.th_tt6791350	Guardians of the Galaxy Vol. 3	Action,Adventure,Comedy	2023
tt0109951	guarding.tess_tt0109951	Guarding Tess	Comedy,Drama	1994
tt0372237	guess.who_tt0372237	Guess Who	Comedy,Romance	2005
tt0061735	guess.whos.comi_tt0061735	Guess Who's Coming to Dinner	Comedy,Drama	1967
tt1488589	guillermo.del.t_tt1488589	Guillermo del Toro's Pinocchio	Adventure,Animation,Drama	2022
tt6742252	guilty_tt6742252	The Guilty	Crime,Drama,Thriller	2018
tt0031397	gullivers.trave_tt0031397	Gulliver's Travels	Adventure,Animation,Comedy	1939
tt0119237	gummo_tt0119237	Gummo	Comedy,Drama	1997
tt0050468	gunfight.at.the_tt0050468	Gunfight at the O.K. Corral	Biography,Drama,Western	1957
tt0091159	gung.ho_tt0091159	Gung Ho	Comedy,Drama	1986
tt0031398	gunga.din_tt0031398	Gunga Din	Adventure,Comedy,War	1939
tt0054953	guns.of.navaron_tt0054953	The Guns of Navarone	Action,Adventure,Drama	1961
tt0048140	guys.and.dolls_tt0048140	Guys and Dolls	Comedy,Crime,Musical	1955
tt0056048	gypsy_tt0056048	Gypsy	Biography,Comedy,Drama	1962
tt2119532	hacksaw.ridge_tt2119532	Hacksaw Ridge	Biography,Drama,History	2016
tt0079261	hair_tt0079261	Hair	Comedy,Drama,Musical	1979
tt0427327	hairspray	Hairspray	Comedy,Drama,Musical	2007
tt0468489	half.nelson_tt0468489	Half Nelson	Drama	2006
tt0059250	hallelujah.trai_tt0059250	The Hallelujah Trail	Comedy,Western	1965
tt0082495	halloween_2	Halloween II	Horror	1981
tt0077651	halloween_tt0077651	Halloween	Horror,Thriller	1978
tt0373883	halloween_tt0373883	Halloween	Horror	2007
tt1502407	halloween_tt1502407	Halloween	Crime,Drama,Horror	2018
tt10665342	halloween.ends_tt10665342	Halloween Ends	Drama,Horror,Mystery	2022
tt0120694	halloween.h20.2_tt0120694	Halloween H20: 20 Years Later	Horror,Thriller	1998
tt0042539	halls.of.montez_tt0042539	Halls of Montezuma	Action,Adventure,Drama	1951
tt0040416	hamlet_tt0040416	Hamlet	Drama	1948
tt14905854	hamnet_tt14905854	Hamnet	Biography,Drama,History	2025
tt0448157	hancock	Hancock	Action,Comedy,Drama	2008
tt0104389	hand_that_rocks_the_cradle	The Hand That Rocks the Cradle	Drama,Thriller	1992
tt0082497	hand_tt0082497	The Hand	Drama,Horror,Thriller	1981
tt0026452	hands.across.th_tt0026452	Hands Across the Table	Comedy,Romance	1935
tt0061747	hang.em.high_tt0061747	Hang 'Em High	Drama,Western	1968
tt1411697	hangover_2	The Hangover Part II	Comedy	2011
tt1951261	hangover_3	The Hangover Part III	Comedy,Crime	2013
tt1119646	hangover_fs	The Hangover	Comedy	2009
tt0091167	hannah.and.her._tt0091167	Hannah and Her Sisters	Comedy,Drama	1986
tt1114677	hannah.montana._tt1114677	Hannah Montana: The Movie	Comedy,Drama,Family	2009
tt1127884	hannah.montana._tt1127884	Hannah Montana and Miley Cyrus: Best of Both Worlds Concert	Documentary,Music	2008
tt0212985	hannibal	Hannibal	Crime,Drama,Thriller	2001
tt0044685	hans.christian._tt0044685	Hans Christian Andersen	Biography,Family,Musical	1952
tt0949731	happening_tt0949731	The Happening	Adventure,Drama,Sci-Fi	2008
tt13880104	happening_tt13880104	Happening	Drama	2021
tt0061749	happiest.millio_tt0061749	The Happiest Millionaire	Comedy,Family,Musical	1967
tt0147612	happiness_tt0147612	Happiness	Comedy,Drama	1998
tt5308322	happy.death.day_tt5308322	Happy Death Day	Comedy,Horror,Mystery	2017
tt0366548	happy.feet_tt0366548	Happy Feet	Adventure,Animation,Comedy	2006
tt0116483	happy.gilmore_tt0116483	Happy Gilmore	Comedy,Sport	1996
tt1045670	happygolucky_tt1045670	Happy-Go-Lucky	Comedy,Drama,Romance	2008
tt0099739	hard_to_kill	Hard to Kill	Action,Crime,Drama	1990
tt0424136	hard.candy_tt0424136	Hard Candy	Drama,Thriller	2005
tt0107076	hard.target_tt0107076	Hard Target	Action,Crime,Thriller	1993
tt0073092	hard.times_tt0073092	Hard Times	Crime,Drama,Sport	1975
tt0034828	hard.way_tt0034828	The Hard Way	Drama,Music,Romance	1943
tt0079271	hardcore_tt0079271	Hardcore	Crime,Drama	1979
tt0074605	harlan.county.u_tt0074605	Harlan County U.S.A.	Documentary	1976
tt0097481	harlem_nights	Harlem Nights	Comedy,Crime,Drama	1989
tt0067185	harold.and.maud_tt0067185	Harold and Maude	Comedy,Drama,Romance	1971
tt0060490	harper_tt0060490	Harper	Crime,Drama,Mystery	1966
tt0304141	harry_potter_azkaban	Harry Potter and the Prisoner of Azkaban	Adventure,Family,Fantasy	2004
tt0295297	harry_potter_chamber_of_secrets	Harry Potter and the Chamber of Secrets	Adventure,Family,Fantasy	2002
tt0926084	harry_potter_deathly_hallows_1	Harry Potter and the Deathly Hallows: Part 1	Adventure,Family,Fantasy	2010
tt1201607	harry_potter_deathly_hallows_2	Harry Potter and the Deathly Hallows: Part 2	Adventure,Family,Fantasy	2011
tt0330373	harry_potter_goblet_of_fire	Harry Potter and the Goblet of Fire	Adventure,Family,Fantasy	2005
tt0417741	harry_potter_half_blood_prince	Harry Potter and the Half-Blood Prince	Action,Adventure,Family	2009
tt0373889	harry_potter_phoenix	Harry Potter and the Order of the Phoenix	Action,Adventure,Family	2007
tt0241527	harry_potter_sorcerers_stone	Harry Potter and the Sorcerer's Stone	Adventure,Family,Fantasy	2001
tt0093148	harry.and.the.h_tt0093148	Harry and the Hendersons	Comedy,Family,Fantasy	1987
tt0071598	harry.and.tonto_tt0071598	Harry and Tonto	Adventure,Comedy,Drama	1974
tt0074608	harry.and.walte_tt0074608	Harry and Walter Go to New York	Comedy,Crime	1976
tt0042546	harvey_tt0042546	Harvey	Comedy,Drama,Fantasy	1950
tt0038589	harvey.girls_tt0038589	The Harvey Girls	Comedy,Drama,History	1946
tt0056059	hatari_tt0056059	Hatari!	Action,Adventure,Comedy	1962
tt0338094	haunted.mansion_tt0338094	The Haunted Mansion	Comedy,Family,Fantasy	2003
tt1695843	haunted.mansion_tt1695843	Haunted Mansion	Comedy,Drama,Family	2023
tt0171363	haunting	The Haunting	Fantasy,Horror,Mystery	1999
tt0060491	hawaii_tt0060491	Hawaii	Drama	1966
tt0080850	he.knows_tt0080850	He Knows You're Alone	Horror,Thriller	1980
tt0050237	he.who.must.die_tt0050237	He Who Must Die	Drama	1957
tt0082507	heartbeeps_tt0082507	Heartbeeps	Comedy,Sci-Fi	1981
tt0091187	heartbreak.ridg_tt0091187	Heartbreak Ridge	Drama,War	1986
tt0091188	heartburn_tt0091188	Heartburn	Comedy,Drama	1986
tt0071604	hearts.and.mind_tt0071604	Hearts and Minds	Documentary,History,War	1974
tt2404463	heat_2013	The Heat	Action,Comedy,Crime	2013
tt0113277	heat_tt0113277	Heat	Action,Crime,Drama	1995
tt0084058	heat.and.dust_tt0084058	Heat and Dust	Drama,Romance	1983
tt0097493	heathers_tt0097493	Heathers	Comedy,Crime	1989
tt0035979	heaven.can.wait_tt0035979	Heaven Can Wait	Comedy,Drama,Fantasy	1943
tt0077663	heaven.can.wait_tt0077663	Heaven Can Wait	Comedy,Fantasy,Romance	1978
tt1929263	heaven.is.for.r_tt1929263	Heaven Is for Real	Biography,Drama,Family	2014
tt0050490	heaven.knows.mr_tt0050490	Heaven Knows, Mr. Allison	Adventure,Drama,War	1957
tt0110005	heavenly.creatu_tt0110005	Heavenly Creatures	Biography,Crime,Drama	1994
tt0248845	hedwig.and.the._tt0248845	Hedwig and the Angry Inch	Comedy,Drama,Music	2001
tt0041452	heiress_tt0041452	The Heiress	Drama,Romance	1949
tt0049301	helen.of.troy_tt0049301	Helen of Troy	Drama,History,Romance	1956
tt2582782	hell.or.high.wa_tt2582782	Hell or High Water	Crime,Drama,Thriller	2016
tt0167190	hellboy_tt0167190	Hellboy	Action,Adventure,Fantasy	2004
tt0411477	hellboy.ii.the._tt0411477	Hellboy II: The Golden Army	Action,Adventure,Fantasy	2008
tt0064418	hello.dolly_tt0064418	Hello, Dolly!	Adventure,Comedy,Musical	1969
tt0035982	hello.frisco.he_tt0035982	Hello Frisco, Hello	Musical	1943
tt1454029	help	The Help	Drama	2011
tt0097499	henry.v_tt0097499	Henry V	Biography,Drama,History	1989
tt1798709	her_tt1798709	Her	Drama,Romance,Sci-Fi	2013
tt0037769	her.highness.an_tt0037769	Her Highness and the Bellboy	Comedy,Romance	1945
tt0400497	herbie.fully.lo_tt0400497	Herbie: Fully Loaded	Adventure,Comedy,Family	2005
tt0076137	herbie.goes.to._tt0076137	Herbie Goes to Monte Carlo	Action,Adventure,Comedy	1977
tt0071607	herbie.rides.ag_tt0071607	Herbie Rides Again	Comedy,Family,Fantasy	1974
tt0050381	hercules_tt0050381	Hercules	Adventure,Fantasy,History	1958
tt1267297	hercules_tt1267297	Hercules	Action,Adventure,Fantasy	2014
tt0036912	here.come.the.w_tt0036912	Here Come the Waves	Comedy,Musical,Romance	1944
tt0033712	here.comes.mr.._tt0033712	Here Comes Mr. Jordan	Comedy,Fantasy,Romance	1941
tt0025239	here.is.my.hear_tt0025239	Here Is My Heart	Comedy,Musical,Romance	1934
tt0299977	hero_tt0299977	Hero	Action,Adventure,Drama	2002
tt0080863	hero.at.large_tt0080863	Hero at Large	Comedy,Romance	1980
tt0076138	heroes_tt0076138	Heroes	Comedy,Drama	1977
tt1001508	hes.just.not.th_tt1001508	He's Just Not That Into You	Comedy,Drama,Romance	2009
tt0073107	hester.street_tt0073107	Hester Street	Drama,Romance	1975
tt0065836	hi.mom_tt0065836	Hi, Mom!	Comedy,Drama	1970
tt0317648	hidalgo_tt0317648	Hidalgo	Action,Adventure,Biography	2004
tt4846340	hidden_figures	Hidden Figures	Biography,Drama,History	2016
tt0051808	hidden.fortress_tt0051808	The Hidden Fortress	Adventure,Drama	1958
tt0962726	high_school_musical_3	High School Musical 3: Senior Year	Comedy,Drama,Family	2008
tt0057565	high.and.low_tt0057565	High and Low	Crime,Drama,Mystery	1963
tt0047086	high.and.the.mi_tt0047086	The High and the Mighty	Action,Adventure,Drama	1954
tt0076141	high.anxiety_tt0076141	High Anxiety	Comedy,Mystery,Thriller	1977
tt0139362	high.art_tt0139362	High Art	Drama,Romance	1998
tt0044706	high.noon_tt0044706	High Noon	Drama,Thriller,Western	1952
tt0068699	high.plains.dri_tt0068699	High Plains Drifter	Drama,Western	1973
tt0085678	high.road.to.ch_tt0085678	High Road to China	Adventure,Drama,Romance	1983
tt0049314	high.society_tt0049314	High Society	Comedy,Musical,Romance	1956
tt0018996	high.treason_tt0018996	High Treason	Sci-Fi	1929
tt0113305	higher.learning_tt0113305	Higher Learning	Crime,Drama,Thriller	1995
tt0077681	hills.have.eyes_tt0077681	The Hills Have Eyes	Horror,Thriller	1977
tt0120699	hilo.country_tt0120699	The Hi-Lo Country	Drama,Romance,Western	1998
tt0073113	hindenburg_tt0073113	The Hindenburg	Adventure,Drama,History	1975
tt0052893	hiroshima.mon.a_tt0052893	Hiroshima Mon Amour	Drama,Romance	1959
tt0082517	history_of_the_world_part_1	History of the World: Part I	Comedy,History,Musical	1981
tt0386588	hitch	Hitch	Comedy,Romance	2005
tt0034856	hitlers.childre_tt0034856	Hitler's Children	Drama,Romance,War	1943
tt1959563	hitmans.bodygua_tt1959563	The Hitman's Bodyguard	Action,Comedy,Crime	2017
tt8385148	hitmans.wifes.b_tt8385148	Hitman's Wife's Bodyguard	Action,Comedy,Crime	2021
tt2310332	hobbit_battle_of_the_five_armies	The Hobbit: The Battle of the Five Armies	Adventure,Fantasy	2014
tt1170358	hobbit_desolation_of_smaug	The Hobbit: The Desolation of Smaug	Adventure,Fantasy	2013
tt0903624	hobbit_unexpected_journey	The Hobbit: An Unexpected Journey	Adventure,Fantasy	2012
tt0047094	hobsons.choice_tt0047094	Hobson's Choice	Comedy,Drama,Romance	1954
tt0107120	hocus.pocus_tt0107120	Hocus Pocus	Comedy,Family,Fantasy	1993
tt0104427	hoffa_tt0104427	Hoffa	Biography,Crime,Drama	1992
tt0024130	hold.your.man_tt0024130	Hold Your Man	Crime,Drama,Romance	1933
tt14849194	holdovers_tt14849194	The Holdovers	Comedy,Drama	2023
tt0311289	holes_tt0311289	Holes	Adventure,Comedy,Drama	2003
tt0030241	holiday_tt0030241	Holiday	Comedy,Romance	1938
tt0038606	holiday.in.mexi_tt0038606	Holiday in Mexico	Comedy,Musical,Romance	1946
tt0034862	holiday.inn_tt0034862	Holiday Inn	Comedy,Drama,Music	1942
tt0164052	hollow_man	Hollow Man	Action,Horror,Sci-Fi	2000
tt0036922	hollywood.cante_tt0036922	Hollywood Canteen	Comedy,Music,Romance	1944
tt0031433	hollywood.caval_tt0031433	Hollywood Cavalcade	Comedy,Drama,History	1939
tt0093200	hollywood.shuff_tt0093200	Hollywood Shuffle	Comedy	1987
tt0427969	hollywoodland_tt0427969	Hollywoodland	Biography,Crime,Drama	2006
tt0061770	hombre_tt0061770	Hombre	Drama,Western	1967
tt0099785	home_alone	Home Alone	Comedy,Family	1990
tt0104431	home_alone_2	Home Alone 2: Lost in New York	Adventure,Comedy,Crime	1992
tt2224026	home_tt2224026	Home	Adventure,Animation,Comedy	2015
tt0087328	home.and.the.wo_tt0087328	The Home and the World	Drama	1984
tt0051732	home.before.dar_tt0051732	Home Before Dark	Drama	1958
tt0053917	home.from.the.h_tt0053917	Home from the Hill	Drama,Romance,Western	1960
tt0041481	home.of.the.bra_tt0041481	Home of the Brave	Drama,War	1949
tt0040446	homecoming_tt0040446	Homecoming	Drama,Mystery,Romance	1948
tt0107131	homeward.bound._tt0107131	Homeward Bound: The Incredible Journey	Adventure,Comedy,Drama	1993
tt0116552	homeward.bound._tt0116552	Homeward Bound II: Lost in San Francisco	Adventure,Comedy,Family	1996
tt0102048	homicide_tt0102048	Homicide	Crime,Mystery,Thriller	1991
tt1838556	honest.thief_tt1838556	Honest Thief	Action,Crime,Drama	2020
tt0104437	honey_i_blew_up_the_kid_fs	Honey, I Blew Up the Kid	Adventure,Comedy,Family	1992
tt0097523	honey_i_shrunk_the_kids_fs	Honey, I Shrunk the Kids	Adventure,Comedy,Family	1989
tt0031440	honeymoon.in.ba_tt0031440	Honeymoon in Bali	Comedy,Music,Romance	1939
tt0104438	honeymoon.in.ve_tt0104438	Honeymoon in Vegas	Comedy,Romance,Thriller	1992
tt0064437	honeymoon.kille_tt0064437	The Honeymoon Killers	Crime,Drama,Romance	1970
tt0080888	honeysuckle.ros_tt0080888	Honeysuckle Rose	Drama,Music,Romance	1980
tt0033726	honky.tonk_tt0033726	Honky Tonk	Comedy,Crime,Drama	1941
tt0082525	honky.tonk.free_tt0082525	Honky Tonk Freeway	Action,Comedy	1981
tt0102057	hook	Hook	Adventure,Comedy,Family	1991
tt0110057	hoop.dreams_tt0110057	Hoop Dreams	Documentary,Drama,Sport	1994
tt0077696	hooper_tt0077696	Hooper	Action,Comedy	1978
tt0091217	hoosiers_tt0091217	Hoosiers	Drama,Sport	1986
tt1411704	hop_tt1411704	Hop	Adventure,Animation,Comedy	2011
tt0093209	hope.and.glory_tt0093209	Hope and Glory	Comedy,Drama,Romance	1987
tt0119313	hope.floats_tt0119313	Hope Floats	Drama,Romance	1998
tt1535438	hope.springs_tt1535438	Hope Springs	Comedy,Drama,Romance	2012
tt1499658	horrible_bosses	Horrible Bosses	Comedy,Crime	2011
tt0119314	horse_whisperer	The Horse Whisperer	Drama,Romance,Western	1998
tt0052902	horse.soldiers_tt0052902	The Horse Soldiers	Adventure,Drama,Romance	1959
tt0451079	horton.hears.a._tt0451079	Horton Hears a Who!	Adventure,Animation,Comedy	2008
tt0067217	hospital_tt0067217	The Hospital	Comedy,Drama,Mystery	1971
tt0102059	hot_shots	Hot Shots!	Action,Comedy	1991
tt0087425	hot.dog....the._tt0087425	Hot Dog... The Movie	Comedy,Romance,Sport	1984
tt0063094	hot.millions_tt0063094	Hot Millions	Comedy,Crime	1968
tt0068718	hot.rock_tt0068718	The Hot Rock	Action,Comedy,Crime	1972
tt0107144	hot.shots.part._tt0107144	Hot Shots! Part Deux	Action,Comedy	1993
tt0785006	hotel.for.dogs_tt0785006	Hotel for Dogs	Comedy,Family	2009
tt0395169	hotel.rwanda_tt0395169	Hotel Rwanda	Biography,Drama,History	2004
tt0837562	hotel.transylva_tt0837562	Hotel Transylvania	Animation,Comedy,Family	2012
tt2510894	hotel.transylva_tt2510894	Hotel Transylvania 2	Adventure,Animation,Comedy	2015
tt5220122	hotel.transylva_tt5220122	Hotel Transylvania 3: Summer Vacation	Adventure,Animation,Comedy	2018
tt0274558	hours_tt0274558	The Hours	Drama,Romance	2002
tt0091223	house_tt0091223	House	Comedy,Fantasy,Horror	1985
tt0077699	house.calls_tt0077699	House Calls	Comedy,Drama,Romance	1978
tt0251736	house.of.1000.c_tt0251736	House of 1000 Corpses	Horror	2003
tt0093223	house.of.games_tt0093223	House of Games	Crime,Drama,Thriller	1987
tt0200720	house.of.mirth_tt0200720	The House of Mirth	Drama,Romance	2000
tt0045888	house.of.wax_tt0045888	House of Wax	Horror	1953
tt0037795	house.on.92nd.s_tt0037795	The House on 92nd Street	Crime,Drama,Film-Noir	1945
tt0099800	house.party_tt0099800	House Party	Comedy,Music	1990
tt2119543	house.with.a.cl_tt2119543	The House with a Clock in Its Walls	Comedy,Family,Fantasy	2018
tt0051745	houseboat_tt0051745	Houseboat	Comedy,Drama,Family	1958
tt0104452	housesitter_tt0104452	HouseSitter	Comedy,Romance	1992
tt0170016	how_the_grinch_stole_christmas	How the Grinch Stole Christmas	Comedy,Family,Fantasy	2000
tt0251127	how_to_lose_a_guy_in_10_days	How to Lose a Guy in 10 Days	Comedy,Romance	2003
tt0033729	how.green.was.m_tt0033729	How Green Was My Valley	Drama,Family	1941
tt0056085	how.the.west.was.won_tt0056085	How the West Was Won	Action,Adventure,War	1962
tt0045891	how.to.marry.a._tt0045891	How to Marry a Millionaire	Comedy,Drama,Romance	1953
tt0058212	how.to.murder.y_tt0058212	How to Murder Your Wife	Comedy	1965
tt0060522	how.to.steal.a._tt0060522	How to Steal a Million	Comedy,Crime,Romance	1966
tt0061791	how.to.succeed._tt0061791	How to Succeed in Business Without Really Trying	Comedy,Musical	1967
tt26743210	how.to.train_tt26743210	How to Train Your Dragon	Action,Adventure,Comedy	2025
tt0892769	how.to.train.yo_tt0892769	How to Train Your Dragon	Action,Adventure,Animation	2010
tt1646971	how.to.train.yo_tt1646971	How to Train Your Dragon 2	Action,Adventure,Animation	2014
tt2386490	how.to.train.yo_tt2386490	How to Train Your Dragon: The Hidden World	Action,Adventure,Animation	2019
tt0104454	howards.end_tt0104454	Howards End	Drama,Romance	1992
tt0032612	howards.of.virg_tt0032612	The Howards of Virginia	Drama,History,War	1940
tt1049402	howl_tt1049402	Howl	Biography,Drama,Romance	2010
tt0082533	howling_tt0082533	The Howling	Horror	1981
tt0039477	hucksters_tt0039477	The Hucksters	Comedy,Drama,Romance	1947
tt0057163	hud_tt0057163	Hud	Drama,Western	1963
tt0970179	hugo_tt0970179	Hugo	Adventure,Drama,Family	2011
tt0800080	hulk	The Incredible Hulk	Action,Adventure,Sci-Fi	2008
tt0286716	hulk_2003_fs	Hulk	Action,Sci-Fi	2003
tt0036022	human.comedy_tt0036022	The Human Comedy	Comedy,Drama,Family	1943
tt0038622	humoresque_tt0038622	Humoresque	Drama,Film-Noir,Music	1946
tt0031455	hunchback.of.no_tt0031455	The Hunchback of Notre Dame	Drama,Romance	1939
tt0116583	hunchback.of.no_tt0116583	The Hunchback of Notre Dame	Animation,Drama,Family	1996
tt1392170	hunger_games	The Hunger Games	Action,Adventure,Sci-Fi	2012
tt1951264	hunger_games_catching_fire	The Hunger Games: Catching Fire	Action,Adventure,Sci-Fi	2013
tt1951265	hunger_games_mockingjay_1	The Hunger Games: Mockingjay - Part 1	Action,Adventure,Sci-Fi	2014
tt1951266	hunger_games_mockingjay_2	The Hunger Games: Mockingjay - Part 2	Action,Adventure,Sci-Fi	2015
tt0986233	hunger_tt0986233	Hunger	Biography,Crime,Drama	2008
tt10545296	hunger.games.th_tt10545296	The Hunger Games: The Ballad of Songbirds & Snakes	Action,Adventure,Drama	2023
tt0099810	hunt_for_red_october	The Hunt for Red October	Action,Adventure,Thriller	1990
tt2106476	hunt_tt2106476	The Hunt	Drama	2012
tt8244784	hunt_tt8244784	The Hunt	Action,Horror,Thriller	2020
tt0029030	hurricane_tt0029030	The Hurricane	Action,Adventure,Drama	1937
tt0174856	hurricane_tt0174856	The Hurricane	Biography,Drama,Sport	1999
tt0887912	hurt.locker_tt0887912	The Hurt Locker	Drama,Thriller,War	2008
tt0058213	hush...hush.swe_tt0058213	Hush...Hush, Sweet Charlotte	Crime,Drama,Mystery	1964
tt0073133	hustle_tt0073133	Hustle	Crime,Drama,Mystery	1975
tt0410097	hustle..flow_tt0410097	Hustle & Flow	Crime,Drama,Music	2005
tt0054997	hustler_tt0054997	The Hustler	Drama,Sport	1961
tt5503686	hustlers	Hustlers	Comedy,Crime,Drama	2019
tt0480249	i_am_legend	I Am Legend	Drama,Horror,Sci-Fi	2007
tt0119345	i_know_what_you_did_last_summer	I Know What You Did Last Summer	Horror,Mystery	1997
tt0762107	i_now_pronounce_you_chuck_and_larry	I Now Pronounce You Chuck & Larry	Comedy,Romance	2007
tt0343818	i_robot	I, Robot	Action,Mystery,Sci-Fi	2004
tt0023042	i.am.a.fugitive_tt0023042	I Am a Fugitive from a Chain Gang	Crime,Drama,Film-Noir	1932
tt0063149	i.am.curious.bl_tt0063149	I Am Curious (Blue)	Drama	1968
tt1226236	i.am.love_tt1226236	I Am Love	Drama,Romance	2009
tt5804038	i.am.not.your.n_tt5804038	I Am Not Your Negro	Documentary,History	2016
tt6450186	i.can.only.imag_tt6450186	I Can Only Imagine	Biography,Drama,Family	2018
tt0045897	i.confess_tt0045897	I Confess	Crime,Drama,Thriller	1953
tt0024151	i.cover.the.wat_tt0024151	I Cover the Waterfront	Crime,Drama,Romance	1933
tt5168192	i.daniel.blake_tt5168192	I, Daniel Blake	Drama	2016
tt0037800	i.know.where.im_tt0037800	I Know Where I'm Going!	Drama,Romance	1945
tt0026417	i.live.my.life_tt0026417	I Live My Life	Comedy,Drama,Romance	1935
tt0110093	i.love.trouble_tt0110093	I Love Trouble	Action,Comedy,Romance	1994
tt0032617	i.love.you.agai_tt0032617	I Love You Again	Comedy,Romance	1940
tt0063115	i.love.you.alic_tt0063115	I Love You, Alice B. Toklas!	Comedy,Romance	1968
tt1155056	i.love.you.man_tt1155056	I Love You, Man	Comedy,Romance	2009
tt1045772	i.love.you.phil_tt1045772	I Love You Phillip Morris	Biography,Comedy,Crime	2009
tt0071129	i.remember_tt0071129	Amarcord	Comedy,Drama	1973
tt0040458	i.remember.mama_tt0040458	I Remember Mama	Drama,Family	1948
tt9779516	i.still.believe_tt9779516	I Still Believe	Biography,Drama,Music	2020
tt0130018	i.still.know.wh_tt0130018	I Still Know What You Did Last Summer	Horror,Mystery,Thriller	1998
tt0046521	i.vitelloni_tt0046521	I Vitelloni	Comedy,Drama	1953
tt0051758	i.want.to.live_tt0051758	I Want to Live!	Biography,Crime,Drama	1958
tt0041498	i.was.a.male.wa_tt0041498	I Was a Male War Bride	Comedy,Romance,War	1949
tt0071690	i.you.he.she_tt0071690	I, You, He, She	Drama	1974
tt0019305	ia.1928-ramona-edwin-carewe_tt0019305	Ramona	Drama,Romance	1928
tt0020030	ia.1929-the-iron-mask#202506_tt0020030	The Iron Mask	Adventure,Drama,History	1929
tt0014624	ia.A+Woman+of+Paris%2C+A+Drama+of+Fate+(1923)+by+Charlie+Chaplin.webm_tt0014624	A Woman of Paris: A Drama of Fate	Drama,Romance	1923
tt0022879	ia.AFarewllToArms720p1932_tt0022879	A Farewell to Arms	Drama,Romance,War	1932
tt0019630	ia.alibi#1929_tt0019630	Alibi	Action,Crime,Romance	1929
tt0020629	ia.all.-quiet.-on.-the.-western.-front.-1930_tt0020629	All Quiet on the Western Front	Drama,War	1930
tt0020645	ia.anybodys-woman#1930_tt0020645	Anybody's Woman	Drama,Romance	1930
tt0029606	ia.AStarIsBorn_tt0029606	A Star Is Born	Drama,Romance	1937
tt0016627	ia.Bardelys+The+Magnificent+(1926).mp4_tt0016627	Bardelys the Magnificent	Drama,Romance	1926
tt0016634	ia.beau-geste_tt0016634	Beau Geste	Action,Adventure,Drama	1926
tt0026104	ia.BeckySharp1935_tt0026104	Becky Sharp	Drama,Romance,War	1935
tt0019684	ia.behind-that-curtain#1929_tt0019684	Behind That Curtain	Adventure,Crime,Mystery	1929
tt0045551	ia.beneath#the#12-mile#reef_tt0045551	Beneath the 12-Mile Reef	Adventure,Drama,Romance	1953
tt0016646	ia.beverly-of-graustark-1926-by-sidney-franklin_tt0016646	Beverly of Graustark	Comedy,Romance	1926
tt0012938	ia.beyond-the-rocks_tt0012938	Beyond the Rocks	Drama,Romance	1922
tt0016638	ia.BillSpragueCollectionBehindTheFront1926_tt0016638	Behind the Front	Comedy,War	1926
tt0016762	ia.BillSpragueCollectionDancingMothersAliceJoyceAndClaraBow_tt0016762	Dancing Mothers	Drama	1926
tt0017028	ia.BillSpragueCollectionKIDBOOTS-1926EddieCantorAndClaraBow_tt0017028	Kid Boots	Comedy,Romance	1926
tt0012952	ia.BLOODANDSAND1922RudolphValentinoNitaNaldiLilaLee_tt0012952	Blood and Sand	Drama,Romance,Sport	1922
tt0019735	ia.bulldog-drummond#1929_tt0019735	Bulldog Drummond	Crime,Drama,Mystery	1929
tt0016308	ia.BW+-+SALLY+OF+THE+SAWDUST+(1925).mp4_tt0016308	Sally of the Sawdust	Comedy	1925
tt0020724	ia.call-of-the-flesh#1930_tt0020724	Call of the Flesh	Musical,Romance	1930
tt0019745	ia.CanaryMurderCase_tt0019745	The Canary Murder Case	Crime,Drama,Mystery	1929
tt0017738	ia.caseyatthebat_tt0017738	Casey at the Bat	Action,Comedy,Sport	1927
tt0017743	ia.chang-a-drama-of-the-wilderness#1927_tt0017743	Chang: A Drama of the Wilderness	Adventure,Documentary,Drama	1927
tt0020758	ia.ClassicCinemaOnline#CheckAndDoubleCheck_tt0020758	Check and Double Check	Comedy	1930
tt0019785	ia.condemned-1929-_tt0019785	Condemned!	Drama	1929
tt0019788	ia.coquette#1929_tt0019788	Coquette	Drama,Romance	1929
tt0042367	ia.CyranoMoviePowder_tt0042367	Cyrano de Bergerac	Adventure,Drama,Romance	1950
tt0019800	ia.dangerous-curves#1929_tt0019800	Dangerous Curves	Drama	1929
tt0019815	ia.devilmaycare#1929_tt0019815	Devil-May-Care	Music,Romance,War	1929
tt0019823	ia.disraeli#1929_tt0019823	Disraeli	Biography,Drama,History	1929
tt0016804	ia.don-juan#1927_tt0016804	Don Juan	Adventure,Romance	1926
tt0018879	ia.fazil#1928_tt0018879	Fazil	Drama,Romance	1928
tt0020876	ia.feet-first#1930_tt0020876	Feet First	Adventure,Comedy,Family	1930
tt0016871	ia.Fine+Manners+(Paramount%2C+1926).avi_tt0016871	Fine Manners	Comedy	1926
tt0016884	ia.flesh-and-the-devil-1926-by-clarence-brown_tt0016884	Flesh and the Devil	Drama,Romance	1926
tt0013140	ia.foolish-wives-1922_tt0013140	Foolish Wives	Drama,Thriller	1922
tt0016895	ia.for-heavens-sake-1926-by-sam-taylor_tt0016895	For Heaven's Sake	Action,Comedy,Romance	1926
tt0018909	ia.four-sons#1928_tt0018909	Four Sons	Drama,War	1928
tt0012190	ia.FourHorsemenOfTheApocalypse_tt0012190	The Four Horsemen of the Apocalypse	Drama,Romance,War	1921
tt0020915	ia.general-crack#1930_tt0020915	General Crack	Action,Drama,History	1929
tt0014945	ia.girlshy_tt0014945	Girl Shy	Comedy,Romance	1924
tt0043590	ia.go-for-broke-with-van-johnson-1951-1080p-hd-film_tt0043590	Go for Broke!	Drama,History,War	1951
tt0020949	ia.happy-days#1930_tt0020949	Happy Days	Comedy,Musical,Romance	1929
tt0014972	ia.he-who-gets-slapped-1924-dvd-mkv-18fps_tt0014972	He Who Gets Slapped	Drama,Horror,Romance	1924
tt0020973	ia.high-society-blues-1930-silent-version_tt0020973	High Society Blues	Music,Romance	1930
tt0032599	ia.HisGirlFriday_tt0032599	His Girl Friday	Comedy,Drama,Romance	1940
tt0020986	ia.honey#1930_tt0020986	Honey	Comedy,Musical	1930
tt0018016	ia.hula-1927_tt0018016	Hula	Drama,Romance	1927
tt0025586	ia.humanbondage_tt0025586	Of Human Bondage	Drama,Film-Noir,Romance	1934
tt0020018	ia.in.-old.-arizona.-1928.1080p.-blu-ray.x-264.-aac-yts.-mx_tt0020018	In Old Arizona	Drama,Western	1928
tt0019035	ia.interference-1929_tt0019035	Interference	Crime,Drama,Thriller	1928
tt0016999	ia.Irene#201511_tt0016999	Irene	Comedy,Romance	1926
tt0018033	ia.it-comedy-1927_tt0018033	It	Comedy,Romance	1927
tt0021013	ia.je4449004441124_tt0021013	Journey's End	Drama,War	1930
tt0021016	ia.just-imagine#1930_tt0021016	Just Imagine	Comedy,Fantasy,Musical	1930
tt0017082	ia.l.-e.-a.-l.-e.-1926_tt0017082	Love 'Em and Leave 'Em	Comedy,Drama,Romance	1926
tt0016669	ia.la-boheme#202512_tt0016669	La Bohème	Drama,Romance	1926
tt0021053	ia.laughter#1930_tt0021053	Laughter	Comedy,Romance	1930
tt0021060	ia.let-us-be-gay#1930_tt0021060	Let Us Be Gay	Comedy,Drama	1930
tt0019096	ia.lights-of-new-york#1928_tt0019096	Lights of New York	Crime,Drama,Music	1928
tt0019098	ia.lilac-t-1928_tt0019098	Lilac Time	Comedy,Drama,Romance	1928
tt0027893	ia.little#lord#fauntleroy_tt0027893	Little Lord Fauntleroy	Drama,Family	1936
tt0016028	ia.LittleAnnieRooney#_tt0016028	Little Annie Rooney	Comedy,Drama	1925
tt0016039	ia.lost#world_tt0016039	The Lost World	Adventure,Fantasy,Horror	1925
tt0018107	ia.love#1928_tt0018107	Love	Drama,Romance	1927
tt0020126	ia.madame-x#1929_tt0020126	Madame X	Drama	1929
tt0031602	ia.madefor#each#other_tt0031602	Made for Each Other	Comedy,Drama,Romance	1939
tt0013372	ia.Manslaughter#1922_tt0013372	Manslaughter	Drama	1922
tt0017119	ia.mantrap-1926_tt0017119	Mantrap	Comedy	1926
tt0017120	ia.mare-nostrum-1926_tt0017120	Mare Nostrum	Drama,War	1926
tt0038988	ia.Martha#Ivers#movie_tt0038988	The Strange Love of Martha Ivers	Drama,Film-Noir,Romance	1946
tt0046051	ia.martin-luther-1953-niall-mac-ginnis-hd#202308_tt0046051	Martin Luther	Biography,Drama,History	1953
tt0057298	ia.Mclintock.avi_tt0057298	McLintock!	Comedy,Western	1963
tt0013386	ia.merry-go-round-1923-by-erich-von-stroheim_tt0013386	Merry-Go-Round	Drama	1923
tt0017136	ia.metropolis-1927-bdrip-1080p-x-265-dts-hd-ma-5.1-d-0ct-0r-lew-sev_tt0017136	Metropolis	Drama,Sci-Fi	1927
tt0021148	ia.min-and-bill#1930_tt0021148	Min and Bill	Comedy,Drama	1930
tt0033891	ia.mjd445878820_tt0033891	Meet John Doe	Comedy,Drama,Romance	1941
tt0018166	ia.mockery#1927_tt0018166	Mockery	Drama,Romance	1927
tt0015145	ia.monsieur-beaucaire-paramount-1924_tt0015145	Monsieur Beaucaire	Drama,Romance	1924
tt0021152	ia.montana-moon#1930_tt0021152	Montana Moon	Drama,Romance,Western	1930
tt0018179	ia.mr-wu#1927_tt0018179	Mr. Wu	Drama,Romance	1927
tt0015310	ia.my-movie#202006_tt0015310	The Sea Hawk	Adventure,Drama,Romance	1924
tt0015863	ia.my-movie#202111_tt0015863	Go West	Comedy,Western	1925
tt0016630	ia.my-movie#202212_tt0016630	Battling Butler	Comedy,Romance,Sport	1926
tt0039645	ia.MyFavoriteBrunette720p1947_tt0039645	My Favorite Brunette	Comedy,Crime,Mystery	1947
tt0014440	ia.MyMovie#20180328_tt0014440	Scaramouche	Action,Drama,Romance	1923
tt0015163	ia.mymovie#202004_tt0015163	The Navigator	Action,Adventure,Comedy	1924
tt0020223	ia.noahs.-ark.-1928_tt0020223	Noah's Ark	Drama,War	1928
tt0031737	ia.NurseEdithCavell_tt0031737	Nurse Edith Cavell	Biography,Drama,War	1939
tt0017226	ia.old-ironsides-1926-by-james-cruze_tt0017226	Old Ironsides	Drama,History	1926
tt0011532	ia.oliver#twist_tt0011532	Oliver Twist		1922
tt0020238	ia.on-with-the-show#1929_tt0020238	On with the Show!	Comedy,Musical,Romance	1929
tt0012532	ia.OrphansOfTheStorm#201312_tt0012532	Orphans of the Storm	Drama,History,Romance	1921
tt0021223	ia.our-blushing-brides#1930_tt0021223	Our Blushing Brides	Drama,Music,Romance	1930
tt0019237	ia.our-dancing-daughters#1928_tt0019237	Our Dancing Daughters	Drama	1928
tt0020247	ia.our-modern-maidens#1929_tt0020247	Our Modern Maidens	Comedy,Drama,Romance	1929
tt0021261	ia.playboy-of-paris#1930_tt0021261	Playboy of Paris	Comedy,Musical,Romance	1930
tt0014532	ia.ptp#the-ten-commandments#cecil-b-demille#m2ts#bd50#1080p#221534_tt0014532	The Ten Commandments	Biography,Drama,History	1923
tt0014605	ia.ptp#the-white-sister#henry-king#dvd#x264#mkv#716x480#252423_tt0014605	The White Sister	Drama,Romance	1923
tt0021281	ia.raffles-1930_tt0021281	Raffles	Adventure,Crime,Drama	1930
tt0030652	ia.RageofParis_tt0030652	The Rage of Paris	Comedy	1938
tt0023369	ia.rain1932_tt0023369	Rain	Drama	1932
tt0021287	ia.ReachingForTheMoondecember291930_tt0021287	Reaching for the Moon	Comedy,Romance	1930
tt0020320	ia.redskin#1929_tt0020320	Redskin	Adventure,Drama,Western	1929
tt0020332	ia.rio-rita-1929#202505_tt0020332	Rio Rita	Comedy,Musical,Western	1929
tt0021310	ia.romance#1930_tt0021310	Romance	Drama,Romance	1930
tt0014416	ia.Rosita1923MaryPickfordErnstLubitsch_tt0014416	Rosita	Comedy,Romance	1923
tt0043983	ia.royal#wedding_tt0043983	Royal Wedding	Comedy,Musical,Romance	1951
tt0019344	ia.sadie-thompson_tt0019344	Sadie Thompson	Drama	1928
tt0020358	ia.sally-1929_tt0020358	Sally	Musical	1929
tt0021335	ia.sarah-and-son#1930_tt0021335	Sarah and Son	Drama,Romance	1930
tt0020366	ia.say-it-with-songs#1930_tt0020366	Say It with Songs	Drama,Musical	1929
tt0020403	ia.show-of-shows#1929_tt0020403	Show of Shows	Comedy	1929
tt0029626	ia.shsl0096766_tt0029626	Swing High, Swing Low	Comedy,Drama,Musical	1937
tt0014672	ia.silent-america_tt0014672	America	Drama,History,War	1924
tt0013841	ia.silent-ashes-of-vengeance_tt0013841	Ashes of Vengeance	Drama	1923
tt0014702	ia.silent-beau-brummel_tt0014702	Beau Brummel	Drama,History,Romance	1924
tt0016641	ia.silent-ben-hur-a-tale-of-the-christ-1925_tt0016641	Ben-Hur: A Tale of the Christ	Action,Adventure,Drama	1925
tt0015627	ia.silent-black-cyclone_tt0015627	Black Cyclone	Drama,Romance,Western	1925
tt0014721	ia.silent-black-oxen_tt0014721	Black Oxen	Drama,Fantasy,Romance	1923
tt0013886	ia.silent-brass_tt0013886	Brass	Drama,Romance	1923
tt0014854	ia.silent-dorothy-vernon-of-haddon-hall_tt0014854	Dorothy Vernon of Haddon Hall	Drama,History,Romance	1924
tt0013085	ia.silent-down-to-the-sea-in-ships_tt0013085	Down to the Sea in Ships	Adventure,Drama,Romance	1922
tt0013075	ia.silent-dr-jack_tt0013075	Dr. Jack	Comedy,Romance	1922
tt0014925	ia.silent-forbidden-paradise_tt0014925	Forbidden Paradise	Comedy	1924
tt0013201	ia.silent-grandmas-boy_tt0013201	Grandma's Boy	Comedy,Family	1922
tt0015881	ia.silent-greed_tt0015881	Greed	Drama,Thriller,Western	1924
tt0015002	ia.silent-hot-water_tt0015002	Hot Water	Comedy	1924
tt0016005	ia.silent-lady-of-the-night_tt0016005	Lady of the Night	Drama,Romance	1925
tt0014205	ia.silent-little-old-new-york_tt0014205	Little Old New York	Comedy,Romance	1923
tt0015116	ia.silent-manhandled_tt0015116	Manhandled	Comedy,Drama	1924
tt0013402	ia.silent-monte-cristo_tt0013402	Monte Cristo	Drama,Romance	1922
tt0013458	ia.silent-one-exciting-night_tt0013458	One Exciting Night	Comedy,Horror,Mystery	1922
tt0015224	ia.silent-peter-pan_tt0015224	Peter Pan	Adventure,Family,Fantasy	1924
tt0013556	ia.silent-robin-hood_tt0013556	Robin Hood	Adventure,Family,Romance	1922
tt0015289	ia.silent-romola_tt0015289	Romola	Drama,History	1924
tt0014429	ia.silent-safety-last_tt0014429	Safety Last!	Action,Comedy,Romance	1923
tt0015312	ia.silent-secrets_tt0015312	Secrets	Drama	1924
tt0016332	ia.silent-seven-chances_tt0016332	Seven Chances	Comedy,Romance	1925
tt0015624	ia.silent-the-big-parade_tt0015624	The Big Parade	Drama,Romance,War	1925
tt0013951	ia.silent-the-covered-wagon_tt0013951	The Covered Wagon	Adventure,Drama,Romance	1923
tt0015841	ia.silent-the-freshman_tt0015841	The Freshman	Comedy,Family,Romance	1925
tt0016006	ia.silent-the-lady_tt0016006	The Lady	Drama	1925
tt0016235	ia.silent-the-pony-express_tt0016235	The Pony Express	Drama,Western	1925
tt0013515	ia.silent-the-prisoner-of-zenda_tt0013515	The Prisoner of Zenda	Adventure,Romance	1922
tt0014604	ia.silent-the-white-rose_tt0014604	The White Rose	Drama,Romance	1923
tt0013802	ia.silent-the-young-rajah_tt0013802	The Young Rajah	Drama,Romance	1922
tt0013597	ia.SilentSherlockHolmesFilmStarringJohnBarrymore1922_tt0013597	Sherlock Holmes	Drama,Mystery	1922
tt0018413	ia.slide-kelly-slide-m-g-m-1927_tt0018413	Slide, Kelly, Slide	Comedy,Sport	1927
tt0021400	ia.son-of-the-gods#1930_tt0021400	Son of the Gods	Drama,Romance	1930
tt0021401	ia.song-o-my-heart#1930_tt0021401	Song o' My Heart	Drama,Music,Romance	1930
tt0014497	ia.SoulsForSale1923_tt0014497	Souls for Sale	Comedy,Drama,Romance	1923
tt0017423	ia.Sparrows#(1926)+by+William+Beaudine.webm_tt0017423	Sparrows	Drama	1926
tt0019412	ia.speedy#1928_tt0019412	Speedy	Action,Comedy,Family	1928
tt0018440	ia.spring-fever#1927_tt0018440	Spring Fever	Comedy	1927
tt0036384	ia.StageDoorCanteen1943_tt0036384	Stage Door Canteen	Comedy,Music,Romance	1943
tt0019429	ia.street-angel#1928_tt0019429	Street Angel	Drama	1928
tt0021420	ia.street-of-chance#1930_tt0021420	Street of Chance	Crime,Drama,Romance	1930
tt0022436	ia.StreetScene1931_tt0022436	Street Scene	Drama,Romance	1931
tt0020466	ia.SunnysideUp#201512_tt0020466	Sunny Side Up	Comedy,Musical	1929
tt0022454	ia.SvengaliJohnBarrymoreBKCap1931_tt0022454	Svengali	Drama,Horror,Romance	1931
tt0020469	ia.sweetie#1929_tt0020469	Sweetie	Comedy,Drama,Music	1929
tt0018471	ia.tell-it-to-the-marines#1927_tt0018471	Tell It to the Marines	Comedy,Drama,Romance	1926
tt0016643	ia.the-better-ole-1926-dvd-mkv_tt0016643	The Better 'Ole	Comedy,Drama,War	1926
tt0020691	ia.the-big-trail#1930_tt0020691	The Big Trail	Adventure,Drama,Romance	1930
tt0019729	ia.the-broadway-melody-1929-by-harry-beaumont_tt0019729	The Broadway Melody	Drama,Musical,Romance	1929
tt0018773	ia.the-circus-1928-by-charles-chaplin_tt0018773	The Circus	Comedy,Family,Romance	1928
tt0019777	ia.the-cocoanuts#1929_tt0019777	The Cocoanuts	Comedy,Musical,Romance	1929
tt0018795	ia.the-cossacks#1928_tt0018795	The Cossacks	Drama,War	1928
tt0019798	ia.the-dance-of-life#1929_tt0019798	The Dance of Life	Drama,Romance	1929
tt0020815	ia.the-dawn-patrol#1930_tt0020815	The Dawn Patrol	Action,Drama,War	1930
tt0020827	ia.the-divorcee#1930_tt0020827	The Divorcee	Drama,Romance	1930
tt0017860	ia.the-fair-coed#1927_tt0017860	The Fair Co-Ed	Comedy	1927
tt0018908	ia.the-four-feathers#1929_tt0018908	The Four Feathers	Adventure,Drama,History	1929
tt0017918	ia.the-gaucho#1928_tt0017918	The Gaucho	Adventure,Romance	1927
tt0019993	ia.the-hollywood-revue-of-1929#1929_tt0019993	The Hollywood Revue of 1929	Comedy,Music	1929
tt0015016	ia.the-iron-horse-1924-john-ford_tt0015016	The Iron Horse	Drama,History,Romance	1924
tt0018037	ia.the-jazz-singer#1927_tt0018037	The Jazz Singer	Drama,Music,Musical	1927
tt0018051	ia.the-kid-brother#1927_tt0018051	The Kid Brother	Comedy,Drama,Family	1927
tt0018054	ia.the-king-of-kings#1927_tt0018054	The King of Kings	Biography,Drama,Family	1927
tt0019071	ia.the-last-command_tt0019071	The Last Command	Drama,Romance,War	1928
tt0020092	ia.the-letter#1929_tt0020092	The Letter	Drama	1929
tt0018113	ia.the-love-of-sunya#1927_tt0018113	The Love of Sunya	Drama	1927
tt0018118	ia.the-loves-of-carmen#1927_tt0018118	The Loves of Carmen	Drama,Romance	1927
tt0013741	ia.the-loves-of-pharaoh-1922-by-ernst-lubitsch_tt0013741	The Loves of Pharaoh	Drama,History	1922
tt0015758	ia.the-mark-of-zorro_tt0015758	Don Q Son of Zorro	Adventure,Romance	1925
tt0020197	ia.the-mysterious-dr-fu-manchu#1929_tt0020197	The Mysterious Dr. Fu Manchu	Crime,Drama,Romance	1929
tt0018203	ia.the-night-of-love-samuel-goldwyn-1927_tt0018203	The Night of Love	Action,Adventure,Romance	1927
tt0021197	ia.the-office-wife#1930_tt0021197	The Office Wife	Drama,Romance	1930
tt0014358	ia.the-pilgrim-1923-directed-by-charlie-chaplin_tt0014358	The Pilgrim	Comedy,Western	1923
tt0018311	ia.the-red-mill#1927_tt0018311	The Red Mill	Comedy,Romance	1927
tt0017350	ia.the-scarlet-letter#1927_tt0017350	The Scarlet Letter	Drama	1926
tt0017354	ia.the-sea-beast-1926_tt0017354	The Sea Beast	Action,Adventure,Fantasy	1926
tt0019388	ia.the-singing-fool-1928_tt0019388	The Singing Fool	Drama,Musical	1928
tt0020410	ia.the-single-standard#1929_tt0020410	The Single Standard	Drama,Romance	1929
tt0014499	ia.the-spanish-dancer-1923-by-herbert-brenon_tt0014499	The Spanish Dancer	Drama,History,Romance	1923
tt0018451	ia.the-student-prince-in-old-heidelberg-1927-ernst-lubitsch_tt0018451	The Student Prince in Old Heidelberg	Drama,Romance	1927
tt0020479	ia.the-taming-of-the-shrew#1929_tt0020479	The Taming of the Shrew	Comedy,Romance	1929
tt0016473	ia.the-unholy-three_tt0016473	The Unholy Three	Crime,Drama,Romance	1925
tt0019558	ia.the-wedding-march#1928_tt0019558	The Wedding March	Drama	1928
tt0020590	ia.the-wild-party#1929_tt0020590	The Wild Party	Comedy,Drama,Romance	1929
tt0017567	ia.the-winning-of-barbara-worth-king-1926-1080p-hd_tt0017567	The Winning of Barbara Worth	Drama,Romance,Western	1926
tt0019589	ia.the-woman-disputed#1928_tt0019589	The Woman Disputed	Drama,History,Romance	1928
tt0018806	ia.the.-crowd.-1928.-king.-vidor-drama.-720p.x-264-classics_tt0018806	The Crowd	Drama,Romance	1928
tt0020686	ia.the.big.house.1930_tt0020686	The Big House	Crime,Drama,Thriller	1930
tt0016655	ia.The+Black+Bird+(1926)#alq13.mp4_tt0016655	The Blackbird	Crime,Drama,Romance	1926
tt0016104	ia.The+Merry+Widow+(1925).mp4_tt0016104	The Merry Widow	Drama,Romance	1925
tt0018528	ia.The+Unknown+(1927)+(Full+Length).mkv_tt0018528	The Unknown	Drama,Horror,Romance	1927
tt0017667	ia.TheBelovedRogue#201312_tt0017667	The Beloved Rogue	Adventure,Drama,History	1927
tt0016654	ia.TheBlackPirate1926DouglasFairbanksSRAndy_tt0016654	The Black Pirate	Action,Adventure	1926
tt0016783	ia.TheDevilsCircus_tt0016783	The Devil's Circus	Drama	1926
tt0016812	ia.THEDUCHESSOFBUFFALO1926ConstanceTalmadge_tt0016812	The Duchess of Buffalo	Comedy,Romance	1926
tt0021890	ia.TheFrontPage1931AdolpheMenjouPatOBrienLewismiles_tt0021890	The Front Page	Comedy,Crime,Drama	1931
tt0014142	ia.TheHunchbackOfNotreDame1923#201312_tt0014142	The Hunchback of Notre Dame	Drama,Horror,Romance	1923
tt0041509	ia.TheInspectorGeneral_tt0041509	The Inspector General	Comedy,Musical,Romance	1949
tt0036217	ia.TheNorthStar_tt0036217	The North Star	Drama,Romance,War	1943
tt0018253	ia.ThePatentLeatherKid1927.3gp_tt0018253	The Patent Leather Kid	Drama,Romance,Sport	1927
tt0039698	ia.ThePerilsofPauline_tt0039698	The Perils of Pauline	Drama,Romance	1947
tt0016220	ia.ThePhantomOfTheOpera#364_tt0016220	The Phantom of the Opera	Horror,Music	1925
tt0017416	ia.THESONOFTHESHEIK1926RudolphValentinoVilmaBanky_tt0017416	The Son of the Sheik	Adventure,Drama,Romance	1926
tt0020514	ia.THETRESPASSER_tt0020514	The Trespasser	Drama,Romance	1929
tt0021511	ia.TheVagabondKing1930_tt0021511	The Vagabond King	Drama,Musical,Romance	1930
tt0020490	ia.they-had-to-see-paris#1929_tt0020490	They Had to See Paris	Comedy,Romance	1929
tt0020499	ia.thunderbolt-1929_tt0020499	Thunderbolt	Crime,Drama,Film-Noir	1929
tt0039035	ia.till#the#clouds#roll#by_tt0039035	Till the Clouds Roll By	Biography,Musical	1946
tt0038119	ia.tsc88777512_tt0038119	The Stork Club	Comedy,Musical,Romance	1945
tt0044955	ia.turner#video#18224_tt0044955	Navajo	Drama	1952
tt0018513	ia.twelve-miles-out-1927#202508_tt0018513	Twelve Miles Out	Drama	1927
tt0018515	ia.two-arabian-knights-1927_tt0018515	Two Arabian Knights	Adventure,Comedy,Romance	1927
tt0018526	ia.underworld#202108_tt0018526	Underworld	Crime,Drama,Film-Noir	1927
tt0016481	ia.variety-1925-by-ewald-andre-dupont_tt0016481	Variety	Crime,Drama,Romance	1925
tt0015400	ia.vidtb_tt0015400	The Thief of Bagdad	Adventure,Family,Fantasy	1924
tt0019557	ia.weary-river#1929_tt0019557	Weary River	Drama,Romance	1929
tt0020572	ia.welcome-danger#1929_tt0020572	Welcome Danger	Comedy	1929
tt0017534	ia.west-point#1928_tt0017534	West Point	Drama,Romance,Sport	1927
tt0017540	ia.what-price-glory-1926_tt0017540	What Price Glory	Comedy,Drama,War	1926
tt0018566	ia.when-a-man-loves#1927_tt0018566	When a Man Loves	History,Romance	1927
tt0019574	ia.white-shadows-in-the-south-seas#1928_tt0019574	White Shadows in the South Seas	Drama,Romance	1928
tt0021549	ia.whoopee#1930_tt0021549	Whoopee!	Comedy,Musical,Romance	1930
tt0018578	ia.wings#1929_tt0018578	Wings	Action,Drama,Romance	1927
tt0018379	ia.youtube-dPrd9YyknXw_tt0018379	7th Heaven	Drama,Romance	1927
tt0268380	ice.age_tt0268380	Ice Age	Adventure,Animation,Comedy	2002
tt3416828	ice.age.collisi_tt3416828	Ice Age: Collision Course	Adventure,Animation,Comedy	2016
tt1667889	ice.age.contine_tt1667889	Ice Age: Continental Drift	Adventure,Animation,Comedy	2012
tt1080016	ice.age.dawn.of_tt1080016	Ice Age: Dawn of the Dinosaurs	Adventure,Animation,Comedy	2009
tt0438097	ice.age.the.mel_tt0438097	Ice Age: The Meltdown	Adventure,Animation,Comedy	2006
tt0063121	ice.station.zeb_tt0063121	Ice Station Zebra	Adventure,Thriller	1968
tt2718492	ida_tt2718492	Ida	Drama	2013
tt2024432	identity_thief	Identity Thief	Comedy,Crime,Drama	2013
tt1124035	ides.of.march_tt1124035	The Ides of March	Drama,Thriller	2011
tt0031473	idiots.delight_tt0031473	Idiot's Delight	Comedy,Drama,Romance	1939
tt0063850	if...._tt0063850	If....	Crime,Drama	1968
tt0056093	if.a.man.answer_tt0056093	If a Man Answers	Comedy,Romance	1962
tt7125860	if.beale.street_tt7125860	If Beale Street Could Talk	Drama,Romance	2018
tt0030265	if.i.were.king_tt0030265	If I Were King	Adventure,History	1938
tt0064471	if.its.tuesday._tt0064471	If It's Tuesday, This Must Be Belgium	Adventure,Comedy,Romance	1969
tt0044741	ikiru_tt0044741	Ikiru	Drama	1952
tt0110877	il.postino_tt0110877	The Postman	Biography,Comedy,Drama	1994
tt0036940	ill.be.seeing.y_tt0036940	I'll Be Seeing You	Drama,Family,Romance	1944
tt0021992	illicit_tt0021992	Illicit	Drama,Romance	1931
tt0052911	im.all.right.ja_tt0052911	I'm All Right Jack	Comedy	1959
tt0024166	im.no.angel_tt0024166	I'm No Angel	Comedy,Music,Romance	1933
tt0368794	im.not.there_tt0368794	I'm Not There	Biography,Drama,Music	2007
tt11152168	imaginary.frien_tt11152168	IF	Animation,Comedy,Drama	2024
tt2084970	imitation.game_tt2084970	The Imitation Game	Biography,Drama,Thriller	2014
tt0025301	imitation.of.li_tt0025301	Imitation of Life	Comedy,Drama,Romance	1934
tt0052918	imitation.of.li_tt0052918	Imitation of Life	Drama	1959
tt1253864	immortals_tt1253864	Immortals	Action,Drama,Fantasy	2011
tt0063128	impossible.year_tt0063128	The Impossible Years	Comedy,Drama,Romance	1968
tt9208444	impractical.jok_tt9208444	Impractical Jokers: The Movie	Comedy	2020
tt0119360	in_and_out	In & Out	Comedy,Romance	1997
tt0107206	in_the_line_of_fire	In the Line of Fire	Action,Crime,Drama	1993
tt0042593	in.a.lonely.pla_tt0042593	In a Lonely Place	Drama,Film-Noir,Mystery	1950
tt0061809	in.cold.blood_tt0061809	In Cold Blood	Biography,Crime,Drama	1967
tt0080917	in.god.we.trust_tt0080917	In God We Trust (or Gimme That Prime Time Religion)	Comedy	1980
tt0059309	in.harms.way_tt0059309	In Harm's Way	Drama,Romance,War	1965
tt0061810	in.like.flint_tt0061810	In Like Flint	Action,Adventure,Comedy	1967
tt0031477	in.name.only_tt0031477	In Name Only	Drama,Romance	1939
tt0029047	in.old.chicago_tt0029047	In Old Chicago	Action,Drama,Musical	1938
tt0026524	in.old.kentucky_tt0026524	In Old Kentucky	Drama	1935
tt0056095	in.search.of.th_tt0056095	In Search of the Castaways	Adventure,Family,Fantasy	1962
tt0110123	in.the.army.now_tt0110123	In the Army Now	Comedy,War	1994
tt0247425	in.the.bedroom_tt0247425	In the Bedroom	Crime,Drama	2001
tt0119361	in.the.company._tt0119361	In the Company of Men	Comedy,Drama	1997
tt0041507	in.the.good.old_tt0041507	In the Good Old Summertime	Comedy,Musical,Romance	1949
tt0061811	in.the.heat.of.the.night_tt0061811	In the Heat of the Night	Drama,Mystery,Thriller	1967
tt0118694	in.the.mood.for_tt0118694	In the Mood for Love	Drama,Romance	2000
tt0107207	in.the.name.of._tt0107207	In the Name of the Father	Biography,Crime,Drama	1993
tt0102114	in.the.shadow.o_tt0102114	In the Shadow of the Stars	Documentary	1991
tt0034890	in.this.our.lif_tt0034890	In This Our Life	Drama	1942
tt0310154	in.this.world_tt0310154	In This World	Drama	2002
tt0139500	in.vandas.room_tt0139500	In Vanda's Room	Drama	2000
tt0034891	in.which.we.ser_tt0034891	In Which We Serve	Drama,War	1942
tt1375666	inception	Inception	Action,Adventure,Sci-Fi	2010
tt0082558	incredible_shrinking_woman	The Incredible Shrinking Woman	Comedy,Sci-Fi	1981
tt0317705	incredibles_tt0317705	The Incredibles	Action,Adventure,Animation	2004
tt3606756	incredibles.2_tt3606756	Incredibles 2	Action,Adventure,Animation	2018
tt0107211	indecent_proposal	Indecent Proposal	Drama,Romance	1993
tt0116629	independence_day	Independence Day	Action,Adventure,Sci-Fi	1996
tt1628841	independence_day_resurgence	Independence Day: Resurgence	Action,Adventure,Sci-Fi	2016
tt0073166	india.song_tt0073166	India Song	Drama,Fantasy,Romance	1975
tt0113419	indian.in.the.c_tt0113419	The Indian in the Cupboard	Drama,Family,Fantasy	1995
tt0102116	indian.runner_tt0102116	The Indian Runner	Drama	1991
tt0367882	indiana_jones_crystal_skull	Indiana Jones and the Kingdom of the Crystal Skull	Action,Adventure	2008
tt1462764	indiana.jones.dial_tt1462764	Indiana Jones and the Dial of Destiny	Action,Adventure,Sci-Fi	2023
tt0051773	indiscreet_tt0051773	Indiscreet	Comedy,Romance	1958
tt0104507	indochine_tt0104507	Indochine	Drama,Romance,War	1992
tt0026529	informer_tt0026529	The Informer	Crime,Drama	1935
tt0361748	inglourious_basterds	Inglourious Basterds	Adventure,Drama,War	2009
tt0053946	inherit.the.win_tt0053946	Inherit the Wind	Biography,Drama,History	1960
tt0460829	inland.empire_tt0460829	Inland Empire	Drama,Fantasy,Mystery	2006
tt0079336	inlaws_tt0079336	The In-Laws	Action,Adventure,Comedy	1979
tt0051776	inn.of.the.sixt_tt0051776	The Inn of the Sixth Happiness	Biography,Drama,War	1958
tt0093260	innerspace_tt0093260	Innerspace	Action,Adventure,Comedy	1987
tt0063342	innocence.unpro_tt0063342	Innocence Unprotected	Comedy,Documentary,Drama	1968
tt0055018	innocents_tt0055018	The Innocents	Drama,Horror,Mystery	1961
tt0454848	inside_man	Inside Man	Crime,Drama,Mystery	2006
tt0059314	inside.daisy.cl_tt0059314	Inside Daisy Clover	Drama,Music,Romance	1965
tt2042568	inside.llewyn.d_tt2042568	Inside Llewyn Davis	Drama,Music	2013
tt2096673	inside.out_tt2096673	Inside Out	Adventure,Animation,Comedy	2015
tt22022452	inside.out.2_tt22022452	Inside Out 2	Adventure,Animation,Comedy	2024
tt0140352	insider_tt0140352	The Insider	Biography,Drama,History	1999
tt13405778	insidious.5_tt13405778	Insidious: The Red Door	Horror,Mystery,Thriller	2023
tt2226417	insidious.chapt_tt2226417	Insidious: Chapter 2	Horror,Mystery,Thriller	2013
tt5726086	insidious.the.l_tt5726086	Insidious: The Last Key	Horror,Mystery,Thriller	2018
tt0278504	insomnia_tt0278504	Insomnia	Drama,Mystery,Thriller	2002
tt0141369	inspector_gadget	Inspector Gadget	Action,Adventure,Comedy	1999
tt7401588	instant.family_tt7401588	Instant Family	Comedy,Drama	2018
tt2908446	insurgent	The Divergent Series: Insurgent	Action,Adventure,Sci-Fi	2015
tt0077742	interiors_tt0077742	Interiors	Drama	1978
tt2361509	intern_tt2361509	The Intern	Comedy,Drama	2015
tt0099850	internal.affair_tt0099850	Internal Affairs	Crime,Drama,Thriller	1990
tt0024183	international.h_tt0024183	International House	Comedy	1933
tt0056101	interns_tt0056101	The Interns	Drama	1962
tt0373926	interpreter_tt0373926	The Interpreter	Crime,Mystery,Thriller	2005
tt0048210	interrupted.mel_tt0048210	Interrupted Melody	Biography,Drama,Music	1955
tt0816692	interstellar	Interstellar	Adventure,Drama,Sci-Fi	2014
tt0110148	interview_with_a_vampire	Interview with the Vampire	Drama,Fantasy,Horror	1994
tt0758758	into.the.wild_tt0758758	Into the Wild	Adventure,Biography,Drama	2007
tt2180411	into.the.woods_tt2180411	Into the Woods	Adventure,Comedy,Drama	2014
tt0006864	intolerance_tt0006864	Intolerance	Drama,History	1916
tt0077745	invasion.of.the_tt0077745	Invasion of the Body Snatchers	Horror,Sci-Fi	1978
tt0089348	invasion.u.s.a._tt0089348	Invasion U.S.A.	Action,Thriller	1985
tt1051906	invisible_man	The Invisible Man	Drama,Horror,Mystery	2020
tt0024184	invisible.man_tt0024184	The Invisible Man	Horror,Sci-Fi	1933
tt12873562	invitation_tt12873562	The Invitation	Horror,Thriller	2022
tt0059319	ipcress.file_tt0059319	The Ipcress File	Drama,Thriller	1965
tt0492466	iraq.in.fragmen_tt0492466	Iraq in Fragments	Documentary,War	2006
tt0036961	irish.eyes.are._tt0036961	Irish Eyes Are Smiling	Drama,Music,Romance	1944
tt1302006	irishman_tt1302006	The Irishman	Biography,Crime,Drama	2019
tt0057187	irma.la.douce_tt0057187	Irma la Douce	Comedy,Romance	1963
tt0371746	iron_man	Iron Man	Action,Adventure,Sci-Fi	2008
tt1228705	iron_man_2	Iron Man 2	Action,Sci-Fi	2010
tt1300854	iron_man_3	Iron Man 3	Action,Adventure,Sci-Fi	2013
tt0091278	iron.eagle_tt0091278	Iron Eagle	Action,Thriller,War	1986
tt0044753	iron.mistress_tt0044753	The Iron Mistress	Action,Adventure,Biography	1952
tt0063141	isadora_tt0063141	Isadora	Biography,Drama,Music	1968
tt0080934	island_tt0080934	The Island	Action,Adventure,Drama	1980
tt0045919	island.in.the.s_tt0045919	Island in the Sky	Adventure,Drama	1953
tt0076211	islands.in.the._tt0076211	Islands in the Stream	Drama	1977
tt5104604	isle.of.dogs_tt5104604	Isle of Dogs	Adventure,Animation,Comedy	2018
tt1396484	it	It	Horror	2017
tt7349950	it_2	It: Chapter Two	Drama,Fantasy,Horror	2019
tt0045920	it.came.from.ou_tt0045920	It Came from Outer Space	Horror,Sci-Fi	1953
tt0110167	it.could.happen_tt0110167	It Could Happen to You	Comedy,Drama,Romance	1994
tt10655524	it.ends.with.us_tt10655524	It Ends with Us	Drama,Romance	2024
tt0039502	it.happened.on._tt0039502	It Happened on Fifth Avenue	Comedy,Music,Romance	1947
tt0025316	it.happened.one.night_tt0025316	It Happened One Night	Comedy,Romance	1934
tt0041514	it.happens.ever_tt0041514	It Happens Every Spring	Comedy,Family,Sci-Fi	1949
tt0053957	it.started.in.n_tt0053957	It Started in Naples	Comedy,Drama	1960
tt0033766	it.started.with_tt0033766	It Started with Eve	Comedy,Music,Romance	1941
tt0052934	it.started.with_tt0052934	It Started with a Kiss	Comedy,Romance	1959
tt0317740	italian_job	The Italian Job	Action,Crime,Thriller	2003
tt0243862	italian.for.beg_tt0243862	Italian for Beginners	Comedy,Drama,Romance	2000
tt0064505	italian.job_tt0064505	The Italian Job	Action,Comedy,Crime	1969
tt0057193	its.a.mad.mad.m_tt0057193	It's a Mad Mad Mad Mad World	Action,Adventure,Comedy	1963
tt0071675	its.alive_tt0071675	It's Alive	Horror,Sci-Fi	1974
tt0048216	its.always.fair_tt0048216	It's Always Fair Weather	Comedy,Drama,Musical	1955
tt1230414	its.complicated_tt1230414	It's Complicated	Comedy,Drama,Romance	2009
tt0044760	ivanhoe_tt0044760	Ivanhoe	Action,Adventure,Drama	1952
tt0238321	ivans.xtc._tt0238321	Ivans xtc.	Drama	2000
tt1068649	ive.loved.you.s_tt1068649	I've Loved You So Long	Drama	2008
tt0116669	jack	Jack	Comedy,Drama,Fantasy	1996
tt0810913	jack.and.jill_tt0810913	Jack and Jill	Comedy	2011
tt0119395	jackal_tt0119395	The Jackal	Action,Crime,Drama	1997
tt1116184	jackass.3d_tt1116184	Jackass 3D	Action,Comedy,Documentary	2010
tt0493430	jackass.number._tt0493430	Jackass Number Two	Action,Comedy,Documentary	2006
tt3063516	jackass.present_tt3063516	Jackass Presents: Bad Grandpa	Comedy	2013
tt0322802	jackass.the.mov_tt0322802	Jackass: The Movie	Action,Comedy,Documentary	2002
tt0099871	jacobs.ladder_tt0099871	Jacob's Ladder	Drama,Horror,Mystery	1990
tt0089360	jagged_edge	Jagged Edge	Drama,Mystery,Thriller	1985
tt7207238	jane_tt7207238	Jane	Biography,Documentary	2017
tt0036969	jane.eyre_tt0036969	Jane Eyre	Drama,Romance	1943
tt0036970	janie_tt0036970	Janie	Comedy,Romance,War	1944
tt0418763	jarhead_tt0418763	Jarhead	Biography,Drama,War	2005
tt4196776	jason_bourne	Jason Bourne	Action,Thriller	2016
tt0073195	jaws_tt0073195	Jaws	Adventure,Horror,Thriller	1975
tt0077766	jaws.2_tt0077766	Jaws 2	Adventure,Horror,Thriller	1978
tt0085750	jaws.3d_tt0085750	Jaws 3-D	Adventure,Horror,Thriller	1983
tt0080948	jazz_singer	The Jazz Singer	Drama,Music,Romance	1980
tt0091288	jean.de.florett_tt0091288	Jean de Florette	Drama	1986
tt0073198	jeanne.dielman_tt0073198	Jeanne Dielman, 23, quai du Commerce, 1080 Bruxelles	Drama	1975
tt0113464	jeffrey_tt0113464	Jeffrey	Comedy,Drama	1995
tt0068762	jeremiah.johnso_tt0068762	Jeremiah Johnson	Adventure,Drama,Western	1972
tt0116695	jerry_maguire	Jerry Maguire	Comedy,Drama,Romance	1996
tt0031507	jesse.james_tt0031507	Jesse James	Drama,Western	1939
tt0486358	jesus.camp_tt0486358	Jesus Camp	Documentary	2006
tt0070239	jesus.christ.su_tt0070239	Jesus Christ Superstar	Drama,History,Musical	1973
tt10098448	jesus.revolutio_tt10098448	Jesus Revolution	Biography,Drama,History	2023
tt0050562	jet.pilot_tt0050562	Jet Pilot	Action,Drama,Romance	1957
tt0089370	jewel_of_the_nile	The Jewel of the Nile	Action,Adventure,Comedy	1985
tt0030287	jezebel_tt0030287	Jezebel	Drama,Romance	1938
tt0102138	jfk_tt0102138	JFK	Drama,History,Thriller	1991
tt0268397	jimmy.neutron.b_tt0268397	Jimmy Neutron: Boy Genius	Action,Adventure,Animation	2001
tt0116705	jingle_all_the_way	Jingle All the Way	Adventure,Comedy,Family	1996
tt0040491	joan.of.arc_tt0040491	Joan of Arc	Biography,Drama,History	1948
tt0065916	joe_tt0065916	Joe	Drama,Thriller	1970
tt0099892	joe.versus.the._tt0099892	Joe Versus the Volcano	Comedy,Romance	1990
tt6146586	john_wick_3	John Wick: Chapter 3 - Parabellum	Action,Crime,Drama	2019
tt0064513	john.and.mary_tt0064513	John and Mary	Drama,Romance	1969
tt0401729	john.carter_tt0401729	John Carter	Action,Adventure,Sci-Fi	2012
tt0251160	john.q_tt0251160	John Q	Crime,Drama,Thriller	2002
tt10366206	john.wick.4_tt10366206	John Wick: Chapter 4	Action,Crime,Thriller	2023
tt4425200	john.wick.chapt_tt4425200	John Wick: Chapter 2	Action,Crime,Thriller	2017
tt0040495	johnny.belinda_tt0040495	Johnny Belinda	Drama	1948
tt0047136	johnny.guitar_tt0047136	Johnny Guitar	Drama,Western	1954
tt2584384	jojo.rabbit_tt2584384	Jojo Rabbit	Comedy,Drama,War	2019
tt7286456	joker	Joker	Crime,Drama,Thriller	2019
tt11315808	joker.folie..de_tt11315808	Joker: Folie à Deux	Drama,Musical,Thriller	2024
tt0041530	jolson.sings.ag_tt0041530	Jolson Sings Again	Biography,Drama,Music	1949
tt0038661	jolson.story_tt0038661	The Jolson Story	Biography,Drama,Music	1946
tt1397514	journey_2_the_mysterious_island	Journey 2: The Mysterious Island	Action,Adventure,Comedy	2012
tt0373051	journey_to_the_center_of_the_earth	Journey to the Center of the Earth	Action,Adventure,Family	2008
tt0052950	journey_tt0052950	The Journey	Drama,Romance,War	1959
tt0070820	journey.of.the._tt0070820	Touki Bouki	Drama	1973
tt0046511	journey.to.ital_tt0046511	Journey to Italy	Drama,Romance	1954
tt0107282	joy.luck.club_tt0107282	The Joy Luck Club	Drama	1993
tt0424205	joyeux.noel_tt0424205	Joyeux Noel	Drama,History,Music	2005
tt0031516	juarez_tt0031516	Juarez	Biography,Drama,History	1939
tt9784798	judas.and.the.b_tt9784798	Judas and the Black Messiah	Biography,Crime,Drama	2021
tt0113492	judge.dredd_tt0113492	Judge Dredd	Action,Crime,Sci-Fi	1995
tt0025335	judge.priest_tt0025335	Judge Priest	Comedy,Drama,Romance	1934
tt0055031	judgment.at.nur_tt0055031	Judgment at Nuremberg	Drama,History,War	1961
tt0034926	juke.girl_tt0034926	Juke Girl	Crime,Drama,Mystery	1942
tt0040498	julia.misbehave_tt0040498	Julia Misbehaves	Comedy,Romance	1948
tt1135503	julie..julia_tt1135503	Julie & Julia	Biography,Drama,Romance	2009
tt0059229	juliet.of.the.s_tt0059229	Juliet of the Spirits	Comedy,Drama,Fantasy	1965
tt0045943	julius.caesar_tt0045943	Julius Caesar	Drama,History	1953
tt7975244	jumanji_the_next_level	Jumanji: The Next Level	Action,Adventure,Comedy	2019
tt0113497	jumanji_tt0113497	Jumanji	Adventure,Comedy,Family	1995
tt2283362	jumanji_welcome_to_the_jungle	Jumanji: Welcome to the Jungle	Action,Adventure,Comedy	2017
tt0489099	jumper_tt0489099	Jumper	Action,Adventure,Sci-Fi	2008
tt0091306	jumpin.jack.fla_tt0091306	Jumpin' Jack Flash	Comedy,Romance,Thriller	1986
tt0418773	junebug_tt0418773	Junebug	Comedy,Drama	2005
tt3040964	jungle_book	The Jungle Book	Action,Adventure,Animation	2016
tt0119432	jungle.2.jungle_tt0119432	Jungle 2 Jungle	Comedy,Family	1997
tt0061852	jungle.book_tt0061852	The Jungle Book	Adventure,Animation,Comedy	1967
tt0102175	jungle.fever_tt0102175	Jungle Fever	Drama,Romance	1991
tt0054037	jungle.fighters_tt0054037	Jungle Fighters	Drama,War	1961
tt0110216	junior_tt0110216	Junior	Comedy,Romance,Sci-Fi	1994
tt0467406	juno	Juno	Comedy,Drama	2007
tt0107290	jurassic_park	Jurassic Park	Action,Adventure,Sci-Fi	1993
tt0163025	jurassic_park_3	Jurassic Park III	Action,Adventure,Sci-Fi	2001
tt0369610	jurassic_world	Jurassic World	Action,Adventure,Sci-Fi	2015
tt4881806	jurassic_world_fallen_kingdom	Jurassic World: Fallen Kingdom	Action,Adventure,Sci-Fi	2018
tt8041270	jurassic.world._tt8041270	Jurassic World: Dominion	Action,Adventure,Sci-Fi	2022
tt31036941	jurassic.world.rebirth_tt31036941	Jurassic World: Rebirth	Action,Adventure,Sci-Fi	2025
tt1564367	just_go_with_it	Just Go with It	Comedy,Romance	2011
tt4916630	just_mercy	Just Mercy	Biography,Crime,Drama	2019
tt0113501	just.cause_tt0113501	Just Cause	Action,Crime,Drama	1995
tt0974015	justice_league	Justice League	Action,Adventure,Fantasy	2017
tt1702443	justin.bieber.n_tt1702443	Justin Bieber: Never Say Never	Documentary,Music	2011
tt0097637	k9_tt0097637	K-9	Action,Comedy,Crime	1989
tt0080979	kagemusha_tt0080979	Kagemusha: The Shadow Warrior	Drama,History,War	1980
tt0050585	kanal_tt0050585	Kanal	Drama,War	1957
tt0257568	kangaroo.jack_tt0257568	Kangaroo Jack	Action,Adventure,Comedy	2003
tt0087538	karate_kid	The Karate Kid	Action,Drama,Family	1984
tt1155076	karate_kid_2010	The Karate Kid	Action,Drama,Family	2010
tt1674782	karate.kid.2_tt1674782	Karate Kid: Legends	Action,Drama,Family	2025
tt0097647	karate.kid.part_tt0097647	The Karate Kid Part III	Action,Drama,Family	1989
tt0091326	karate.kid.part2.movie_tt0091326	The Karate Kid Part II	Family,Action,Sport	1986
tt0034936	keeper.of.the.f_tt0034936	Keeper of the Flame	Drama,Mystery	1942
tt0076257	kentucky.fried._tt0076257	The Kentucky Fried Movie	Comedy	1977
tt0064541	kes_tt0064541	Kes	Drama,Family	1969
tt0040506	key.largo_tt0040506	Key Largo	Action,Crime,Drama	1948
tt0042634	key.to.the.city_tt0042634	Key to the City	Comedy,Romance	1950
tt0036983	keys.of.the.kin_tt0036983	The Keys of the Kingdom	Drama,War	1944
tt0475241	khadak_tt0475241	Khadak	Drama,Romance	2006
tt0060588	khartoum_tt0060588	Khartoum	Action,Adventure,Drama	1966
tt0384642	kicking..scream_tt0384642	Kicking & Screaming	Comedy,Family,Romance	2005
tt0219854	kid_tt0219854	The Kid	Comedy,Family,Fantasy	2000
tt0029080	kid.galahad_tt0029080	Kid Galahad	Crime,Drama,Film-Noir	1937
tt1827512	kid.with.a.bike_tt1827512	The Kid with a Bike	Drama	2011
tt0113540	kids_tt0113540	Kids	Drama	1995
tt0842926	kids.are.all.ri_tt0842926	The Kids Are All Right	Comedy,Drama,Romance	2010
tt0266697	kill.bill.vol.._tt0266697	Kill Bill: Vol. 1	Action,Crime,Thriller	2003
tt0378194	kill.bill.vol.._tt0378194	Kill Bill: Vol. 2	Action,Crime,Thriller	2004
tt0076263	killer.of.sheep_tt0076263	Killer of Sheep	Drama	1978
tt0038669	killers_tt0038669	The Killers	Crime,Drama,Film-Noir	1946
tt5537002	killers.of.the._tt5537002	Killers of the Flower Moon	Crime,Drama,History	2023
tt0087553	killing_fields	The Killing Fields	Biography,Drama,History	1984
tt0074749	killing.of.a.ch_tt0074749	The Killing of a Chinese Bookie	Crime,Drama,Thriller	1976
tt0110265	killing.zoe_tt0110265	Killing Zoe	Crime,Drama,Thriller	1993
tt0042644	kim_tt0042644	Kim	Adventure,Drama,Family	1950
tt0041546	kind.hearts.and_tt0041546	Kind Hearts and Coronets	Comedy,Crime	1949
tt0099938	kindergarten_cop_fs	Kindergarten Cop	Action,Comedy,Crime	1990
tt0360717	king_kong	King Kong	Action,Adventure,Romance	2005
tt0058263	king..country_tt0058263	King & Country	Drama,War	1964
tt0049408	king.and.i_tt0049408	The King and I	Biography,Drama,Musical	1956
tt0024216	king.kong_tt0024216	King Kong	Adventure,Horror	1933
tt0074751	king.kong_tt0074751	King Kong	Adventure,Horror	1976
tt0085794	king.of.comedy_tt0085794	The King of Comedy	Comedy,Crime,Drama	1982
tt0055047	king.of.kings_tt0055047	King of Kings	Biography,Drama	1961
tt7967302	king.of.kings_tt7967302	The King of Kings	Animation,Biography,Family	2025
tt0923752	king.of.kong.a._tt0923752	The King of Kong: A Fistful of Quarters	Biography,Documentary,Sport	2007
tt0045961	king.of.the.khy_tt0045961	King of the Khyber Rifles	Adventure,Drama,History	1953
tt0082619	king.of.the.mou_tt0082619	King of the Mountain	Action,Adventure,Drama	1981
tt0033787	king.of.the.zom_tt0033787	King of the Zombies	Adventure,Comedy,Horror	1941
tt0102216	king.ralph_tt0102216	King Ralph	Comedy,Romance	1991
tt9620288	king.richard_tt9620288	King Richard	Biography,Drama,Sport	2021
tt0029081	king.solomons.m_tt0029081	King Solomon's Mines	Action,Adventure,Family	1937
tt0042646	king.solomons.m_tt0042646	King Solomon's Mines	Action,Adventure,Romance	1950
tt11389872	kingdom.of.the._tt11389872	Kingdom of the Planet of the Apes	Action,Adventure,Drama	2024
tt1504320	kings_speech	The King's Speech	Biography,Drama,History	2010
tt0051819	kings.go.forth_tt0051819	Kings Go Forth	Action,Drama,Romance	1958
tt6856242	kings.man_tt6856242	The King's Man	Action,Adventure,Thriller	2021
tt0034946	kings.row_tt0034946	Kings Row	Drama	1942
tt2802144	kingsman	Kingsman: The Secret Service	Action,Adventure,Comedy	2014
tt4649466	kingsman.the.go_tt4649466	Kingsman: The Golden Circle	Action,Adventure,Comedy	2017
tt0036984	kismet_tt0036984	Kismet	Adventure,Fantasy	1944
tt0045963	kiss.me.kate_tt0045963	Kiss Me Kate	Comedy,Musical,Romance	1953
tt0089424	kiss.of.the.spi_tt0089424	Kiss of the Spider Woman	Drama	1985
tt0119468	kiss.the.girls_tt0119468	Kiss the Girls	Crime,Drama,Mystery	1997
tt0042648	kiss.tomorrow.g_tt0042648	Kiss Tomorrow Goodbye	Crime,Film-Noir,Thriller	1950
tt0419887	kite.runner_tt0419887	The Kite Runner	Drama	2007
tt0037849	kitty_tt0037849	Kitty	Drama,History,Romance	1945
tt0032671	kitty.foyle_tt0032671	Kitty Foyle	Drama,Romance	1940
tt0144528	klumps	Nutty Professor II: The Klumps	Comedy,Romance,Sci-Fi	2000
tt0067309	klute_tt0067309	Klute	Crime,Mystery,Thriller	1971
tt0059362	knack....and.ho_tt0059362	The Knack... and How to Get It	Comedy	1965
tt0047243	knave.of.hearts_tt0047243	Knave of Hearts	Comedy,Drama,Romance	1954
tt0056291	knife.in.the.wa_tt0056291	Knife in the Water	Drama,Thriller	1962
tt1013743	knight.and.day_tt1013743	Knight and Day	Action,Adventure,Comedy	2010
tt0045966	knights.of.the._tt0045966	Knights of the Round Table	Action,Adventure,Drama	1953
tt8946378	knives_out	Knives Out	Comedy,Crime,Drama	2019
tt0047152	knock.on.wood_tt0047152	Knock on Wood	Comedy	1954
tt0478311	knocked_up	Knocked Up	Comedy,Romance	2007
tt0448011	knowing_tt0448011	Knowing	Mystery,Sci-Fi,Thriller	2009
tt0032676	knute.rockne.al_tt0032676	Knute Rockne All American	Biography,Drama,Family	1940
tt3731562	kong_skull_island	Kong: Skull Island	Action,Adventure,Fantasy	2017
tt0067314	kotch_tt0067314	Kotch	Comedy,Drama	1971
tt0064555	krakatoa.east.o_tt0064555	Krakatoa: East of Java	Adventure,Drama,Romance	1968
tt0079417	kramer_v_kramer	Kramer vs. Kramer	Drama	1979
tt0085811	krull_tt0085811	Krull	Action,Adventure,Fantasy	1983
tt4302938	kubo.and.the.tw_tt4302938	Kubo and the Two Strings	Action,Adventure,Animation	2016
tt0441773	kung.fu.panda_tt0441773	Kung Fu Panda	Action,Adventure,Animation	2008
tt1302011	kung.fu.panda.2_tt1302011	Kung Fu Panda 2	Action,Adventure,Animation	2011
tt2267968	kung.fu.panda.3_tt2267968	Kung Fu Panda 3	Action,Adventure,Animation	2016
tt21692408	kung.fu.panda.4_tt21692408	Kung Fu Panda 4	Action,Adventure,Animation	2024
tt0058279	kwaidan_tt0058279	Kwaidan	Drama,Fantasy,Horror	1964
tt0119488	l.a..confidenti_tt0119488	L.A. Confidential	Crime,Drama,Mystery	1997
tt0102250	l.a..story_tt0102250	L.A. Story	Comedy,Drama,Fantasy	1991
tt0242587	l.i.e._tt0242587	L.I.E.	Crime,Drama	2001
tt0093378	la_bamba	La Bamba	Biography,Drama,Music	1987
tt3783958	la_la_land	La La Land	Comedy,Drama,Music	2016
tt0077288	la.cage.aux.fol_tt0077288	La Cage aux Folles	Comedy	1978
tt0112769	la.crmonie_tt0112769	The Ceremony	Crime,Drama,Thriller	1995
tt0053779	la.dolce.vita_tt0053779	La Dolce Vita	Comedy,Drama	1960
tt0031309	la.fin.du.jour_tt0031309	La fin du jour	Drama	1939
tt0113247	la.haine_tt0113247	La haine	Crime,Drama	1995
tt0056119	la.jete_tt0056119	La Jetée	Drama,Romance,Sci-Fi	1962
tt10767168	la.llorona_tt10767168	La Llorona	Crime,Drama,Horror	2019
tt0054130	la.notte_tt0054130	La Notte	Drama	1961
tt0042906	la.ronde_tt0042906	La Ronde	Drama,Romance	1950
tt0047528	la.strada_tt0047528	La Strada	Drama	1954
tt0071733	lacombe.lucien_tt0071733	Lacombe, Lucien	Drama,War	1974
tt0349710	ladder.49_tt0349710	Ladder 49	Action,Drama,Thriller	2004
tt0022042	ladies.of.the.b_tt0022042	Ladies of the Big House	Crime,Drama,Mystery	1931
tt0048280	lady.and.the.tr_tt0048280	Lady and the Tramp	Adventure,Animation,Comedy	1955
tt4925292	lady.bird_tt4925292	Lady Bird	Comedy,Drama	2017
tt0033804	lady.eve_tt0033804	The Lady Eve	Comedy,Romance	1941
tt0024240	lady.for.a.day_tt0024240	Lady for a Day	Comedy,Drama	1933
tt0063210	lady.in.cement_tt0063210	Lady in Cement	Comedy,Crime,Drama	1968
tt0036094	lady.of.burlesq_tt0036094	Lady of Burlesque	Comedy,Horror,Music	1943
tt0068828	lady.sings.the._tt0068828	Lady Sings the Blues	Biography,Drama,Music	1972
tt0089457	ladyhawke_tt0089457	Ladyhawke	Adventure,Comedy,Drama	1985
tt0048281	ladykillers_tt0048281	The Ladykillers	Comedy,Crime	1955
tt0095489	land.before.tim_tt0095489	The Land Before Time	Adventure,Animation,Drama	1988
tt0146316	lara_croft_tomb_raider	Lara Croft: Tomb Raider	Action,Adventure,Fantasy	2001
tt0325703	lara.croft.tomb_tt0325703	Lara Croft: Tomb Raider - The Cradle of Life	Action,Adventure,Fantasy	2003
tt0085180	largent_tt0085180	L'Argent	Crime,Drama	1983
tt0036098	lassie.come.hom_tt0036098	Lassie Come Home	Adventure,Drama,Family	1943
tt0107362	last_action_hero_fs	Last Action Hero	Action,Adventure,Comedy	1993
tt0938283	last_airbender	The Last Airbender	Action,Adventure,Family	2010
tt0097576	last_crusade	Indiana Jones and the Last Crusade	Action,Adventure,Fantasy	1989
tt0093389	last_emperor	The Last Emperor	Biography,Drama,History	1987
tt2527336	last_jedi	Star Wars: Episode VIII - The Last Jedi	Action,Adventure,Fantasy	2017
tt0104691	last_of_the_mohicans	The Last of the Mohicans	Action,Adventure,Drama	1992
tt0102266	last.boy.scout_tt0102266	The Last Boy Scout	Action,Comedy,Crime	1991
tt0120728	last.days.of.di_tt0120728	The Last Days of Disco	Comedy,Drama,Music	1998
tt0070290	last.detail_tt0070290	The Last Detail	Comedy,Drama	1973
tt0089461	last.dragon_tt0089461	The Last Dragon	Action,Comedy,Drama	1985
tt0068833	last.house.on.t_tt0068833	The Last House on the Left	Crime,Horror,Thriller	1972
tt0455590	last.king.of.sc_tt0455590	The Last King of Scotland	Biography,Drama,History	2006
tt0081032	last.married_tt0081032	The Last Married Couple in America	Comedy	1980
tt0080610	last.metro_tt0080610	The Last Metro	Drama,Romance,War	1980
tt0029120	last.of.mrs..ch_tt0029120	The Last of Mrs. Cheyney	Comedy,Drama,Romance	1937
tt0070291	last.of.sheila_tt0070291	The Last of Sheila	Crime,Drama,Mystery	1973
tt0068835	last.of.the.red_tt0068835	Last of the Red Hot Lovers	Comedy	1972
tt0067328	last.picture.sh_tt0067328	The Last Picture Show	Drama,Romance	1971
tt0076297	last.remake.of._tt0076297	The Last Remake of Beau Geste	Adventure,Comedy,War	1977
tt0325710	last.samurai_tt0325710	The Last Samurai	Action,Drama	2003
tt0110308	last.seduction_tt0110308	The Last Seduction	Crime,Drama,Romance	1994
tt0087597	last.starfighte_tt0087597	The Last Starfighter	Action,Adventure,Sci-Fi	1984
tt0070849	last.tango.in.p_tt0070849	Last Tango in Paris	Drama,Romance	1972
tt0095497	last.temptation_tt0095497	The Last Temptation of Christ	Drama	1988
tt0047162	last.time.i.saw_tt0047162	The Last Time I Saw Paris	Drama,Romance	1954
tt0024844	latalante_tt0024844	L'Atalante	Adventure,Drama,Romance	1934
tt0076301	late.show_tt0076301	The Late Show	Comedy,Mystery,Thriller	1977
tt0041154	late.spring_tt0041154	Late Spring	Comedy,Drama	1949
tt0037008	laura_tt0037008	Laura	Drama,Film-Noir,Mystery	1944
tt0044829	lavender.hill.m_tt0044829	The Lavender Hill Mob	Comedy,Crime	1951
tt0053619	lavventura_tt0053619	L'Avventura	Drama,Mystery,Romance	1960
tt1197624	law.abiding.cit_tt1197624	Law Abiding Citizen	Action,Crime,Drama	2009
tt0104692	lawnmower.man_tt0104692	The Lawnmower Man	Horror,Sci-Fi	1992
tt0056172	lawrence.of.ara_tt0056172	Lawrence of Arabia	Adventure,Biography,Drama	1962
tt0047821	le.amiche_tt0047821	Le Amiche	Drama,Romance	1955
tt0058985	le.bonheur_tt0058985	Happiness	Drama,Romance	1965
tt0067334	le.mans_tt0067334	Le Mans	Action,Adventure,Drama	1971
tt0022150	le.million_tt0022150	Le Million	Comedy,Musical	1931
tt0104694	league_of_their_own	A League of Their Own	Comedy,Drama,Sport	1992
tt0311429	league.of.extra_tt0311429	The League of Extraordinary Gentlemen	Action,Adventure,Fantasy	2003
tt0097722	lean.on.me_tt0097722	Lean on Me	Biography,Drama	1989
tt0037865	leave.her.to.he_tt0037865	Leave Her to Heaven	Drama,Film-Noir,Romance	1945
tt0113627	leaving.las.veg_tt0113627	Leaving Las Vegas	Drama,Romance	1995
tt0056736	leclisse_tt0056736	L'Eclisse	Drama,Romance	1962
tt0048291	left.hand.of.go_tt0048291	The Left Hand of God	Drama	1955
tt0091396	legal_eagles	Legal Eagles	Comedy,Crime,Romance	1986
tt0250494	legally.blonde_tt0250494	Legally Blonde	Comedy,Romance	2001
tt0333780	legally.blonde._tt0333780	Legally Blonde 2: Red, White & Blonde	Comedy	2003
tt0918940	legend_of_tarzan	The Legend of Tarzan	Action,Adventure,Drama	2016
tt0082648	legend_of_the_lone_ranger_fs	The Legend of the Lone Ranger	Action,Adventure,Drama	1981
tt0110322	legends_of_the_fall	Legends of the Fall	Drama,Romance,War	1994
tt4116284	lego.batman.mov_tt4116284	The Lego Batman Movie	Action,Adventure,Animation	2017
tt1490017	lego.movie_tt1490017	The Lego Movie	Action,Adventure,Animation	2014
tt3513498	lego.movie.2.th_tt3513498	The Lego Movie 2: The Second Part	Adventure,Animation,Comedy	2019
tt3014284	lego.ninjago.mo_tt3014284	The Lego Ninjago Movie	Action,Adventure,Animation	2017
tt0043733	lemon.drop.kid_tt0043733	The Lemon Drop Kid	Comedy,Crime,Music	1951
tt0079118	lemon.popsicle_tt0079118	Lemon Popsicle	Comedy,Drama,Romance	1978
tt0339291	lemony_snicket	A Series of Unfortunate Events	Adventure,Comedy,Family	2004
tt0071746	lenny_tt0071746	Lenny	Biography,Drama	1974
tt0050631	les.girls_tt0050631	Les Girls	Comedy,Musical	1957
tt0026725	les.misrables_tt0026725	Les Misérables	Drama,History,Romance	1935
tt1707386	les.misrables_tt1707386	Les Misérables	Drama,Musical,Romance	2012
tt9340860	let.him.go_tt9340860	Let Him Go	Crime,Drama,Thriller	2020
tt1139797	let.the.right.o_tt1139797	Let the Right One In	Drama,Fantasy,Horror	2008
tt0093409	lethal_weapon	Lethal Weapon	Action,Crime,Thriller	1987
tt0097733	lethal_weapon_2	Lethal Weapon 2	Action,Crime,Thriller	1989
tt0104714	lethal_weapon_3	Lethal Weapon 3	Action,Crime,Thriller	1992
tt0122151	lethal_weapon_4	Lethal Weapon 4	Action,Crime,Thriller	1998
tt1924435	lets.be.cops_tt1924435	Let's Be Cops	Action,Comedy,Crime	2014
tt0073282	lets.do.it.agai_tt0073282	Let's Do It Again	Action,Comedy,Crime	1975
tt0054022	lets.make.love_tt0054022	Let's Make Love	Comedy,Musical,Romance	1960
tt0032701	letter_tt0032701	The Letter	Crime,Drama,Film-Noir	1940
tt0040536	letter.from.an._tt0040536	Letter from an Unknown Woman	Drama,Romance	1948
tt0030359	letter.of.intro_tt0030359	Letter of Introduction	Comedy,Drama,Mystery	1938
tt0498380	letters.from.iw_tt0498380	Letters from Iwo Jima	Action,Adventure,Drama	2006
tt2802154	leviathan_tt2802154	Leviathan	Crime,Drama	2014
tt0119528	liar_liar	Liar Liar	Comedy,Fantasy	1997
tt0027884	libeled.lady_tt0027884	Libeled Lady	Comedy,Romance	1936
tt0097742	licence.to.kill_tt0097742	Licence to Kill	Action,Adventure,Thriller	1989
tt0095519	license.to.driv_tt0095519	License to Drive	Comedy	1988
tt11271038	licorice.pizza_tt11271038	Licorice Pizza	Comedy,Drama,Romance	2021
tt0123964	life_tt0123964	Life	Comedy,Crime,Drama	1999
tt0208261	life.and.times._tt0208261	The Life and Times of Hank Greenberg	Biography,Documentary,Sport	1998
tt0033832	life.begins.for_tt0033832	Life Begins for Andy Hardy	Comedy,Romance	1941
tt0118799	life.is.beautif_tt0118799	Life Is Beautiful	Comedy,Drama,Romance	1997
tt0100024	life.is.sweet_tt0100024	Life Is Sweet	Comedy,Drama	1990
tt2382298	life.itself_tt2382298	Life Itself	Biography,Documentary	2014
tt0079470	life.of.brian_tt0079470	Monty Python's Life of Brian	Comedy	1979
tt0029146	life.of.emile.z_tt0029146	The Life of Emile Zola	Biography,Drama	1937
tt0454876	life.of.pi_tt0454876	Life of Pi	Adventure,Drama,Fantasy	2012
tt0039566	life.with.fathe_tt0039566	Life with Father	Comedy,Family	1947
tt0037017	lifeboat_tt0037017	Lifeboat	Drama,War	1944
tt4786282	lights.out_tt4786282	Lights Out	Horror,Mystery	2016
tt10298810	lightyear_tt10298810	Lightyear	Action,Adventure,Animation	2022
tt7545266	like_a_boss	Like a Boss	Comedy	2020
tt1758692	like.crazy_tt1758692	Like Crazy	Drama,Romance	2011
tt0093418	like.father.lik_tt0093418	Like Father Like Son	Comedy,Fantasy	1987
tt0308506	like.mike_tt0308506	Like Mike	Comedy,Family,Fantasy	2002
tt0103994	like.water.for._tt0103994	Like Water for Chocolate	Drama,Romance	1992
tt0046000	lili_tt0046000	Lili	Drama,Musical,Romance	1953
tt0057251	lilies.of.the.f_tt0057251	Lilies of the Field	Comedy,Drama	1963
tt0058294	lilith_tt0058294	Lilith	Drama	1964
tt0032710	lillian.russell_tt0032710	Lillian Russell	Biography,Drama,History	1940
tt0275847	lilo..stitch_tt0275847	Lilo & Stitch	Adventure,Animation,Comedy	2002
tt0165854	limey_tt0165854	The Limey	Crime,Drama,Mystery	1999
tt0022080	limit_tt0022080	Limit	Drama,Romance	1931
tt1219289	limitless_tt1219289	Limitless	Sci-Fi,Thriller	2011
tt0443272	lincoln	Lincoln	Biography,Drama,History	2012
tt3741834	lion_tt3741834	Lion	Biography,Drama	2016
tt0063227	lion.in.winter_tt0063227	The Lion in Winter	Biography,Drama,History	1968
tt0110357	lion.king_tt0110357	The Lion King	Adventure,Animation,Drama	1994
tt6105098	lion.king_tt6105098	The Lion King	Adventure,Animation,Drama	2019
tt0074802	lipstick_tt0074802	Lipstick	Crime,Drama,Thriller	1976
tt0057254	list.of.adrian._tt0057254	The List of Adrian Messenger	Mystery,Thriller	1963
tt0110366	little_rascals	The Little Rascals	Comedy,Family,Romance	1994
tt0110367	little_women	Little Women	Drama,Family,Romance	1994
tt3281548	little_women_2020	Little Women	Drama,Romance	2019
tt29313285	little.amlie.or_tt29313285	Little Amélie or the Character of Rain	Animation,Family	2025
tt0065988	little.big.man_tt0065988	Little Big Man	Adventure,Drama,Western	1970
tt0021079	little.caesar_tt0021079	Little Caesar	Action,Crime,Drama	1931
tt0016029	little.colonel_tt0016029	The Little Colonel	Comedy,Family,Musical	1935
tt0970866	little.fockers_tt0970866	Little Fockers	Comedy,Romance	2010
tt0033836	little.foxes_tt0033836	The Little Foxes	Drama,Romance	1941
tt0430304	little.man_tt0430304	Little Man	Comedy,Crime	2006
tt0097757	little.mermaid_tt0097757	The Little Mermaid	Adventure,Animation,Family	1989
tt5971474	little.mermaid_tt5971474	The Little Mermaid	Adventure,Family,Fantasy	2023
tt0025409	little.minister_tt0025409	The Little Minister	Drama,Romance	1934
tt0025410	little.miss.mar_tt0025410	Little Miss Marker	Adventure,Comedy,Drama	1934
tt0081063	little.miss.mar_tt0081063	Little Miss Marker	Comedy,Drama,Romance	1980
tt0449059	little.miss.sun_tt0449059	Little Miss Sunshine	Comedy,Drama	2006
tt0091419	little.shop.of._tt0091419	Little Shop of Horrors	Comedy,Horror,Musical	1986
tt10016180	little.things_tt10016180	The Little Things	Crime,Drama,Mystery	2021
tt0024264	little.women_tt0024264	Little Women	Drama,Family,Romance	1933
tt0026641	littlest.rebel_tt0026641	The Littlest Rebel	Comedy,Drama,Family	1935
tt0337978	live_free_or_die_hard	Live Free or Die Hard	Action,Thriller	2007
tt0070328	live.and.let.di_tt0070328	Live and Let Die	Action,Adventure,Thriller	1973
tt0026643	lives.of.a.beng_tt0026643	The Lives of a Bengal Lancer	Adventure,Drama,War	1935
tt0405094	lives.of.others_tt0405094	The Lives of Others	Drama,Mystery,Thriller	2006
tt0093428	living_daylights	The Living Daylights	Action,Adventure,Thriller	1987
tt0113677	living.in.obliv_tt0113677	Living in Oblivion	Comedy,Drama	1995
tt0027902	lloyds.of.londo_tt0027902	Lloyd's of London	Drama,History,Romance	1936
tt0085859	local.hero_tt0085859	Local Hero	Comedy,Drama	1983
tt0037024	lodger_tt0037024	The Lodger	Crime,Horror,Mystery	1944
tt3315342	logan	Logan	Action,Drama,Sci-Fi	2017
tt0074812	logans.run_tt0074812	Logan's Run	Action,Adventure,Sci-Fi	1976
tt0056193	lolita_tt0056193	Lolita	Crime,Drama,Romance	1962
tt1091191	lone_survivor	Lone Survivor	Action,Biography,Drama	2013
tt1210819	lone.ranger_tt1210819	The Lone Ranger	Action,Adventure,Drama	2013
tt0043751	lone.star_tt0043751	Lone Star	Drama,Western	1952
tt0116905	lone.star_tt0116905	Lone Star	Drama,Mystery,Western	1996
tt0385056	lonesome.jim_tt0385056	Lonesome Jim	Comedy,Drama	2005
tt0056196	long.days.journ_tt0056196	Long Day's Journey Into Night	Drama	1962
tt0048312	long.gray.line_tt0048312	The Long Gray Line	Biography,Comedy,Drama	1955
tt0051878	long.hot.summer_tt0051878	The Long, Hot Summer	Drama	1958
tt0116908	long.kiss.goodn_tt0116908	The Long Kiss Goodnight	Action,Crime,Drama	1996
tt0047191	long.long.trail_tt0047191	The Long, Long Trailer	Comedy,Romance	1954
tt0081071	long.riders_tt0081071	The Long Riders	Biography,Crime,Drama	1980
tt0032728	long.voyage.hom_tt0032728	The Long Voyage Home	Drama,War	1940
tt0398165	longest_yard	The Longest Yard	Comedy,Crime,Sport	2005
tt0056197	longest.day_tt0056197	The Longest Day	Action,Drama,History	1962
tt0071771	longest.yard_tt0071771	The Longest Yard	Comedy,Crime,Drama	1974
tt23468450	longlegs_tt23468450	Longlegs	Crime,Horror,Mystery	2024
tt0097778	look_whos_talking	Look Who's Talking	Comedy,Romance	1989
tt0051879	look.back.in.an_tt0051879	Look Back in Anger	Drama	1959
tt0041599	look.for.the.si_tt0041599	Look for the Silver Lining	Biography,Drama,Musical	1949
tt3521134	look.of.silence_tt3521134	The Look of Silence	Biography,Documentary,History	2014
tt0076327	looking.for.mr.goodbar_tt0076327	Looking for Mr. Goodbar	Drama	1977
tt0427470	lookout_tt0427470	The Lookout	Crime,Drama,Thriller	2007
tt1276104	looper_tt1276104	Looper	Action,Drama,Sci-Fi	2012
tt1482459	lorax_tt1482459	The Lorax	Adventure,Animation,Comedy	2012
tt0059399	lord.jim_tt0059399	Lord Jim	Adventure,Drama,Romance	1965
tt0057261	lord.of.the.fli_tt0057261	Lord of the Flies	Adventure,Drama,Thriller	1963
tt0077869	lord.of.the.rin_tt0077869	The Lord of the Rings	Adventure,Animation,Fantasy	1978
tt0399295	lord.of.war_tt0399295	Lord of War	Crime,Drama	2005
tt0071772	lords.of.flatbu_tt0071772	The Lords of Flatbush	Comedy,Drama,Romance	1974
tt0120738	lost_in_space	Lost in Space	Action,Adventure,Sci-Fi	1998
tt0119567	lost_world	The Lost World: Jurassic Park	Action,Adventure,Sci-Fi	1997
tt0041600	lost.boundaries_tt0041600	Lost Boundaries	Biography,Drama	1949
tt0093437	lost.boys_tt0093437	The Lost Boys	Comedy,Horror	1987
tt0116922	lost.highway_tt0116922	Lost Highway	Drama,Mystery,Thriller	1997
tt0029162	lost.horizon_tt0029162	Lost Horizon	Adventure,Drama,Fantasy	1937
tt0070337	lost.horizon_tt0070337	Lost Horizon	Adventure,Drama,Fantasy	1973
tt0335266	lost.in.transla_tt0335266	Lost in Translation	Comedy,Drama	2003
tt0023151	lost.squadron_tt0023151	The Lost Squadron	Drama,History,War	1932
tt0037884	lost.weekend_tt0037884	The Lost Weekend	Drama,Film-Noir	1945
tt0120737	lotr_fellowship	The Lord of the Rings: The Fellowship of the Ring	Adventure,Drama,Fantasy	2001
tt0167260	lotr_return_of_the_king	The Lord of the Rings: The Return of the King	Adventure,Drama,Fantasy	2003
tt0167261	lotr_two_towers	The Lord of the Rings: The Two Towers	Adventure,Drama,Fantasy	2002
tt0033851	louisiana.purch_tt0033851	Louisiana Purchase	Comedy,Musical	1941
tt0040550	louisiana.story_tt0040550	Louisiana Story	Adventure,Drama	1948
tt0314331	love.actually_tt0314331	Love Actually	Comedy,Drama,Romance	2003
tt0031593	love.affair_tt0031593	Love Affair	Comedy,Drama,Romance	1939
tt0073312	love.and.death_tt0073312	Love and Death	Comedy,War	1975
tt0079489	love.at.first.b_tt0079489	Love at First Bite	Comedy,Horror	1979
tt0064603	love.bug_tt0064603	The Love Bug	Comedy,Family,Sport	1968
tt0050658	love.in.the.aft_tt0050658	Love in the Afternoon	Comedy,Crime,Drama	1957
tt0048316	love.is.a.manys_tt0048316	Love Is a Many-Splendored Thing	Biography,Drama,Romance	1955
tt0037885	love.letters_tt0037885	Love Letters	Drama,Mystery,Romance	1945
tt0048317	love.me.or.leav_tt0048317	Love Me or Leave Me	Biography,Drama,Music	1955
tt0049452	love.me.tender_tt0049452	Love Me Tender	Drama,Musical,Romance	1956
tt0023158	love.me.tonight_tt0023158	Love Me Tonight	Comedy,Musical,Romance	1932
tt0027914	love.on.the.run_tt0027914	Love on the Run	Comedy,Fantasy,Romance	1936
tt0020112	love.parade_tt0020112	The Love Parade	Comedy,Musical,Romance	1929
tt0066011	love.story_tt0066011	Love Story	Drama,Romance	1970
tt0057263	love.with.the.p_tt0057263	Love with the Proper Stranger	Comedy,Drama,Romance	1963
tt0059410	loved.one_tt0059410	The Loved One	Comedy	1965
tt0044855	lovely.to.look._tt0044855	Lovely to Look At	Comedy,Musical,Mystery	1952
tt0055100	lover.come.back_tt0055100	Lover Come Back	Comedy,Drama,Romance	1961
tt0066016	lovers.and.othe_tt0066016	Lovers and Other Strangers	Comedy,Drama,Romance	1970
tt0059415	loves.of.a.blon_tt0059415	Loves of a Blonde	Comedy,Drama,Romance	1965
tt0040552	loves.of.carmen_tt0040552	The Loves of Carmen	Adventure,Drama,Music	1948
tt3262342	loving.vincent_tt3262342	Loving Vincent	Animation,Drama,Mystery	2017
tt0057239	lshaped.room_tt0057239	The L-Shaped Room	Drama,Romance	1962
tt0073317	lucky.lady_tt0073317	Lucky Lady	Comedy,Crime,Drama	1975
tt1327194	lucky.one_tt1327194	The Lucky One	Drama,Mystery,Romance	2012
tt2872732	lucy	Lucy	Action,Sci-Fi,Thriller	2014
tt0043762	lullaby.of.broa_tt0043762	Lullaby of Broadway	Comedy,Musical,Romance	1951
tt0049456	lust.for.life_tt0049456	Lust for Life	Biography,Drama	1956
tt14668630	lyle.lyle.croco_tt14668630	Lyle, Lyle, Crocodile	Adventure,Comedy,Family	2022
tt0212712	m2046_tt0212712	2046	Drama,Romance,Sci-Fi	2004
tt8760708	m3gan_tt8760708	M3GAN	Horror,Sci-Fi,Thriller	2022
tt0119590	ma.vie.en.rose_tt0119590	Ma vie en rose	Drama	1997
tt0076342	macarthur_tt0076342	MacArthur	Biography,Drama,History	1977
tt0065895	machine.gun.mcc_tt0065895	Machine Gun McCain	Crime,Drama,Thriller	1969
tt0070350	mack_tt0070350	The Mack	Crime,Drama	1973
tt0064615	mackennas.gold_tt0064615	Mackenna's Gold	Action,Adventure,Drama	1969
tt0089530	mad_max_thunderdome	Mad Max Beyond Thunderdome	Action,Adventure,Sci-Fi	1985
tt0351283	madagascar_tt0351283	Madagascar	Adventure,Animation,Comedy	2005
tt1277953	madagascar.3.eu_tt1277953	Madagascar 3: Europe's Most Wanted	Adventure,Animation,Comedy	2012
tt0479952	madagascar.esca_tt0479952	Madagascar: Escape 2 Africa	Adventure,Animation,Comedy	2008
tt0023169	madame.butterfl_tt0023169	Madame Butterfly	Drama,Romance	1932
tt0036126	madame.curie_tt0036126	Madame Curie	Biography,Drama,Romance	1943
tt0076348	madame.rosa_tt0076348	Madame Rosa	Comedy,Drama	1977
tt11057302	madame.web_tt11057302	Madame Web	Action,Thriller	2024
tt0107478	made_in_america_fs	Made in America	Comedy	1993
tt1142800	madea.goes.to.j_tt1142800	Madea Goes to Jail	Comedy,Crime,Drama	2009
tt0455612	madeas.family.r_tt0455612	Madea's Family Reunion	Comedy,Drama,Romance	2006
tt2215285	madeas.witness._tt2215285	Madea's Witness Protection	Comedy,Crime,Drama	2012
tt0060648	mademoiselle_tt0060648	Mademoiselle	Drama	1966
tt0110428	madness.of.king_tt0110428	The Madness of King George	Biography,Comedy,Drama	1994
tt0077889	magic_tt0077889	Magic	Drama,Horror	1978
tt0073822	magic.flute_tt0073822	The Magic Flute	Comedy,Fantasy,Music	1975
tt1915581	magic.mike_tt1915581	Magic Mike	Comedy,Drama,Music	2012
tt2268016	magic.mike.xxl_tt2268016	Magic Mike XXL	Comedy,Drama,Music	2015
tt0051365	magician_tt0051365	The Magician	Comedy,Drama	1958
tt2404435	magnificent_seven	The Magnificent Seven	Action,Adventure,Drama	2016
tt0035015	magnificent.amb_tt0035015	The Magnificent Ambersons	Drama,Romance	1942
tt0026667	magnificent.obs_tt0026667	Magnificent Obsession	Drama,Romance	1935
tt0047203	magnificent.obs_tt0047203	Magnificent Obsession	Drama,Romance	1954
tt0175880	magnolia_tt0175880	Magnolia	Drama	1999
tt0070355	magnum.force_tt0070355	Magnum Force	Action,Crime,Mystery	1973
tt0063260	magus_tt0063260	The Magus	Drama,Fantasy,Mystery	1968
tt0073335	mahogany_tt0073335	Mahogany	Drama,Romance	1975
tt0252076	maid.in.manhatt_tt0252076	Maid in Manhattan	Comedy,Drama,Romance	2002
tt0029190	maid.of.salem_tt0029190	Maid of Salem	Drama	1937
tt0079510	main.event_tt0079510	The Main Event	Comedy,Romance,Sport	1979
tt0097815	major_league	Major League	Comedy,Sport	1989
tt0035019	major.and.the.m_tt0035019	The Major and the Minor	Comedy,Romance	1942
tt0033868	major.barbara_tt0033868	Major Barbara	Comedy	1941
tt0110442	major.league.ii_tt0110442	Major League II	Comedy,Sport	1994
tt0089537	mala.noche_tt0089537	Mala Noche	Drama	1986
tt0041622	malaya_tt0041622	Malaya	Adventure,Drama,War	1949
tt0104797	malcolm.x_tt0104797	Malcolm X	Biography,Drama,History	1992
tt1587310	maleficent	Maleficent	Adventure,Drama,Family	2014
tt4777008	maleficent_mistress_of_evil	Maleficent: Mistress of Evil	Adventure,Drama,Family	2019
tt0213847	malena_tt0213847	Malena	Drama,Romance,War	2000
tt0107497	malice	Malice	Crime,Mystery,Thriller	1993
tt0113749	mallrats_tt0113749	Mallrats	Comedy,Romance	1995
tt0033870	maltese.falcon_tt0033870	The Maltese Falcon	Crime,Drama,Film-Noir	1941
tt2023587	mama_tt2023587	Mama	Fantasy,Horror,Thriller	2013
tt0071803	mame_tt0071803	Mame	Comedy,Musical	1974
tt0795421	mamma_mia	Mamma Mia!	Comedy,Musical,Romance	2008
tt6911608	mamma_mia_2	Mamma Mia! Here We Go Again	Comedy,Musical,Romance	2018
tt0770828	man_of_steel	Man of Steel	Action,Adventure,Sci-Fi	2013
tt0048342	man.from.larami_tt0048342	The Man from Laramie	Drama,Western	1955
tt0049474	man.in.the.gray_tt0049474	The Man in the Gray Flannel Suit	Drama,Romance,War	1956
tt0120744	man.in.the.iron_tt0120744	The Man in the Iron Mask	Action,Adventure,Drama	1998
tt0044876	man.in.the.whit_tt0044876	The Man in the White Suit	Comedy,Drama,Sci-Fi	1951
tt0025456	man.of.aran_tt0025456	Man of Aran	Drama	1934
tt0068909	man.of.la.manch_tt0068909	Man of La Mancha	Drama,Fantasy,Musical	1972
tt0113755	man.of.the.hous_tt0113755	Man of the House	Comedy,Family	1995
tt0328107	man.on.fire_tt0328107	Man on Fire	Action,Crime,Drama	2004
tt0125664	man.on.the.moon_tt0125664	Man on the Moon	Biography,Comedy,Drama	1999
tt1155592	man.on.wire_tt1155592	Man on Wire	Biography,Crime,Documentary	2008
tt0022114	man.who.came.ba_tt0022114	The Man Who Came Back	Drama	1931
tt0033874	man.who.came.to_tt0033874	The Man Who Came to Dinner	Comedy,Romance	1941
tt0029201	man.who.could.w_tt0029201	The Man Who Could Work Miracles	Comedy,Family,Fantasy	1936
tt0074851	man.who.fell.to_tt0074851	The Man Who Fell to Earth	Drama,Sci-Fi	1976
tt0025452	man.who.knew.to_tt0025452	The Man Who Knew Too Much	Crime,Drama,Mystery	1934
tt0049470	man.who.knew.to_tt0049470	The Man Who Knew Too Much	Crime,Drama,Mystery	1956
tt0023181	man.who.played._tt0023181	The Man Who Played God	Drama,Romance	1932
tt0056217	man.who.shot.li_tt0056217	The Man Who Shot Liberty Valance	Drama,Western	1962
tt0064631	man.who.thought_tt0064631	The Man Who Thought Life	Sci-Fi,Thriller	1969
tt0243133	man.who.wasnt.t_tt0243133	The Man Who Wasn't There	Crime,Drama	2001
tt0073341	man.who.would.b_tt0073341	The Man Who Would Be King	Adventure,Drama,War	1975
tt0019760	man.with.a.movie.camera_tt0019760	Man with a Movie Camera	Documentary	1929
tt0048347	man.with.the.go_tt0048347	The Man with the Golden Arm	Crime,Drama,Romance	1955
tt0071807	man.with.the.go_tt0071807	The Man with the Golden Gun	Action,Adventure,Thriller	1974
tt0311519	man.without.a.p_tt0311519	The Man Without a Past	Comedy,Drama,Romance	2002
tt4034228	manchester.by.t_tt4034228	Manchester by the Sea	Drama	2016
tt0056218	manchurian.cand_tt0056218	The Manchurian Candidate	Drama,Thriller	1962
tt0368008	manchurian.cand_tt0368008	The Manchurian Candidate	Drama,Mystery,Sci-Fi	2004
tt0912590	manda.bala.send_tt0912590	Manda Bala (Send a Bullet)	Documentary	2007
tt0073349	mandingo_tt0073349	Mandingo	Drama,History,Romance	1975
tt0079522	manhattan_tt0079522	Manhattan	Comedy,Drama,Romance	1979
tt0025464	manhattan.melod_tt0025464	Manhattan Melodrama	Crime,Drama,Romance	1934
tt0081114	maniac_tt0081114	Maniac	Crime,Drama,Horror	1980
tt0298050	manito_tt0298050	Manito	Drama,Family	2002
tt0093493	mannequin	Mannequin	Comedy,Fantasy,Romance	1987
tt0030413	mannequin_tt0030413	Mannequin	Drama	1937
tt0058324	mans.favorite.s_tt0058324	Man's Favorite Sport?	Comedy,Romance	1964
tt0074860	marathon.man_tt0074860	Marathon Man	Crime,Drama,Thriller	1976
tt0428803	march.of.the.pe_tt0428803	March of the Penguins	Documentary,Family	2005
tt0390221	maria.full.of.g_tt0390221	Maria Full of Grace	Crime,Drama	2004
tt0030418	marie.antoinett_tt0030418	Marie Antoinette	Biography,Drama,History	1938
tt0032762	mark.of.zorro_tt0032762	The Mark of Zorro	Action,Adventure,Drama	1940
tt0100114	marked_for_death	Marked for Death	Action,Crime,Drama	1990
tt0029217	marked.woman_tt0029217	Marked Woman	Crime,Drama,Film-Noir	1937
tt0822832	marley..me_tt0822832	Marley & Me	Drama,Family	2008
tt0074870	marquise.of.o_tt0074870	The Marquise of O	Drama,History	1976
tt0058335	marriage.italia_tt0058335	Marriage Italian Style	Comedy,Drama,Romance	1964
tt0079095	marriage.of.mar_tt0079095	The Marriage of Maria Braun	Drama,Romance	1979
tt7653254	marriage.story_tt7653254	Marriage Story	Drama,Romance	2019
tt0095593	married.to.the._tt0095593	Married to the Mob	Comedy,Crime,Romance	1988
tt1441326	martha.marcy.ma_tt1441326	Martha Marcy May Marlene	Drama,Mystery,Thriller	2011
tt3659388	martian	The Martian	Adventure,Drama,Sci-Fi	2015
tt0048356	marty_tt0048356	Marty	Drama,Romance	1955
tt10676048	marvels_tt10676048	The Marvels	Action,Adventure,Sci-Fi	2023
tt5028340	mary_poppins_returns	Mary Poppins Returns	Adventure,Comedy,Family	2018
tt0027948	mary.of.scotlan_tt0027948	Mary of Scotland	Biography,Drama,History	1936
tt0058331	mary.poppins_tt0058331	Mary Poppins	Comedy,Family,Fantasy	1964
tt0067402	mary.queen.of.s_tt0067402	Mary, Queen of Scots	Biography,Drama,History	1971
tt0066026	mash_tt0066026	M*A*S*H	Comedy,Drama,War	1970
tt0089560	mask_1985	Mask	Biography,Drama	1985
tt0110475	mask_1994	The Mask	Comedy,Crime,Fantasy	1994
tt0120746	mask.of.zorro_tt0120746	The Mask of Zorro	Action,Adventure,Comedy	1998
tt1560747	master_tt1560747	The Master	Drama	2012
tt0311113	master.and.comm_tt0311113	Master and Commander: The Far Side of the World	Action,Adventure,Drama	2003
tt0023196	mata.hari_tt0023196	Mata Hari	Crime,Drama,Romance	1931
tt0416320	match.point_tt0416320	Match Point	Drama,Romance,Thriller	2005
tt0117008	matilda_tt0117008	Matilda	Comedy,Family,Fantasy	1996
tt0053054	mating.game_tt0053054	The Mating Game	Comedy,Romance	1959
tt0234215	matrix_reloaded	The Matrix Reloaded	Action,Sci-Fi	2003
tt0242653	matrix_revolutions	The Matrix Revolutions	Action,Sci-Fi	2003
tt0133093	matrix_tt0133093	The Matrix	Action,Sci-Fi	1999
tt10838180	matrix.resurrec_tt10838180	The Matrix Resurrections	Action,Sci-Fi	2021
tt4761112	mauritanian_tt4761112	The Mauritanian	Biography,Drama,Thriller	2021
tt0110478	maverick	Maverick	Action,Adventure,Comedy	1994
tt0027951	mayerling_tt0027951	Mayerling	Drama,Romance	1936
tt0029222	maytime_tt0029222	Maytime	Drama,Musical,Mystery	1937
tt1790864	maze_runner	The Maze Runner	Action,Mystery,Sci-Fi	2014
tt4046784	maze.runner.the_tt4046784	Maze Runner: The Scorch Trials	Action,Adventure,Sci-Fi	2015
tt0067411	mccabe..mrs..mi_tt0067411	McCabe & Mrs. Miller	Drama,Western	1971
tt6510332	mcqueen_tt6510332	McQueen	Biography,Documentary	2018
tt0183505	me_myself_and_irene	Me, Myself & Irene	Comedy	2000
tt0415978	me.and.you.and._tt0415978	Me and You and Everyone We Know	Comedy,Drama	2005
tt0377092	mean_girls	Mean Girls	Comedy	2004
tt11762114	mean.girls_tt11762114	Mean Girls	Comedy,Musical	2024
tt0070379	mean.streets_tt0070379	Mean Streets	Crime,Drama,Thriller	1973
tt0085959	meaning.of.life_tt0085959	Monty Python's the Meaning of Life	Comedy,Musical	1983
tt0079540	meatballs_tt0079540	Meatballs	Comedy	1979
tt0104839	medicine.man_tt0104839	Medicine Man	Adventure,Drama,Romance	1992
tt0102426	mediterraneo_tt0102426	Mediterraneo	Comedy,Drama,War	1991
tt0064652	medium.cool_tt0064652	Medium Cool	Drama,Thriller	1969
tt0290002	meet_the_fockers	Meet the Fockers	Comedy,Romance	2004
tt0212338	meet_the_parents	Meet the Parents	Comedy,Romance	2000
tt0119643	meet.joe.black_tt0119643	Meet Joe Black	Drama,Fantasy,Romance	1998
tt0049490	meet.me.in.las._tt0049490	Meet Me in Las Vegas	Comedy,Musical,Romance	1956
tt0037059	meet.me.in.st.._tt0037059	Meet Me in St. Louis	Comedy,Drama,Family	1944
tt0396555	meet.the.robins_tt0396555	Meet the Robinsons	Adventure,Animation,Comedy	2007
tt4779682	meg	The Meg	Action,Horror,Sci-Fi	2018
tt9224104	meg.2.the.trenc_tt9224104	Meg 2: The Trench	Action,Adventure,Horror	2023
tt1001526	megamind_tt1001526	Megamind	Action,Adventure,Animation	2010
tt0263728	megiddo.the.ome_tt0263728	Megiddo: The Omega Code 2	Action,Adventure,Fantasy	2001
tt1527186	melancholia_tt1527186	Melancholia	Drama,Sci-Fi	2011
tt0068934	melinda_tt0068934	Melinda	Action,Crime,Drama	1972
tt0040580	melody.time_tt0040580	Melody Time	Animation,Comedy,Family	1948
tt0081150	melvin.and.howa_tt0081150	Melvin and Howard	Comedy,Drama	1980
tt0209144	memento_tt0209144	Memento	Drama,Mystery,Thriller	2000
tt0397535	memoirs.of.a.ge_tt0397535	Memoirs of a Geisha	Drama,Romance	2005
tt0353969	memories.of.mur_tt0353969	Memories of Murder	Crime,Drama,Mystery	2003
tt0063291	memories.of.und_tt0063291	Memories of Underdevelopment	Drama	1968
tt0100133	memphis.belle_tt0100133	Memphis Belle	Action,Drama,War	1990
tt0036152	memphis.belle.a_tt0036152	The Memphis Belle: A Story of a Flying Fortress	Documentary,History,War	1944
tt0119654	men_in_black	Men in Black	Action,Adventure,Comedy	1997
tt0120912	men_in_black_2	Men in Black II	Action,Adventure,Comedy	2002
tt1409024	men_in_black_3	Men in Black³	Action,Adventure,Comedy	2012
tt0042727	men_tt0042727	The Men	Drama	1950
tt2283336	men.in.black.in_tt2283336	Men in Black: International	Action,Adventure,Comedy	2019
tt0050699	men.in.war_tt0050699	Men in War	Action,Drama,War	1957
tt0025489	men.in.white_tt0025489	Men in White	Drama,Romance	1934
tt0022139	men.with.wings_tt0022139	Men with Wings	Action,Drama,Romance	1938
tt9764362	menu_tt9764362	The Menu	Comedy,Horror,Thriller	2022
tt0023213	merrily.we.go.t_tt0023213	Merrily We Go to Hell	Comedy,Drama,Romance	1932
tt0025493	merry.widow_tt0025493	The Merry Widow	Comedy,Musical,Romance	1934
tt0139462	message.in.a.bo_tt0139462	Message in a Bottle	Drama,Romance	1999
tt0790712	messenger_tt0790712	The Messenger	Drama,Romance,War	2009
tt0100142	metropolitan_tt0100142	Metropolitan	Comedy,Drama,Romance	1990
tt0236493	mexican_tt0236493	The Mexican	Adventure,Comedy,Drama	2001
tt0430357	miami.vice_tt0430357	Miami Vice	Action,Crime,Drama	2006
tt0117038	michael_fs	Michael	Comedy,Drama,Fantasy	1996
tt0465538	michael.clayton_tt0465538	Michael Clayton	Crime,Drama,Mystery	2007
tt0117039	michael.collins_tt0117039	Michael Collins	Biography,Drama,History	1996
tt12299608	mickey.17_tt12299608	Mickey 17	Adventure,Comedy,Fantasy	2025
tt0087718	micki..maude_tt0087718	Micki + Maude	Comedy,Romance	1984
tt0053065	middle.of.the.n_tt0053065	Middle of the Night	Drama	1959
tt0095631	midnight_run	Midnight Run	Action,Comedy,Crime	1988
tt0031647	midnight_tt0031647	Midnight	Comedy,Romance	1939
tt0064665	midnight.cowboy_tt0064665	Midnight Cowboy	Drama	1969
tt0077928	midnight.expres_tt0077928	Midnight Express	Biography,Crime,Drama	1978
tt1605783	midnight.in.par_tt1605783	Midnight in Paris	Comedy,Fantasy,Romance	2011
tt0054084	midnight.lace_tt0054084	Midnight Lace	Crime,Drama,Mystery	1960
tt0074899	midway_tt0074899	Midway	Action,Drama,History	1976
tt6924650	midway_tt6924650	Midway	Action,Drama,History	2019
tt0104868	mighty.ducks_tt0104868	The Mighty Ducks	Comedy,Drama,Family	1992
tt0113820	mighty.morphin._tt0113820	Mighty Morphin Power Rangers	Action,Adventure,Family	1995
tt6495056	migration_tt6495056	Migration	Adventure,Animation,Comedy	2023
tt0031650	mikado_tt0031650	The Mikado	Comedy,Musical	1939
tt0037913	mildred.pierce_tt0037913	Mildred Pierce	Crime,Drama,Film-Noir	1945
tt1013753	milk_tt1013753	Milk	Biography,Drama,History	2008
tt0022149	millie_tt0022149	Millie	Drama,Romance	1931
tt0405159	million_dollar_baby	Million Dollar Baby	Drama,Sport	2004
tt0044903	million.dollar._tt0044903	Million Dollar Mermaid	Biography,Drama,Musical	1952
tt10633456	minari_tt10633456	Minari	Drama	2020
tt7476236	minding.the.gap_tt7476236	Minding the Gap	Documentary,Sport	2018
tt3566834	minecraft_tt3566834	A Minecraft Movie	Action,Adventure,Comedy	2025
tt2293640	minions_tt2293640	Minions	Adventure,Animation,Comedy	2015
tt5113044	minions.the.ris_tt5113044	Minions: The Rise of Gru	Adventure,Animation,Comedy	2022
tt0181689	minority_report	Minority Report	Action,Crime,Mystery	2002
tt0349825	miracle_tt0349825	Miracle	Biography,Drama,History	2004
tt0043809	miracle.in.mila_tt0043809	Miracle in Milan	Comedy,Drama,Fantasy	1951
tt0044905	miracle.of.our._tt0044905	The Miracle of Our Lady of Fatima	Drama,History	1952
tt0040594	miracle.of.the._tt0040594	The Miracle of the Bells	Drama	1948
tt0039628	miracle.on.34th_tt0039628	Miracle on 34th Street	Comedy,Drama,Family	1947
tt0056241	miracle.worker_tt0056241	The Miracle Worker	Biography,Drama	1962
tt0072443	mirror_tt0072443	Mirror	Biography,Drama	1975
tt0117057	mirror.has.two._tt0117057	The Mirror Has Two Faces	Comedy,Drama,Romance	1996
tt1667353	mirror.mirror_tt1667353	Mirror Mirror	Adventure,Comedy,Drama	2012
tt0100157	misery_tt0100157	Misery	Drama,Thriller	1990
tt0055184	misfits_tt0055184	The Misfits	Drama,Romance,Western	1961
tt1935859	miss_peregrine	Miss Peregrine's Home for Peculiar Children	Adventure,Drama,Family	2016
tt0212346	miss.congeniali_tt0212346	Miss Congeniality	Action,Comedy,Crime	2000
tt0043567	miss.julie_tt0043567	Miss Julie	Drama,Romance	1951
tt0084335	missing_tt0084335	Missing	Biography,Drama,History	1982
tt0087727	missing.in.acti_tt0087727	Missing in Action	Action,Adventure,Drama	1984
tt0117060	mission_impossible	Mission: Impossible	Action,Adventure,Thriller	1996
tt0120755	mission_impossible_2	Mission: Impossible II	Action,Adventure,Thriller	2000
tt0317919	mission_impossible_3	Mission: Impossible III	Action,Adventure,Thriller	2006
tt1229238	mission_impossible_4	Mission: Impossible - Ghost Protocol	Action,Adventure,Thriller	2011
tt4912910	mission_impossible_fallout	Mission: Impossible - Fallout	Action,Adventure,Thriller	2018
tt0091530	mission_tt0091530	The Mission	Adventure,Drama,History	1986
tt9603208	mission.impossi_tt9603208	Mission: Impossible - The Final Reckoning	Action,Adventure,Thriller	2025
tt9603212	mission.impossi_tt9603212	Mission: Impossible - Dead Reckoning Part One	Action,Adventure,Thriller	2023
tt0183523	mission.to.mars_tt0183523	Mission to Mars	Adventure,Sci-Fi,Thriller	2000
tt0026723	mississippi_tt0026723	Mississippi	Comedy,Musical	1935
tt0095647	mississippi.bur_tt0095647	Mississippi Burning	Crime,Drama,Mystery	1988
tt0074906	missouri.breaks_tt0074906	The Missouri Breaks	Drama,Western	1976
tt0042742	mister.880_tt0042742	Mister 880	Comedy,Crime,Romance	1950
tt0048380	mister.roberts_tt0048380	Mister Roberts	Comedy,Drama,War	1955
tt0104897	mo.money_tt0104897	Mo' Money	Action,Comedy,Crime	1992
tt13622970	moana_tt13622970	Moana 2	Adventure,Animation,Comedy	2024
tt3521164	moana_tt3521164	Moana	Adventure,Animation,Comedy	2016
tt0049513	moby.dick_tt0049513	Moby Dick	Adventure,Drama	1956
tt0082764	modern.romance_tt0082764	Modern Romance	Comedy,Romance	1981
tt0027977	modern.times_tt0027977	Modern Times	Comedy,Drama,Romance	1936
tt0060708	modesty.blaise_tt0060708	Modesty Blaise	Action,Adventure,Comedy	1966
tt0046085	mogambo_tt0046085	Mogambo	Adventure,Drama,Romance	1953
tt0091538	mona.lisa_tt0091538	Mona Lisa	Crime,Drama,Romance	1986
tt0046087	money.from.home_tt0046087	Money from Home	Comedy,Musical,Romance	1953
tt0091541	money.pit_tt0091541	The Money Pit	Comedy	1986
tt0113845	money.train_tt0113845	Money Train	Action,Comedy,Crime	1995
tt1210166	moneyball_tt1210166	Moneyball	Biography,Drama,Sport	2011
tt0416044	mongol.the.rise_tt0416044	Mongol: The Rise of Genghis Khan	Action,Biography,Drama	2007
tt0022158	monkey.business_tt0022158	Monkey Business	Comedy,Family,Musical	1931
tt0038747	monsieur.beauca_tt0038747	Monsieur Beaucaire	Adventure,Comedy,History	1946
tt0039632	monsieur.vincen_tt0039632	Monsieur Vincent	Biography,Drama,History	1947
tt0265343	monsoon.wedding_tt0265343	Monsoon Wedding	Comedy,Drama,Romance	2001
tt0369735	monster_in_law	Monster-in-Law	Comedy,Romance	2005
tt0385880	monster.house_tt0385880	Monster House	Animation,Comedy,Family	2006
tt0285742	monsters.ball_tt0285742	Monster's Ball	Drama,Romance	2001
tt0198781	monsters.inc._tt0198781	Monsters, Inc.	Adventure,Animation,Comedy	2001
tt1453405	monsters.univer_tt1453405	Monsters University	Adventure,Animation,Comedy	2013
tt0892782	monsters.vs..al_tt0892782	Monsters vs. Aliens	Action,Adventure,Animation	2009
tt0021153	monte.carlo_tt0021153	Monte Carlo	Comedy,Musical,Romance	1930
tt0071853	monty.python.an_tt0071853	Monty Python and the Holy Grail	Adventure,Comedy,Fantasy	1975
tt2177771	monuments.men_tt2177771	The Monuments Men	Biography,Comedy,Drama	2014
tt4975722	moonlight_tt4975722	Moonlight	Drama	2016
tt0084354	moonlighting_tt0084354	Moonlighting	Drama	1982
tt0079574	moonraker_tt0079574	Moonraker	Action,Adventure,Sci-Fi	1979
tt1748122	moonrise.kingdo_tt1748122	Moonrise Kingdom	Adventure,Comedy,Drama	2012
tt0093565	moonstruck	Moonstruck	Comedy,Drama,Romance	1987
tt0035082	moontide_tt0035082	Moontide	Crime,Drama,Film-Noir	1942
tt5108870	morbius_tt5108870	Morbius	Action,Adventure,Horror	2022
tt0079576	more.american.g_tt0079576	More American Graffiti	Comedy,Drama,War	1979
tt0036172	more.the.merrie_tt0036172	The More the Merrier	Comedy	1943
tt0060714	morgan_tt0060714	Morgan!	Comedy,Drama,Fantasy	1966
tt0024353	morning.glory_tt0024353	Morning Glory	Drama,Romance	1933
tt0021156	morocco_tt0021156	Morocco	Drama,Romance	1930
tt0113855	mortal_kombat_fs	Mortal Kombat	Action,Adventure,Fantasy	1995
tt0293429	mortal.kombat_tt0293429	Mortal Kombat	Action,Adventure,Fantasy	2021
tt0032811	mortal.storm_tt0032811	The Mortal Storm	Drama	1940
tt0087747	moscow.on.the.h_tt0087747	Moscow on the Hudson	Comedy,Drama,Romance	1984
tt0081184	motel.hell_tt0081184	Motel Hell	Comedy,Horror,Thriller	1980
tt0070359	mother.and.the._tt0070359	The Mother and the Whore	Drama,Romance	1973
tt0074923	mother.jugs_tt0074923	Mother, Jugs & Speed	Comedy,Drama	1976
tt0117093	mother.night_tt0117093	Mother Night	Drama,Romance,War	1996
tt0039634	mother.wore.tig_tt0039634	Mother Wore Tights	Drama,Musical,Romance	1947
tt0318462	motorcycle.diar_tt0318462	The Motorcycle Diaries	Adventure,Biography,Drama	2004
tt0061996	mouchette_tt0061996	Mouchette	Drama	1967
tt0044926	moulin.rouge_tt0044926	Moulin Rouge	Biography,Drama,Music	1952
tt0203009	moulin.rouge_tt0203009	Moulin Rouge!	Drama,Musical,Romance	2001
tt0057329	move.over.darli_tt0057329	Move Over, Darling	Comedy,Romance	1963
tt0280590	mr_deeds	Mr. Deeds	Comedy,Romance	2002
tt0113862	mr_hollands_opus	Mr. Holland's Opus	Drama,Music	1995
tt0085970	mr_mom_fs	Mr. Mom	Comedy,Drama	1983
tt0356910	mr_mrs_smith	Mr. & Mrs. Smith	Action,Comedy,Crime	2005
tt0040613	mr..blandings.b_tt0040613	Mr. Blandings Builds His Dream House	Comedy,Romance	1948
tt0027996	mr..deeds.goes._tt0027996	Mr. Deeds Goes to Town	Comedy,Drama,Romance	1936
tt0056255	mr..hobbs.takes_tt0056255	Mr. Hobbs Takes a Vacation	Comedy,Family	1962
tt0036174	mr..lucky_tt0036174	Mr. Lucky	Comedy,Crime,Romance	1943
tt0864835	mr..peabody..sh_tt0864835	Mr. Peabody & Sherman	Adventure,Animation,Comedy	2014
tt1396218	mr..poppers.pen_tt1396218	Mr. Popper's Penguins	Comedy,Family,Fantasy	2011
tt0037094	mr..skeffington_tt0037094	Mr. Skeffington	Drama,Romance	1944
tt0031679	mr..smith.goes._tt0031679	Mr. Smith Goes to Washington	Comedy,Drama	1939
tt2473794	mr..turner_tt2473794	Mr. Turner	Biography,Drama,History	2014
tt0107614	mrs_doubtfire	Mrs. Doubtfire	Comedy,Drama,Family	1993
tt0119280	mrs..brown_tt0119280	Mrs. Brown	Biography,Drama,History	1997
tt0035093	mrs..miniver_tt0035093	Mrs. Miniver	Drama,Romance,War	1942
tt0037096	mrs..parkington_tt0037096	Mrs. Parkington	Drama,Romance	1944
tt0107616	much.ado.about._tt0107616	Much Ado About Nothing	Comedy,Drama,Romance	1993
tt13186482	mufasa.the.lion_tt13186482	Mufasa: The Lion King	Adventure,Animation,Drama	2024
tt0120762	mulan_tt0120762	Mulan	Adventure,Animation,Comedy	1998
tt7959026	mule_tt7959026	The Mule	Crime,Drama,Thriller	2018
tt0166924	mulholland.driv_tt0166924	Mulholland Drive	Drama,Mystery,Thriller	2001
tt0067454	multiple.maniac_tt0067454	Multiple Maniacs	Comedy,Crime,Horror	1970
tt0120616	mummy	The Mummy	Action,Adventure,Fantasy	1999
tt0209163	mummy_returns_fs	The Mummy Returns	Action,Adventure,Fantasy	2001
tt0859163	mummy_tomb_of_the_dragon_emperor	The Mummy: Tomb of the Dragon Emperor	Action,Adventure,Fantasy	2008
tt2345759	mummy_tt2345759	The Mummy	Action,Adventure,Fantasy	2017
tt0408306	munich_tt0408306	Munich	Drama,History,Thriller	2005
tt0079588	muppet.movie_tt0079588	The Muppet Movie	Adventure,Comedy,Family	1979
tt0117110	muppet.treasure_tt0117110	Muppet Treasure Island	Action,Adventure,Comedy	1996
tt1204342	muppets_tt1204342	The Muppets	Adventure,Comedy,Family	2011
tt0087755	muppets.take.ma_tt0087755	The Muppets Take Manhattan	Adventure,Comedy,Drama	1984
tt0074937	murder.by.death_tt0074937	Murder by Death	Comedy,Crime,Mystery	1976
tt0071877	murder.on.the.o_tt0071877	Murder on the Orient Express	Crime,Drama,Mystery	1974
tt3402236	murder.on.the.o_tt3402236	Murder on the Orient Express	Comedy,Crime,Drama	2017
tt0436613	murderball_tt0436613	Murderball	Documentary,Sport	2005
tt0060728	murderers.row_tt0060728	Murderers' Row	Action,Adventure,Comedy	1966
tt0089643	murphys.romance_tt0089643	Murphy's Romance	Comedy,Drama,Romance	1985
tt0067458	murphys.war_tt0067458	Murphy's War	Drama,War	1971
tt0758766	music.and.lyric_tt0758766	Music and Lyrics	Comedy,Music,Romance	2007
tt0037104	music.for.milli_tt0037104	Music for Millions	Comedy,Drama,Family	1944
tt0056262	music.man_tt0056262	The Music Man	Comedy,Family,Musical	1962
tt0026752	mutiny.on.the.b_tt0026752	Mutiny on the Bounty	Adventure,Biography,Drama	1935
tt0081207	my_bodyguard	My Bodyguard	Comedy,Drama,Family	1980
tt0119738	my.best.friends_tt0119738	My Best Friend's Wedding	Comedy,Drama,Romance	1997
tt0042767	my.blue.heaven_tt0042767	My Blue Heaven	Drama,Musical	1950
tt0104952	my.cousin.vinny_tt0104952	My Cousin Vinny	Comedy,Crime	1992
tt0038762	my.darling.clem_tt0038762	My Darling Clementine	Drama,Romance,Western	1946
tt0058385	my.fair.lady_tt0058385	My Fair Lady	Drama,Family,Musical	1964
tt0035100	my.favorite.blo_tt0035100	My Favorite Blonde	Comedy	1942
tt0043827	my.favorite.spy_tt0043827	My Favorite Spy	Comedy	1951
tt0029284	my.favorite.wif_tt0029284	My Favorite Wife	Comedy,Romance	1940
tt0084370	my.favorite.yea_tt0084370	My Favorite Year	Comedy,Drama	1982
tt0342804	my.flesh.and.bl_tt0342804	My Flesh and Blood	Documentary	2003
tt0041672	my.foolish.hear_tt0041672	My Foolish Heart	Drama,Romance	1949
tt0035103	my.gal.sal_tt0035103	My Gal Sal	Drama,Mystery,Romance	1942
tt0102492	my.girl_tt0102492	My Girl	Comedy,Drama,Family	1991
tt0097937	my.left.foot_tt0097937	My Left Foot	Biography,Drama	1989
tt0089606	my.life.as.a.do_tt0089606	My Life as a Dog	Comedy,Drama	1985
tt2321405	my.life.as.a.zu_tt2321405	My Life as a Zucchini	Animation,Comedy,Drama	2016
tt0028010	my.man.godfrey_tt0028010	My Man Godfrey	Comedy,Drama,Romance	1936
tt0064612	my.night.at.mau_tt0064612	My Night at Maud's	Comedy,Drama,Romance	1969
tt0102494	my.own.private._tt0102494	My Own Private Idaho	Drama	1991
tt0038765	my.reputation_tt0038765	My Reputation	Drama,Romance	1946
tt0085980	my.tutor_tt0085980	My Tutor	Comedy	1983
tt1655420	my.week.with.ma_tt1655420	My Week with Marilyn	Biography,Drama	2011
tt0066115	myra.breckinridge_tt0066115	Myra Breckinridge	Comedy	1970
tt0049531	mystery.of.pica_tt0049531	The Mystery of Picasso	Biography,Documentary,History	1956
tt0327056	mystic.river_tt0327056	Mystic River	Crime,Drama,Mystery	2003
tt0457510	nacho_libre	Nacho Libre	Comedy,Family,Sport	2006
tt0095705	naked_gun	The Naked Gun: From the Files of Police Squad!	Comedy,Crime	1988
tt0102510	naked_gun_25	The Naked Gun 2½: The Smell of Fear	Comedy,Crime	1991
tt0110622	naked_gun_3313	Naked Gun 33 1/3: The Final Insult	Comedy,Crime	1994
tt0107653	naked_tt0107653	Naked	Comedy,Drama	1993
tt0051978	naked.and.the.d_tt0051978	The Naked and the Dead	Drama,War	1958
tt0040636	naked.city_tt0040636	The Naked City	Crime,Drama,Film-Noir	1948
tt3402138	naked.gun_tt3402138	The Naked Gun	Action,Comedy,Crime	2025
tt0056049	naked.island_tt0056049	The Naked Island	Drama	1960
tt0102511	naked.lunch_tt0102511	Naked Lunch	Drama,Mystery	1991
tt0059496	nanny_tt0059496	The Nanny	Mystery,Thriller	1965
tt0374900	napoleon.dynami_tt0374900	Napoleon Dynamite	Comedy	2004
tt0363771	narnia	The Chronicles of Narnia: The Lion, the Witch and the Wardrobe	Adventure,Family,Fantasy	2005
tt0073440	nashville_tt0073440	Nashville	Comedy,Drama,Music	1975
tt0368891	national_treasure	National Treasure	Action,Adventure,Mystery	2004
tt0465234	national_treasure_2	National Treasure: Book of Secrets	Action,Adventure,Mystery	2007
tt0077975	national.lampoo_tt0077975	National Lampoon's Animal House	Comedy	1978
tt0037120	national.velvet_tt0037120	National Velvet	Drama,Family,Sport	1944
tt0087781	natural	The Natural	Drama,Sport	1984
tt0110632	natural.born.ki_tt0110632	Natural Born Killers	Crime,Romance	1994
tt0026768	naughty.mariett_tt0026768	Naughty Marietta	Drama,Musical,Romance	1935
tt1821549	nebraska_tt1821549	Nebraska	Drama	2013
tt0102517	necessary.rough_tt0102517	Necessary Roughness	Comedy,Sport	1991
tt0120768	negotiator_tt0120768	The Negotiator	Action,Crime,Drama	1998
tt2004420	neighbors	Neighbors	Comedy	2014
tt0082801	neighbors_tt0082801	Neighbors	Comedy	1981
tt0113957	net_tt0113957	The Net	Action,Crime,Drama	1995
tt0074958	network_tt0074958	Network	Drama	1976
tt0086006	never_say_never_again	Never Say Never Again	Action,Adventure,Thriller	1983
tt0151738	never.been.kiss_tt0151738	Never Been Kissed	Comedy,Drama,Romance	1999
tt0086005	never.cry.wolf_tt0086005	Never Cry Wolf	Adventure,Drama	1983
tt5311542	never.look.away_tt5311542	Never Look Away	Biography,Drama,Romance	2018
tt0054198	never.on.sunday_tt0054198	Never on Sunday	Comedy,Drama,Romance	1960
tt7772582	never.rarely.so_tt7772582	Never Rarely Sometimes Always	Drama	2020
tt0053108	never.so.few_tt0053108	Never So Few	Drama,War	1959
tt0088323	neverending.sto_tt0088323	The NeverEnding Story	Adventure,Drama,Family	1984
tt0102526	new_jack_city	New Jack City	Action,Crime,Drama	1991
tt4682266	new_mutants	The New Mutants	Action,Horror,Mystery	2020
tt0110649	new.age_tt0110649	The New Age	Comedy,Drama	1994
tt0044963	new.faces_tt0044963	New Faces	Comedy,Musical	1954
tt0069035	new.land_tt0069035	The New Land	Drama,Western	1972
tt0032840	new.moon_tt0032840	New Moon	Adventure,Musical,Romance	1940
tt0808399	new.york.i.love_tt0808399	New York, I Love You	Comedy,Drama,Romance	2008
tt0076451	new.york.new.yo_tt0076451	New York, New York	Drama,Music,Musical	1977
tt0076452	news.from.home_tt0076452	News from Home	Documentary	1976
tt0195945	next.friday_tt0195945	Next Friday	Comedy	2000
tt0046126	niagara_tt0046126	Niagara	Drama,Film-Noir,Thriller	1953
tt0067483	nicholas.and.al_tt0067483	Nicholas and Alexandra	Biography,Drama,History	1971
tt0477347	night_at_the_museum	Night at the Museum	Adventure,Comedy,Family	2006
tt1078912	night_at_the_museum_battle_of_the_smithsonian	Night at the Museum: Battle of the Smithsonian	Adventure,Comedy,Family	2009
tt0038776	night.and.day_tt0038776	Night and Day	Biography,Drama,Musical	1946
tt2692250	night.at.the.mu_tt2692250	Night at the Museum: Secret of the Tomb	Adventure,Comedy,Family	2014
tt0024381	night.flight_tt0024381	Night Flight	Drama	1933
tt0047278	night.my.number_tt0047278	The Night My Number Came Up	Drama,Fantasy,Mystery	1955
tt0048424	night.of.the.hunter_tt0048424	The Night of the Hunter	Crime,Drama,Film-Noir	1955
tt0058404	night.of.the.ig_tt0058404	The Night of the Iguana	Drama	1964
tt0063350	night.of.the.li_tt0063350	Night of the Living Dead	Horror,Thriller	1968
tt0084422	night.of.the.sh_tt0084422	The Night of the Shooting Stars	Drama,Fantasy,Romance	1982
tt0047279	night.people_tt0047279	Night People	Adventure,Crime,Mystery	1954
tt6781982	night.school_tt6781982	Night School	Comedy	2018
tt0084412	night.shift_tt0084412	Night Shift	Comedy	1982
tt9682428	night.swim_tt9682428	Night Swim	Horror,Mystery,Thriller	2024
tt0051994	night.to.remember_tt0051994	A Night to Remember	Drama,History	1958
tt0070444	night.watch_tt0070444	Night Watch	Horror,Mystery,Thriller	1973
tt0082817	nighthawks	Nighthawks	Action,Crime,Thriller	1981
tt0093629	nightmare_on_elm_street_3	A Nightmare on Elm Street 3: Dream Warriors	Fantasy,Horror	1987
tt0095742	nightmare_on_elm_street_4	A Nightmare on Elm Street 4: The Dream Master	Horror	1988
tt7740496	nightmare.alley_tt7740496	Nightmare Alley	Crime,Drama,Thriller	2021
tt0107688	nightmare.befor_tt0107688	The Nightmare Before Christmas	Adventure,Animation,Family	1993
tt0050783	nights.of.cabir_tt0050783	Nights of Cabiria	Drama	1957
tt0113986	nine_months	Nine Months	Comedy,Romance	1995
tt0080319	nine_to_five	9 to 5	Comedy	1980
tt0031725	ninotchka_tt0031725	Ninotchka	Comedy,Romance	1939
tt20205236	no.bears_tt20205236	No Bears	Drama,Romance	2022
tt0477348	no.country.for._tt0477348	No Country for Old Men	Crime,Drama,Thriller	2007
tt0025569	no.greater.glor_tt0025569	No Greater Glory	Drama,War	1934
tt15671028	no.hard.feeling_tt15671028	No Hard Feelings	Comedy,Romance	2023
tt0023277	no.man.of.her.o_tt0023277	No Man of Her Own	Comedy,Drama,Romance	1932
tt0283509	no.mans.land_tt0283509	No Man's Land	Comedy,Drama,War	2001
tt0026787	no.more.ladies_tt0026787	No More Ladies	Comedy,Romance	1935
tt1411238	no.strings.atta_tt1411238	No Strings Attached	Comedy,Romance	2011
tt0032846	no.time.for.com_tt0032846	No Time for Comedy	Comedy,Drama,Romance	1940
tt0036208	no.time.for.lov_tt0036208	No Time for Love	Comedy,Romance	1943
tt0052005	no.time.for.ser_tt0052005	No Time for Sergeants	Comedy,War	1958
tt2382320	no.time.to.die_tt2382320	No Time to Die	Action,Adventure,Thriller	2021
tt0093640	no.way.out_tt0093640	No Way Out	Action,Crime,Drama	1987
tt0063356	no.way.to.treat_tt0063356	No Way to Treat a Lady	Comedy,Crime,Drama	1968
tt1959490	noah	Noah	Action,Adventure,Drama	2014
tt7888964	nobody_tt7888964	Nobody	Action,Crime,Drama	2021
tt0110684	nobodys.fool_tt0110684	Nobody's Fool	Comedy,Drama	1994
tt4550098	nocturnal.anima_tt4550098	Nocturnal Animals	Drama,Thriller	2016
tt9770150	nomadland_tt9770150	Nomadland	Drama	2020
tt0059518	none.but.the.br_tt0059518	None But the Brave	Adventure,Drama,War	1965
tt0037135	none.but.the.lo_tt0037135	None But the Lonely Heart	Drama,Romance	1944
tt2024469	nonstop_tt2024469	Non-Stop	Action,Mystery,Thriller	2014
tt10954984	nope_tt10954984	Nope	Horror,Mystery,Sci-Fi	2022
tt0039666	nora.prentiss_tt0039666	Nora Prentiss	Drama,Film-Noir	1947
tt0477051	norbit	Norbit	Comedy,Romance	2007
tt0079638	norma.rae_tt0079638	Norma Rae	Drama	1979
tt0053125	north.by.northw_tt0053125	North by Northwest	Adventure,Drama,Mystery	1959
tt0079640	north.dallas.fo_tt0079640	North Dallas Forty	Comedy,Drama,Sport	1979
tt0054127	north.to.alaska_tt0054127	North to Alaska	Comedy,Romance,Western	1960
tt0322659	northfork_tt0322659	Northfork	Drama,Fantasy	2003
tt11138512	northman_tt11138512	The Northman	Action,Adventure,Drama	2022
tt0032851	northwest.passa_tt0032851	Northwest Passage	Adventure,Drama,History	1940
tt5040012	nosferatu_tt5040012	Nosferatu	Fantasy,Horror,Mystery	2024
tt0079641	nosferatu.the.v_tt0079641	Nosferatu the Vampyre	Drama,Horror	1979
tt1556190	nostalgia.for.t_tt1556190	Nostalgia for the Light	Documentary	2010
tt0060760	not.with.my.wif_tt0060760	Not with My Wife, You Don't!	Comedy,Romance	1966
tt0332280	notebook_tt0332280	The Notebook	Drama,Romance	2004
tt0033963	nothing.but.the_tt0033963	Nothing But the Truth	Action,Comedy,Romance	1941
tt0091653	nothing.in.comm_tt0091653	Nothing in Common	Comedy,Drama,Romance	1986
tt0029322	nothing.sacred_tt0029322	Nothing Sacred	Comedy,Drama,Fantasy	1937
tt0119807	nothing.to.lose_tt0119807	Nothing to Lose	Action,Adventure,Comedy	1997
tt0038787	notorious_tt0038787	Notorious	Drama,Film-Noir,Mystery	1946
tt0404802	notorious.betti_tt0404802	The Notorious Bettie Page	Biography,Drama	2005
tt0056289	notorious.landl_tt0056289	The Notorious Landlady	Comedy,Crime,Mystery	1962
tt0125439	notting_hill	Notting Hill	Comedy,Drama,Romance	1999
tt1670345	now_you_see_me	Now You See Me	Crime,Mystery,Thriller	2013
tt0035140	now.voyager_tt0035140	Now, Voyager	Drama,Romance	1942
tt3110958	now.you.see.me._tt3110958	Now You See Me 2	Action,Adventure,Comedy	2016
tt0119809	nowhere_tt0119809	Nowhere	Comedy,Drama,Sci-Fi	1997
tt0161860	nowhere.in.afri_tt0161860	Nowhere in Africa	Biography,Drama,History	2001
tt0081249	nude.bomb_tt0081249	The Nude Bomb	Action,Comedy,Crime	1980
tt5814060	nun	The Nun	Horror,Mystery,Thriller	2018
tt10160976	nun.2_tt10160976	The Nun II	Horror,Mystery,Thriller	2023
tt0053131	nuns.story_tt0053131	The Nun's Story	Drama	1959
tt1821658	nut.job_tt1821658	The Nut Job	Adventure,Animation,Comedy	2014
tt0093660	nuts_tt0093660	Nuts	Drama,Thriller	1987
tt0117218	nutty_professor	The Nutty Professor	Comedy,Romance,Sci-Fi	1996
tt0190590	o.brother.where_tt0190590	O Brother, Where Art Thou?	Adventure,Comedy,Crime	2000
tt0038794	o.s.s._tt0038794	O.S.S.	Drama,War	1946
tt0320193	oasis_tt0320193	Oasis	Drama,Romance	2002
tt0037954	objective.burma_tt0037954	Objective, Burma!	Action,Adventure,Drama	1945
tt1483013	oblivion_tt1483013	Oblivion	Action,Adventure,Sci-Fi	2013
tt1198138	obsessed_tt1198138	Obsessed	Drama,Romance,Thriller	2009
tt0074991	obsession_tt0074991	Obsession	Drama,Mystery,Thriller	1976
tt0240772	oceans_11_fs	Ocean's Eleven	Crime,Thriller	2001
tt0496806	oceans_13	Ocean's Thirteen	Crime,Thriller	2007
tt5164214	oceans_8	Ocean's Eight	Action,Comedy,Crime	2018
tt0349903	oceans_twelve	Ocean's Twelve	Crime,Thriller	2004
tt0054135	oceans.eleven_tt0054135	Ocean's Eleven	Comedy,Crime,Music	1960
tt0086034	octopussy	Octopussy	Action,Adventure,Thriller	1983
tt0063374	odd.couple_tt0063374	The Odd Couple	Comedy	1968
tt0039677	odd.man.out_tt0039677	Odd Man Out	Crime,Drama,Film-Noir	1947
tt0074995	ode.to.billy.jo_tt0074995	Ode to Billy Joe	Drama	1976
tt0071935	odessa.file_tt0071935	The Odessa File	Drama,Thriller	1974
tt1588337	of.gods.and.men_tt1588337	Of Gods and Men	Drama,History	2010
tt0031742	of.mice.and.men_tt0031742	Of Mice and Men	Adventure,Drama	1939
tt0084434	officer_and_a_gentleman	An Officer and a Gentleman	Drama,Romance	1982
tt0089276	official.story_tt0089276	The Official Story	Drama,History	1985
tt0076489	oh.god_tt0076489	Oh, God!	Comedy,Fantasy	1977
tt0087835	oh.god_tt0087835	Oh, God! You Devil	Comedy,Fantasy	1984
tt0081268	oh.god.book.ii_tt0081268	Oh, God! Book II	Comedy,Fantasy	1980
tt0081269	oh.heavenly.dog_tt0081269	Oh Heavenly Dog	Comedy,Crime,Fantasy	1980
tt0062285	oh.sun_tt0062285	Oh, Sun	Drama	1970
tt0048445	oklahoma_tt0048445	Oklahoma!	Drama,Musical,Romance	1955
tt0036230	old.acquaintanc_tt0036230	Old Acquaintance	Drama,Romance	1943
tt0052027	old.man.and.the_tt0052027	The Old Man and the Sea	Adventure,Drama	1958
tt0302886	old.school_tt0302886	Old School	Comedy	2003
tt0050798	old.yeller_tt0050798	Old Yeller	Adventure,Drama,Family	1957
tt0364569	oldboy_tt0364569	Oldboy	Action,Drama,Mystery	2003
tt0095776	oliver..company_tt0095776	Oliver & Company	Adventure,Animation,Comedy	1988
tt0040662	oliver.twist_tt0040662	Oliver Twist	Drama	1948
tt2302755	olympus.has.fal_tt2302755	Olympus Has Fallen	Action,Thriller	2013
tt0067525	omega.man_tt0067525	The Omega Man	Action,Drama,Sci-Fi	1971
tt0082377	omen_3	The Final Conflict	Horror	1981
tt0075005	omen_tt0075005	The Omen	Horror,Mystery	1976
tt0082846	on_golden_pond	On Golden Pond	Drama	1981
tt0066181	on.a.clear.day._tt0066181	On a Clear Day You Can See Forever	Comedy,Drama,Fantasy	1970
tt0110725	on.deadly.groun_tt0110725	On Deadly Ground	Action,Adventure,Thriller	1994
tt0064757	on.her.majestys_tt0064757	On Her Majesty's Secret Service	Action,Adventure,Thriller	1969
tt0043880	on.moonlight.ba_tt0043880	On Moonlight Bay	Comedy,Family,Musical	1951
tt0029345	on.the.avenue_tt0029345	On the Avenue	Comedy,Musical,Romance	1937
tt0053137	on.the.beach_tt0053137	On the Beach	Drama,Romance,Sci-Fi	1959
tt0043882	on.the.riviera_tt0043882	On the Riviera	Comedy,Musical	1951
tt0041716	on.the.town_tt0041716	On the Town	Comedy,Musical,Romance	1949
tt0047296	on.the.waterfront_tt0047296	On the Waterfront	Crime,Drama,Thriller	1954
tt7131622	once_upon_a_time_in_hollywood	Once Upon a Time... in Hollywood	Comedy,Drama	2019
tt0073190	once.is.not.enough_tt0073190	Once Is Not Enough	Drama,Romance	1975
tt0037150	once.upon.a.tim_tt0037150	Once Upon a Time	Comedy,Family,Fantasy	1944
tt0064116	once.upon.a.tim_tt0064116	Once Upon a Time in the West	Drama,Western	1968
tt0285823	once.upon.a.tim_tt0285823	Once Upon a Time in Mexico	Action,Crime,Thriller	2003
tt0087843	once.upon.a.time.in.america_tt0087843	Once Upon a Time in America	Crime,Drama	1984
tt0078034	one.and.only_tt0078034	The One and Only	Comedy,Romance	1978
tt30144839	one.battle.afte_tt30144839	One Battle After Another	Action,Crime,Drama	2025
tt0102592	one.false.move_tt0102592	One False Move	Crime,Drama,Thriller	1991
tt0073486	one.flew.over.t_tt0073486	One Flew Over the Cuckoo's Nest	Drama	1975
tt0023303	one.hour.with.y_tt0023303	One Hour with You	Comedy,Musical,Romance	1932
tt0055254	one.hundred.and_tt0055254	One Hundred and One Dalmatians	Adventure,Animation,Comedy	1961
tt0029347	one.hundred.men_tt0029347	One Hundred Men and a Girl	Comedy,Drama,Music	1937
tt32221196	one.of.them.days_tt32221196	One of Them Days	Comedy	2025
tt0058429	one.potato.two._tt0058429	One Potato, Two Potato	Drama	1964
tt0055256	one.two.three_tt0055256	One, Two, Three	Comedy	1961
tt0055257	oneeyed.jacks_tt0055257	One-Eyed Jacks	Drama,Western	1961
tt0079668	onion.field_tt0079668	The Onion Field	Crime,Drama	1979
tt0031762	only.angels.hav_tt0031762	Only Angels Have Wings	Adventure,Drama,Romance	1939
tt7146812	onward_tt7146812	Onward	Adventure,Animation,Comedy	2020
tt0316356	open.range_tt0316356	Open Range	Action,Drama,Romance	2003
tt0400717	open.season_tt0400717	Open Season	Adventure,Animation,Comedy	2006
tt0043887	operation.pacif_tt0043887	Operation Pacific	Drama,Romance,War	1951
tt0053143	operation.petti_tt0053143	Operation Petticoat	Comedy,Romance,War	1959
tt0025607	operator.13_tt0025607	Operator 13	Drama,History,Musical	1934
tt15398776	oppenheimer_tt15398776	Oppenheimer	Biography,Drama,History	2023
tt0035157	orchestra.wives_tt0035157	Orchestra Wives	Drama,Musical,Romance	1942
tt0052033	orders.to.kill_tt0052033	Orders to Kill	Drama,Thriller,War	1958
tt0048452	ordet_tt0048452	Ordet	Drama	1955
tt0081283	ordinary_people	Ordinary People	Drama	1980
tt0067535	organization_tt0067535	The Organization	Action,Crime,Drama	1971
tt0107756	orlando_tt0107756	Orlando	Biography,Drama,Fantasy	1992
tt0041719	orpheus_tt0041719	Orpheus	Drama,Fantasy,Romance	1950
tt0368913	osama_tt0368913	Osama	Drama	2003
tt0060801	oscar_tt0060801	The Oscar	Drama	1966
tt0119844	ossos_tt0119844	Bones	Drama	1997
tt1386588	other_guys	The Other Guys	Action,Comedy,Crime	2010
tt0073496	other.side_tt0073496	The Other Side of the Mountain	Biography,Drama,Romance	1975
tt0076507	other.side.of.m_tt0076507	The Other Side of Midnight	Drama,Romance,Thriller	1977
tt2203939	other.woman_tt2203939	The Other Woman	Comedy,Romance	2014
tt0230600	others	The Others	Horror,Mystery,Thriller	2001
tt0059557	our.man.flint_tt0059557	Our Man Flint	Action,Adventure,Comedy	1966
tt0032881	our.town_tt0032881	Our Town	Drama,Family,Romance	1940
tt0037963	our.vines.have._tt0037963	Our Vines Have Tender Grapes	Drama,Family	1945
tt0089755	out_of_africa	Out of Africa	Biography,Drama,Romance	1985
tt0102614	out.for.justice_tt0102614	Out for Justice	Action,Crime,Drama	1991
tt0073501	out.of.season_tt0073501	Out of Season	Drama,Romance	1975
tt0120780	out.of.sight_tt0120780	Out of Sight	Comedy,Crime,Drama	1998
tt0066193	out.of.towners_tt0066193	The Out of Towners	Comedy	1970
tt0114069	outbreak	Outbreak	Action,Drama,Thriller	1995
tt0045002	outcast.of.the._tt0045002	Outcast of the Islands	Adventure,Drama	1951
tt0418038	outfoxed.rupert_tt0418038	Outfoxed: Rupert Murdoch's War on Journalism	Documentary	2004
tt0082869	outland	Outland	Action,Crime,Sci-Fi	1981
tt0036241	outlaw_tt0036241	The Outlaw	Action,Adventure,Drama	1943
tt0075029	outlaw.josey.wa_tt0075029	The Outlaw Josey Wales	Drama,Western	1976
tt0058437	outrage_tt0058437	The Outrage	Crime,Drama,Western	1964
tt0093690	outrageous_fortune	Outrageous Fortune	Comedy	1987
tt0086066	outsiders_tt0086066	The Outsiders	Crime,Drama	1983
tt0327084	over.the.hedge_tt0327084	Over the Hedge	Adventure,Animation,Comedy	2006
tt0073502	overlord_tt0073502	Overlord	Drama,History,War	1975
tt0390336	overnight_tt0390336	Overnight	Documentary	2003
tt0036244	oxbow.incident_tt0036244	The Ox-Bow Incident	Drama,Western	1943
tt1623205	oz_the_great_and_powerful	Oz the Great and Powerful	Adventure,Family,Fantasy	2013
tt1663662	pacific_rim	Pacific Rim	Action,Adventure,Sci-Fi	2013
tt0100318	pacific.heights_tt0100318	Pacific Heights	Drama,Mystery,Thriller	1990
tt0395699	pacifier	The Pacifier	Action,Comedy,Drama	2005
tt1109624	paddington_tt1109624	Paddington	Adventure,Comedy,Family	2014
tt5822536	paddington.in.p_tt5822536	Paddington in Peru	Adventure,Comedy,Family	2024
tt0042829	pagan.love.song_tt0042829	Pagan Love Song	Musical,Romance	1950
tt0021228	paid_tt0021228	Paid	Crime,Drama,Romance	1930
tt8291806	pain.and.glory_tt8291806	Pain and Glory	Drama	2019
tt0064782	paint.your.wago_tt0064782	Paint Your Wagon	Comedy,Musical,Western	1969
tt0038823	paisan_tt0038823	Paisan	Drama,War	1946
tt0050814	pajama.game_tt0050814	The Pajama Game	Comedy,Drama,Musical	1957
tt0050815	pal.joey_tt0050815	Pal Joey	Drama,Musical,Romance	1957
tt0089767	pale_rider	Pale Rider	Drama,Western	1985
tt0040679	paleface_tt0040679	The Paleface	Comedy,Family,Western	1948
tt0022246	palmy.days_tt0022246	Palmy Days	Comedy,Musical,Romance	1931
tt0018737	pandoras.box_tt0018737	Pandora's Box	Crime,Drama,Romance	1929
tt0258000	panic_room	Panic Room	Crime,Drama,Thriller	2002
tt0457430	pans.labyrinth_tt0457430	Pan's Labyrinth	Drama,Fantasy,War	2006
tt0110771	paper_tt0110771	The Paper	Comedy,Drama	1994
tt0070510	paper.moon_tt0070510	Paper Moon	Comedy,Crime,Drama	1973
tt0070511	papillon_tt0070511	Papillon	Biography,Crime,Drama	1973
tt0039694	paradine.case_tt0039694	The Paradine Case	Crime,Drama,Romance	1947
tt0117293	paradise.lost.t_tt0117293	Paradise Lost: The Child Murders at Robin Hood Hills	Crime,Documentary	1996
tt0445620	paradise.now_tt0445620	Paradise Now	Crime,Drama,Thriller	2005
tt0071970	parallax.view_tt0071970	The Parallax View	Drama,Mystery,Thriller	1974
tt12618926	parallel.mother_tt12618926	Parallel Mothers	Drama	2021
tt0842929	paranoid.park_tt0842929	Paranoid Park	Crime,Drama,Mystery	2007
tt1179904	paranormal.acti_tt1179904	Paranormal Activity	Horror,Mystery	2007
tt1536044	paranormal.acti_tt1536044	Paranormal Activity 2	Horror,Mystery	2010
tt1778304	paranormal.acti_tt1778304	Paranormal Activity 3	Horror,Mystery,Thriller	2011
tt1623288	paranorman_tt1623288	ParaNorman	Adventure,Animation,Comedy	2012
tt6751668	parasite	Parasite	Drama,Thriller	2019
tt0120783	parent_trap	The Parent Trap	Adventure,Comedy,Drama	1998
tt0055277	parent.trap_tt0055277	The Parent Trap	Comedy,Family,Romance	1961
tt0098067	parenthood_tt0098067	Parenthood	Comedy,Drama	1989
tt0100332	paris.is.burnin_tt0100332	Paris Is Burning	Documentary	1990
tt0087884	paris.texas_tt0087884	Paris, Texas	Drama	1984
tt0055279	parrish_tt0055279	Parrish	Drama	1961
tt0063415	party_tt0063415	The Party	Comedy,Romance	1968
tt0105104	passenger.57_tt0105104	Passenger 57	Action,Crime,Thriller	1992
tt0335345	passion_of_the_christ	The Passion of the Christ	Drama	2004
tt0064793	passion.of.anna_tt0064793	The Passion of Anna	Drama	1969
tt0019254	passion.of.joan_tt0019254	The Passion of Joan of Arc	Biography,Drama,History	1928
tt13238346	past.lives_tt13238346	Past Lives	Drama,Romance	2023
tt0045012	pat.and.mike_tt0045012	Pat and Mike	Comedy,Romance,Sport	1952
tt0129290	patch_fs	Patch Adams	Biography,Comedy,Drama	1998
tt0048473	pather.panchali_tt0048473	Pather Panchali	Drama,History	1955
tt0187393	patriot	The Patriot	Action,Drama,War	2000
tt0105112	patriot_games	Patriot Games	Action,Thriller	1992
tt0066206	patton_tt0066206	Patton	Biography,Drama,War	1970
tt1114740	paul_blart_mall_cop	Paul Blart: Mall Cop	Action,Comedy,Crime	2009
tt3450650	paul.blart.mall_tt3450650	Paul Blart: Mall Cop 2	Action,Comedy,Crime	2015
tt11832046	paw.patrol.the._tt11832046	PAW Patrol: The Movie	Action,Adventure,Animation	2021
tt15837338	paw.patrol.the._tt15837338	PAW Patrol: The Mighty Movie	Action,Adventure,Animation	2023
tt0059575	pawnbroker_tt0059575	The Pawnbroker	Drama	1964
tt0120784	payback	Payback	Action,Crime,Drama	1999
tt0043910	payment.on.dema_tt0043910	Payment on Demand	Drama	1951
tt2452042	peanuts.movie_tt2452042	The Peanuts Movie	Adventure,Animation,Comedy	2015
tt0213149	pearl_harbor	Pearl Harbor	Action,Drama,Romance	2001
tt0089791	pee_wees_big_adventure	Pee-wee's Big Adventure	Adventure,Comedy,Family	1985
tt0091738	peggy_sue_got_married_fs	Peggy Sue Got Married	Comedy,Drama,Fantasy	1986
tt0107798	pelican_brief	The Pelican Brief	Crime,Drama,Mystery	1993
tt0093713	pelle.the.conqu_tt0093713	Pelle the Conqueror	Drama	1987
tt1911658	penguins.of.mad_tt1911658	Penguins of Madagascar	Action,Adventure,Animation	2014
tt0082894	pennies.from.heaven_tt0082894	Pennies from Heaven	Drama,Musical,Romance	1981
tt0034012	penny.serenade_tt0034012	Penny Serenade	Drama,Romance	1941
tt0117318	people.vs..larr_tt0117318	The People vs. Larry Flynt	Biography,Drama	1996
tt0043915	people.will.tal_tt0043915	People Will Talk	Comedy,Drama,Romance	1951
tt0814255	percy.jackson.._tt0814255	Percy Jackson & the Olympians: The Lightning Thief	Adventure,Family,Fantasy	2010
tt0120787	perfect_murder	A Perfect Murder	Crime,Drama,Thriller	1998
tt0177971	perfect_storm	The Perfect Storm	Action,Adventure,Drama	2000
tt27503384	perfect.days_tt27503384	Perfect Days	Drama	2023
tt0808417	persepolis_tt0808417	Persepolis	Animation,Biography,Drama	2007
tt0060827	persona_tt0060827	Persona	Drama,Thriller	1966
tt0098084	pet_sematary	Pet Sematary	Fantasy,Horror,Thriller	1989
tt0048484	pete.kellys.blu_tt0048484	Pete Kelly's Blues	Crime,Drama,Music	1955
tt0069080	pete.tilly_tt0069080	Pete 'n' Tillie	Comedy,Drama,Romance	1972
tt5117670	peter_rabbit	Peter Rabbit	Adventure,Animation,Comedy	2018
tt8376234	peter_rabbit_2	Peter Rabbit 2: The Runaway	Adventure,Animation,Comedy	2021
tt0076538	petes.dragon_tt0076538	Pete's Dragon	Adventure,Animation,Comedy	1977
tt2788732	petes.dragon_tt2788732	Pete's Dragon	Action,Adventure,Comedy	2016
tt13204490	petite.maman_tt13204490	Petite Maman	Drama,Fantasy	2021
tt0050839	peyton.place_tt0050839	Peyton Place	Crime,Drama,Mystery	1957
tt0079714	phantasm_tt0079714	Phantasm	Horror,Sci-Fi	1979
tt0120915	phantom_menace	Star Wars: Episode I - The Phantom Menace	Action,Adventure,Fantasy	1999
tt0036261	phantom.of.the._tt0036261	Phantom of the Opera	Drama,Horror,Music	1943
tt0293508	phantom.of.the._tt0293508	The Phantom of the Opera	Drama,Musical,Romance	2004
tt5776858	phantom.thread_tt5776858	Phantom Thread	Drama,Romance	2017
tt0117333	phenomenon	Phenomenon	Drama,Fantasy,Romance	1996
tt0107818	philadelphia	Philadelphia	Drama	1993
tt0032904	philadelphia.story_tt0032904	The Philadelphia Story	Comedy,Romance	1940
tt2431286	philomena_tt2431286	Philomena	Biography,Comedy,Drama	2013
tt0045029	phone.call.from_tt0045029	Phone Call from a Stranger	Drama,Film-Noir	1952
tt7798646	photograph	The Photograph	Drama,Romance	2020
tt0138704	pi_tt0138704	Pi	Drama,Horror,Mystery	1998
tt0253474	pianist_tt0253474	The Pianist	Biography,Drama,Music	2002
tt0107822	piano_tt0107822	The Piano	Drama,Music,Romance	1993
tt0020269	piccadilly_tt0020269	Piccadilly	Crime,Drama	1929
tt0028102	piccadilly.jim_tt0028102	Piccadilly Jim	Comedy,Romance	1936
tt0053168	pickpocket_tt0053168	Pickpocket	Crime,Drama	1959
tt0048491	picnic_tt0048491	Picnic	Drama,Romance	1955
tt0037988	picture.of.dori_tt0037988	The Picture of Dorian Gray	Drama,Fantasy,Horror	1945
tt0059592	pierrot.le.fou_tt0059592	Pierrot le Fou	Crime,Drama,Romance	1965
tt0053172	pillow.talk_tt0053172	Pillow Talk	Comedy,Romance	1959
tt0910936	pineapple_express	Pineapple Express	Action,Comedy,Crime	2008
tt0383216	pink_panther	The Pink Panther	Adventure,Comedy,Crime	2006
tt0069089	pink.flamingos_tt0069089	Pink Flamingos	Comedy,Crime	1972
tt0084503	pink.floyd.the._tt0084503	Pink Floyd: The Wall	Drama,Fantasy,Music	1982
tt0057413	pink.panther_tt0057413	The Pink Panther	Comedy,Crime,Romance	1963
tt0075066	pink.panther.st_tt0075066	The Pink Panther Strikes Again	Comedy,Crime	1976
tt0041746	pinky_tt0041746	Pinky	Drama	1949
tt0032910	pinocchio_tt0032910	Pinocchio	Adventure,Animation,Comedy	1940
tt0449088	pirates_at_worlds_end	Pirates of the Caribbean: At World's End	Action,Adventure,Fantasy	2007
tt0325980	pirates_black_pearl	Pirates of the Caribbean: The Curse of the Black Pearl	Action,Adventure,Fantasy	2003
tt0383574	pirates_dead_mans_chest	Pirates of the Caribbean: Dead Man's Chest	Action,Adventure,Fantasy	2006
tt1790809	pirates_dead_men_tell_no_tales	Pirates of the Caribbean: Dead Men Tell No Tales	Action,Adventure,Fantasy	2017
tt1298650	pirates_of_the_caribbean_on_stranger_tides	Pirates of the Caribbean: On Stranger Tides	Action,Adventure,Fantasy	2011
tt2848292	pitch_perfect_2	Pitch Perfect 2	Comedy,Music	2015
tt1981677	pitch.perfect_tt1981677	Pitch Perfect	Comedy,Music,Romance	2012
tt4765284	pitch.perfect.3_tt4765284	Pitch Perfect 3	Comedy,Music	2017
tt2120120	pixels_tt2120120	Pixels	Action,Adventure,Comedy	2015
tt0082912	pixote_tt0082912	Pixote	Crime,Drama	1980
tt0087921	places.in.the.h_tt0087921	Places in the Heart	Drama	1984
tt0028108	plainsman_tt0028108	The Plainsman	Drama,Western	1936
tt1691917	planes_tt1691917	Planes	Adventure,Animation,Comedy	2013
tt0093748	planes.trains.._tt0093748	Planes, Trains & Automobiles	Comedy,Drama	1987
tt0133152	planet_of_the_apes_2001	Planet of the Apes	Action,Adventure,Sci-Fi	2001
tt0063442	planet.of.the.a_tt0063442	Planet of the Apes	Adventure,Sci-Fi	1968
tt0091763	platoon	Platoon	Drama,War	1986
tt0069097	play.it.again.s_tt0069097	Play It Again, Sam	Comedy,Romance	1972
tt0105151	player_tt0105151	The Player	Comedy,Crime,Drama	1992
tt0062136	playtime_tt0062136	Playtime	Comedy	1967
tt0067589	plaza.suite_tt0067589	Plaza Suite	Comedy,Drama,Romance	1971
tt0054188	please.dont.eat_tt0054188	Please Don't Eat the Daisies	Comedy,Family,Romance	1960
tt0055307	pleasure.of.his_tt0055307	The Pleasure of His Company	Comedy	1961
tt0045039	plymouth.advent_tt0045039	Plymouth Adventure	Adventure,Drama,History	1952
tt0114148	pocahontas_tt0114148	Pocahontas	Adventure,Animation,Drama	1995
tt0055312	pocketful.of.mi_tt0055312	Pocketful of Miracles	Comedy,Drama	1961
tt0023345	poil.de.carotte_tt0023345	Poil de carotte	Drama,Family	1932
tt0102685	point_break	Point Break	Action,Crime,Thriller	1991
tt0062138	point.blank_tt0062138	Point Blank	Crime,Drama,Thriller	1967
tt0102687	poison_tt0102687	Poison	Drama,Horror,Romance	1991
tt0190641	pokmon.the.firs_tt0190641	Pokémon: The First Movie - Mewtwo Strikes Back	Action,Adventure,Animation	1998
tt0338348	polar.express_tt0338348	The Polar Express	Adventure,Animation,Family	2004
tt0089822	police_academy_2	Police Academy 2: Their First Assignment	Comedy	1985
tt0091777	police_academy_3	Police Academy 3: Back in Training	Comedy	1986
tt0087928	police_academy_fs	Police Academy	Comedy	1984
tt0093756	police.academy._tt0093756	Police Academy 4: Citizens on Patrol	Comedy,Crime	1987
tt0022273	politics_tt0022273	Politics	Comedy,Romance	1931
tt0023349	polly.of.the.ci_tt0023349	Polly of the Circus	Drama,Romance	1932
tt0084516	poltergeist	Poltergeist	Horror,Thriller	1982
tt0091778	poltergeist_2	Poltergeist II: The Other Side	Horror	1986
tt0117359	ponette_tt0117359	Ponette	Drama	1996
tt0028118	poor.little.ric_tt0028118	Poor Little Rich Girl	Adventure,Comedy,Family	1936
tt14230458	poor.things_tt14230458	Poor Things	Comedy,Drama,Romance	2023
tt0081353	popeye	Popeye	Adventure,Comedy,Family	1980
tt0064827	popi_tt0064827	Popi	Comedy,Drama	1969
tt0084522	porkys	Porky's	Comedy	1981
tt0086129	porkys_2	Porky's II: The Next Day	Comedy	1983
tt0089826	porkys.revenge_tt0089826	Porky's Revenge	Comedy	1985
tt0030643	port.of.shadows_tt0030643	Port of Shadows	Crime,Drama,Romance	1938
tt0069112	portnoys.compla_tt0069112	Portnoy's Complaint	Comedy	1972
tt0054197	portrait.in.bla_tt0054197	Portrait in Black	Crime,Drama,Mystery	1960
tt8613070	portrait.of.a.l_tt8613070	Portrait of a Lady on Fire	Drama,Romance	2019
tt0040705	portrait.of.jen_tt0040705	Portrait of Jennie	Drama,Fantasy,Mystery	1948
tt0409182	poseidon_tt0409182	Poseidon	Action,Adventure,Thriller	2006
tt0069113	poseidon.advent_tt0069113	The Poseidon Adventure	Action,Adventure,Drama	1972
tt0073559	posse_tt0073559	Posse	Drama,Western	1975
tt6294822	post_tt6294822	The Post	Biography,Drama,History	2017
tt0100395	postcards.from._tt0100395	Postcards from the Edge	Comedy,Drama	1990
tt0038854	postman.always._tt0038854	The Postman Always Rings Twice	Crime,Drama,Film-Noir	1946
tt10293406	power.of.the.do_tt10293406	The Power of the Dog	Drama,Western	2021
tt3717490	power.rangers_tt3717490	Power Rangers	Action,Adventure,Fantasy	2017
tt0120791	practical.magic_tt0120791	Practical Magic	Comedy,Drama,Fantasy	1998
tt0929632	precious_tt0929632	Precious	Drama	2009
tt0093773	predator	Predator	Action,Adventure,Horror	1987
tt0100403	predator.2_tt0100403	Predator 2	Action,Horror,Sci-Fi	1990
tt0100404	presumed_innocent	Presumed Innocent	Mystery,Thriller	1990
tt0091790	pretty_in_pink	Pretty in Pink	Comedy,Drama,Romance	1986
tt0100405	pretty_woman	Pretty Woman	Comedy,Romance	1990
tt0078111	pretty.baby_tt0078111	Pretty Baby	Drama	1978
tt3169706	pride_tt3169706	Pride	Biography,Comedy,Drama	2014
tt0414387	pride..prejudic_tt0414387	Pride & Prejudice	Drama,Romance	2005
tt0032943	pride.and.preju_tt0032943	Pride and Prejudice	Comedy,Drama,Romance	1940
tt0050858	pride.and.the.p_tt0050858	The Pride and the Passion	Action,Adventure,Drama	1957
tt0035211	pride.of.the.ya_tt0035211	The Pride of the Yankees	Biography,Drama,Romance	1942
tt0117381	primal_fear	Primal Fear	Crime,Drama,Mystery	1996
tt0119942	primary.colors_tt0119942	Primary Colors	Comedy,Drama	1998
tt0069121	prime.cut_tt0069121	Prime Cut	Action,Crime,Drama	1972
tt0473075	prince_of_persia	Prince of Persia: The Sands of Time	Action,Adventure,Fantasy	2010
tt0102713	prince_of_tides	The Prince of Tides	Drama,Romance	1991
tt0029440	prince.and.the._tt0029440	The Prince and the Pauper	Adventure,Drama,Family	1937
tt0050861	prince.and.the._tt0050861	The Prince and the Showgirl	Comedy,Romance	1957
tt0120794	prince.of.egypt_tt0120794	The Prince of Egypt	Adventure,Animation,Drama	1998
tt0041767	prince.of.foxes_tt0041767	Prince of Foxes	Adventure,Drama,Romance	1949
tt0082945	prince.of.the.c_tt0082945	Prince of the City	Crime,Drama	1981
tt0047365	prince.valiant_tt0047365	Prince Valiant	Action,Adventure,Drama	1954
tt0368933	princess_diaries_2	The Princess Diaries 2: Royal Engagement	Comedy,Family,Romance	2004
tt0247638	princess_diaries_fs	The Princess Diaries	Comedy,Family,Romance	2001
tt0037193	princess.and.th_tt0037193	The Princess and the Pirate	Adventure,Comedy,Romance	1944
tt0780521	princess.and.th_tt0780521	The Princess and the Frog	Adventure,Animation,Comedy	2009
tt0093779	princess.bride_tt0093779	The Princess Bride	Adventure,Comedy,Family	1987
tt0048512	prisoner_tt0048512	The Prisoner	Drama	1955
tt0116754	prisoner.of.the_tt0116754	Prisoner of the Mountains	Drama,War	1996
tt0029442	prisoner.of.zen_tt0029442	The Prisoner of Zenda	Adventure,Drama,Romance	1937
tt1392214	prisoners_tt1392214	Prisoners	Crime,Drama,Mystery	2013
tt0081375	private_benjamin_fs	Private Benjamin	Comedy,War	1980
tt0024473	private.life.of_tt0024473	The Private Life of Henry VIII	Biography,Drama,History	1933
tt0031826	private.lives.o_tt0031826	The Private Lives of Elizabeth and Essex	Biography,Drama,History	1939
tt0028142	private.number_tt0028142	Private Number	Comedy,Drama,Romance	1936
tt0086143	private.school_tt0086143	Private School	Comedy,Romance	1983
tt0057426	prize_tt0057426	The Prize	Crime,Drama,Mystery	1963
tt0089841	prizzis.honor_tt0089841	Prizzi's Honor	Comedy,Crime,Drama	1985
tt0100419	problem_child	Problem Child	Comedy,Family	1990
tt0063462	producers_tt0063462	The Producers	Comedy,Music	1967
tt0060862	professionals_tt0060862	The Professionals	Action,Adventure,Drama	1966
tt1446714	prometheus	Prometheus	Adventure,Mystery,Sci-Fi	2012
tt0079756	promise_tt0079756	The Promise	Drama,Romance	1979
tt0117398	promise_tt0117398	The Promise	Drama	1996
tt9620292	promising.young_tt9620292	Promising Young Woman	Crime,Drama,Mystery	2020
tt1041829	proposal	The Proposal	Comedy,Drama,Romance	2009
tt0049640	proud.and.profa_tt0049640	The Proud and Profane	Drama,Romance,War	1956
tt0086154	psycho_2	Psycho II	Crime,Horror,Mystery	1983
tt0054215	psycho_tt0054215	Psycho	Drama,Horror,Mystery	1960
tt1152836	public.enemies_tt1152836	Public Enemies	Biography,Crime,Drama	2009
tt0110912	pulp_fiction	Pulp Fiction	Crime,Drama	1994
tt0100436	pump.up.the.vol_tt0100436	Pump Up the Volume	Comedy,Drama,Music	1990
tt0058500	pumpkin.eater_tt0058500	The Pumpkin Eater	Drama	1964
tt0272338	punchdrunk.love_tt0272338	Punch-Drunk Love	Comedy,Drama,Romance	2002
tt0095927	punchline_tt0095927	Punchline	Comedy,Drama,Romance	1988
tt2975578	purge.anarchy_tt2975578	The Purge: Anarchy	Action,Horror,Sci-Fi	2014
tt4094724	purge.election._tt4094724	The Purge: Election Year	Action,Horror,Sci-Fi	2016
tt0087957	purple_rain_fs	Purple Rain	Drama,Music,Romance	1984
tt0037197	purple.heart_tt0037197	The Purple Heart	Drama,History,War	1944
tt0047376	purple.plain_tt0047376	The Purple Plain	Action,Adventure,Drama	1954
tt0089853	purple.rose.of._tt0089853	The Purple Rose of Cairo	Comedy,Fantasy,Romance	1985
tt0039737	pursued_tt0039737	Pursued	Drama,Western	1947
tt0454921	pursuit_of_happyness	The Pursuit of Happyness	Biography,Drama	2006
tt0082958	pursuit.of.d.b._tt0082958	The Pursuit of D.B. Cooper	Adventure,Crime,Drama	1981
tt0448694	puss.in.boots_tt0448694	Puss in Boots	Action,Adventure,Animation	2011
tt3915174	puss.in.boots.t_tt3915174	Puss in Boots: The Last Wish	Action,Adventure,Animation	2022
tt0064855	putney.swope_tt0064855	Putney Swope	Comedy	1969
tt0030637	pygmalion_tt0030637	Pygmalion	Comedy,Drama,Romance	1938
tt0084556	q.the.winged.se_tt0084556	Q: The Winged Serpent	Crime,Fantasy,Mystery	1982
tt0830515	quantum_of_solace	Quantum of Solace	Action,Adventure,Mystery	2008
tt0436697	queen_tt0436697	The Queen	Biography,Drama	2006
tt0024481	queen.christina_tt0024481	Queen Christina	Biography,Drama,History	1933
tt0110963	queen.margot_tt0110963	Queen Margot	Biography,Drama,History	1994
tt0041776	queen.of.spades_tt0041776	The Queen of Spades	Drama,Fantasy,Horror	1949
tt6644200	quiet_place	A Quiet Place	Drama,Horror,Sci-Fi	2018
tt0045061	quiet.man_tt0045061	The Quiet Man	Comedy,Drama,Romance	1952
tt0040717	quiet.one_tt0040717	The Quiet One	Documentary,Drama	1948
tt13433802	quiet.place.day.one_tt13433802	A Quiet Place: Day One	Drama,Horror,Sci-Fi	2024
tt0110932	quiz.show_tt0110932	Quiz Show	Biography,Drama,History	1994
tt0043949	quo.vadis_tt0043949	Quo Vadis	Drama,Romance	1951
tt0063483	rachel.rachel_tt0063483	Rachel, Rachel	Drama,Romance	1968
tt0082969	raggedy.man_tt0082969	Raggedy Man	Drama	1981
tt0081398	raging_bull	Raging Bull	Biography,Drama,Sport	1980
tt0082970	ragtime_tt0082970	Ragtime	Drama	1981
tt0082971	raiders_of_the_lost_ark	Raiders of the Lost Ark	Action,Adventure	1981
tt0049653	rainmaker_tt0049653	The Rainmaker	Drama,Romance,Western	1956
tt0119978	rainmaker_tt0119978	The Rainmaker	Crime,Drama,Thriller	1997
tt0095953	rainman	Rain Man	Drama	1988
tt0031835	rains.came_tt0031835	The Rains Came	Drama	1939
tt0093822	raising.arizona_tt0093822	Raising Arizona	Comedy,Crime	1987
tt0052117	rally.round.the_tt0052117	Rally 'Round the Flag, Boys!	Comedy	1958
tt5848272	ralph.breaks.th_tt5848272	Ralph Breaks the Internet	Adventure,Animation,Comedy	2018
tt0089880	rambo_2	Rambo: First Blood Part II	Action,Adventure,Thriller	1985
tt0095956	rambo_3	Rambo III	Action,Adventure,Thriller	1988
tt0083944	rambo_first_blood	First Blood	Action,Adventure,Thriller	1982
tt2231461	rampage_tt2231461	Rampage	Action,Adventure,Sci-Fi	2018
tt0089881	ran_tt0089881	Ran	Action,Drama,War	1985
tt0035238	random.harvest_tt0035238	Random Harvest	Drama,Romance	1942
tt1192628	rango_tt1192628	Rango	Action,Adventure,Animation	2011
tt0117438	ransom	Ransom	Action,Crime,Drama	1996
tt0042876	rashomon_tt0042876	Rashomon	Crime,Drama,Mystery	1950
tt0023374	rasputin.and.th_tt0023374	Rasputin and the Empress	Biography,Drama,History	1932
tt0054230	rat.race_tt0054230	The Rat Race	Comedy,Drama,Romance	1960
tt0250687	rat.race_tt0250687	Rat Race	Action,Adventure,Comedy	2001
tt0382932	ratatouille_tt0382932	Ratatouille	Adventure,Animation,Comedy	2007
tt0350258	ray_tt0350258	Ray	Biography,Drama,Music	2004
tt5109280	raya.and.the.la_tt5109280	Raya and the Last Dragon	Action,Adventure,Animation	2021
tt0038873	razors.edge_tt0038873	The Razor's Edge	Drama,Romance	1946
tt7689964	rbg_tt7689964	RBG	Biography,Documentary	2018
tt0976051	reader_tt0976051	The Reader	Drama,Mystery,Romance	2008
tt1677720	ready_player_one	Ready Player One	Action,Adventure,Sci-Fi	2018
tt0433035	real_steel	Real Steel	Action,Drama,Sci-Fi	2011
tt0296166	real.women.have_tt0296166	Real Women Have Curves	Comedy,Drama	2002
tt0035244	reap.the.wild.w_tt0035244	Reap the Wild Wind	Action,Adventure,Drama	1942
tt0047396	rear.window_tt0047396	Rear Window	Drama,Mystery,Thriller	1954
tt0032976	rebecca_tt0032976	Rebecca	Drama,Mystery,Romance	1940
tt0030657	rebecca.of.sunn_tt0030657	Rebecca of Sunnybrook Farm	Comedy,Drama,Family	1938
tt0048545	rebel.without.a_tt0048545	Rebel Without a Cause	Drama	1955
tt0087985	red_dawn	Red Dawn	Action,Drama,Thriller	1984
tt0289765	red_dragon	Red Dragon	Crime,Drama,Thriller	2002
tt1245526	red_tt1245526	RED	Action,Comedy,Crime	2010
tt0058888	red.beard_tt0058888	Red Beard	Drama	1965
tt0058003	red.desert_tt0058003	Red Desert	Drama	1964
tt0023382	red.dust_tt0023382	Red Dust	Comedy,Drama,Romance	1932
tt0421239	red.eye_tt0421239	Red Eye	Thriller	2005
tt0095963	red.heat_tt0095963	Red Heat	Action,Comedy,Crime	1988
tt14948432	red.one_tt14948432	Red One	Action,Adventure,Comedy	2024
tt0040724	red.river_tt0040724	Red River	Drama,Western	1948
tt0040725	red.shoes_tt0040725	The Red Shoes	Drama,Music,Romance	1948
tt0937237	redacted_tt0937237	Redacted	Crime,Thriller,War	2007
tt0082979	reds	Reds	Biography,Drama,History	1981
tt0062185	reflections.in._tt0062185	Reflections in a Golden Eye	Drama,Romance,Thriller	1967
tt0102768	regarding_henry	Regarding Henry	Drama,Romance	1991
tt0181786	regret.to.infor_tt0181786	Regret to Inform	Documentary,War	1998
tt0073615	reincarnation.o_tt0073615	The Reincarnation of Peter Proud	Mystery,Thriller	1975
tt0052126	reluctant.debut_tt0052126	The Reluctant Debutante	Comedy,Romance	1958
tt0107943	remains.of.the._tt0107943	The Remains of the Day	Drama,Romance	1993
tt0028167	rembrandt_tt0028167	Rembrandt	Biography,Drama	1936
tt0210945	remember_the_titans	Remember the Titans	Biography,Comedy,Drama	2000
tt0032981	remember.the.ni_tt0032981	Remember the Night	Comedy,Drama,Romance	1939
tt0026922	rendezvous_tt0026922	Rendezvous	Comedy,Drama,War	1935
tt0036301	report.from.the_tt0036301	Report from the Aleutians	Documentary,History,War	1943
tt0059646	repulsion_tt0059646	Repulsion	Drama,Horror,Thriller	1965
tt0180093	requiem.for.a.d_tt0180093	Requiem for a Dream	Drama	2000
tt0076618	rescuers_tt0076618	The Rescuers	Adventure,Animation,Comedy	1977
tt0105236	reservoir.dogs_tt0105236	Reservoir Dogs	Crime,Thriller	1992
tt0432021	resident.evil.e_tt0432021	Resident Evil: Extinction	Action,Horror,Sci-Fi	2007
tt6920084	resident.evil.w_tt6920084	Resident Evil: Welcome to Raccoon City	Action,Horror,Sci-Fi	2021
tt0037215	resisting.enemy_tt0037215	Resisting Enemy Interrogation	Drama,War	1944
tt2452150	respect_tt2452150	Respect	Biography,Drama,Music	2021
tt1559549	restrepo_tt1559549	Restrepo	Biography,Documentary,History	2010
tt0086190	return_of_the_jedi	Star Wars: Episode VI - Return of the Jedi	Action,Adventure,Fantasy	1983
tt0072081	return.pink.panther_tt0072081	The Return of the Pink Panther	Comedy,Crime,Mystery	1975
tt0046238	return.to.parad_tt0046238	Return to Paradise	Adventure,Drama,Romance	1953
tt0055370	return.to.peyto_tt0055370	Return to Peyton Place	Drama	1961
tt1663202	revenant	The Revenant	Adventure,Drama,Western	2015
tt0121766	revenge_of_the_sith	Star Wars: Episode III - Revenge of the Sith	Action,Adventure,Fantasy	2005
tt0078163	revenge.of.the._tt0078163	Revenge of the Pink Panther	Comedy,Crime,Mystery	1978
tt0088000	revenge.of.the._tt0088000	Revenge of the Nerds	Comedy	1984
tt0093857	revenge.of.the._tt0093857	Revenge of the Nerds II: Nerds in Paradise	Comedy	1987
tt0100486	reversal.of.fortune_tt0100486	Reversal of Fortune	Biography,Drama,Mystery	1990
tt0959337	revolutionary.r_tt0959337	Revolutionary Road	Drama,Romance	2008
tt0047408	rhapsody_tt0047408	Rhapsody	Drama,Musical,Romance	1954
tt0038026	rhapsody.in.blu_tt0038026	Rhapsody in Blue	Biography,Drama,Music	1945
tt0088001	rhinestone_tt0088001	Rhinestone	Comedy,Music	1984
tt0028178	rhythm.on.the.r_tt0028178	Rhythm on the Range	Comedy,Drama,Music	1936
tt0032986	rhythm.on.the.r_tt0032986	Rhythm on the River	Comedy,Musical	1940
tt7134096	rhythm.section_tt7134096	The Rhythm Section	Action,Drama,Mystery	2020
tt0023394	rich.are.always_tt0023394	The Rich Are Always with Us	Comedy,Drama,Romance	1932
tt0049674	richard.iii_tt0049674	Richard III	Biography,Drama,History	1955
tt0114279	richard.iii_tt0114279	Richard III	Drama,Sci-Fi,War	1995
tt0086194	richard.pryor.._tt0086194	Richard Pryor... Here and Now	Comedy,Documentary	1983
tt0084597	richard.pryor.l_tt0084597	Richard Pryor: Live on the Sunset Strip	Comedy,Documentary	1982
tt1408253	ride_along	Ride Along	Action,Comedy,Crime	2014
tt2869728	ride_along_2	Ride Along 2	Action,Comedy,Crime	2016
tt6217608	rider_tt6217608	The Rider	Drama,Western	2017
tt0389326	riding.giants_tt0389326	Riding Giants	Biography,Documentary,History	2004
tt0042893	riding.high_tt0042893	Riding High	Comedy	1950
tt0048021	rififi_tt0048021	Rififi	Crime,Drama,Thriller	1955
tt0086197	right.stuff_tt0086197	The Right Stuff	Adventure,Biography,Drama	1983
tt0298130	ring	The Ring	Horror,Mystery	2002
tt0377109	ring_2_fs	The Ring Two	Horror,Mystery	2005
tt1436562	rio_tt1436562	Rio	Adventure,Animation,Comedy	2011
tt2357291	rio.2_tt2357291	Rio 2	Adventure,Animation,Comedy	2014
tt0053221	rio.bravo_tt0053221	Rio Bravo	Western	1959
tt0025720	riptide_tt0025720	Riptide	Drama,Romance	1934
tt2527338	rise_of_skywalker	Star Wars: Episode IX - The Rise of Skywalker	Action,Adventure,Fantasy	2019
tt1318514	rise_of_the_planet_of_the_apes	Rise of the Planet of the Apes	Action,Drama,Sci-Fi	2011
tt1446192	rise.of.the.gua_tt1446192	Rise of the Guardians	Action,Adventure,Animation	2012
tt0107969	rising_sun	Rising Sun	Action,Crime,Drama	1993
tt0086200	risky_business	Risky Business	Comedy,Crime,Drama	1983
tt0075144	ritz_tt0075144	The Ritz	Comedy,Crime	1976
tt0043972	river_tt0043972	The River	Drama,Romance	1951
tt0047422	river.of.no.ret_tt0047422	River of No Return	Action,Adventure,Drama	1954
tt0110997	river.wild_tt0110997	The River Wild	Adventure,Crime,Thriller	1994
tt0257044	road_to_perdition	Road to Perdition	Crime,Drama,Thriller	2002
tt0898367	road_tt0898367	The Road	Drama,Thriller	2009
tt0098206	road.house_tt0098206	Road House	Action,Thriller	1989
tt0045094	road.to.bali_tt0045094	Road to Bali	Adventure,Comedy,Fantasy	1952
tt0138749	road.to.el.dora_tt0138749	The Road to El Dorado	Adventure,Animation,Comedy	2000
tt0056417	road.to.hong.ko_tt0056417	The Road to Hong Kong	Comedy,Musical,Sci-Fi	1962
tt0022289	road.to.life_tt0022289	Road to Life	Crime,Drama	1931
tt0035262	road.to.morocco_tt0035262	Road to Morocco	Adventure,Comedy,Family	1942
tt0039776	road.to.rio_tt0039776	Road to Rio	Adventure,Comedy,Musical	1947
tt0032993	road.to.singapo_tt0032993	Road to Singapore	Comedy,Musical,Romance	1940
tt0038032	road.to.utopia_tt0038032	Road to Utopia	Adventure,Comedy,Family	1945
tt0034116	road.to.zanziba_tt0034116	Road to Zanzibar	Adventure,Comedy,Musical	1941
tt0215129	road.trip_tt0215129	Road Trip	Comedy	2000
tt0082694	road.warrior_tt0082694	The Road Warrior	Action,Adventure,Sci-Fi	1981
tt0031867	roaring.twentie_tt0031867	The Roaring Twenties	Crime,Drama,Thriller	1939
tt0046247	robe_tt0046247	The Robe	Drama,History,Romance	1953
tt0026942	roberta_tt0026942	Roberta	Comedy,Musical,Romance	1935
tt0955308	robin_hood	Robin Hood	Action,Adventure,Drama	2010
tt0102798	robin_hood_prince_of_thieves	Robin Hood: Prince of Thieves	Action,Adventure,Drama	1991
tt0075147	robin.and.maria_tt0075147	Robin and Marian	Adventure,Drama,Romance	1976
tt0058529	robin.and.the.7_tt0058529	Robin and the 7 Hoods	Comedy,Crime,Musical	1964
tt0070608	robin.hood_tt0070608	Robin Hood	Adventure,Animation,Comedy	1973
tt0107977	robin.hood.men._tt0107977	Robin Hood: Men in Tights	Adventure,Comedy,Musical	1993
tt0093870	robocop	RoboCop	Action,Crime,Sci-Fi	1987
tt0100502	robocop_2	RoboCop 2	Action,Crime,Sci-Fi	1990
tt0358082	robots_tt0358082	Robots	Adventure,Animation,Comedy	2005
tt0117500	rock	The Rock	Action,Adventure,Thriller	1996
tt0102803	rocketeer	The Rocketeer	Action,Adventure,Family	1991
tt2066051	rocketman	Rocketman	Biography,Drama,Music	2019
tt0084602	rocky_3	Rocky III	Drama,Sport	1982
tt0089927	rocky_4	Rocky IV	Drama,Sport	1985
tt0075148	rocky_tt0075148	Rocky	Drama,Sport	1976
tt0079817	rocky.ii_tt0079817	Rocky II	Drama,Sport	1979
tt0100507	rocky.v_tt0100507	Rocky V	Drama,Sport	1990
tt0098213	roger..me_tt0098213	Roger & Me	Documentary	1989
tt0299117	roger.dodger_tt0299117	Roger Dodger	Comedy,Drama	2002
tt2381249	rogue_nation	Mission: Impossible - Rogue Nation	Action,Adventure,Thriller	2015
tt3748528	rogue_one	Rogue One: A Star Wars Story	Action,Adventure,Sci-Fi	2016
tt0430922	role.models_tt0430922	Role Models	Comedy	2008
tt0073631	rollerball_tt0073631	Rollerball	Action,Sci-Fi,Sport	1975
tt0076636	rollercoaster_tt0076636	Rollercoaster	Action,Crime,Drama	1977
tt0083006	rollover_tt0083006	Rollover	Drama,Mystery,Romance	1981
tt6155172	roma_tt6155172	Roma	Drama	2018
tt0046250	roman.holiday_tt0046250	Roman Holiday	Comedy,Drama,Romance	1953
tt0024507	roman.scandals_tt0024507	Roman Scandals	Comedy,Fantasy,Musical	1933
tt0055382	roman.spring.of_tt0055382	The Roman Spring of Mrs. Stone	Drama,Romance	1961
tt0088011	romancing_the_stone	Romancing the Stone	Action,Adventure,Comedy	1984
tt0023410	rome.express_tt0023410	Rome Express	Adventure,Crime,Drama	1932
tt0117509	romeo..juliet_tt0117509	Romeo + Juliet	Drama,Romance	1996
tt0063518	romeo.and.julie_tt0063518	Romeo and Juliet	Drama,Romance	1968
tt0165929	romeo.must.die_tt0165929	Romeo Must Die	Action,Crime,Thriller	2000
tt0122690	ronin_tt0122690	Ronin	Action,Crime,Thriller	1998
tt7504818	rons.gone.wrong_tt7504818	Ron's Gone Wrong	Adventure,Animation,Comedy	2021
tt0107985	rookie	Rookie of the Year	Comedy,Family,Fantasy	1993
tt0265662	rookie_tt0265662	The Rookie	Drama,Family,Sport	2002
tt3170832	room_tt3170832	Room	Drama,Thriller	2015
tt0053226	room.at.the.top_tt0053226	Room at the Top	Drama,Romance	1958
tt0045102	room.for.one.mo_tt0045102	Room for One More	Comedy,Drama,Family	1952
tt0040746	rope_tt0040746	Rope	Crime,Drama,Mystery	1948
tt0041822	rope.of.sand_tt0041822	Rope of Sand	Action,Adventure,Crime	1949
tt0029499	rosalie_tt0029499	Rosalie	Drama,Musical	1937
tt0079826	rose_tt0079826	The Rose	Drama,Music,Romance	1979
tt0047429	rose.marie_tt0047429	Rose Marie	Drama,Musical,Romance	1954
tt0031877	rose.of.washing_tt0031877	Rose of Washington Square	Drama,Musical,Romance	1939
tt0048563	rose.tattoo_tt0048563	The Rose Tattoo	Comedy,Drama,Romance	1955
tt0028207	rosemarie_tt0028207	Rose-Marie	Adventure,Drama,Musical	1936
tt0063522	rosemarys.baby_tt0063522	Rosemary's Baby	Drama,Horror	1968
tt0090557	round.midnight_tt0090557	Round Midnight	Drama,Music	1986
tt0093886	roxanne_fs	Roxanne	Comedy,Romance	1987
tt0265666	royal.tenenbaum_tt0265666	The Royal Tenenbaums	Comedy,Drama	2001
tt0026955	ruggles.of.red._tt0026955	Ruggles of Red Gap	Comedy,Mystery,Romance	1935
tt0134067	rugrats.movie_tt0134067	The Rugrats Movie	Adventure,Animation,Comedy	1998
tt0160797	rules.of.engage_tt0160797	Rules of Engagement	Drama,Thriller,War	2000
tt0031885	rules.of.the.ga_tt0031885	The Rules of the Game	Comedy,Drama	1939
tt0069198	ruling.class_tt0069198	The Ruling Class	Comedy,Drama,Musical	1972
tt0130827	run.lola.run_tt0130827	Run Lola Run	Action,Crime,Thriller	1998
tt0052151	run.silent.run._tt0052151	Run Silent Run Deep	Action,Drama,War	1958
tt0163187	runaway_bride	Runaway Bride	Comedy,Romance	1999
tt0089941	runaway.train_tt0089941	Runaway Train	Action,Adventure,Drama	1985
tt0093894	running.man_tt0093894	The Running Man	Action,Sci-Fi,Thriller	1987
tt0096018	running.on.empty_tt0096018	Running on Empty	Crime,Drama,Music	1988
tt0091875	running.scared_tt0091875	Running Scared	Action,Comedy,Crime	1986
tt0120812	rush_hour	Rush Hour	Action,Comedy,Crime	1998
tt0266915	rush_hour_2	Rush Hour 2	Action,Comedy,Crime	2001
tt0293564	rush_hour_3_fs	Rush Hour 3	Action,Comedy,Crime	2007
tt1979320	rush_tt1979320	Rush	Biography,Drama,Sport	2013
tt0128445	rushmore_tt0128445	Rushmore	Comedy,Drama,Romance	1998
tt0100530	russia.house_tt0100530	The Russia House	Drama,Romance,Thriller	1990
tt0060921	russians.are.co_tt0060921	The Russians Are Coming the Russians Are Coming	Comedy,War	1966
tt2053425	rust.and.bone_tt2053425	Rust and Bone	Drama,Romance	2012
tt0091877	ruthless_people	Ruthless People	Comedy,Crime	1986
tt0449089	rv	RV	Adventure,Comedy,Family	2006
tt0066319	ryans.daughter_tt0066319	Ryan's Daughter	Drama,Romance	1970
tt0047437	sabrina_tt0047437	Sabrina	Comedy,Drama,Romance	1954
tt0025740	sadie.mckee_tt0025740	Sadie McKee	Drama,Romance	1934
tt1599348	safe_house	Safe House	Action,Thriller	2012
tt0114323	safe_tt0114323	Safe	Drama	1995
tt1702439	safe.haven_tt1702439	Safe Haven	Drama,Romance,Thriller	2013
tt0036323	sahara_tt0036323	Sahara	Action,Drama,War	1943
tt0318649	sahara_tt0318649	Sahara	Action,Adventure,Comedy	2005
tt0120053	saint_tt0120053	The Saint	Action,Adventure,Romance	1997
tt15376894	saint.omer_tt15376894	Saint Omer	Drama	2022
tt0073650	sal.or.the.120._tt0073650	Salò, or the 120 Days of Sodom	Drama	1975
tt0096028	salaam.bombay_tt0096028	Salaam Bombay!	Crime,Drama	1988
tt0944835	salt	Salt	Action,Thriller	2010
tt0063534	salt.and.pepper_tt0063534	Salt and Pepper	Comedy,Crime,Thriller	1968
tt0036326	saludos.amigos_tt0036326	Saludos Amigos	Adventure,Animation,Comedy	1942
tt0055399	salvatore.giuli_tt0055399	Salvatore Giuliano	Crime,Drama,History	1962
tt0078199	same.time.next._tt0078199	Same Time, Next Year	Comedy,Drama,Romance	1978
tt5287168	sami.blood_tt5287168	Sami Blood	Drama,History	2016
tt0041838	samson.and.deli_tt0041838	Samson and Delilah	Drama,Family,History	1949
tt2126355	san_andreas	San Andreas	Action,Adventure,Thriller	2015
tt0038048	san.antonio_tt0038048	San Antonio	Western	1945
tt0028216	san.francisco_tt0028216	San Francisco	Drama,Music,Romance	1936
tt0060934	sand.pebbles_tt0060934	The Sand Pebbles	Adventure,Drama,Romance	1966
tt0026966	sanders.of.the._tt0026966	Sanders of the River	Adventure,Drama,Music	1935
tt0108037	sandlot_tt0108037	The Sandlot	Comedy,Drama,Family	1993
tt0041841	sands.of.iwo.ji_tt0041841	Sands of Iwo Jima	Action,Drama,Romance	1949
tt0084628	sans.soleil_tt0084628	Sans Soleil	Documentary,Drama	1983
tt0047445	sansho.the.bail_tt0047445	Sansho the Bailiff	Drama	1954
tt0111070	santa_clause	The Santa Clause	Comedy,Drama,Family	1994
tt0304669	santa_clause_2	The Santa Clause 2	Comedy,Family,Fantasy	2002
tt0452681	santa_clause_3	The Santa Clause 3: The Escape Clause	Adventure,Comedy,Family	2006
tt0089961	santa.claus.the_tt0089961	Santa Claus	Adventure,Family,Fantasy	1985
tt0029516	saratoga_tt0029516	Saratoga	Comedy,Drama,Romance	1937
tt0038053	saratoga.trunk_tt0038053	Saratoga Trunk	Drama,Romance,Western	1945
tt0054269	saturday.night._tt0054269	Saturday Night and Sunday Morning	Drama,Romance	1960
tt0076666	saturday.night._tt0076666	Saturday Night Fever	Drama,Music	1977
tt1700841	sausage.party_tt1700841	Sausage Party	Adventure,Animation,Comedy	2016
tt0206275	save_the_last_dance	Save the Last Dance	Drama,Music,Romance	2001
tt0070640	save.the.tiger_tt0070640	Save the Tiger	Drama	1973
tt0120815	saving_private_ryan	Saving Private Ryan	Drama,War	1998
tt0432348	saw_2	Saw II	Horror,Mystery	2005
tt0489270	saw_3	Saw III	Horror,Mystery,Thriller	2006
tt21807222	saw.10_tt21807222	Saw X	Horror,Mystery,Thriller	2023
tt0890870	saw.iv_tt0890870	Saw IV	Horror,Mystery,Thriller	2007
tt0050933	sayonara_tt0050933	Sayonara	Drama,Romance	1957
tt0045125	scaramouche_tt0045125	Scaramouche	Action,Adventure,Comedy	1952
tt0070643	scarecrow_tt0070643	Scarecrow	Drama	1973
tt0023427	scarface_tt0023427	Scarface	Action,Crime,Drama	1932
tt0086250	scarface_tt0086250	Scarface	Crime,Drama	1983
tt0025748	scarlet.pimpern_tt0025748	The Scarlet Pimpernel	Adventure,Drama	1934
tt0175142	scary_movie	Scary Movie	Comedy	2000
tt0306047	scary_movie_3	Scary Movie 3	Comedy	2003
tt0362120	scary_movie_4	Scary Movie 4	Comedy	2006
tt0257106	scary.movie.2_tt0257106	Scary Movie 2	Comedy,Horror	2001
tt3387520	scary.stories.t_tt3387520	Scary Stories to Tell in the Dark	Adventure,Horror,Mystery	2019
tt0105323	scent_of_a_woman	Scent of a Woman	Drama	1992
tt0108052	schindlers_list	Schindler's List	Biography,Drama,History	1993
tt0332379	school.of.rock_tt0332379	School of Rock	Comedy,Music	2003
tt0267913	scooby_doo	Scooby-Doo	Adventure,Comedy,Family	2002
tt0331632	scooby_doo_2	Scooby-Doo 2: Monsters Unleashed	Adventure,Comedy,Family	2004
tt0227445	score_tt0227445	The Score	Crime,Drama,Thriller	2001
tt0277296	scorpion.king_tt0277296	The Scorpion King	Action,Adventure,Fantasy	2002
tt0117571	scream	Scream	Horror,Mystery	1996
tt0120082	scream_2	Scream 2	Horror,Mystery	1997
tt0134084	scream_3	Scream 3	Horror,Mystery	2000
tt11245972	scream_tt11245972	Scream	Horror,Mystery,Thriller	2022
tt17663992	scream.6_tt17663992	Scream VI	Horror,Mystery,Thriller	2023
tt0026972	scrooge_tt0026972	Scrooge	Drama,Family,Fantasy	1935
tt0066344	scrooge_tt0066344	Scrooge	Drama,Family,Fantasy	1970
tt0096061	scrooged	Scrooged	Comedy,Drama,Fantasy	1988
tt0098273	sea_of_love	Sea of Love	Crime,Drama,Mystery	1989
tt0048593	sea.chase_tt0048593	The Sea Chase	Action,Drama,War	1955
tt0033028	sea.hawk_tt0033028	The Sea Hawk	Action,Adventure,History	1940
tt0039806	sea.of.grass_tt0039806	The Sea of Grass	Drama,Western	1947
tt0329575	seabiscuit_fs	Seabiscuit	Drama,History,Sport	2003
tt0058557	seance.on.a.wet_tt0058557	Seance on a Wet Afternoon	Crime,Drama	1964
tt0040765	search_tt0040765	The Search	Drama,War	1948
tt0049730	searchers_tt0049730	The Searchers	Adventure,Western	1956
tt2125608	searching.for.s_tt2125608	Searching for Sugar Man	Biography,Documentary,Music	2012
tt0060955	seconds_tt0060955	Seconds	Sci-Fi,Thriller	1966
tt0093936	secret_of_my_success	The Secret of My Success	Comedy,Romance	1987
tt0022357	secret.6_tt0022357	The Secret 6	Crime,Drama	1931
tt0290823	secret.ballot_tt0290823	Secret Ballot	Comedy,Drama	2001
tt0038916	secret.heart_tt0038916	The Secret Heart	Drama,Romance	1946
tt0039808	secret.life.of._tt0039808	The Secret Life of Walter Mitty	Comedy,Fantasy,Romance	1947
tt2709768	secret.life.of._tt2709768	The Secret Life of Pets	Adventure,Animation,Comedy	2016
tt5113040	secret.life.of._tt5113040	The Secret Life of Pets 2	Adventure,Animation,Comedy	2019
tt0064952	secret.of.santa_tt0064952	The Secret of Santa Vittoria	Comedy,Drama,War	1969
tt0117589	secrets..lies_tt0117589	Secrets & Lies	Comedy,Drama	1996
tt0058564	seduced.and.aba_tt0058564	Seduced and Abandoned	Comedy,Drama	1964
tt0079875	seduction.of.jo_tt0079875	The Seduction of Joe Tynan	Drama	1979
tt0098282	see_no_evil_hear_no_evil	See No Evil, Hear No Evil	Comedy,Crime	1989
tt1020072	selma_tt1020072	Selma	Biography,Drama,History	2014
tt0078227	semitough_tt0078227	Semi-Tough	Comedy,Romance,Sport	1977
tt0058571	send.me.no.flow_tt0058571	Send Me No Flowers	Comedy,Drama,Romance	1964
tt0114388	sense.and.sensi_tt0114388	Sense and Sensibility	Drama,Romance	1995
tt27714581	sentimental.val_tt27714581	Sentimental Value	Drama	2025
tt0052182	separate.tables_tt0052182	Separate Tables	Drama,Romance	1958
tt1331025	september.issue_tt1331025	The September Issue	Documentary	2009
tt0049737	serenade_tt0049737	Serenade	Drama,Music,Romance	1956
tt0034167	sergeant.york_tt0034167	Sergeant York	Biography,Drama,History	1941
tt0056470	sergeants.3_tt0056470	Sergeants 3	Comedy,Western	1962
tt0070666	serpico_tt0070666	Serpico	Biography,Crime,Drama	1973
tt0057490	servant_tt0057490	The Servant	Drama	1963
tt0117603	set.it.off_tt0117603	Set It Off	Action,Crime,Drama	1996
tt0041859	setup_tt0041859	The Set-Up	Crime,Film-Noir,Sport	1949
tt0114369	seven	Se7en	Crime,Drama,Mystery	1995
tt0047472	seven.brides.fo_tt0047472	Seven Brides for Seven Brothers	Comedy,Musical,Romance	1954
tt0054091	seven.days....s_tt0054091	Seven Days... Seven Nights	Drama,Romance	1960
tt0058576	seven.days.in.m_tt0058576	Seven Days in May	Drama,Thriller	1964
tt0042949	seven.days.to.n_tt0042949	Seven Days to Noon	Drama,Thriller	1950
tt0048604	seven.little.fo_tt0048604	The Seven Little Foys	Biography,Comedy,Drama	1955
tt0047478	seven.samurai_tt0047478	Seven Samurai	Action,Drama	1954
tt0048605	seven.year.itch_tt0048605	The Seven Year Itch	Comedy,Romance	1955
tt0037263	seventh.cross_tt0037263	The Seventh Cross	Drama,Film-Noir,Mystery	1944
tt0029539	seventh.heaven_tt0029539	Seventh Heaven	Drama,Romance	1937
tt0050976	seventh.seal_tt0050976	The Seventh Seal	Drama,Fantasy	1957
tt0070672	sevenups_tt0070672	The Seven-Ups	Action,Crime,Drama	1973
tt1000774	sex_and_the_city	Sex and the City	Comedy,Drama,Romance	2008
tt1261945	sex_and_the_city_2	Sex and the City 2	Comedy,Drama,Romance	2010
tt0058580	sex.and.the.sin_tt0058580	Sex and the Single Girl	Comedy,Romance	1964
tt0098724	sex.lies.and.vi_tt0098724	Sex, Lies, and Videotape	Drama	1989
tt0078239	sgt..peppers.lo_tt0078239	Sgt. Pepper's Lonely Hearts Club Band	Adventure,Comedy,Fantasy	1978
tt2872518	shack_tt2872518	The Shack	Drama,Fantasy	2017
tt0111143	shadow_tt0111143	The Shadow	Action,Adventure,Crime	1994
tt0189998	shadow.of.the.v_tt0189998	Shadow of the Vampire	Drama,Horror	2000
tt0108101	shadowlands_tt0108101	Shadowlands	Biography,Drama,Romance	1993
tt0162650	shaft_2000	Shaft	Action,Crime,Thriller	2000
tt0067741	shaft_tt0067741	Shaft	Action,Crime,Thriller	1971
tt0069257	shafts.big.scor_tt0069257	Shaft's Big Score!	Action,Crime,Drama	1972
tt0053271	shaggy.dog_tt0053271	The Shaggy Dog	Comedy,Family,Fantasy	1959
tt0393735	shaggy.dog_tt0393735	The Shaggy Dog	Comedy,Family,Fantasy	2006
tt0138097	shakespeare_in_love	Shakespeare in Love	Comedy,Drama,History	1998
tt0029546	shall.we.dance_tt0029546	Shall We Dance	Comedy,Musical,Romance	1937
tt0256380	shallow.hal_tt0256380	Shallow Hal	Comedy,Drama,Fantasy	2001
tt0063611	shame_tt0063611	Shame	Drama	1968
tt0073692	shampoo_tt0073692	Shampoo	Comedy,Drama	1975
tt0046303	shane_tt0046303	Shane	Drama,Western	1953
tt9376612	shangchi.and.th_tt9376612	Shang-Chi and the Legend of the Ten Rings	Action,Adventure,Fantasy	2021
tt0300471	shanghai.knight_tt0300471	Shanghai Knights	Action,Adventure,Comedy	2003
tt0184894	shanghai.noon_tt0184894	Shanghai Noon	Action,Adventure,Comedy	2000
tt0115012	shanghai.triad_tt0115012	Shanghai Triad	Crime,Drama,History	1995
tt5580390	shape.of.water_tt5580390	The Shape of Water	Drama,Fantasy,Romance	2017
tt0307453	shark.tale_tt0307453	Shark Tale	Adventure,Animation,Comedy	2004
tt0083064	sharkys_machine_fs	Sharky's Machine	Action,Crime,Drama	1981
tt2872750	shaun.the.sheep_tt2872750	Shaun the Sheep Movie	Adventure,Animation,Comedy	2015
tt0111161	shawshank.redem_tt0111161	The Shawshank Redemption	Drama	1994
tt0448115	shazam	Shazam!	Action,Adventure,Comedy	2019
tt10151854	shazam.fury.of._tt10151854	Shazam! Fury of the Gods	Action,Adventure,Comedy	2023
tt0024548	she.done.him.wr_tt0024548	She Done Him Wrong	Comedy,Drama,History	1933
tt0100594	sheltering.sky_tt0100594	The Sheltering Sky	Adventure,Drama	1990
tt0988045	sherlock_holmes	Sherlock Holmes	Action,Adventure,Mystery	2009
tt1515091	sherlock_holmes_game_of_shadows	Sherlock Holmes: A Game of Shadows	Action,Adventure,Mystery	2011
tt0160862	shes.all.that_tt0160862	She's All That	Comedy,Romance	1999
tt0117631	shine_tt0117631	Shine	Biography,Drama,Music	1996
tt0081505	shining	The Shining	Drama,Horror	1980
tt0059712	ship.of.fools_tt0059712	Ship of Fools	Drama,Romance,War	1965
tt0026988	shipmates.forev_tt0026988	Shipmates Forever	Drama,Musical,Romance	1935
tt8430598	shirley_tt8430598	Shirley	Biography,Drama,Mystery	2020
tt0098319	shirley.valentine_tt0098319	Shirley Valentine	Comedy,Drama,Romance	1989
tt0063599	shoes.of.the.fi_tt0063599	The Shoes of the Fisherman	Drama	1968
tt0096098	shoot.to.kill_tt0096098	Shoot to Kill	Action,Adventure,Crime	1988
tt0059527	shop.on.main.st_tt0059527	The Shop on Main Street	Drama,War	1965
tt8075192	shoplifters_tt8075192	Shoplifters	Crime,Drama,Thriller	2018
tt0091949	short_circuit	Short Circuit	Comedy,Family,Sci-Fi	1986
tt0096101	short.circuit.2_tt0096101	Short Circuit 2	Comedy,Drama,Family	1988
tt0108122	short.cuts_tt0108122	Short Cuts	Comedy,Drama	1993
tt0028249	show.boat_tt0028249	Show Boat	Comedy,Drama,Musical	1936
tt0044030	show.boat_tt0044030	Show Boat	Drama,Family,Musical	1951
tt0019379	show.people_tt0019379	Show People	Comedy,Romance	1928
tt0126029	shrek_tt0126029	Shrek	Adventure,Animation,Comedy	2001
tt0298148	shrek.2_tt0298148	Shrek 2	Adventure,Animation,Comedy	2004
tt0892791	shrek.forever.a_tt0892791	Shrek Forever After	Adventure,Animation,Comedy	2010
tt0413267	shrek.the.third_tt0413267	Shrek the Third	Adventure,Animation,Comedy	2007
tt1130884	shutter_island	Shutter Island	Drama,Mystery,Thriller	2010
tt3397884	sicario_tt3397884	Sicario	Action,Crime,Drama	2015
tt0375063	sideways_tt0375063	Sideways	Comedy,Drama,Romance	2004
tt0133952	siege_tt0133952	The Siege	Action,Thriller	1998
tt0023470	sign.of.the.cro_tt0023470	The Sign of the Cross	Drama,History	1932
tt0286106	signs	Signs	Drama,Mystery,Sci-Fi	2002
tt0102926	silence_of_the_lambs	The Silence of the Lambs	Crime,Drama,Horror	1991
tt0057611	silence_tt0057611	The Silence	Drama	1963
tt0060980	silencers_tt0060980	The Silencers	Action,Adventure,Comedy	1966
tt0075222	silent.movie_tt0075222	Silent Movie	Comedy	1976
tt0050972	silk.stockings_tt0050972	Silk Stockings	Comedy,Musical,Romance	1957
tt0086312	silkwood	Silkwood	Biography,Drama,History	1983
tt1045658	silver_linings_playbook	Silver Linings Playbook	Comedy,Drama,Romance	2012
tt0047494	silver.chalice_tt0047494	The Silver Chalice	Drama,Romance	1954
tt0075223	silver.streak_tt0075223	Silver Streak	Action,Comedy,Crime	1976
tt0090022	silverado	Silverado	Action,Drama,Western	1985
tt0059719	simon.of.the.de_tt0059719	Simon of the Desert	Comedy,Drama,Fantasy	1965
tt0462538	simpsons.movie_tt0462538	The Simpsons Movie	Adventure,Animation,Comedy	2007
tt0401792	sin.city_tt0401792	Sin City	Crime,Thriller	2005
tt1127715	sin.nombre_tt1127715	Sin Nombre	Adventure,Crime,Drama	2009
tt0039825	sin.of.harold.d_tt0039825	The Sin of Harold Diddlebock	Comedy	1947
tt0022386	sin.of.madelon._tt0022386	The Sin of Madelon Claudet	Crime,Drama,Romance	1931
tt0076716	sinbad.and.the._tt0076716	Sinbad and the Eye of the Tiger	Action,Adventure,Family	1977
tt0037280	since.you.went._tt0037280	Since You Went Away	Drama,Romance,War	1944
tt3470600	sing_tt3470600	Sing	Animation,Comedy,Family	2016
tt6467266	sing.2_tt6467266	Sing 2	Adventure,Animation,Comedy	2021
tt0045152	singin.in.the.r_tt0045152	Singin' in the Rain	Comedy,Musical,Romance	1952
tt0060983	singing.nun_tt0060983	The Singing Nun	Biography,Drama,Family	1966
tt0105414	single.white.fe_tt0105414	Single White Female	Drama,Thriller	1992
tt0054310	sink.the.bismar_tt0054310	Sink the Bismarck!	Action,Drama,History	1960
tt31193180	sinners_tt31193180	Sinners	Action,Drama,Horror	2025
tt0105417	sister_act	Sister Act	Comedy,Family,Music	1992
tt0108147	sister.act.2.ba_tt0108147	Sister Act 2: Back in the Habit	Comedy,Family,Music	1993
tt4971344	sisters.brother_tt4971344	The Sisters Brothers	Drama,Western	2018
tt0120828	six_days_seven_nights	Six Days Seven Nights	Action,Adventure,Comedy	1998
tt0084690	six.pack_tt0084690	Six Pack	Comedy,Drama,Sport	1982
tt0088128	sixteen.candles_tt0088128	Sixteen Candles	Comedy,Romance	1984
tt0167404	sixth_sense	The Sixth Sense	Drama,Mystery,Thriller	1999
tt0022397	skippy_tt0022397	Skippy	Comedy,Drama,Family	1931
tt0045155	skirts.ahoy_tt0045155	Skirts Ahoy!	Comedy,Musical,Romance	1952
tt0405325	sky.high_tt0405325	Sky High	Action,Comedy,Family	2005
tt1074638	skyfall	Skyfall	Action,Adventure,Thriller	2012
tt5758778	skyscraper_tt5758778	Skyscraper	Action,Adventure,Thriller	2018
tt0102943	slacker_tt0102943	Slacker	Comedy,Drama	1990
tt0139615	slam_tt0139615	Slam	Drama	1998
tt0076723	slap.shot_tt0076723	Slap Shot	Comedy,Drama,Sport	1977
tt0069279	slaughter_tt0069279	Slaughter	Action,Crime,Drama	1972
tt0069280	slaughterhousef_tt0069280	Slaughterhouse-Five	Comedy,Drama,Sci-Fi	1972
tt0070707	sleeper_tt0070707	Sleeper	Comedy,Sci-Fi	1973
tt0117665	sleepers	Sleepers	Crime,Drama,Thriller	1996
tt0102945	sleeping_with_the_enemy	Sleeping with the Enemy	Drama,Thriller	1991
tt0053285	sleeping.beauty_tt0053285	Sleeping Beauty	Adventure,Animation,Family	1959
tt0108160	sleepless_in_seattle_fs	Sleepless in Seattle	Comedy,Drama,Romance	1993
tt0105428	sleepwalkers_tt0105428	Sleepwalkers	Fantasy,Horror	1992
tt0162661	sleepy_hollow	Sleepy Hollow	Fantasy,Horror,Mystery	1999
tt0069281	sleuth_tt0069281	Sleuth	Mystery,Thriller	1972
tt0075232	slipper.and.the_tt0075232	The Slipper and the Rose: The Story of Cinderella	Adventure,Family,Fantasy	1976
tt0108162	sliver_tt0108162	Sliver	Drama,Thriller	1993
tt1010048	slumdog.million_tt1010048	Slumdog Millionaire	Crime,Drama,Romance	2008
tt0074152	small.change_tt0074152	Small Change	Comedy,Drama	1976
tt0122718	small.soldiers_tt0122718	Small Soldiers	Action,Adventure,Comedy	1998
tt6182908	smallfoot_tt6182908	Smallfoot	Adventure,Animation,Comedy	2018
tt15474916	smile_tt15474916	Smile	Horror,Mystery,Thriller	2022
tt29268110	smile.2_tt29268110	Smile 2	Horror,Mystery,Thriller	2024
tt0048641	smiles.of.a.sum_tt0048641	Smiles of a Summer Night	Comedy,Romance	1955
tt0023488	smilin.through_tt0023488	Smilin' Through	Drama,Romance	1932
tt0022074	smiling.lieuten_tt0022074	The Smiling Lieutenant	Comedy,Musical,Romance	1931
tt0084698	smithereens_tt0084698	Smithereens	Drama,Music	1982
tt0076729	smokey.and.the._tt0076729	Smokey and the Bandit	Action,Adventure,Comedy	1977
tt0081529	smokey.and.the._tt0081529	Smokey and the Bandit II	Action,Adventure,Comedy	1980
tt0472181	smurfs_tt0472181	The Smurfs	Adventure,Animation,Comedy	2011
tt2017020	smurfs.2_tt2017020	The Smurfs 2	Adventure,Animation,Comedy	2013
tt0120832	snake.eyes_tt0120832	Snake Eyes	Crime,Mystery,Thriller	1998
tt8404256	snake.eyes_tt8404256	Snake Eyes	Action,Adventure,Crime	2021
tt0040806	snake.pit_tt0040806	The Snake Pit	Drama,Mystery	1948
tt0105435	sneakers_tt0105435	Sneakers	Comedy,Crime,Drama	1992
tt1735898	snow_white_and_the_huntsman	Snow White and the Huntsman	Action,Adventure,Drama	2012
tt0453548	snow.angels_tt0453548	Snow Angels	Crime,Drama,Romance	2007
tt0184907	snow.day_tt0184907	Snow Day	Adventure,Comedy,Family	2000
tt0281373	snow.dogs_tt0281373	Snow Dogs	Adventure,Comedy,Family	2002
tt6208148	snow.white_tt6208148	Snow White	Adventure,Family,Fantasy	2025
tt0029583	snow.white.and._tt0029583	Snow White and the Seven Dwarfs	Adventure,Animation,Family	1937
tt0045162	snows.of.kilima_tt0045162	The Snows of Kilimanjaro	Adventure,Drama,Romance	1952
tt0036367	so.proudly.we.h_tt0036367	So Proudly We Hail!	Drama,Romance,War	1943
tt0102951	soapdish_tt0102951	Soapdish	Comedy,Romance	1991
tt0083015	sob_tt0083015	S.O.B.	Comedy,Drama	1981
tt1285016	social_network	The Social Network	Biography,Drama	2010
tt0056504	sodom.and.gomor_tt0056504	Sodom and Gomorrah	Adventure,Drama,History	1962
tt0069293	solaris_tt0069293	Solaris	Adventure,Drama,Mystery	1972
tt0048640	soldier.of.fort_tt0048640	Soldier of Fortune	Adventure,Crime,Drama	1955
tt0049777	solid.gold.cadi_tt0049777	The Solid Gold Cadillac	Comedy,Romance	1956
tt3778644	solo	Solo: A Star Wars Story	Action,Adventure,Sci-Fi	2018
tt0053290	solomon.and.she_tt0053290	Solomon and Sheba	Drama,History,Romance	1959
tt0052218	some.came.runni_tt0052218	Some Came Running	Drama,Romance	1958
tt0083107	some.kind.of.he_tt0083107	Some Kind of Hero	Comedy,Crime,Drama	1982
tt0053291	some.like.it.ho_tt0053291	Some Like It Hot	Comedy,Music,Romance	1959
tt0049778	somebody.up.the_tt0049778	Somebody Up There Likes Me	Biography,Drama,Sport	1956
tt0129387	something_about_mary	There's Something About Mary	Comedy,Romance	1998
tt0114496	something_to_talk_about	Something to Talk About	Comedy,Drama,Romance	1995
tt0050993	something.of.va_tt0050993	Something of Value	Drama,War	1957
tt0337741	somethings.gott_tt0337741	Something's Gotta Give	Comedy,Drama,Romance	2003
tt0035356	somewhere.ill.f_tt0035356	Somewhere I'll Find You	Drama,Mystery,Romance	1942
tt0081534	somewhere.in.ti_tt0081534	Somewhere in Time	Drama,Fantasy,Romance	1980
tt0108185	sommersby	Sommersby	Drama,Mystery,Romance	1993
tt0108186	son.in.law_tt0108186	Son in Law	Comedy,Drama,Romance	1993
tt0057518	son.of.flubber_tt0057518	Son of Flubber	Comedy,Family,Sci-Fi	1962
tt0035360	son.of.fury.the_tt0035360	Son of Fury: The Story of Benjamin Blake	Drama,Romance	1942
tt0045177	son.of.paleface_tt0045177	Son of Paleface	Comedy,Western	1952
tt3808342	son.of.saul_tt3808342	Son of Saul	Drama,War	2015
tt0036377	song.of.bernade_tt0036377	The Song of Bernadette	Biography,Drama,Mystery	1943
tt0039850	song.of.love_tt0039850	Song of Love	Drama,Music,Romance	1947
tt0066393	song.of.norway_tt0066393	Song of Norway	Biography,Drama,Musical	1970
tt0036378	song.of.russia_tt0036378	Song of Russia	Drama,Music,Romance	1944
tt0024598	song.of.songs_tt0024598	The Song of Songs	Drama,Romance	1933
tt3794354	sonic_the_hedgehog	Sonic the Hedgehog	Action,Adventure,Comedy	2020
tt12412888	sonic.the.hedge_tt12412888	Sonic the Hedgehog 2	Action,Adventure,Comedy	2022
tt18259086	sonic.the.hedge_tt18259086	Sonic the Hedgehog 3	Action,Adventure,Comedy	2024
tt0059740	sons.of.katie.e_tt0059740	The Sons of Katie Elder	Drama,Western	1965
tt0084707	sophies.choice_tt0084707	Sophie's Choice	Drama,Romance	1982
tt0076740	sorcerer_tt0076740	Sorcerer	Adventure,Drama,Thriller	1977
tt0963966	sorcerers.appre_tt0963966	The Sorcerer's Apprentice	Action,Adventure,Family	2010
tt0041902	sorrowful.jones_tt0041902	Sorrowful Jones	Comedy,Drama	1949
tt0040823	sorry.wrong.num_tt0040823	Sorry, Wrong Number	Drama,Film-Noir,Mystery	1948
tt2948372	soul_tt2948372	Soul	Adventure,Animation,Comedy	2020
tt0120169	soul.food_tt0120169	Soul Food	Comedy,Drama	1997
tt0029593	souls.at.sea_tt0029593	Souls at Sea	Action,Adventure,History	1937
tt7599146	sound.of.freedom_tt7599146	Sound of Freedom	Biography,Crime,Drama	2023
tt5363618	sound.of.metal_tt5363618	Sound of Metal	Drama,Music	2019
tt0059742	sound.of.music_tt0059742	The Sound of Music	Biography,Drama,Family	1965
tt0069303	sounder_tt0069303	Sounder	Drama,Family	1972
tt0052225	south.pacific_tt0052225	South Pacific	Drama,Musical,Romance	1958
tt0158983	south.park.bigg_tt0158983	South Park: Bigger, Longer & Uncut	Animation,Comedy,Fantasy	1999
tt0052226	south.seas.adve_tt0052226	South Seas Adventure	Adventure,Romance	1958
tt0038107	southerner_tt0038107	The Southerner	Drama,Western	1945
tt0186566	space_cowboys	Space Cowboys	Action,Adventure,Thriller	2000
tt0117705	space.jam_tt0117705	Space Jam	Adventure,Animation,Comedy	1996
tt3554046	space.jam.a.new_tt3554046	Space Jam: A New Legacy	Adventure,Animation,Comedy	2021
tt0094012	spaceballs_fs	Spaceballs	Adventure,Comedy,Sci-Fi	1987
tt0086346	spacehunter.adv_tt0086346	Spacehunter: Adventures in the Forbidden Zone	Action,Adventure,Sci-Fi	1983
tt0054331	spartacus_tt0054331	Spartacus	Adventure,Biography,Drama	1960
tt0120177	spawn_tt0120177	Spawn	Action,Crime,Drama	1997
tt0030775	spawn.of.the.no_tt0030775	Spawn of the North	Action,Comedy,Drama	1938
tt27534307	speak.no.evil_tt27534307	Speak No Evil	Drama,Horror,Thriller	2024
tt0181835	speaking.in.str_tt0181835	Speaking in Strings	Documentary	1999
tt0111255	specialist	The Specialist	Action,Drama,Thriller	1994
tt0114508	species	Species	Action,Horror,Sci-Fi	1995
tt2379713	spectre	Spectre	Action,Adventure,Thriller	2015
tt0111257	speed	Speed	Action,Adventure,Thriller	1994
tt0120179	speed.2.cruise._tt0120179	Speed 2: Cruise Control	Action,Adventure,Crime	1997
tt0038109	spellbound_tt0038109	Spellbound	Drama,Film-Noir,Mystery	1945
tt0057523	spencers.mounta_tt0057523	Spencer's Mountain	Drama,Family	1963
tt0083113	sphinx_tt0083113	Sphinx	Adventure,Mystery,Thriller	1981
tt0145487	spiderman	Spider-Man	Action,Adventure,Sci-Fi	2002
tt0316654	spiderman_2_fs	Spider-Man 2	Action,Adventure,Sci-Fi	2004
tt0413300	spiderman_3	Spider-Man 3	Action,Adventure,Sci-Fi	2007
tt6320628	spiderman_far_from_home	Spider-Man: Far from Home	Action,Adventure,Comedy	2019
tt2250912	spiderman_homecoming	Spider-Man: Homecoming	Action,Adventure,Sci-Fi	2017
tt9362722	spiderman.acros_tt9362722	Spider-Man: Across the Spider-Verse	Action,Adventure,Animation	2023
tt4633694	spiderman.into._tt4633694	Spider-Man: Into the Spider-Verse	Action,Adventure,Animation	2018
tt10872600	spiderman.no.wa_tt10872600	Spider-Man: No Way Home	Action,Adventure,Fantasy	2021
tt0416236	spiderwick.chro_tt0416236	The Spiderwick Chronicles	Action,Adventure,Drama	2008
tt0090056	spies_like_us_fs	Spies Like Us	Adventure,Comedy	1985
tt5814534	spies.in.disgui_tt5814534	Spies in Disguise	Action,Adventure,Animation	2019
tt10342730	spiral_tt10342730	Spiral	Horror,Mystery,Thriller	2021
tt0038975	spiral.staircas_tt0038975	The Spiral Staircase	Drama,Horror,Mystery	1946
tt0051003	spirit.of.st..l_tt0051003	The Spirit of St. Louis	Adventure,Biography,Drama	1957
tt0070040	spirit.of.the.b_tt0070040	The Spirit of the Beehive	Drama,Fantasy	1973
tt0166813	spirit.stallion_tt0166813	Spirit: Stallion of the Cimarron	Adventure,Animation,Drama	2002
tt11084896	spirit.untamed_tt11084896	Spirit Untamed	Adventure,Animation,Comedy	2021
tt0245429	spirited.away_tt0245429	Spirited Away	Adventure,Animation,Family	2001
tt0088161	splash	Splash	Comedy,Fantasy,Romance	1984
tt0055471	splendor.in.the_tt0055471	Splendor in the Grass	Drama,Romance	1961
tt4972582	split	Split	Horror,Thriller	2016
tt0345950	spongebob.squar_tt0345950	The SpongeBob SquarePants Movie	Adventure,Animation,Comedy	2004
tt1895587	spotlight_tt1895587	Spotlight	Biography,Crime,Drama	2015
tt0086352	spring.break_tt0086352	Spring Break	Comedy,Romance	1983
tt0035370	springtime.in.t_tt0035370	Springtime in the Rockies	Musical,Romance	1942
tt3079380	spy	Spy	Action,Comedy	2015
tt0227538	spy_kids	Spy Kids	Action,Adventure,Comedy	2001
tt0338459	spy_kids_3	Spy Kids 3: Game Over	Action,Adventure,Comedy	2003
tt0266987	spy.game_tt0266987	Spy Game	Action,Crime,Thriller	2001
tt0287717	spy.kids.2.isla_tt0287717	Spy Kids 2: Island of Lost Dreams	Action,Adventure,Comedy	2002
tt0059749	spy.who.came.in_tt0059749	The Spy Who Came in from the Cold	Drama,Thriller	1965
tt0076752	spy.who.loved.m_tt0076752	The Spy Who Loved Me	Action,Adventure,Thriller	1977
tt4995790	square_tt4995790	The Square	Comedy,Drama	2017
tt0367089	squid.and.the.w_tt0367089	The Squid and the Whale	Comedy,Drama	2005
tt0090060	st_elmos_fire	St. Elmo's Fire	Drama,Romance	1985
tt0029604	stage.door_tt0029604	Stage Door	Comedy,Drama,Romance	1937
tt0042994	stage.fright_tt0042994	Stage Fright	Film-Noir,Mystery,Thriller	1950
tt0031971	stagecoach_tt0031971	Stagecoach	Adventure,Drama,Western	1939
tt0094025	stakeout	Stakeout	Action,Comedy,Crime	1987
tt0046359	stalag.17_tt0046359	Stalag 17	Comedy,Drama,War	1953
tt0079944	stalker_tt0079944	Stalker	Drama,Sci-Fi	1979
tt0092005	stand_by_me	Stand by Me	Adventure,Comedy,Drama	1986
tt0025829	stand.up.and.ch_tt0025829	Stand Up and Cheer!	Comedy,Musical,Romance	1934
tt0896866	standard.operat_tt0896866	Standard Operating Procedure	Crime,Documentary,War	2008
tt1517451	star_is_born	A Star Is Born	Drama,Music,Romance	2018
tt0084726	star_trek_2	Star Trek II: The Wrath of Khan	Action,Adventure,Sci-Fi	1982
tt0088170	star_trek_3	Star Trek III: The Search for Spock	Action,Adventure,Sci-Fi	1984
tt0092007	star_trek_4	Star Trek IV: The Voyage Home	Adventure,Comedy,Sci-Fi	1986
tt0098382	star_trek_5_final_frontier	Star Trek V: The Final Frontier	Action,Adventure,Fantasy	1989
tt0102975	star_trek_6	Star Trek VI: The Undiscovered Country	Action,Adventure,Sci-Fi	1991
tt2660888	star_trek_beyond	Star Trek Beyond	Action,Adventure,Sci-Fi	2016
tt0117731	star_trek_first_contact	Star Trek: First Contact	Action,Adventure,Drama	1996
tt0111280	star_trek_generations	Star Trek: Generations	Action,Adventure,Mystery	1994
tt1408101	star_trek_into_darkness	Star Trek Into Darkness	Action,Adventure,Sci-Fi	2013
tt0796366	star_trek_xi	Star Trek	Action,Adventure,Sci-Fi	2009
tt0121765	star_wars_2_attack_of_the_clones	Star Wars: Episode II - Attack of the Clones	Action,Adventure,Fantasy	2002
tt0035379	star.spangled.r_tt0035379	Star Spangled Rhythm	Comedy,Music	1942
tt0120844	star.trek.insur_tt0120844	Star Trek: Insurrection	Action,Adventure,Sci-Fi	1998
tt0079945	star.trek.the.m_tt0079945	Star Trek: The Motion Picture	Adventure,Mystery,Sci-Fi	1979
tt0076759	star.wars.episo_tt0076759	Star Wars: Episode IV - A New Hope	Action,Adventure,Fantasy	1977
tt0081554	stardust.memori_tt0081554	Stardust Memories	Comedy,Drama	1980
tt0111282	stargate	Stargate	Action,Adventure,Sci-Fi	1994
tt0120201	starship.troope_tt0120201	Starship Troopers	Action,Adventure,Sci-Fi	1997
tt0335438	starsky_and_hutch	Starsky & Hutch	Comedy,Crime	2004
tt0079948	starting.over_tt0079948	Starting Over	Comedy,Romance	1979
tt0120202	state.and.main_tt0120202	State and Main	Comedy,Drama	2000
tt0038116	state.fair_tt0038116	State Fair	Comedy,Drama,Musical	1945
tt0056526	state.fair_tt0056526	State Fair	Musical,Romance	1962
tt0040834	state.of.the.un_tt0040834	State of the Union	Comedy,Drama	1948
tt0084725	state.of.things_tt0084725	The State of Things	Drama	1982
tt0340377	station.agent_tt0340377	The Station Agent	Comedy,Drama	2003
tt0086361	staying_alive	Staying Alive	Drama,Music,Romance	1983
tt0027042	steamboat.round_tt0027042	Steamboat Round the Bend	Comedy,Drama,Romance	1935
tt0098384	steel.magnolias_tt0098384	Steel Magnolias	Comedy,Drama,Romance	1989
tt0029608	stella.dallas_tt0029608	Stella Dallas	Drama,Romance	1937
tt0838283	step_brothers	Step Brothers	Comedy	2008
tt0462590	step.up_tt0462590	Step Up	Crime,Drama,Music	2006
tt0073747	stepford.wives_tt0073747	The Stepford Wives	Horror,Mystery,Sci-Fi	1975
tt0120686	stepmom_tt0120686	Stepmom	Comedy,Drama	1998
tt0145531	stigmata_tt0145531	Stigmata	Horror,Mystery	1999
tt0086366	still.smokin_tt0086366	Still Smokin	Comedy,Music	1983
tt0070735	sting_tt0070735	The Sting	Comedy,Crime,Drama	1973
tt0081562	stir_crazy	Stir Crazy	Comedy,Crime	1980
tt0062695	stolen.kisses_tt0062695	Stolen Kisses	Comedy,Drama,Romance	1968
tt0775539	stomp.the.yard_tt0775539	Stomp the Yard	Drama,Music,Romance	2007
tt0070736	stone.killer_tt0070736	The Stone Killer	Action,Crime,Drama	1973
tt0045192	stooge_tt0045192	The Stooge	Comedy,Drama,Music	1951
tt2366450	stories.we.tell_tt2366450	Stories We Tell	Documentary	2012
tt4624424	storks_tt4624424	Storks	Adventure,Animation,Comedy	2016
tt0019286	storm.over.asia_tt0019286	Storm Over Asia	Drama,War	1928
tt0073114	story.of.adele._tt0073114	The Story of Adele H	Biography,Drama,History	1975
tt0038120	story.of.g.i..j_tt0038120	Story of G.I. Joe	Biography,Drama,War	1945
tt0028313	story.of.louis._tt0028313	The Story of Louis Pasteur	Biography,Drama,History	1936
tt0105197	story.of.qiu.ju_tt0105197	The Story of Qiu Ju	Comedy,Drama	1992
tt0054343	story.of.ruth_tt0054343	The Story of Ruth	Drama,History,Romance	1960
tt0046374	story.of.three._tt0046374	The Story of Three Loves	Drama,Fantasy,Music	1953
tt0031983	story.of.vernon_tt0031983	The Story of Vernon and Irene Castle	Biography,Drama,Musical	1939
tt0250081	storytelling_tt0250081	Storytelling	Comedy,Drama,Romance	2001
tt1398426	straight_outta_compton	Straight Outta Compton	Biography,Drama,History	2015
tt0078326	straight.time_tt0078326	Straight Time	Crime,Drama	1978
tt0058620	straitjacket_tt0058620	Strait-Jacket	Drama,Horror,Thriller	1964
tt0924151	strange.culture_tt0924151	Strange Culture	Documentary	2007
tt0023523	strange.interlu_tt0023523	Strange Interlude	Drama	1932
tt10298840	strange.world_tt10298840	Strange World	Action,Adventure,Animation	2022
tt0038991	stranger_tt0038991	The Stranger	Crime,Drama,Film-Noir	1946
tt0088184	stranger.than.p_tt0088184	Stranger Than Paradise	Comedy,Drama	1984
tt22050754	strangers_tt22050754	The Strangers: Chapter 1	Horror	2024
tt0044079	strangers.on.a._tt0044079	Strangers on a Train	Crime,Drama,Film-Noir	1951
tt0054345	strangers.when._tt0054345	Strangers When We Meet	Drama,Romance	1960
tt0048667	strategic.air.c_tt0048667	Strategic Air Command	Action,Drama,War	1955
tt0041928	stratton.story_tt0041928	The Stratton Story	Biography,Drama,Romance	1949
tt0067800	straw.dogs_tt0067800	Straw Dogs	Crime,Drama,Thriller	1971
tt0106966	strawberry..cho_tt0106966	Strawberry & Chocolate	Comedy,Drama,Romance	1993
tt0034236	strawberry.blon_tt0034236	The Strawberry Blonde	Comedy,Romance	1941
tt0149171	strays_tt0149171	Strays	Crime,Drama	1997
tt0040843	street.with.no._tt0040843	The Street with No Name	Action,Crime,Drama	1948
tt0088196	streetwise_tt0088196	Streetwise	Documentary,Drama	1984
tt0105488	strictly.ballro_tt0105488	Strictly Ballroom	Comedy,Drama,Music	1992
tt0022437	strictly.dishon_tt0022437	Strictly Dishonorable	Comedy,Drama,Romance	1931
tt0028321	strike.me.pink_tt0028321	Strike Me Pink	Comedy,Drama,Musical	1936
tt0083131	stripes	Stripes	Comedy,War	1981
tt0117765	striptease_tt0117765	Striptease	Comedy,Crime,Drama	1996
tt0041931	stromboli_tt0041931	Stromboli	Drama	1950
tt0164912	stuart_little	Stuart Little	Adventure,Comedy,Family	1999
tt0243585	stuart.little.2_tt0243585	Stuart Little 2	Adventure,Comedy,Family	2002
tt0083133	student.bodies_tt0083133	Student Bodies	Comedy,Horror,Mystery	1981
tt0047537	student.prince_tt0047537	The Student Prince	Drama,Musical,Romance	1954
tt0081568	stunt.man_tt0081568	The Stunt Man	Action,Comedy,Drama	1980
tt17526714	substance_tt17526714	The Substance	Drama,Horror,Sci-Fi	2024
tt0086383	sudden_impact	Sudden Impact	Action,Crime,Thriller	1983
tt0045205	sudden.fear_tt0045205	Sudden Fear	Film-Noir,Thriller	1952
tt0053318	suddenly.last.s_tt0053318	Suddenly, Last Summer	Drama,Mystery,Thriller	1959
tt1386697	suicide_squad	Suicide Squad	Action,Adventure,Fantasy	2016
tt0034240	sullivans.trave_tt0034240	Sullivan's Travels	Adventure,Comedy,Drama	1941
tt3263904	sully	Sully	Biography,Drama	2016
tt0164184	sum_of_all_fears	The Sum of All Fears	Action,Drama,Thriller	2002
tt0836700	summer.hours_tt0836700	Summer Hours	Drama,Family	2008
tt0057542	summer.magic_tt0057542	Summer Magic	Comedy,Family,Musical	1963
tt0067803	summer.of.42_tt0067803	Summer of '42	Drama,Romance	1971
tt0162677	summer.of.sam_tt0162677	Summer of Sam	Crime,Drama,Romance	1999
tt0090098	summer.rental_tt0090098	Summer Rental	Comedy	1985
tt0094072	summer.school_tt0094072	Summer School	Comedy,Romance	1987
tt0043012	summer.stock_tt0043012	Summer Stock	Musical,Romance	1950
tt0048673	summertime_tt0048673	Summertime	Drama,Romance	1955
tt0051028	sun.also.rises_tt0051028	The Sun Also Rises	Drama	1957
tt0046384	sun.shines.brig_tt0046384	The Sun Shines Bright	Comedy,Drama,Western	1953
tt0034241	sun.valley.sere_tt0034241	Sun Valley Serenade	Comedy	1941
tt0067805	sunday.bloody.s_tt0067805	Sunday Bloody Sunday	Drama	1971
tt0057543	sunday.in.new.y_tt0057543	Sunday in New York	Comedy,Romance	1963
tt0034242	sundown_tt0034242	Sundown	Drama,War	1941
tt0054353	sundowners_tt0054353	The Sundowners	Drama,Western	1960
tt0018455	sunrise_tt0018455	Sunrise	Drama,Romance	1927
tt0054354	sunrise.at.camp_tt0054354	Sunrise at Campobello	Biography,Drama	1960
tt0043014	sunset.blvd._tt0043014	Sunset Boulevard	Drama,Film-Noir	1950
tt0145503	sunshine_tt0145503	Sunshine	Drama,History,Romance	1999
tt0073766	sunshine.boys_tt0073766	The Sunshine Boys	Comedy	1975
tt1650062	super_8	Super 8	Action,Sci-Fi,Thriller	2011
tt0072228	super.cops_tt0072228	The Super Cops	Action,Comedy,Crime	1974
tt0069332	super.fly_tt0069332	Super Fly	Action,Crime,Drama	1972
tt6718170	super.mario.bro_tt6718170	The Super Mario Bros. Movie	Adventure,Animation,Comedy	2023
tt0390521	super.size.me_tt0390521	Super Size Me	Documentary	2004
tt0829482	superbad	Superbad	Comedy	2007
tt0348150	superman_returns	Superman Returns	Action,Adventure,Sci-Fi	2006
tt0078346	superman_tt0078346	Superman	Action,Adventure,Sci-Fi	1978
tt5950044	superman_tt5950044	Superman	Action,Adventure,Sci-Fi	2025
tt0081573	superman.ii_tt0081573	Superman II	Action,Adventure,Sci-Fi	1980
tt0086393	superman.iii_tt0086393	Superman III	Action,Adventure,Comedy	1983
tt0423294	surfs.up_tt0423294	Surf's Up	Adventure,Animation,Comedy	2007
tt0086397	survivors_tt0086397	The Survivors	Comedy,Crime,Drama	1983
tt0034248	suspicion_tt0034248	Suspicion	Drama,Film-Noir,Mystery	1941
tt0076786	suspiria_tt0076786	Suspiria	Horror	1977
tt0240419	swamp_tt0240419	The Swamp	Comedy,Drama	2001
tt0049815	swan_tt0049815	The Swan	Comedy,Drama,Romance	1956
tt0257076	swat	S.W.A.T.	Action,Adventure,Crime	2003
tt0408236	sweeney.todd.th_tt0408236	Sweeney Todd: The Demon Barber of Fleet Street	Drama,Horror,Musical	2007
tt0256415	sweet_home_alabama	Sweet Home Alabama	Comedy,Romance	2002
tt0067810	sweet_tt0067810	Sweet Sweetback's Baadasssss Song	Crime,Drama,Thriller	1971
tt0056541	sweet.bird.of.y_tt0056541	Sweet Bird of Youth	Drama,Romance	1962
tt0065054	sweet.charity_tt0065054	Sweet Charity	Comedy,Drama,Music	1969
tt0120255	sweet.hereafter_tt0120255	The Sweet Hereafter	Drama	1997
tt0051036	sweet.smell.of._tt0051036	Sweet Smell of Success	Drama,Film-Noir	1957
tt0098725	sweetie_tt0098725	Sweetie	Comedy,Drama	1989
tt0114594	swimming.with.s_tt0114594	Swimming with Sharks	Comedy,Crime	1994
tt0047876	swindle_tt0047876	The Swindle	Comedy,Crime,Drama	1955
tt0028333	swing.time_tt0028333	Swing Time	Comedy,Musical,Romance	1936
tt0117802	swingers_tt0117802	Swingers	Comedy,Drama	1996
tt0054357	swiss.family.ro_tt0054357	Swiss Family Robinson	Adventure,Family	1960
tt0084749	sword_and_the_sorcerer	The Sword and the Sorcerer	Action,Adventure,Fantasy	1982
tt0057546	sword.in.the.st_tt0057546	The Sword in the Stone	Adventure,Animation,Comedy	1963
tt0244244	swordfish_tt0244244	Swordfish	Action,Crime,Thriller	2001
tt0383028	synecdoche.new._tt0383028	Synecdoche, New York	Drama	2008
tt0022458	tabu.a.story.of_tt0022458	Tabu: A Story of the South Seas	Adventure,Drama,Romance	1931
tt0271219	tadpole_tt0271219	Tadpole	Comedy,Drama,Romance	2002
tt0041944	take.me.out.to._tt0041944	Take Me Out to the Ball Game	Comedy,Musical,Romance	1949
tt0065063	take.the.money._tt0065063	Take the Money and Run	Comedy,Crime	1969
tt0936501	taken	Taken	Action,Crime,Thriller	2008
tt1397280	taken_2	Taken 2	Action,Crime,Thriller	2012
tt2446042	taken_3	Taken 3	Action,Crime,Thriller	2014
tt0072251	taking.of.pelha_tt0072251	The Taking of Pelham One Two Three	Action,Crime,Thriller	1974
tt0134119	talented.mr..ri_tt0134119	The Talented Mr. Ripley	Crime,Drama,Thriller	1999
tt0035417	talk.of.the.tow_tt0035417	The Talk of the Town	Comedy,Drama,Romance	1942
tt0287467	talk.to.her_tt0287467	Talk to Her	Drama,Mystery,Romance	2002
tt10638522	talk.to.me_tt10638522	Talk to Me	Horror,Thriller	2022
tt0048691	tall.men_tt0048691	The Tall Men	Drama,Western	1955
tt0415306	talladega_nights	Talladega Nights: The Ballad of Ricky Bobby	Comedy,Sport	2006
tt0061407	taming.of.the.s_tt0061407	The Taming of The Shrew	Comedy,Drama,Romance	1967
tt2103254	tammy_tt2103254	Tammy	Comedy,Romance	2014
tt0092048	tampopo_tt0092048	Tampopo	Comedy	1985
tt0398286	tangled_tt0398286	Tangled	Adventure,Animation,Comedy	2010
tt0098439	tango_and_cash	Tango & Cash	Action,Comedy,Crime	1989
tt0120274	tango_tt0120274	Tango	Drama,Musical	1998
tt0083169	taps	Taps	Drama	1981
tt0056556	taras.bulba_tt0056556	Taras Bulba	Adventure,Drama,History	1962
tt0390538	tarnation_tt0390538	Tarnation	Biography,Documentary	2003
tt0120855	tarzan_tt0120855	Tarzan	Adventure,Animation,Comedy	1999
tt0025862	tarzan.and.his._tt0025862	Tarzan and His Mate	Action,Adventure,Romance	1934
tt0023551	tarzan.the.ape._tt0023551	Tarzan the Ape Man	Action,Adventure,Romance	1932
tt0041948	task.force_tt0041948	Task Force	Drama,War	1949
tt0120265	taste.of.cherry_tt0120265	Taste of Cherry	Drama	1997
tt0023556	taxi_tt0023556	Taxi	Crime,Drama,Romance	1931
tt0075314	taxi.driver_tt0075314	Taxi Driver	Crime,Drama	1976
tt0065127	tchaikovsky_tt0065127	Tchaikovsky	Biography,Drama,Music	1970
tt0049829	tea.and.sympath_tt0049829	Tea and Sympathy	Drama	1956
tt0043030	tea.for.two_tt0043030	Tea for Two	Comedy,Musical,Romance	1950
tt0088242	teachers_tt0088242	Teachers	Comedy,Drama	1984
tt0052278	teachers.pet_tt0052278	Teacher's Pet	Comedy,Romance	1958
tt0049830	teahouse.of.the_tt0049830	The Teahouse of the August Moon	Comedy,Drama	1956
tt1637725	ted	Ted	Comedy	2012
tt2637276	ted.2_tt2637276	Ted 2	Comedy	2015
tt0090142	teen_wolf	Teen Wolf	Comedy,Fantasy,Romance	1985
tt0108308	teenage.mutant._tt0108308	Teenage Mutant Ninja Turtles III	Action,Adventure,Comedy	1993
tt3949660	teenage.mutant._tt3949660	Teenage Mutant Ninja Turtles: Out of the Shadows	Action,Adventure,Comedy	2016
tt8589698	teenage.mutant._tt8589698	Teenage Mutant Ninja Turtles: Mutant Mayhem	Action,Adventure,Animation	2023
tt0019451	tempest_tt0019451	Tempest	Drama,Romance	1928
tt0084776	tempest_tt0084776	Tempest	Comedy,Drama,Fantasy	1982
tt0087469	temple_of_doom	Indiana Jones and the Temple of Doom	Action,Adventure	1984
tt0049833	ten.commandment_tt0049833	The Ten Commandments	Adventure,Drama,Family	1956
tt0052283	ten.north.frede_tt0052283	Ten North Frederick	Drama,Mystery,Romance	1958
tt0086423	tender.mercies_tt0086423	Tender Mercies	Drama,Music	1983
tt6723592	tenet	Tenet	Action,Sci-Fi,Thriller	2020
tt0063678	teorema_tt0063678	Teorema	Drama,Mystery	1968
tt0096244	tequila.sunrise_tt0096244	Tequila Sunrise	Crime,Drama,Romance	1988
tt0398808	terabithia_fs	Bridge to Terabithia	Drama,Family,Fantasy	2007
tt0044112	teresa_tt0044112	Teresa	Drama	1951
tt0362227	terminal_tt0362227	The Terminal	Comedy,Drama,Romance	2004
tt0088247	terminator	The Terminator	Action,Adventure,Sci-Fi	1984
tt0103064	terminator_2	Terminator 2: Judgment Day	Action,Adventure,Sci-Fi	1991
tt0181852	terminator_3	Terminator 3: Rise of the Machines	Action,Sci-Fi	2003
tt1340138	terminator_genisys	Terminator Genisys	Action,Adventure,Sci-Fi	2015
tt0438488	terminator_salvation	Terminator Salvation	Action,Adventure,Sci-Fi	2009
tt6450804	terminator.dark_tt6450804	Terminator: Dark Fate	Action,Adventure,Sci-Fi	2019
tt0086425	terms_of_endearment	Terms of Endearment	Comedy,Drama	1983
tt1641410	terraferma_tt1641410	Terraferma	Drama	2011
tt27911000	terrifier.3_tt27911000	Terrifier 3	Horror	2024
tt0080009	tess_tt0080009	Tess	Drama,Romance	1979
tt0030848	test.pilot_tt0030848	Test Pilot	Drama,Romance	1938
tt0054377	testament.of.or_tt0054377	Testament of Orpheus	Biography,Fantasy	1960
tt0044117	texas.carnival_tt0044117	Texas Carnival	Comedy,Music,Romance	1951
tt0072271	texas.chain.saw_tt0072271	The Texas Chain Saw Massacre	Horror	1974
tt0324216	texas.chainsaw._tt0324216	The Texas Chainsaw Massacre	Horror	2003
tt0078382	thank.god.its.f_tt0078382	Thank God It's Friday	Comedy,Music	1978
tt0036422	thank.your.luck_tt0036422	Thank Your Lucky Stars	Comedy,Music	1943
tt0027088	thanks.a.millio_tt0027088	Thanks a Million	Comedy,Musical,Romance	1935
tt0030854	that.certain.ag_tt0030854	That Certain Age	Comedy,Musical	1938
tt0059793	that.darn.cat_tt0059793	That Darn Cat!	Comedy,Crime,Family	1965
tt0041955	that.forsyte.wo_tt0041955	That Forsyte Woman	Drama,Romance	1949
tt0034272	that.hamilton.w_tt0034272	That Hamilton Woman	Drama,History,Romance	1941
tt0040869	that.lady.in.er_tt0040869	That Lady in Ermine	Comedy,Fantasy,Musical	1948
tt0034273	that.night.in.r_tt0034273	That Night in Rio	Comedy,Musical,Romance	1941
tt0075824	that.obscure.ob_tt0075824	That Obscure Object of Desire	Comedy,Drama,Romance	1977
tt0056575	that.touch.of.m_tt0056575	That Touch of Mink	Comedy,Romance	1962
tt0072272	thats.entertain_tt0072272	That's Entertainment!	Documentary,Family,Musical	1974
tt0075323	thats.entertain_tt0075323	That's Entertainment, Part II	Documentary,Family,Musical	1976
tt3170902	theeb_tt3170902	Theeb	Adventure,Drama,Thriller	2014
tt0103074	thelma_and_louise	Thelma & Louise	Adventure,Crime,Drama	1991
tt2980516	theory.of.every_tt2980516	The Theory of Everything	Biography,Drama,Romance	2014
tt0469494	there.will.be.b_tt0469494	There Will Be Blood	Drama	2007
tt0108323	theremin.an.ele_tt0108323	Theremin: An Electronic Odyssey	Biography,Documentary,History	1993
tt0047574	theres.no.busin_tt0047574	There's No Business Like Show Business	Comedy,Drama,Musical	1954
tt0066450	they.call.me.mi_tt0066450	They Call Me Mister Tibbs!	Crime,Drama,Mystery	1970
tt0053351	they.came.to.co_tt0053351	They Came to Cordura	Adventure,Drama,History	1959
tt0033149	they.drive.by.n_tt0033149	They Drive by Night	Crime,Drama,Film-Noir	1940
tt0034281	they.met.in.bom_tt0034281	They Met in Bombay	Adventure,Comedy,Crime	1941
tt0038160	they.were.expen_tt0038160	They Were Expendable	Drama,War	1945
tt0033152	thief.of.bagdad_tt0033152	The Thief of Bagdad	Adventure,Family,Fantasy	1940
tt0096257	thin.blue.line_tt0096257	The Thin Blue Line	Crime,Documentary	1988
tt0029659	thin.ice_tt0029659	Thin Ice	Comedy,Musical,Romance	1937
tt0025878	thin.man_tt0025878	The Thin Man	Comedy,Crime,Mystery	1934
tt0120863	thin.red.line_tt0120863	The Thin Red Line	Drama,History,War	1998
tt0084787	thing_tt0084787	The Thing	Horror,Mystery,Sci-Fi	1982
tt0044121	thing.from.anot_tt0044121	The Thing from Another World	Horror,Sci-Fi	1951
tt0084788	things.are.toug_tt0084788	Things Are Tough All Over	Action,Comedy	1982
tt2239832	think.like.a.ma_tt2239832	Think Like a Man Too	Comedy,Romance	2014
tt0041959	third.man_tt0041959	The Third Man	Drama,Film-Noir,Mystery	1949
tt0328538	thirteen_tt0328538	Thirteen	Drama	2003
tt0037366	thirty.seconds._tt0037366	Thirty Seconds Over Tokyo	Drama,History,War	1944
tt1245492	this_is_the_end	This Is the End	Comedy,Fantasy,Sci-Fi	2013
tt0937375	this.christmas_tt0937375	This Christmas	Comedy,Drama,Romance	2007
tt0493459	this.film.is.no_tt0493459	This Film Is Not Yet Rated	Documentary	2006
tt0045231	this.is.cineram_tt0045231	This Is Cinerama	Documentary	1952
tt0083193	this.is.elvis_tt0083193	This Is Elvis	Biography,Documentary,Music	1981
tt1477715	this.is.it_tt1477715	This Is It	Documentary,Music	2009
tt0029662	this.is.my.affa_tt0029662	This Is My Affair	Crime,Drama,History	1937
tt0036430	this.is.the.arm_tt0036430	This Is the Army	Musical	1943
tt0022478	this.modern.age_tt0022478	This Modern Age	Comedy,Drama,Romance	1931
tt0057578	this.sporting.l_tt0057578	This Sporting Life	Drama,Sport	1963
tt0155267	thomas_crown_affair	The Thomas Crown Affair	Crime,Romance,Thriller	1999
tt0063688	thomas.crown.af_tt0063688	The Thomas Crown Affair	Crime,Drama,Romance	1968
tt0800369	thor	Thor	Action,Fantasy	2011
tt1981115	thor_dark_world	Thor: The Dark World	Action,Adventure,Fantasy	2013
tt3501632	thor_ragnarok	Thor: Ragnarok	Action,Adventure,Comedy	2017
tt0062362	thoroughly.mode_tt0062362	Thoroughly Modern Millie	Comedy,Musical,Romance	1967
tt0059797	those.magnifice_tt0059797	Those Magnificent Men in Their Flying Machines or How I Flew from London to Paris in 25 Hours 11 Minutes	Adventure,Comedy,Family	1965
tt0036432	thousands.cheer_tt0036432	Thousands Cheer	Comedy,Drama,Musical	1943
tt0094137	three_men_and_a_baby	Three Men and a Baby	Comedy,Drama,Family	1987
tt0098966	three_men_and_a_little_lady	Three Men and a Little Lady	Comedy,Drama,Family	1990
tt0108333	three_musketeers	The Three Musketeers	Action,Adventure,Romance	1993
tt0092086	three.amigos_tt0092086	Three Amigos!	Comedy,Western	1986
tt5027774	three.billboard_tt5027774	Three Billboards Outside Ebbing, Missouri	Comedy,Crime,Drama	2017
tt0419294	three.burials.o_tt0419294	The Three Burials of Melquiades Estrada	Adventure,Crime,Drama	2005
tt0038166	three.caballero_tt0038166	The Three Caballeros	Animation,Comedy,Family	1944
tt0047580	three.coins.in._tt0047580	Three Coins in the Fountain	Drama,Romance	1954
tt0108394	three.colors.bl_tt0108394	Three Colors: Blue	Drama,Music,Mystery	1993
tt0111495	three.colors.re_tt0111495	Three Colors: Red	Drama,Mystery,Romance	1994
tt0111507	three.colors.wh_tt0111507	Three Colors: White	Comedy,Drama,Romance	1994
tt0040875	three.daring.da_tt0040875	Three Daring Daughters	Drama,Musical,Romance	1948
tt0073802	three.days.of.t_tt0073802	Three Days of the Condor	Crime,Mystery,Thriller	1975
tt0098471	three.fugitives_tt0098471	Three Fugitives	Action,Comedy	1989
tt7664504	three.identical_tt7664504	Three Identical Strangers	Biography,Documentary,Drama	2018
tt0120188	three.kings_tt0120188	Three Kings	Action,Adventure,Comedy	1999
tt0043044	three.little.wo_tt0043044	Three Little Words	Biography,Comedy,Musical	1950
tt0028371	three.men.on.a._tt0028371	Three Men on a Horse	Comedy,Romance	1936
tt0040876	three.musketeer_tt0040876	The Three Musketeers	Action,Adventure,Drama	1948
tt0072281	three.musketeer_tt0072281	The Three Musketeers	Action,Adventure,Romance	1973
tt0028373	three.smart.gir_tt0028373	Three Smart Girls	Comedy,Musical,Romance	1936
tt0025911	three.songs.abo_tt0025911	Three Songs About Lenin	Documentary	1934
tt0072284	three.the.hard._tt0072284	Three the Hard Way	Action,Thriller	1974
tt0021818	threepenny.oper_tt0021818	The Threepenny Opera	Comedy,Crime,Drama	1931
tt0038170	thrill.of.a.rom_tt0038170	Thrill of a Romance	Comedy,Musical,Romance	1945
tt0057581	thrill.of.it.al_tt0057581	The Thrill of It All	Comedy,Romance	1963
tt0050613	throne.of.blood_tt0050613	Throne of Blood	Drama	1957
tt0055499	through.a.glass_tt0055499	Through a Glass Darkly	Drama	1961
tt0111845	through.the.oli_tt0111845	Through the Olive Trees	Drama	1994
tt0094142	throw.momma.fro_tt0094142	Throw Momma from the Train	Comedy,Crime,Thriller	1987
tt0318761	thumbsucker_tt0318761	Thumbsucker	Comedy,Drama	2005
tt0059800	thunderball_tt0059800	Thunderball	Action,Adventure,Thriller	1965
tt0072288	thunderbolt.and_tt0072288	Thunderbolt and Lightfoot	Action,Comedy,Crime	1974
tt20969586	thunderbolts_tt20969586	Thunderbolts*	Action,Adventure,Crime	2025
tt14109724	ticket.to.parad_tt14109724	Ticket to Paradise	Comedy,Drama,Romance	2022
tt0023594	tiger.shark_tt0023594	Tiger Shark	Drama,Romance	1932
tt0088272	tightrope	Tightrope	Crime,Mystery,Thriller	1984
tt3409392	timbuktu_tt3409392	Timbuktu	Drama,War	2014
tt0081633	time_bandits	Time Bandits	Adventure,Comedy,Fantasy	1981
tt0117913	time_to_kill	A Time to Kill	Crime,Drama,Thriller	1996
tt11416746	time_tt11416746	Time	Biography,Documentary	2020
tt0080025	time.after.time_tt0080025	Time After Time	Adventure,Drama,Sci-Fi	1979
tt0268695	time.machine_tt0268695	The Time Machine	Action,Adventure,Sci-Fi	2002
tt0111438	timecop_tt0111438	Timecop	Action,Crime,Sci-Fi	1994
tt0117918	tin_cup	Tin Cup	Comedy,Drama,Romance	1996
tt0078875	tin.drum_tt0078875	The Tin Drum	Drama,War	1979
tt0094155	tin.men_tt0094155	Tin Men	Comedy,Drama	1987
tt1340800	tinker.tailor.s_tt1340800	Tinker Tailor Soldier Spy	Drama,Mystery,Thriller	2011
tt0120338	titanic	Titanic	Drama,Romance	1997
tt0046435	titanic_tt0046435	Titanic	Drama,History,Romance	1953
tt0100758	tmnt_1990	Teenage Mutant Ninja Turtles	Action,Adventure,Comedy	1990
tt0103060	tmnt_2	Teenage Mutant Ninja Turtles II: The Secret of the Ooze	Action,Adventure,Comedy	1991
tt1291150	tmnt_2014	Teenage Mutant Ninja Turtles	Action,Adventure,Animation	2014
tt0453556	tmnt_tt0453556	TMNT	Action,Adventure,Animation	2007
tt0035446	to.be.or.not.to_tt0035446	To Be or Not to Be	Comedy,Romance,War	1942
tt0048728	to.catch.a.thie_tt0048728	To Catch a Thief	Drama,Mystery,Romance	1955
tt0037382	to.have.and.hav_tt0037382	To Have and Have Not	Adventure,Comedy,Drama	1944
tt0048729	to.hell.and.bac_tt0048729	To Hell and Back	Action,Biography,Drama	1955
tt0056592	to.kill.a.mocki_tt0056592	To Kill a Mockingbird	Crime,Drama	1962
tt0062376	to.sir.with.lov_tt0062376	To Sir, with Love	Drama	1967
tt0035447	to.the.shores.o_tt0035447	To the Shores of Tripoli	Drama,Romance,War	1942
tt0114682	to.wong.foo.tha_tt0114682	To Wong Foo, Thanks for Everything! Julie Newmar	Comedy,Drama	1995
tt0024675	today.we.live_tt0024675	Today We Live	Drama,Romance,War	1933
tt0046438	tokyo.story_tt0046438	Tokyo Story	Drama	1953
tt0034299	tom.dick.and.ha_tt0034299	Tom, Dick and Harry	Comedy,Fantasy,Romance	1941
tt0057590	tom.jones_tt0057590	Tom Jones	Adventure,Comedy,History	1963
tt0070814	tom.sawyer_tt0070814	Tom Sawyer	Adventure,Family,Musical	1973
tt0108358	tombstone_tt0108358	Tombstone	Biography,Drama,History	1993
tt0073812	tommy_tt0073812	Tommy	Drama,Musical	1975
tt0120347	tomorrow.never._tt0120347	Tomorrow Never Dies	Action,Adventure,Thriller	1997
tt1964418	tomorrowland	Tomorrowland	Action,Adventure,Family	2015
tt4048272	toni.erdmann_tt4048272	Toni Erdmann	Comedy,Drama	2016
tt0062380	tony.rome_tt0062380	Tony Rome	Crime,Drama,Mystery	1967
tt0030879	too.hot.to.hand_tt0030879	Too Hot to Handle	Adventure,Comedy,Drama	1938
tt0084805	tootsie	Tootsie	Comedy,Drama,Romance	1982
tt0092099	top_gun	Top Gun	Action,Drama	1986
tt1745960	top.gun.maveric_tt1745960	Top Gun: Maverick	Action,Drama	2022
tt0027125	top.hat_tt0027125	Top Hat	Comedy,Musical,Romance	1935
tt0088286	top.secret_tt0088286	Top Secret!	Comedy,Crime,Music	1984
tt0065112	topaz_tt0065112	Topaz	Drama,Thriller	1969
tt0058672	topkapi_tt0058672	Topkapi	Adventure,Comedy,Crime	1964
tt0151568	topsyturvy_tt0151568	Topsy-Turvy	Biography,Comedy,Drama	1999
tt0066473	tora.tora.tora_tt0066473	Tora! Tora! Tora!	Action,Drama,History	1970
tt0024685	torch.singer_tt0024685	Torch Singer	Drama,Musical,Romance	1933
tt0036914	torment_tt0036914	Torment	Drama,Romance	1944
tt0061107	torn.curtain_tt0061107	Torn Curtain	Drama,Romance,Thriller	1966
tt0035460	tortilla.flat_tt0035460	Tortilla Flat	Comedy,Drama,Romance	1942
tt0100802	total_recall	Total Recall	Action,Adventure,Sci-Fi	1990
tt0052311	touch.of.evil_tt0052311	Touch of Evil	Crime,Drama,Film-Noir	1958
tt0103110	tous.les.matins_tt0103110	Tous les matins du monde	Biography,Drama,History	1991
tt0471042	tower.heist_tt0471042	Tower Heist	Action,Comedy,Crime	2011
tt0072308	towering.inferno_tt0072308	The Towering Inferno	Action,Drama,Thriller	1974
tt0840361	town	The Town	Crime,Drama,Thriller	2010
tt0090190	toxic.avenger_tt0090190	The Toxic Avenger	Action,Comedy,Horror	1984
tt0084809	toy_tt0084809	The Toy	Comedy	1982
tt0114709	toy.story_tt0114709	Toy Story	Adventure,Animation,Comedy	1995
tt0120363	toy.story.2_tt0120363	Toy Story 2	Adventure,Animation,Comedy	1999
tt0435761	toy.story.3_tt0435761	Toy Story 3	Adventure,Animation,Comedy	2010
tt1979376	toy.story.4_tt1979376	Toy Story 4	Adventure,Animation,Comedy	2019
tt0057598	toys.in.the.att_tt0057598	Toys in the Attic	Drama	1963
tt14444726	tr_tt14444726	Tár	Drama,Music	2022
tt0022495	trader.horn_tt0022495	Trader Horn	Action,Adventure,Drama	1931
tt0086465	trading_places	Trading Places	Comedy	1983
tt0181865	traffic	Traffic	Crime,Drama,Thriller	2000
tt0028401	trail.of.the.lo_tt0028401	The Trail of the Lonesome Pine	Adventure,Drama,Romance	1936
tt0059825	train_tt0059825	The Train	Action,Thriller,War	1964
tt0139654	training_day	Training Day	Crime,Drama,Thriller	2001
tt3152624	trainwreck	Trainwreck	Comedy,Drama,Romance	2015
tt0017483	tramp.tramp.tra_tt0017483	Tramp, Tramp, Tramp	Adventure,Comedy,Romance	1926
tt0090192	trancers_tt0090192	Trancers	Action,Sci-Fi	1984
tt0418279	transformers	Transformers	Action,Adventure,Sci-Fi	2007
tt2109248	transformers_age_of_extinction	Transformers: Age of Extinction	Action,Adventure,Comedy	2014
tt1399103	transformers_dark_of_the_moon	Transformers: Dark of the Moon	Action,Adventure,Comedy	2011
tt3371366	transformers_last_knight	Transformers: The Last Knight	Action,Adventure,Comedy	2017
tt1055369	transformers_revenge_of_the_fallen	Transformers: Revenge of the Fallen	Action,Adventure,Sci-Fi	2009
tt8864596	transformers.a._tt8864596	Transformers One	Action,Adventure,Animation	2024
tt5090568	transformers.ri_tt5090568	Transformers: Rise of the Beasts	Action,Adventure,Sci-Fi	2023
tt26753003	trap_tt26753003	Trap	Crime,Horror,Mystery	2024
tt0069404	travels.with.my_tt0069404	Travels with My Aunt	Adventure,Comedy	1972
tt0025907	treasure.island_tt0025907	Treasure Island	Adventure,Drama,Family	1934
tt0181868	treasure.island_tt0181868	Treasure Island	Drama	1999
tt0040897	treasure.of.the_tt0040897	The Treasure of the Sierra Madre	Adventure,Drama,Western	1948
tt0478304	tree.of.life_tt0478304	The Tree of Life	Drama,Fantasy	2011
tt0077138	tree.of.wooden._tt0077138	The Tree of Wooden Clogs	Drama,History	1978
tt0117958	trees.lounge_tt0117958	Trees Lounge	Comedy,Drama	1996
tt0072317	trial.of.billy._tt0072317	The Trial of Billy Jack	Action,Drama,Music	1974
tt0054403	trials.of.oscar_tt0054403	The Trials of Oscar Wilde	Biography,Drama,History	1960
tt7322224	triangle.of.sad_tt7322224	Triangle of Sadness	Comedy,Drama	2022
tt0286244	triplets.of.bel_tt0286244	The Triplets of Belleville	Adventure,Animation,Comedy	2003
tt1679335	trolls_tt1679335	Trolls	Adventure,Animation,Comedy	2016
tt14362112	trolls.band.tog_tt14362112	Trolls Band Together	Adventure,Animation,Comedy	2023
tt0084827	tron	Tron	Action,Adventure,Sci-Fi	1982
tt1104001	tron_legacy	Tron: Legacy	Action,Adventure,Sci-Fi	2010
tt6604188	tron.ares_tt6604188	Tron: Ares	Action,Adventure,Sci-Fi	2025
tt0942385	tropic_thunder	Tropic Thunder	Action,Comedy,War	2008
tt0046463	trouble.along.t_tt0046463	Trouble Along the Way	Comedy,Drama,Romance	1953
tt0023622	trouble.in.para_tt0023622	Trouble in Paradise	Comedy,Crime,Romance	1932
tt0061122	trouble.with.an_tt0061122	The Trouble with Angels	Comedy,Family	1966
tt1614420	troublesome.cre_tt1614420	Troublesome Creek: A Midwestern	Documentary	1995
tt0332452	troy	Troy	Action,Adventure,Drama	2004
tt1403865	true_grit	True Grit	Drama,Western	2010
tt0111503	true_lies	True Lies	Action,Comedy,Thriller	1994
tt0029695	true.confession_tt0029695	True Confession	Comedy,Crime	1937
tt0065126	true.grit_tt0065126	True Grit	Adventure,Drama,Western	1969
tt0120382	truman_show	The Truman Show	Comedy,Drama	1998
tt0054452	truth_tt0054452	The Truth	Crime,Drama,Romance	1960
tt0117979	truth.about.cat_tt0117979	The Truth About Cats & Dogs	Comedy,Romance	1996
tt0468565	tsotsi_tt0468565	Tsotsi	Crime,Drama	2005
tt0024701	tugboat.annie_tt0024701	Tugboat Annie	Comedy	1933
tt0054412	tunes.of.glory_tt0054412	Tunes of Glory	Drama	1960
tt0037404	tunisian.victor_tt0037404	Tunisian Victory	Documentary,War	1944
tt0052325	tunnel.of.love_tt0052325	The Tunnel of Love	Comedy,Romance	1958
tt0075357	tunnel.vision_tt0075357	Tunnel Vision	Comedy	1976
tt1860353	turbo_tt1860353	Turbo	Adventure,Animation,Comedy	2013
tt0098536	turner_and_hooch	Turner & Hooch	Comedy,Crime,Drama	1989
tt7510346	turning_tt7510346	The Turning	Drama,Horror,Mystery	2020
tt8097030	turning.red_tt8097030	Turning Red	Adventure,Animation,Comedy	2022
tt0290095	tuxedo_tt0290095	The Tuxedo	Action,Comedy,Sci-Fi	2002
tt0041996	twelve.oclock.h_tt0041996	Twelve O'Clock High	Drama,War	1949
tt0025919	twentieth.centu_tt0025919	Twentieth Century	Comedy,Romance	1934
tt0047281	twentyfour.eyes_tt0047281	Twenty-Four Eyes	Drama	1954
tt1099212	twilight	Twilight	Drama,Fantasy,Romance	2008
tt1324999	twilight_breaking_dawn_1	The Twilight Saga: Breaking Dawn - Part 1	Adventure,Drama,Fantasy	2011
tt1673434	twilight_breaking_dawn_2	The Twilight Saga: Breaking Dawn - Part 2	Adventure,Drama,Fantasy	2012
tt1325004	twilight_eclipse	The Twilight Saga: Eclipse	Action,Adventure,Drama	2010
tt1259571	twilight_new_moon	The Twilight Saga: New Moon	Adventure,Drama,Fantasy	2009
tt0086491	twilight_zone	Twilight Zone: The Movie	Horror,Sci-Fi	1983
tt0105665	twin.peaks.fire_tt0105665	Twin Peaks: Fire Walk with Me	Drama,Horror,Mystery	1992
tt0096320	twins_fs	Twins	Comedy,Crime	1988
tt0117998	twister	Twister	Action,Adventure,Thriller	1996
tt12584954	twisters_tt12584954	Twisters	Action,Adventure,Thriller	2024
tt0062407	two.for.the.roa_tt0062407	Two for the Road	Comedy,Drama,Romance	1967
tt0056626	two.for.the.see_tt0056626	Two for the Seesaw	Drama,Romance	1962
tt0037408	two.girls.and.a_tt0037408	Two Girls and a Sailor	Comedy,Drama,Music	1944
tt0039054	two.sisters.fro_tt0039054	Two Sisters from Boston	Comedy,Musical,Romance	1946
tt0058694	two.thousand.ma_tt0058694	Two Thousand Maniacs!	Comedy,Horror	1964
tt0313737	two.weeks.notic_tt0313737	Two Weeks Notice	Comedy,Romance	2002
tt0054749	two.women_tt0054749	Two Women	Drama,War	1960
tt0067893	twolane.blackto_tt0067893	Two-Lane Blacktop	Drama	1971
tt0075359	twominute.warni_tt0075359	Two-Minute Warning	Action,Crime,Drama	1976
tt1204340	tyrannosaur_tt1204340	Tyrannosaur	Drama	2011
tt0120873	u.s..marshals_tt0120873	U.S. Marshals	Action,Crime,Thriller	1998
tt0141926	u571	U-571	Action,War	2000
tt0046478	ugetsu_tt0046478	Ugetsu	Drama,Fantasy,War	1953
tt0056632	ugly.american_tt0056632	The Ugly American	Adventure,Drama,Thriller	1963
tt1142988	ugly.truth_tt1142988	The Ugly Truth	Comedy,Romance	2009
tt0029706	un.carnet.de.ba_tt0029706	Un Carnet de bal	Drama	1937
tt2184331	una.noche_tt2184331	Una noche	Drama,Romance	2012
tt0096332	unbearable.ligh_tt0096332	The Unbearable Lightness of Being	Drama,Romance	1988
tt11291274	unbearable.weig_tt11291274	The Unbearable Weight of Massive Talent	Action,Comedy,Crime	2022
tt0217869	unbreakable	Unbreakable	Drama,Mystery,Sci-Fi	2000
tt0098554	uncle_buck	Uncle Buck	Comedy	1989
tt0086508	uncommon.valor_tt0086508	Uncommon Valor	Action,Drama,Thriller	1983
tt0039931	unconquered_tt0039931	Unconquered	Adventure,Drama,History	1947
tt5727208	uncut_gems	Uncut Gems	Crime,Drama,Thriller	2019
tt0105690	under_siege	Under Siege	Action,Thriller	1992
tt0083254	under_the_rainbow	Under the Rainbow	Comedy	1981
tt0042004	under.capricorn_tt0042004	Under Capricorn	Crime,Drama,Romance	1949
tt0114781	under.siege.2.d_tt0114781	Under Siege 2: Dark Territory	Action,Adventure,Thriller	1995
tt0021409	under.the.roofs_tt0021409	Under the Roofs of Paris	Comedy,Drama,Musical	1930
tt0057622	under.the.yum.y_tt0057622	Under the Yum Yum Tree	Comedy,Romance	1963
tt0360130	undertow_tt0360130	Undertow	Drama,Thriller	2004
tt5774060	underwater	Underwater	Action,Horror,Sci-Fi	2020
tt1496025	underworld.awak_tt1496025	Underworld: Awakening	Action,Fantasy,Horror	2012
tt0401855	underworld.evol_tt0401855	Underworld: Evolution	Action,Fantasy,Thriller	2006
tt11617052	undine_tt11617052	Undine	Drama,Fantasy,Mystery	2020
tt0039937	unfaithful_tt0039937	The Unfaithful	Crime,Drama,Film-Noir	1947
tt0250797	unfaithful_tt0250797	Unfaithful	Drama,Romance,Thriller	2002
tt0105695	unforgiven	Unforgiven	Drama,Western	1992
tt10059518	unhinged	Unhinged	Action,Thriller	2020
tt0037415	uninvited_tt0037415	The Uninvited	Fantasy,Horror,Mystery	1944
tt0032080	union.pacific_tt0032080	Union Pacific	Drama,Western	1939
tt0475276	united.93_tt0475276	United 93	Action,Drama,History	2006
tt0105698	universal.soldi_tt0105698	Universal Soldier	Action,Sci-Fi	1992
tt0105699	unlawful_entry	Unlawful Entry	Crime,Drama,Thriller	1992
tt0058708	unsinkable.moll_tt0058708	The Unsinkable Molly Brown	Comedy,Musical,Romance	1964
tt0477080	unstoppable_tt0477080	Unstoppable	Action,Thriller	2010
tt8521778	untitled.bob.ma_tt8521778	Bob Marley: One Love	Biography,Drama,Music	2024
tt0094226	untouchables	The Untouchables	Crime,Drama,Thriller	1987
tt1049413	up_tt1049413	Up	Adventure,Animation,Comedy	2009
tt0118055	up.close..perso_tt0118055	Up Close & Personal	Drama,Romance	1996
tt0078446	up.in.smoke_tt0078446	Up in Smoke	Comedy,Music	1978
tt1193138	up.in.the.air_tt1193138	Up in the Air	Comedy,Drama,Romance	2009
tt0062425	up.the.down.sta_tt0062425	Up the Down Staircase	Drama	1967
tt0069449	up.the.sandbox_tt0069449	Up the Sandbox	Comedy,Drama	1972
tt1987680	upside	The Upside	Comedy,Drama	2017
tt0072351	uptown.saturday_tt0072351	Uptown Saturday Night	Action,Comedy,Crime	1974
tt6857112	us	Us	Horror,Mystery,Thriller	2019
tt0114814	usual.suspects_tt0114814	The Usual Suspects	Crime,Drama,Mystery	1995
tt0434409	v.for.vendetta_tt0434409	V for Vendetta	Action,Drama,Sci-Fi	2005
tt0057634	v.i.p.s_tt0057634	The V.I.P.s	Drama	1963
tt0085995	vacation	National Lampoon's Vacation	Adventure,Comedy	1983
tt1524930	vacation_tt1524930	Vacation	Adventure,Comedy	2015
tt0089960	vagabond_tt0089960	Vagabond	Drama	1985
tt0068341	valachi.papers_tt0068341	The Valachi Papers	Crime,Drama	1972
tt0067921	valdez.is.comin_tt0067921	Valdez Is Coming	Drama,Western	1971
tt0817230	valentines_day	Valentine's Day	Comedy,Romance	2010
tt0086525	valley.girl_tt0086525	Valley Girl	Comedy,Romance	1983
tt0038213	valley.of.decis_tt0038213	The Valley of Decision	Drama,Romance	1945
tt0062430	valley.of.the.d_tt0062430	Valley of the Dolls	Drama,Music,Romance	1967
tt0092147	vamp_tt0092147	Vamp	Comedy,Fantasy,Horror	1986
tt0023649	vampyr_tt0023649	Vampyr	Fantasy,Horror	1932
tt0338526	van_helsing_fs	Van Helsing	Action,Adventure,Fantasy	2004
tt0259711	vanilla.sky_tt0259711	Vanilla Sky	Fantasy,Mystery,Romance	2001
tt0443274	vantage.point_tt0443274	Vantage Point	Action,Drama,Thriller	2008
tt0139699	varsity.blues_tt0139699	Varsity Blues	Comedy,Drama,Romance	1999
tt0044186	vengeance.valle_tt0044186	Vengeance Valley	Drama,Western	1951
tt1270797	venom	Venom	Action,Adventure,Sci-Fi	2018
tt16366836	venom.3_tt16366836	Venom: The Last Dance	Action,Adventure,Horror	2024
tt7097896	venom.let.there_tt7097896	Venom: Let There Be Carnage	Action,Comedy,Horror	2021
tt0047647	vera.cruz_tt0047647	Vera Cruz	Adventure,Drama,Western	1954
tt0383694	vera.drake_tt0383694	Vera Drake	Crime,Drama	2004
tt0084855	verdict	The Verdict	Drama	1982
tt0084654	veronika.voss_tt0084654	Veronika Voss	Drama	1982
tt0052357	vertigo_tt0052357	Vertigo	Mystery,Romance,Thriller	1958
tt6266538	vice_tt6266538	Vice	Biography,Comedy,Drama	2018
tt0084865	victorvictoria_tt0084865	Victor/Victoria	Comedy,Music,Romance	1982
tt0086541	videodrome_tt0086541	Videodrome	Drama,Horror,Sci-Fi	1983
tt0090264	view_to_a_kill	A View to a Kill	Action,Adventure,Thriller	1985
tt0052365	vikings_tt0052365	The Vikings	Action,Adventure,History	1958
tt0368447	village	The Village	Drama,Mystery,Thriller	2004
tt12003946	violent.night_tt12003946	Violent Night	Action,Comedy,Thriller	2022
tt0066528	virgin.and.the._tt0066528	The Virgin and the Gypsy	Drama,Romance	1970
tt0053976	virgin.spring_tt0053976	The Virgin Spring	Drama	1960
tt0159097	virgin.suicides_tt0159097	The Virgin Suicides	Drama,Romance	1999
tt0055601	viridiana_tt0055601	Viridiana	Drama	1961
tt0070884	visions.of.eigh_tt0070884	Visions of Eight	Documentary,Sport	1973
tt0058724	visit_tt0058724	The Visit	Drama	1964
tt3567288	visit_tt3567288	The Visit	Horror,Mystery,Thriller	2015
tt0025948	viva.villa_tt0025948	Viva Villa!	Biography,Drama,Western	1934
tt0045296	viva.zapata_tt0045296	Viva Zapata!	Biography,Drama,History	1952
tt0030944	vivacious.lady_tt0030944	Vivacious Lady	Comedy,Romance	1938
tt0056663	vivre.sa.vie_tt0056663	Vivre sa vie	Drama	1962
tt0039969	voice.of.the.tu_tt0039969	The Voice of the Turtle	Comedy,Romance	1947
tt0120461	volcano_tt0120461	Volcano	Action,Drama,Sci-Fi	1997
tt0090274	volunteers_tt0090274	Volunteers	Adventure,Comedy	1985
tt0441909	volver_tt0441909	Volver	Comedy,Drama	2006
tt0059885	von.ryans.expre_tt0059885	Von Ryan's Express	Action,Adventure,War	1965
tt1606389	vow	The Vow	Drama,Romance	2012
tt0043116	wabash.avenue_tt0043116	Wabash Avenue	Musical	1950
tt0054453	wackiest.ship.i_tt0054453	The Wackiest Ship in the Army	Comedy,Drama,War	1960
tt1082886	wackness_tt1082886	The Wackness	Comedy,Drama,Romance	2008
tt0120885	wag.the.dog_tt0120885	Wag the Dog	Comedy,Drama	1997
tt0046268	wages.of.fear_tt0046268	The Wages of Fear	Adventure,Drama,Thriller	1953
tt0029742	waikiki.wedding_tt0029742	Waikiki Wedding	Comedy,Musical,Romance	1937
tt0062467	wait.until.dark_tt0062467	Wait Until Dark	Thriller	1967
tt0114885	waiting.to.exha_tt0114885	Waiting to Exhale	Comedy,Drama,Romance	1995
tt0035530	wake.island_tt0035530	Wake Island	Action,Drama,War	1942
tt0040946	wake.of.the.red_tt0040946	Wake of the Red Witch	Action,Adventure,Romance	1948
tt0358273	walk_the_line	Walk the Line	Biography,Drama,Music	2005
tt0061170	walk.dont.run_tt0061170	Walk Don't Run	Comedy,Romance	1966
tt0056671	walk.on.the.wil_tt0056671	Walk on the Wild Side	Drama,Romance	1962
tt0070895	walking.tall_tt0070895	Walking Tall	Action,Biography,Crime	1973
tt0094291	wall.street_tt0094291	Wall Street	Crime,Drama	1987
tt0312004	wallace..gromit_tt0312004	Wallace & Gromit: The Curse of the Were-Rabbit	Adventure,Animation,Comedy	2005
tt0910970	walle_tt0910970	WALL·E	Adventure,Animation,Family	2008
tt1185616	waltz.with.bash_tt1185616	Waltz with Bashir	Animation,Biography,Documentary	2008
tt0067961	wanda_tt0067961	Wanda	Crime,Drama	1970
tt0493464	wanted_fs	Wanted	Action,Crime,Thriller	2008
tt3450958	war_for_the_planet_of_the_apes	War for the Planet of the Apes	Action,Adventure,Drama	2017
tt0086567	war_games	WarGames	Action,Drama,Sci-Fi	1983
tt0098621	war_of_the_roses	The War of the Roses	Comedy,Romance	1989
tt0407304	war_of_the_worlds	War of the Worlds	Action,Adventure,Sci-Fi	2005
tt4532038	war_with_grandpa	The War with Grandpa	Comedy,Drama,Family	2020
tt0049934	war.and.peace_tt0049934	War and Peace	Drama,Romance,War	1956
tt0069483	war.between.men_tt0069483	The War Between Men and Women	Comedy,Drama	1972
tt0912599	war.dance_tt0912599	War Dance	Documentary,Music,War	2007
tt1568911	war.horse_tt1568911	War Horse	Adventure,Drama,War	2011
tt0059896	war.lord_tt0059896	The War Lord	Drama,History,Romance	1965
tt0046534	war.of.the.worl_tt0046534	The War of the Worlds	Action,Sci-Fi,Thriller	1953
tt0108515	war.room_tt0108515	The War Room	Documentary,History	1993
tt3832914	war.room_tt3832914	War Room	Drama	2015
tt1820488	war.witch_tt1820488	War Witch	Drama,War	2012
tt0080120	warriors_tt0080120	The Warriors	Action,Crime,Thriller	1979
tt0409459	watchmen	Watchmen	Action,Drama,Mystery	2009
tt0120484	waterboy	The Waterboy	Comedy,Sport	1998
tt0062477	waterhole.3_tt0062477	Waterhole #3	Comedy,Western	1967
tt0033238	waterloo.bridge_tt0033238	Waterloo Bridge	Drama,Romance,War	1940
tt0066550	watermelon.man_tt0066550	Watermelon Man	Comedy,Drama,Fantasy	1970
tt0118125	watermelon.woma_tt0118125	The Watermelon Woman	Comedy,Drama,Romance	1996
tt0114898	waterworld	Waterworld	Action,Adventure,Sci-Fi	1995
tt0070902	wattstax_tt0070902	Wattstax	Comedy,Documentary,Music	1973
tt8544498	way.back_tt8544498	The Way Back	Drama,Sport	2020
tt0070903	way.we.were_tt0070903	The Way We Were	Drama,Romance	1973
tt0105793	waynes_world	Wayne's World	Comedy,Music	1992
tt0108525	waynes.world.2_tt0108525	Wayne's World 2	Comedy,Music	1993
tt0025964	we.live.again_tt0025964	We Live Again	Drama,Romance,War	1934
tt1242460	we.need.to.talk_tt1242460	We Need to Talk About Kevin	Drama,Mystery,Thriller	2011
tt0498399	we.own.the.nigh_tt0498399	We Own the Night	Crime,Drama,Thriller	2007
tt0277434	we.were.soldier_tt0277434	We Were Soldiers	Action,Drama,History	2002
tt26581740	weapons_tt26581740	Weapons	Horror,Mystery	2025
tt9426210	weathering.with_tt9426210	Weathering with You	Animation,Drama,Fantasy	2019
tt0396269	wedding_crashers	Wedding Crashers	Comedy,Romance	2005
tt0120888	wedding_singer	The Wedding Singer	Comedy,Music,Romance	1998
tt0027189	wedding.night_tt0027189	The Wedding Night	Drama,Romance	1935
tt0209475	wedding.planner_tt0209475	The Wedding Planner	Comedy,Romance	2001
tt0884732	wedding.ringer_tt0884732	The Wedding Ringer	Comedy,Romance	2015
tt0062480	weekend_tt0062480	Weekend	Adventure,Comedy,Drama	1967
tt0098627	weekend.at.bern_tt0098627	Weekend at Bernie's	Adventure,Comedy,Crime	1989
tt0038239	weekend.at.the._tt0038239	Week-End at the Waldorf	Comedy,Drama,Music	1945
tt0090305	weird.science_tt0090305	Weird Science	Comedy,Romance,Sci-Fi	1985
tt0039975	welcome.strange_tt0039975	Welcome Stranger	Comedy	1947
tt0114906	welcome.to.the._tt0114906	Welcome to the Dollhouse	Comedy,Drama	1995
tt1152850	wendy.and.lucy_tt1152850	Wendy and Lucy	Drama	2008
tt1723121	were_the_millers	We're the Millers	Comedy,Crime	2013
tt0017532	were.in.the.nav_tt0017532	We're in the Navy Now	Comedy,Romance,War	1926
tt0048801	were.no.angels_tt0048801	We're No Angels	Comedy,Crime,Romance	1955
tt0025965	were.not.dressi_tt0025965	We're Not Dressing	Comedy,Musical,Romance	1934
tt0045317	were.not.marrie_tt0045317	We're Not Married!	Comedy,Romance	1952
tt0055614	west.side.story_tt0055614	West Side Story	Crime,Drama,Musical	1961
tt3581652	west.side.story_tt3581652	West Side Story	Crime,Drama,Musical	2021
tt0021542	westfront.1918_tt0021542	Westfront 1918	Drama,Romance,War	1930
tt0070909	westworld_tt0070909	Westworld	Action,Drama,Sci-Fi	1973
tt0103241	what_about_bob	What About Bob?	Comedy	1991
tt0161081	what_lies_beneath	What Lies Beneath	Drama,Horror,Mystery	2000
tt0207201	what_women_want	What Women Want	Comedy,Fantasy,Romance	2000
tt0120889	what.dreams.may_tt0120889	What Dreams May Come	Drama,Fantasy,Romance	1998
tt0056687	what.ever.happe_tt0056687	What Ever Happened to Baby Jane?	Drama,Horror,Thriller	1962
tt1033643	what.happens.in_tt1033643	What Happens in Vegas	Comedy,Romance	2008
tt0045323	what.price.glor_tt0045323	What Price Glory	Comedy,Drama,Romance	1952
tt0108551	whats.love.got._tt0108551	What's Love Got to Do with It	Biography,Drama,Music	1993
tt0059903	whats.new.pussy_tt0059903	What's New Pussycat	Comedy	1965
tt0069495	whats.up.doc_tt0069495	What's Up, Doc?	Comedy,Romance	1972
tt14034966	wheel.of.fortun_tt14034966	Wheel of Fortune and Fantasy	Drama,Romance	2021
tt0098635	when_harry_met_sally	When Harry Met Sally...	Comedy,Drama,Romance	1989
tt0111693	when.a.man.love_tt0111693	When a Man Loves a Woman	Drama,Romance	1994
tt0080130	when.a.stranger_tt0080130	When a Stranger Calls	Horror,Mystery,Thriller	1979
tt0013750	when.knighthood_tt0013750	When Knighthood Was in Flower	Drama,Romance	1922
tt0065207	where.eagles.da_tt0065207	Where Eagles Dare	Action,Adventure,War	1968
tt0093342	where.is.the.fr_tt0093342	Where Is the Friend's House?	Adventure,Drama,Family	1987
tt0054469	where.the.boys._tt0054469	Where the Boys Are	Comedy,Drama,Romance	1960
tt0081748	where.the.buffa_tt0081748	Where the Buffalo Roam	Biography,Comedy	1980
tt9411972	where.the.crawd_tt9411972	Where the Crawdads Sing	Drama,Mystery,Romance	2022
tt0386117	where.the.wild._tt0386117	Where the Wild Things Are	Adventure,Drama,Family	2009
tt0076913	which.way.is.up_tt0076913	Which Way Is Up?	Comedy	1977
tt0114924	while_you_were_sleeping	While You Were Sleeping	Comedy,Drama,Romance	1995
tt2582802	whiplash_tt2582802	Whiplash	Drama,Music	2014
tt0061180	whisperers_tt0061180	The Whisperers	Drama	1967
tt0040965	whispering.smit_tt0040965	Whispering Smith	Drama,Western	1948
tt0105812	white_men_cant_jump	White Men Can't Jump	Comedy,Sport	1992
tt0028499	white.angel_tt0028499	The White Angel	Biography,Drama	1936
tt0381707	white.chicks_tt0381707	White Chicks	Comedy,Crime	2004
tt0047673	white.christmas_tt0047673	White Christmas	Comedy,Musical,Romance	1954
tt0037462	white.cliffs.of_tt0037462	The White Cliffs of Dover	Drama,Romance,War	1944
tt0103247	white.fang_tt0103247	White Fang	Adventure,Drama,Family	1991
tt0042041	white.heat_tt0042041	White Heat	Action,Crime,Drama	1949
tt2334879	white.house.down_tt2334879	White House Down	Action,Drama,Thriller	2013
tt0050782	white.nights_tt0050782	White Nights	Drama,Romance	1957
tt0090319	white.nights_tt0090319	White Nights	Drama,Music	1985
tt0375210	white.noise_tt0375210	White Noise	Drama,Horror,Mystery	2005
tt1149362	white.ribbon_tt1149362	The White Ribbon	Drama,Mystery,Thriller	2009
tt0044000	white.sheik_tt0044000	The White Sheik	Comedy,Drama,Romance	1952
tt0023694	white.zombie_tt0023694	White Zombie	Horror	1932
tt0096438	who.framed.roge_tt0096438	Who Framed Roger Rabbit	Adventure,Animation,Comedy	1988
tt0054473	who.was.that.la_tt0054473	Who Was That Lady?	Comedy,Romance	1960
tt0190138	whole.nine.yard_tt0190138	The Whole Nine Yards	Comedy,Crime	2000
tt0081751	wholly.moses_tt0081751	Wholly Moses!	Comedy,Fantasy	1980
tt0061184	whos.afraid.of._tt0061184	Who's Afraid of Virginia Woolf?	Drama	1966
tt0063803	whos.that.knock_tt0063803	Who's That Knocking at My Door	Drama	1967
tt0906108	why.did.i.get.m_tt0906108	Why Did I Get Married?	Comedy,Drama,Romance	2007
tt1262426	wicked_tt1262426	Wicked	Fantasy,Musical,Romance	2024
tt19847976	wicked.for.good_tt19847976	Wicked: For Good	Drama,Family,Fantasy	2025
tt11917942	wife.of.a.spy_tt11917942	Wife of a Spy	Drama,History,War	2020
tt0028505	wife.vs..secret_tt0028505	Wife vs. Secretary	Comedy,Drama,Romance	1936
tt0486946	wild_hogs	Wild Hogs	Action,Adventure,Comedy	2007
tt0120891	wild_wild_west	Wild Wild West	Action,Comedy,Sci-Fi	1999
tt0065214	wild.bunch_tt0065214	The Wild Bunch	Action,Adventure,Drama	1969
tt0064285	wild.child_tt0064285	The Wild Child	Biography,Drama,History	1970
tt0063808	wild.in.the.str_tt0063808	Wild in the Streets	Comedy,Drama,Music	1968
tt29623480	wild.robot_tt29623480	The Wild Robot	Adventure,Animation,Family	2024
tt0050986	wild.strawberri_tt0050986	Wild Strawberries	Drama,Romance	1957
tt0092214	wildcats_tt0092214	Wildcats	Comedy,Sport	1986
tt0096446	willow	Willow	Action,Adventure,Drama	1988
tt0037465	wilson_tt0037465	Wilson	Biography,Drama,History	1944
tt0043137	winchester.73_tt0043137	Winchester '73	Action,Drama,Western	1950
tt0073906	wind.and.the.li_tt0073906	The Wind and the Lion	Action,Adventure,Drama	1975
tt0052397	windjammer.the._tt0052397	Windjammer: The Voyage of the Christian Radich	Documentary,Romance	1958
tt0093191	wings.of.desire_tt0093191	Wings of Desire	Drama,Fantasy,Romance	1987
tt0051198	wings.of.eagles_tt0051198	The Wings of Eagles	Biography,Drama,War	1957
tt0065215	winning_tt0065215	Winning	Action,Drama,Sport	1969
tt0057358	winter.light_tt0057358	Winter Light	Drama	1963
tt1399683	winters.bone_tt1399683	Winter's Bone	Crime,Drama,Mystery	2010
tt0028511	winterset_tt0028511	Winterset	Crime,Drama,Mystery	1936
tt0080140	wise.blood_tt0080140	Wise Blood	Comedy,Drama	1979
tt11304740	wish_tt11304740	Wish	Adventure,Animation,Comedy	2023
tt0094332	witches_of_eastwick	The Witches of Eastwick	Comedy,Fantasy,Horror	1987
tt0037468	with.the.marine_tt0037468	With the Marines at Tarawa	Documentary,Short,War	1944
tt0038256	without.love_tt0038256	Without Love	Comedy,Romance	1945
tt0090329	witness	Witness	Crime,Drama,Romance	1985
tt0051201	witness.for.the_tt0051201	Witness for the Prosecution	Crime,Drama,Mystery	1957
tt0078504	wiz_tt0078504	The Wiz	Adventure,Family,Fantasy	1978
tt0032138	wizard.of.oz_tt0032138	The Wizard of Oz	Adventure,Family,Fantasy	1939
tt0111742	wolf	Wolf	Drama,Horror,Romance	1994
tt0993846	wolf.of.wall.st_tt0993846	The Wolf of Wall Street	Biography,Comedy,Crime	2013
tt0083336	wolfen	Wolfen	Horror,Thriller	1981
tt1430132	wolverine	The Wolverine	Action,Sci-Fi	2013
tt0051204	woman.in.a.dres_tt0051204	Woman in a Dressing Gown	Drama,Romance	1957
tt0088414	woman.in.red_tt0088414	The Woman in Red	Comedy,Romance	1984
tt0058625	woman.in.the.du_tt0058625	Woman in the Dunes	Drama,Thriller	1964
tt8093700	woman.king_tt8093700	The Woman King	Action,Drama,History	2022
tt0035567	woman.of.the.ye_tt0035567	Woman of the Year	Comedy,Drama,Romance	1942
tt11697690	woman.who.ran_tt11697690	The Woman Who Ran	Drama	2020
tt0047680	womans.world_tt0047680	Woman's World	Drama,Romance	1954
tt0032143	women_tt0032143	The Women	Comedy,Drama	1939
tt0066579	women.in.love_tt0066579	Women in Love	Drama,Romance	1969
tt0055923	women.of.the.wo_tt0055923	Women of the World	Documentary	1963
tt0095675	women.on.the.ve_tt0095675	Women on the Verge of a Nervous Breakdown	Comedy,Drama	1988
tt2543472	wonder	Wonder	Drama,Family	2017
tt0451279	wonder_woman	Wonder Woman	Action,Adventure,Fantasy	2017
tt7126948	wonder_woman_1984	Wonder Woman 1984	Action,Adventure,Fantasy	2020
tt0026007	wonder.bar_tt0026007	Wonder Bar	Crime,Drama,Musical	1934
tt0185014	wonder.boys_tt0185014	Wonder Boys	Comedy,Drama	2000
tt0038260	wonder.man_tt0038260	Wonder Man	Comedy,Fantasy,Musical	1945
tt0038650	wonderful.life_tt0038650	It's a Wonderful Life	Drama,Family,Fantasy	1946
tt6166392	wonka_tt6166392	Wonka	Adventure,Comedy,Family	2023
tt0066580	woodstock_tt0066580	Woodstock	Documentary,History,Music	1970
tt0040976	words.and.music_tt0040976	Words and Music	Biography,Comedy,Musical	1948
tt0096463	working_girl	Working Girl	Comedy,Drama,Romance	1988
tt0143145	world_is_not_enough	The World Is Not Enough	Action,Adventure,Thriller	1999
tt0816711	world_war_z	World War Z	Action,Adventure,Horror	2013
tt0084917	world.according_tt0084917	The World According to Garp	Comedy,Drama	1982
tt0045339	world.in.his.ar_tt0045339	The World in His Arms	Action,Adventure,History	1952
tt0052572	world.of.apu_tt0052572	The World of Apu	Drama	1959
tt0054483	world.of.suzie._tt0054483	The World of Suzie Wong	Drama,Romance	1960
tt0469641	world.trade.cen_tt0469641	World Trade Center	Drama,History,Thriller	2006
tt10370710	worst.person.in_tt10370710	The Worst Person in the World	Comedy,Drama,Romance	2021
tt11083552	wrath.of.man_tt11083552	Wrath of Man	Action,Crime,Thriller	2021
tt1646987	wrath.of.the.ti_tt1646987	Wrath of the Titans	Action,Adventure,Fantasy	2012
tt0065225	wrecking.crew_tt0065225	The Wrecking Crew	Action,Adventure,Comedy	1968
tt1772341	wreckit.ralph_tt1772341	Wreck-It Ralph	Adventure,Animation,Comedy	2012
tt0049966	written.on.the._tt0049966	Written on the Wind	Drama	1956
tt0056704	wrong.arm.of.th_tt0056704	The Wrong Arm of the Law	Comedy,Crime	1963
tt0032145	wuthering.heigh_tt0032145	Wuthering Heights	Drama,Romance	1939
tt0120902	x_files	The X Files	Adventure,Drama,Mystery	1998
tt0290334	x2	X2: X-Men United	Sci-Fi,Action,Thriller	2003
tt0081777	xanadu	Xanadu	Fantasy,Musical,Romance	1980
tt0120903	xmen	X-Men	Action,Adventure,Sci-Fi	2000
tt3385516	xmen_apocalypse	X-Men: Apocalypse	Action,Adventure,Sci-Fi	2016
tt1877832	xmen_days_of_future_past	X-Men: Days of Future Past	Action,Adventure,Sci-Fi	2014
tt1270798	xmen_first_class	X-Men: First Class	Action,Sci-Fi	2011
tt0458525	xmen_origins_wolverine	X-Men Origins: Wolverine	Action,Sci-Fi	2009
tt0376994	xmen_the_last_stand	X-Men: The Last Stand	Action,Adventure,Sci-Fi	2006
tt6565702	xmen.dark.phoen_tt6565702	X-Men: Dark Phoenix	Action,Adventure,Sci-Fi	2019
tt0295701	xxx	xXx	Action,Adventure,Drama	2002
tt0245574	y.tu.mam.tambin_tt0245574	Y tu mamá también	Drama	2001
tt0035575	yankee.doodle.d_tt0035575	Yankee Doodle Dandy	Biography,Drama,Family	1942
tt0080157	yanks_tt0080157	Yanks	Drama,War	1979
tt0090350	year.of.the.dragon_tt0090350	Year of the Dragon	Action,Crime,Drama	1985
tt0039111	yearling_tt0039111	The Yearling	Drama,Family,Western	1946
tt0059927	yellow.rollsroy_tt0059927	The Yellow Rolls-Royce	Comedy,Drama,Romance	1964
tt0040978	yellow.sky_tt0040978	Yellow Sky	Crime,Drama,Western	1948
tt0086619	yentl_tt0086619	Yentl	Drama,Musical,Romance	1983
tt1068680	yes.man_tt1068680	Yes Man	Comedy,Romance	2008
tt8079248	yesterday_tt8079248	Yesterday	Comedy,Fantasy,Music	2019
tt0057171	yesterday.today_tt0057171	Yesterday, Today and Tomorrow	Comedy,Romance	1963
tt0244316	yi.yi.a.one.and_tt0244316	Yi Yi	Drama	2000
tt0463034	you_me_and_dupree	You, Me and Dupree	Comedy,Romance	2006
tt0029806	you.cant.have.e_tt0029806	You Can't Have Everything	Comedy,Music,Mystery	1937
tt0030993	you.cant.take.i_tt0030993	You Can't Take It with You	Comedy,Drama,Romance	1938
tt0076941	you.light.up.my_tt0076941	You Light Up My Life	Drama,Music,Romance	1977
tt0062512	you.only.live.t_tt0062512	You Only Live Twice	Action,Adventure,Thriller	1967
tt0084938	young_doctors_in_love	Young Doctors in Love	Comedy	1982
tt0096487	young_guns_fs	Young Guns	Action,Drama,Western	1988
tt0072431	young.frankenst_tt0072431	Young Frankenstein	Comedy	1974
tt0062873	young.girls.of._tt0062873	The Young Girls of Rochefort	Comedy,Drama,Musical	1967
tt0100994	young.guns.ii_tt0100994	Young Guns II	Action,Drama,Western	1990
tt0031002	young.in.heart_tt0031002	The Young in Heart	Comedy,Drama	1938
tt0043153	young.man.with._tt0043153	Young Man with a Horn	Biography,Drama,Music	1950
tt0053462	young.philadelp_tt0053462	The Young Philadelphians	Drama	1959
tt0060574	young.trless_tt0060574	Young Törless	Drama	1966
tt0069528	young.winston_tt0069528	Young Winston	Biography,Drama,War	1972
tt0058764	youngblood.hawk_tt0058764	Youngblood Hawke	Drama	1964
tt0061209	youre.a.big.boy_tt0061209	You're a Big Boy Now	Comedy,Drama,Romance	1966
tt0063829	yours.mine.and._tt0063829	Yours, Mine and Ours	Comedy,Family	1968
tt0128853	youve_got_mail	You've Got Mail	Comedy,Drama,Romance	1998
tt0016560	zander.the.grea_tt0016560	Zander the Great	Action,Comedy,Drama	1925
tt0105885	zebrahead_tt0105885	Zebrahead	Drama,Romance	1992
tt0086637	zelig_tt0086637	Zelig	Comedy	1983
tt1790885	zero.dark.thirt_tt1790885	Zero Dark Thirty	Drama,History,Thriller	2012
tt0039116	ziegfeld.follie_tt0039116	Ziegfeld Follies	Comedy,Musical	1945
tt0034415	ziegfeld.girl_tt0034415	Ziegfeld Girl	Drama,Musical,Romance	1941
tt0443706	zodiac_tt0443706	Zodiac	Crime,Drama,Mystery	2007
tt0960144	zohan	You Don't Mess with the Zohan	Action,Comedy	2008
tt1156398	zombieland_tt1156398	Zombieland	Action,Comedy,Horror	2009
tt1560220	zombieland.doub_tt1560220	Zombieland: Double Tap	Action,Comedy,Horror	2019
tt7160372	zone.of.interes_tt7160372	The Zone of Interest	Drama,History,War	2023
tt1222817	zookeeper_tt1222817	Zookeeper	Comedy,Family,Fantasy	2011
tt0083365	zoot.suit_tt0083365	Zoot Suit	Crime,Drama,Music	1981
tt2948356	zootopia_tt2948356	Zootopia	Action,Adventure,Animation	2016
tt26443597	zootopia.2_tt26443597	Zootopia 2	Action,Adventure,Animation	2025